-- MySQL dump 10.13  Distrib 5.5.49, for debian-linux-gnu (x86_64)
--
-- Host: localhost    Database: ivozprovider
-- ------------------------------------------------------
-- Server version	5.5.49-0+deb8u1-log

/*!40101 SET @OLD_CHARACTER_SET_CLIENT=@@CHARACTER_SET_CLIENT */;
/*!40101 SET @OLD_CHARACTER_SET_RESULTS=@@CHARACTER_SET_RESULTS */;
/*!40101 SET @OLD_COLLATION_CONNECTION=@@COLLATION_CONNECTION */;
/*!40101 SET NAMES utf8 */;
/*!40103 SET @OLD_TIME_ZONE=@@TIME_ZONE */;
/*!40103 SET TIME_ZONE='+00:00' */;
/*!40014 SET @OLD_UNIQUE_CHECKS=@@UNIQUE_CHECKS, UNIQUE_CHECKS=0 */;
/*!40014 SET @OLD_FOREIGN_KEY_CHECKS=@@FOREIGN_KEY_CHECKS, FOREIGN_KEY_CHECKS=0 */;
/*!40101 SET @OLD_SQL_MODE=@@SQL_MODE, SQL_MODE='NO_AUTO_VALUE_ON_ZERO' */;
/*!40111 SET @OLD_SQL_NOTES=@@SQL_NOTES, SQL_NOTES=0 */;

use ivozprovider;
--
-- Table structure for table `ApplicationServers`
--

DROP TABLE IF EXISTS `ApplicationServers`;
/*!40101 SET @saved_cs_client     = @@character_set_client */;
/*!40101 SET character_set_client = utf8 */;
CREATE TABLE `ApplicationServers` (
  `id` int(10) unsigned NOT NULL AUTO_INCREMENT,
  `ip` varchar(50) NOT NULL,
  `name` varchar(64) DEFAULT NULL,
  PRIMARY KEY (`id`),
  UNIQUE KEY `ip` (`ip`),
  UNIQUE KEY `name` (`name`)
) ENGINE=InnoDB AUTO_INCREMENT=7 DEFAULT CHARSET=utf8 COMMENT='[entity][rest]';
/*!40101 SET character_set_client = @saved_cs_client */;

--
-- Dumping data for table `ApplicationServers`
--

LOCK TABLES `ApplicationServers` WRITE;
/*!40000 ALTER TABLE `ApplicationServers` DISABLE KEYS */;
INSERT INTO `ApplicationServers` VALUES (1,'185.23.37.198','AS001'),(5,'185.23.37.199','AS002'),(6,'185.23.37.200','AS003');
/*!40000 ALTER TABLE `ApplicationServers` ENABLE KEYS */;
UNLOCK TABLES;

--
-- Temporary table structure for view `BillableCalls`
--

DROP TABLE IF EXISTS `BillableCalls`;
/*!50001 DROP VIEW IF EXISTS `BillableCalls`*/;
SET @saved_cs_client     = @@character_set_client;
SET character_set_client = utf8;
/*!50001 CREATE TABLE `BillableCalls` (
  `id` tinyint NOT NULL,
  `proxy` tinyint NOT NULL,
  `start_time_utc` tinyint NOT NULL,
  `end_time_utc` tinyint NOT NULL,
  `start_time` tinyint NOT NULL,
  `end_time` tinyint NOT NULL,
  `duration` tinyint NOT NULL,
  `caller` tinyint NOT NULL,
  `callee` tinyint NOT NULL,
  `referee` tinyint NOT NULL,
  `referrer` tinyint NOT NULL,
  `companyId` tinyint NOT NULL,
  `brandId` tinyint NOT NULL,
  `asIden` tinyint NOT NULL,
  `asAddress` tinyint NOT NULL,
  `callid` tinyint NOT NULL,
  `callidHash` tinyint NOT NULL,
  `xcallid` tinyint NOT NULL,
  `parsed` tinyint NOT NULL,
  `diversion` tinyint NOT NULL,
  `peeringContractId` tinyint NOT NULL,
  `bounced` tinyint NOT NULL,
  `externallyRated` tinyint NOT NULL,
  `metered` tinyint NOT NULL,
  `meteringDate` tinyint NOT NULL,
  `pricingPlanId` tinyint NOT NULL,
  `pricingPlanName` tinyint NOT NULL,
  `targetPatternId` tinyint NOT NULL,
  `targetPatternName` tinyint NOT NULL,
  `price` tinyint NOT NULL,
  `pricingPlanDetails` tinyint NOT NULL,
  `invoiceId` tinyint NOT NULL,
  `direction` tinyint NOT NULL,
  `reMeteringDate` tinyint NOT NULL
) ENGINE=MyISAM */;
SET character_set_client = @saved_cs_client;

--
-- Table structure for table `BrandOperators`
--

DROP TABLE IF EXISTS `BrandOperators`;
/*!40101 SET @saved_cs_client     = @@character_set_client */;
/*!40101 SET character_set_client = utf8 */;
CREATE TABLE `BrandOperators` (
  `id` int(10) unsigned NOT NULL AUTO_INCREMENT,
  `brandId` int(10) unsigned NOT NULL,
  `username` varchar(65) NOT NULL,
  `pass` varchar(80) NOT NULL COMMENT '[password]',
  `email` varchar(100) NOT NULL DEFAULT '',
  `active` tinyint(1) NOT NULL DEFAULT '1',
  `timezoneId` int(10) unsigned DEFAULT NULL,
  `name` varchar(100) DEFAULT NULL,
  `lastname` varchar(100) DEFAULT NULL,
  PRIMARY KEY (`id`),
  UNIQUE KEY `MainOperatorsUniqueBrandUsername` (`brandId`,`username`),
  KEY `brandId` (`brandId`),
  KEY `timezoneId` (`timezoneId`),
  CONSTRAINT `BrandOperators_ibfk_3` FOREIGN KEY (`brandId`) REFERENCES `Brands` (`id`) ON DELETE CASCADE,
  CONSTRAINT `BrandOperators_ibfk_4` FOREIGN KEY (`timezoneId`) REFERENCES `Timezones` (`id`) ON DELETE SET NULL
) ENGINE=InnoDB AUTO_INCREMENT=5 DEFAULT CHARSET=utf8 COMMENT='[entity][rest]';
/*!40101 SET character_set_client = @saved_cs_client */;

--
-- Dumping data for table `BrandOperators`
--

LOCK TABLES `BrandOperators` WRITE;
/*!40000 ALTER TABLE `BrandOperators` DISABLE KEYS */;
INSERT INTO `BrandOperators` VALUES (1,1,'admintedra','$2a$08$xgH7zOV1UgBOpfxaJdEQDOjGYwzhNo4dyiX7xd9oA5WVkPsRB8RiO','christian.garcia@tedra.es',1,145,'Christian','García'),(2,2,'ialonso','$2a$08$JivdQ0iWTzaeR8F5zf2fPun2wLWItLkLGqnuT8dO15yyLQRola72y','ialonso@mgiconsultores.com',1,145,'Ignacio','Alonso'),(4,2,'maportugues','$2a$08$heChUcMSc9uAVSr0flDX6OgLU.68rzqbbITq.MdUKPk0BMFbVFS52','maportugues@mgiconsultores.com',1,145,'Miguel Ángel','Portugués');
/*!40000 ALTER TABLE `BrandOperators` ENABLE KEYS */;
UNLOCK TABLES;

--
-- Table structure for table `BrandServices`
--

DROP TABLE IF EXISTS `BrandServices`;
/*!40101 SET @saved_cs_client     = @@character_set_client */;
/*!40101 SET character_set_client = utf8 */;
CREATE TABLE `BrandServices` (
  `id` int(10) unsigned NOT NULL AUTO_INCREMENT,
  `serviceId` int(10) unsigned NOT NULL,
  `brandId` int(10) unsigned NOT NULL,
  `code` varchar(3) NOT NULL,
  PRIMARY KEY (`id`),
  KEY `brandId` (`brandId`),
  KEY `serviceId` (`serviceId`),
  CONSTRAINT `BrandServices_ibfk_1` FOREIGN KEY (`brandId`) REFERENCES `Brands` (`id`) ON DELETE CASCADE,
  CONSTRAINT `BrandServices_ibfk_2` FOREIGN KEY (`serviceId`) REFERENCES `Services` (`id`) ON DELETE CASCADE
) ENGINE=InnoDB AUTO_INCREMENT=9 DEFAULT CHARSET=utf8 COMMENT='[entity][rest]';
/*!40101 SET character_set_client = @saved_cs_client */;

--
-- Dumping data for table `BrandServices`
--

LOCK TABLES `BrandServices` WRITE;
/*!40000 ALTER TABLE `BrandServices` DISABLE KEYS */;
INSERT INTO `BrandServices` VALUES (1,1,1,'95'),(2,2,1,'96'),(3,3,1,'80'),(4,1,2,'94'),(5,2,2,'95'),(6,3,2,'93'),(7,4,1,'00'),(8,4,2,'00');
/*!40000 ALTER TABLE `BrandServices` ENABLE KEYS */;
UNLOCK TABLES;

--
-- Table structure for table `BrandURLs`
--

DROP TABLE IF EXISTS `BrandURLs`;
/*!40101 SET @saved_cs_client     = @@character_set_client */;
/*!40101 SET character_set_client = utf8 */;
CREATE TABLE `BrandURLs` (
  `id` int(10) unsigned NOT NULL AUTO_INCREMENT,
  `brandId` int(10) unsigned NOT NULL,
  `url` varchar(255) NOT NULL,
  `klearTheme` varchar(200) DEFAULT '',
  `urlType` varchar(25) NOT NULL COMMENT '[enum:god|brand|admin|user]',
  `name` varchar(200) DEFAULT '',
  `logoFileSize` int(11) unsigned DEFAULT NULL COMMENT '[FSO]',
  `logoMimeType` varchar(80) DEFAULT NULL,
  `logoBaseName` varchar(255) DEFAULT NULL,
  `userTheme` varchar(200) DEFAULT '',
  PRIMARY KEY (`id`),
  UNIQUE KEY `url` (`url`),
  KEY `brandId` (`brandId`),
  CONSTRAINT `BrandURLs_ibfk_1` FOREIGN KEY (`brandId`) REFERENCES `Brands` (`id`) ON DELETE CASCADE ON UPDATE CASCADE
) ENGINE=InnoDB AUTO_INCREMENT=11 DEFAULT CHARSET=utf8 COMMENT='[entity][rest]';
/*!40101 SET character_set_client = @saved_cs_client */;

--
-- Dumping data for table `BrandURLs`
--

LOCK TABLES `BrandURLs` WRITE;
/*!40000 ALTER TABLE `BrandURLs` DISABLE KEYS */;
INSERT INTO `BrandURLs` VALUES (1,1,'https://master-voz.tedra.es','tedra','brand','[TEDRA] BRAND ADMIN',10281,'image/png; charset=binary','tedra.png','default'),(2,1,'https://admin-voz.tedra.es','redmond','admin','[TEDRA] Company Admin',10281,'image/png; charset=binary','tedra.png','default'),(3,1,'https://usuario-voz.tedra.es','redmond','user','[TEDRA] Users Portal',10281,'image/png; charset=binary','tedra (1).png','cosmo'),(5,1,'https://god-tedra.irontec.com','redmond','god','Super GOD IRONTEC',22629,'image/png; charset=binary','logoprovider.png','default'),(6,1,'https://portaladmiknistradores.tedra.es','redmond','admin','[COMPANY ADMIN TEDRA]',NULL,NULL,NULL,'default'),(7,1,'https://god-voz.tedra.es','tedra','god','[GOD TEDRA]',10281,'image/png; charset=binary','tedra.png','default'),(8,2,'https://master-voz.mgiconsultores.com','redmond','brand','[MGI] BRAND ADMIN',16254,'image/jpeg; charset=binary','logomgi.jpg','default'),(9,2,'https://usuario-voz.mgiconsultores.com','redmond','user','[MGI] USERS',16254,'image/jpeg; charset=binary','logomgi.jpg','default'),(10,2,'https://admin-voz.mgiconsultores.com','redmond','admin','[MGI] ADMIN',16254,'image/jpeg; charset=binary','logomgi.jpg','default');
/*!40000 ALTER TABLE `BrandURLs` ENABLE KEYS */;
UNLOCK TABLES;

--
-- Table structure for table `Brands`
--

DROP TABLE IF EXISTS `Brands`;
/*!40101 SET @saved_cs_client     = @@character_set_client */;
/*!40101 SET character_set_client = utf8 */;
CREATE TABLE `Brands` (
  `id` int(10) unsigned NOT NULL AUTO_INCREMENT,
  `name` varchar(75) NOT NULL,
  `nif` varchar(25) NOT NULL,
  `domain_users` varchar(190) DEFAULT NULL,
  `defaultTimezoneId` int(10) unsigned DEFAULT NULL,
  `logoFileSize` int(11) unsigned DEFAULT NULL COMMENT '[FSO]',
  `logoMimeType` varchar(80) DEFAULT NULL,
  `logoBaseName` varchar(255) DEFAULT NULL,
  `postalAddress` varchar(255) NOT NULL,
  `postalCode` varchar(10) NOT NULL,
  `town` varchar(255) NOT NULL,
  `province` varchar(255) NOT NULL,
  `country` varchar(255) NOT NULL,
  `registryData` varchar(1024) DEFAULT NULL,
  `languageId` int(10) unsigned DEFAULT NULL,
  `FromName` varchar(255) DEFAULT NULL,
  `FromAddress` varchar(255) DEFAULT NULL,
  `recordingsLimitMB` int(10) DEFAULT NULL,
  `recordingsLimitEmail` varchar(250) DEFAULT NULL,
  PRIMARY KEY (`id`),
  UNIQUE KEY `name` (`name`),
  KEY `defaultTimezoneId` (`defaultTimezoneId`),
  KEY `languageId` (`languageId`),
  CONSTRAINT `Brands_ibfk_2` FOREIGN KEY (`languageId`) REFERENCES `Languages` (`id`) ON DELETE SET NULL,
  CONSTRAINT `Brands_ibfk_3` FOREIGN KEY (`defaultTimezoneId`) REFERENCES `Timezones` (`id`) ON DELETE SET NULL
) ENGINE=InnoDB AUTO_INCREMENT=3 DEFAULT CHARSET=utf8 COMMENT='[entity][rest]';
/*!40101 SET character_set_client = @saved_cs_client */;

--
-- Dumping data for table `Brands`
--

LOCK TABLES `Brands` WRITE;
/*!40000 ALTER TABLE `Brands` DISABLE KEYS */;
INSERT INTO `Brands` VALUES (1,'TEDRA COMMUNICATIONS','ESB27445121','sip.tedra.es',145,10281,'image/png; charset=binary','tedra.png','C/Doutor Yañez Rebolo, 8','27004','Lugo','Lugo','España','TEDRA COMMUNICATIONS',1,'','',0,''),(2,'MGI CONSULTORES','B82830407','',145,10889,'image/png; charset=binary','logomgi.png','C/Londres 16','28028','Madrid','Madrid','España','',1,'','',0,'');
/*!40000 ALTER TABLE `Brands` ENABLE KEYS */;
UNLOCK TABLES;

--
-- Temporary table structure for view `CDRs`
--

DROP TABLE IF EXISTS `CDRs`;
/*!50001 DROP VIEW IF EXISTS `CDRs`*/;
SET @saved_cs_client     = @@character_set_client;
SET character_set_client = utf8;
/*!50001 CREATE TABLE `CDRs` (
  `proxy` tinyint NOT NULL,
  `id` tinyint NOT NULL,
  `calldate` tinyint NOT NULL,
  `start_time` tinyint NOT NULL,
  `end_time` tinyint NOT NULL,
  `duration` tinyint NOT NULL,
  `caller` tinyint NOT NULL,
  `callee` tinyint NOT NULL,
  `type` tinyint NOT NULL,
  `subtype` tinyint NOT NULL,
  `companyId` tinyint NOT NULL,
  `companyName` tinyint NOT NULL,
  `asIden` tinyint NOT NULL,
  `asAddress` tinyint NOT NULL,
  `callid` tinyint NOT NULL,
  `xcallid` tinyint NOT NULL,
  `parsed` tinyint NOT NULL,
  `diversion` tinyint NOT NULL,
  `peeringContractId` tinyint NOT NULL
) ENGINE=MyISAM */;
SET character_set_client = @saved_cs_client;

--
-- Table structure for table `Calendars`
--

DROP TABLE IF EXISTS `Calendars`;
/*!40101 SET @saved_cs_client     = @@character_set_client */;
/*!40101 SET character_set_client = utf8 */;
CREATE TABLE `Calendars` (
  `id` int(10) unsigned NOT NULL AUTO_INCREMENT,
  `companyId` int(10) unsigned NOT NULL,
  `name` varchar(50) NOT NULL,
  PRIMARY KEY (`id`),
  UNIQUE KEY `nameCompany` (`name`,`companyId`),
  KEY `companyId` (`companyId`),
  CONSTRAINT `Calendars_ibfk_1` FOREIGN KEY (`companyId`) REFERENCES `Companies` (`id`) ON DELETE CASCADE
) ENGINE=InnoDB AUTO_INCREMENT=6 DEFAULT CHARSET=utf8 COMMENT='[entity][rest]';
/*!40101 SET character_set_client = @saved_cs_client */;

--
-- Dumping data for table `Calendars`
--

LOCK TABLES `Calendars` WRITE;
/*!40000 ALTER TABLE `Calendars` DISABLE KEYS */;
INSERT INTO `Calendars` VALUES (2,6,'CALENDARIO_LABORAL_LUGO'),(3,9,'festivos'),(4,8,'festivo_madrid'),(5,13,'horario_verano');
/*!40000 ALTER TABLE `Calendars` ENABLE KEYS */;
UNLOCK TABLES;

--
-- Table structure for table `CallACL`
--

DROP TABLE IF EXISTS `CallACL`;
/*!40101 SET @saved_cs_client     = @@character_set_client */;
/*!40101 SET character_set_client = utf8 */;
CREATE TABLE `CallACL` (
  `id` int(10) unsigned NOT NULL AUTO_INCREMENT,
  `companyId` int(10) unsigned NOT NULL,
  `name` varchar(50) NOT NULL,
  `defaultPolicy` varchar(10) NOT NULL COMMENT '[enum:allow|deny]',
  PRIMARY KEY (`id`),
  UNIQUE KEY `companyId_2` (`companyId`,`name`),
  KEY `companyId` (`companyId`),
  CONSTRAINT `CallAcl_ibfk_1` FOREIGN KEY (`companyId`) REFERENCES `Companies` (`id`) ON DELETE CASCADE
) ENGINE=InnoDB AUTO_INCREMENT=21 DEFAULT CHARSET=utf8 COMMENT='[entity][rest]';
/*!40101 SET character_set_client = @saved_cs_client */;

--
-- Dumping data for table `CallACL`
--

LOCK TABLES `CallACL` WRITE;
/*!40000 ALTER TABLE `CallACL` DISABLE KEYS */;
INSERT INTO `CallACL` VALUES (4,5,'MAIN','deny'),(5,6,'MAIN','allow'),(6,7,'MAIN','allow'),(7,9,'MAIN','allow'),(8,10,'MAIN','deny'),(9,8,'MAIN','allow'),(10,11,'MAIN','deny'),(11,3,'MAIN','deny'),(12,3,'Solo internas','deny'),(13,12,'MAIN','deny'),(14,8,'ONLY INTERNAL CALLS','deny'),(15,15,'MAIN','allow'),(16,6,'REJECT_ALL','deny'),(17,16,'MAIN','deny'),(18,18,'MAIN','allow'),(19,13,'COLAB','deny'),(20,13,'FB_CONSULTORES','allow');
/*!40000 ALTER TABLE `CallACL` ENABLE KEYS */;
UNLOCK TABLES;

--
-- Table structure for table `CallACLPatterns`
--

DROP TABLE IF EXISTS `CallACLPatterns`;
/*!40101 SET @saved_cs_client     = @@character_set_client */;
/*!40101 SET character_set_client = utf8 */;
CREATE TABLE `CallACLPatterns` (
  `id` int(10) unsigned NOT NULL AUTO_INCREMENT,
  `companyId` int(10) unsigned NOT NULL,
  `name` varchar(50) NOT NULL,
  `regExp` varchar(255) NOT NULL,
  PRIMARY KEY (`id`),
  UNIQUE KEY `nameCompany` (`name`,`companyId`),
  KEY `companyId` (`companyId`),
  CONSTRAINT `CallACLPatterns_ibfk_1` FOREIGN KEY (`companyId`) REFERENCES `Companies` (`id`) ON DELETE CASCADE
) ENGINE=InnoDB AUTO_INCREMENT=110 DEFAULT CHARSET=utf8 COMMENT='[entity][rest]';
/*!40101 SET character_set_client = @saved_cs_client */;

--
-- Dumping data for table `CallACLPatterns`
--

LOCK TABLES `CallACLPatterns` WRITE;
/*!40000 ALTER TABLE `CallACLPatterns` DISABLE KEYS */;
INSERT INTO `CallACLPatterns` VALUES (13,5,'España fijos','^34[89][1-9][0-9]{7}$'),(14,5,'España móviles','^34[67][0-9]{8}$'),(15,5,'España Internacionales','^[^3][^4][0-9]+$'),(16,5,'España Servicios Gratuitos','^34800[0-9]+$|^34900[0-9]+$'),(17,5,'Servicios Emergencia','^34091$|^34112$'),(18,6,'España fijos','^34[89][1-9][0-9]{7}$'),(19,6,'España móviles','^34[67][0-9]{8}$'),(20,6,'España Internacionales','^[^3][^4][0-9]+$'),(21,6,'España Servicios Gratuitos','^34800[0-9]+$|^34900[0-9]+$'),(22,6,'Servicios Emergencia','^34091$|^34112$'),(23,7,'España fijos','^34[89][1-9][0-9]{7}$'),(24,7,'España móviles','^34[67][0-9]{8}$'),(25,7,'España Internacionales','^[^3][^4][0-9]+$'),(26,7,'España Servicios Gratuitos','^34800[0-9]+$|^34900[0-9]+$'),(27,7,'Servicios Emergencia','^34091$|^34112$'),(28,8,'España fijos','^34[89][1-9][0-9]{7}$'),(29,8,'España móviles','^34[67][0-9]{8}$'),(30,8,'España Internacionales','^[^3][^4][0-9]+$'),(31,8,'España Servicios Gratuitos','^34800[0-9]+$|^34900[0-9]+$'),(32,8,'Servicios Emergencia','^34091$|^34112$'),(33,9,'España fijos','^34[89][1-9][0-9]{7}$'),(34,9,'España móviles','^34[67][0-9]{8}$'),(35,9,'España Internacionales','^[^3][^4][0-9]+$'),(36,9,'España Servicios Gratuitos','^34800[0-9]+$|^34900[0-9]+$'),(37,9,'Servicios Emergencia','^34091$|^34112$'),(38,10,'España fijos','^34[89][1-9][0-9]{7}$'),(39,10,'España móviles','^34[67][0-9]{8}$'),(40,10,'España Internacionales','^[^3][^4][0-9]+$'),(41,10,'España Servicios Gratuitos','^34800[0-9]+$|^34900[0-9]+$'),(42,10,'Servicios Emergencia','^34091$|^34112$'),(43,3,'España fijos','^34[89][1-9][0-9]{7}$'),(44,3,'España móviles','^34[67][0-9]{8}$'),(45,3,'España Internacionales','^[^3][^4][0-9]+$'),(46,3,'España Servicios Gratuitos','^34800[0-9]+$|^34900[0-9]+$'),(47,3,'Servicios Emergencia','^34091$|^34112$'),(48,11,'España fijos','^34[89][1-9][0-9]{7}$'),(49,11,'España móviles','^34[67][0-9]{8}$'),(50,11,'España Internacionales','^[^3][^4][0-9]+$'),(51,11,'España Servicios Gratuitos','^34800[0-9]+$|^34900[0-9]+$'),(52,11,'Servicios Emergencia','^34091$|^34112$'),(53,3,'España902','^34902[0-9]{6}$'),(54,6,'España902','^34902[0-9]{6}$'),(55,11,'España902','^34902[0-9]{6}$'),(56,10,'España902','^34902[0-9]{6}$'),(57,12,'España fijos','^34[89][1-9][0-9]{7}$'),(58,12,'España móviles','^34[67][0-9]{8}$'),(59,12,'España Internacionales','^[^3][^4][0-9]+$'),(60,12,'España Servicios Gratuitos','^34800[0-9]+$|^34900[0-9]+$'),(61,12,'Servicios Emergencia','^34091$|^34112$'),(62,12,'España 902','^34902[0-9]{6}$'),(63,13,'España fijos','^34[89][1-9][0-9]{7}$'),(64,13,'España móviles','^34[67][0-9]{8}$'),(65,13,'España Internacionales','^[^3][^4][0-9]+$'),(66,13,'España Servicios Gratuitos','^34800[0-9]+$|^34900[0-9]+$'),(67,13,'Servicios Emergencia','^34091$|^34112$'),(73,15,'España fijos','^34[89][1-9][0-9]{7}$'),(74,15,'España móviles','^34[67][0-9]{8}$'),(75,15,'España Internacionales','^[^3][^4][0-9]+$'),(76,15,'España Servicios Gratuitos','^34800[0-9]+$|^34900[0-9]+$'),(77,15,'Servicios Emergencia','^34091$|^34112$'),(78,16,'España fijos','^34[89][1-9][0-9]{7}$'),(79,16,'España móviles','^34[67][0-9]{8}$'),(80,16,'España Internacionales','^[^3][^4][0-9]+$'),(81,16,'España Servicios Gratuitos','^34800[0-9]+$|^34900[0-9]+$'),(82,16,'Servicios Emergencia','^34091$|^34112$'),(83,17,'España fijos','^34[89][1-9][0-9]{7}$'),(84,17,'España móviles','^34[67][0-9]{8}$'),(85,17,'España Internacionales','^[^3][^4][0-9]+$'),(86,17,'España Servicios Gratuitos','^34800[0-9]+$|^34900[0-9]+$'),(87,17,'Servicios Emergencia','^34091$|^34112$'),(88,18,'España fijos','^34[89][1-9][0-9]{7}$'),(89,18,'España móviles','^34[67][0-9]{8}$'),(90,18,'España Internacionales','^[^3][^4][0-9]+$'),(91,18,'España Servicios Gratuitos','^34800[0-9]+$|^34900[0-9]+$'),(92,18,'Servicios Emergencia','^34091$|^34112$'),(93,19,'España fijos','^34[89][1-9][0-9]{7}$'),(94,19,'España móviles','^34[67][0-9]{8}$'),(95,19,'España Internacionales','^[^3][^4][0-9]+$'),(96,19,'España Servicios Gratuitos','^34800[0-9]+$|^34900[0-9]+$'),(97,19,'Servicios Emergencia','^34091$|^34112$'),(98,19,'España902','^34902[0-9]{6}$'),(99,20,'España fijos','^34[89][1-9][0-9]{7}$'),(100,20,'España móviles','^34[67][0-9]{8}$'),(101,20,'España Internacionales','^[^3][^4][0-9]+$'),(102,20,'España Servicios Gratuitos','^34800[0-9]+$|^34900[0-9]+$'),(103,20,'Servicios Emergencia','^34091$|^34112$'),(104,20,'España902','^34902[0-9]{6}$'),(105,21,'España fijos','^34[89][1-9][0-9]{7}$'),(106,21,'España móviles','^34[67][0-9]{8}$'),(107,21,'España Internacionales','^[^3][^4][0-9]+$'),(108,21,'España Servicios Gratuitos','^34800[0-9]+$|^34900[0-9]+$'),(109,21,'Servicios Emergencia','^34091$|^34112$');
/*!40000 ALTER TABLE `CallACLPatterns` ENABLE KEYS */;
UNLOCK TABLES;

--
-- Table structure for table `CallACLRelPatterns`
--

DROP TABLE IF EXISTS `CallACLRelPatterns`;
/*!40101 SET @saved_cs_client     = @@character_set_client */;
/*!40101 SET character_set_client = utf8 */;
CREATE TABLE `CallACLRelPatterns` (
  `id` int(10) unsigned NOT NULL AUTO_INCREMENT,
  `CallACLId` int(10) unsigned NOT NULL,
  `CallACLPatternId` int(10) unsigned NOT NULL,
  `priority` smallint(6) NOT NULL,
  `policy` varchar(25) NOT NULL COMMENT '[enum:allow|deny]',
  PRIMARY KEY (`id`),
  UNIQUE KEY `unique_callACLId_priority` (`CallACLId`,`priority`),
  KEY `CallACLId` (`CallACLId`),
  KEY `CallACLPatternId` (`CallACLPatternId`),
  CONSTRAINT `CallACLRelPatterns_ibfk_1` FOREIGN KEY (`CallACLId`) REFERENCES `CallACL` (`id`) ON DELETE CASCADE,
  CONSTRAINT `CallACLRelPatterns_ibfk_2` FOREIGN KEY (`CallACLPatternId`) REFERENCES `CallACLPatterns` (`id`) ON DELETE CASCADE
) ENGINE=InnoDB AUTO_INCREMENT=79 DEFAULT CHARSET=utf8 COMMENT='[entity][rest]';
/*!40101 SET character_set_client = @saved_cs_client */;

--
-- Dumping data for table `CallACLRelPatterns`
--

LOCK TABLES `CallACLRelPatterns` WRITE;
/*!40000 ALTER TABLE `CallACLRelPatterns` DISABLE KEYS */;
INSERT INTO `CallACLRelPatterns` VALUES (9,4,13,1,'allow'),(12,4,14,2,'allow'),(13,4,16,3,'allow'),(14,4,17,4,'allow'),(15,4,15,5,'allow'),(16,5,18,1,'allow'),(18,5,19,2,'allow'),(19,5,21,3,'allow'),(20,5,20,4,'allow'),(21,6,23,1,'allow'),(22,6,24,2,'allow'),(24,6,27,3,'allow'),(25,6,26,5,'allow'),(26,6,25,6,'allow'),(27,7,33,1,'allow'),(29,7,34,2,'allow'),(30,7,36,3,'allow'),(31,7,37,4,'allow'),(32,8,38,1,'allow'),(33,8,39,2,'allow'),(34,8,41,3,'allow'),(35,8,40,4,'allow'),(36,8,42,5,'allow'),(37,9,28,1,'allow'),(38,9,29,2,'allow'),(39,9,31,4,'allow'),(40,9,30,3,'allow'),(41,5,22,6,'allow'),(42,11,43,1,'allow'),(44,11,46,2,'allow'),(45,11,44,3,'allow'),(46,11,45,4,'allow'),(47,11,47,5,'allow'),(48,10,48,1,'allow'),(49,10,50,2,'allow'),(50,10,49,3,'allow'),(51,10,51,4,'allow'),(52,10,52,5,'allow'),(54,11,53,6,'allow'),(55,8,56,6,'allow'),(56,10,55,6,'allow'),(58,5,54,7,'allow'),(59,13,57,1,'allow'),(60,13,58,2,'allow'),(61,13,60,3,'allow'),(62,13,61,4,'allow'),(63,13,62,5,'allow'),(64,15,73,1,'allow'),(65,15,75,2,'allow'),(66,15,74,3,'allow'),(67,15,76,4,'allow'),(68,15,77,5,'allow'),(69,17,78,1,'allow'),(70,17,79,2,'allow'),(71,17,82,3,'allow'),(72,17,81,4,'allow'),(73,20,63,1,'allow'),(74,20,65,2,'allow'),(75,20,64,3,'allow'),(76,20,66,4,'allow'),(77,20,67,5,'allow'),(78,19,67,1,'allow');
/*!40000 ALTER TABLE `CallACLRelPatterns` ENABLE KEYS */;
UNLOCK TABLES;

--
-- Table structure for table `CallForwardSettings`
--

DROP TABLE IF EXISTS `CallForwardSettings`;
/*!40101 SET @saved_cs_client     = @@character_set_client */;
/*!40101 SET character_set_client = utf8 */;
CREATE TABLE `CallForwardSettings` (
  `id` int(10) unsigned NOT NULL AUTO_INCREMENT,
  `userId` int(10) unsigned NOT NULL,
  `callTypeFilter` varchar(25) NOT NULL COMMENT '[enum:internal|external|both]',
  `callForwardType` varchar(25) NOT NULL COMMENT '[enum:inconditional|noAnswer|busy|userNotRegistered]',
  `targetType` varchar(25) NOT NULL COMMENT '[enum:number|extension|voicemail]',
  `numberValue` varchar(25) DEFAULT NULL,
  `extensionId` int(10) unsigned DEFAULT NULL,
  `voiceMailUserId` int(10) unsigned DEFAULT NULL,
  `noAnswerTimeout` smallint(4) NOT NULL DEFAULT '10',
  PRIMARY KEY (`id`),
  UNIQUE KEY `callFwTypeUser` (`callForwardType`,`userId`,`callTypeFilter`),
  KEY `userId` (`userId`),
  KEY `extensionId` (`extensionId`),
  KEY `voiceMailUserId` (`voiceMailUserId`),
  CONSTRAINT `CallForwardSettings_ibfk_1` FOREIGN KEY (`userId`) REFERENCES `Users` (`id`) ON DELETE CASCADE,
  CONSTRAINT `CallForwardSettings_ibfk_2` FOREIGN KEY (`extensionId`) REFERENCES `Extensions` (`id`) ON DELETE CASCADE,
  CONSTRAINT `CallForwardSettings_ibfk_3` FOREIGN KEY (`voiceMailUserId`) REFERENCES `Users` (`id`) ON DELETE CASCADE
) ENGINE=InnoDB AUTO_INCREMENT=226 DEFAULT CHARSET=utf8 COMMENT='[entity][rest]';
/*!40101 SET character_set_client = @saved_cs_client */;

--
-- Dumping data for table `CallForwardSettings`
--

LOCK TABLES `CallForwardSettings` WRITE;
/*!40000 ALTER TABLE `CallForwardSettings` DISABLE KEYS */;
INSERT INTO `CallForwardSettings` VALUES (10,44,'both','inconditional','voicemail','658700028',NULL,43,10),(18,80,'external','noAnswer','voicemail','',NULL,80,30),(19,80,'external','busy','voicemail','',NULL,80,10),(20,86,'external','noAnswer','voicemail','',NULL,86,30),(21,86,'external','busy','voicemail','',NULL,86,10),(22,92,'external','noAnswer','voicemail','',NULL,92,30),(23,92,'external','busy','voicemail','',NULL,92,10),(26,83,'external','noAnswer','voicemail','',NULL,83,30),(27,83,'external','busy','voicemail','',NULL,83,10),(28,82,'external','noAnswer','voicemail','',NULL,82,30),(29,82,'external','busy','voicemail','',NULL,82,10),(30,193,'internal','noAnswer','voicemail','',NULL,193,30),(33,101,'external','noAnswer','extension','',321,101,8),(34,101,'internal','busy','voicemail','',NULL,101,10),(35,102,'external','noAnswer','extension','',321,102,8),(36,102,'external','busy','voicemail','',NULL,102,10),(37,103,'external','noAnswer','extension','',321,103,8),(38,103,'external','busy','voicemail','',NULL,103,10),(39,104,'external','noAnswer','voicemail','',NULL,104,30),(40,104,'external','busy','voicemail','',NULL,104,10),(89,166,'external','noAnswer','voicemail','',NULL,166,30),(90,166,'internal','busy','voicemail','',NULL,166,10),(91,150,'internal','noAnswer','voicemail','',NULL,150,30),(92,150,'internal','busy','voicemail','',NULL,150,10),(93,189,'internal','noAnswer','voicemail','',NULL,189,30),(94,189,'internal','busy','voicemail','',NULL,189,10),(97,156,'external','noAnswer','voicemail','',NULL,156,30),(98,156,'external','busy','voicemail','',NULL,156,10),(99,152,'internal','noAnswer','voicemail','',NULL,152,30),(100,152,'internal','busy','voicemail','',NULL,152,10),(101,202,'internal','noAnswer','voicemail','',NULL,202,30),(102,202,'internal','busy','voicemail','',NULL,202,10),(105,171,'external','noAnswer','voicemail','',NULL,171,30),(106,171,'external','busy','voicemail','',NULL,171,10),(109,147,'external','noAnswer','extension','',317,147,10),(110,147,'external','busy','voicemail','',NULL,147,10),(113,148,'external','noAnswer','extension','',317,148,10),(114,148,'external','busy','voicemail','',NULL,148,10),(115,153,'external','noAnswer','extension','',313,153,10),(116,153,'external','busy','voicemail','',NULL,153,10),(121,167,'external','noAnswer','voicemail','',NULL,167,30),(122,167,'external','busy','voicemail','',NULL,167,10),(126,105,'external','noAnswer','extension','',313,NULL,10),(127,194,'external','noAnswer','extension','',314,NULL,10),(128,159,'external','noAnswer','extension','',314,NULL,10),(129,157,'external','noAnswer','extension','',314,NULL,10),(130,137,'external','noAnswer','extension','',316,NULL,8),(131,106,'external','noAnswer','extension','',313,NULL,10),(132,138,'external','noAnswer','extension','',316,NULL,8),(133,100,'external','noAnswer','extension','',313,NULL,10),(134,107,'external','noAnswer','extension','',313,NULL,10),(136,139,'external','noAnswer','extension','',317,NULL,8),(137,109,'external','noAnswer','extension','',313,NULL,10),(138,140,'external','noAnswer','extension','',317,NULL,8),(139,110,'external','noAnswer','extension','',313,NULL,10),(140,111,'external','noAnswer','extension','',313,NULL,10),(141,141,'external','noAnswer','extension','',317,NULL,10),(142,188,'external','noAnswer','extension','',313,NULL,10),(143,142,'external','noAnswer','extension','',317,NULL,10),(144,112,'external','noAnswer','extension','',313,NULL,10),(145,143,'external','noAnswer','extension','',317,NULL,10),(146,227,'external','noAnswer','extension','',313,NULL,10),(147,113,'external','noAnswer','extension','',313,NULL,10),(148,144,'external','noAnswer','extension','',317,NULL,10),(149,145,'external','noAnswer','extension','',317,NULL,10),(150,114,'external','noAnswer','extension','',313,NULL,10),(151,146,'external','noAnswer','extension','',317,NULL,10),(153,116,'external','noAnswer','extension','',313,NULL,10),(155,118,'external','noAnswer','extension','',149,NULL,10),(156,192,'external','noAnswer','extension','',313,NULL,10),(157,149,'external','noAnswer','extension','',319,NULL,10),(158,150,'external','noAnswer','extension','',319,NULL,10),(159,151,'external','noAnswer','extension','',313,NULL,10),(160,152,'external','noAnswer','extension','',313,NULL,10),(161,154,'external','noAnswer','extension','',313,NULL,10),(162,155,'external','noAnswer','extension','',313,NULL,10),(163,158,'external','noAnswer','extension','',411,NULL,10),(164,229,'external','noAnswer','extension','',411,NULL,10),(165,119,'external','noAnswer','extension','',320,NULL,13),(166,182,'external','noAnswer','extension','',411,NULL,10),(167,120,'external','noAnswer','extension','',320,NULL,13),(168,179,'external','noAnswer','extension','',411,NULL,10),(169,121,'external','noAnswer','extension','',320,NULL,13),(170,180,'external','noAnswer','extension','',411,NULL,10),(171,123,'external','noAnswer','extension','',320,NULL,13),(172,181,'external','noAnswer','extension','',411,NULL,10),(173,178,'external','noAnswer','extension','',411,NULL,10),(174,122,'external','noAnswer','extension','',320,NULL,13),(175,177,'external','noAnswer','extension','',95,NULL,10),(176,124,'external','noAnswer','extension','',320,NULL,13),(177,228,'external','noAnswer','extension','',95,NULL,10),(178,189,'external','noAnswer','extension','',411,NULL,10),(179,202,'external','noAnswer','extension','',313,NULL,10),(180,191,'external','noAnswer','extension','',313,NULL,10),(181,125,'external','noAnswer','extension','',313,NULL,10),(183,127,'external','noAnswer','extension','',313,NULL,10),(184,128,'external','noAnswer','extension','',313,NULL,10),(185,197,'external','noAnswer','extension','',313,NULL,10),(186,130,'external','noAnswer','extension','',313,NULL,10),(187,131,'external','noAnswer','extension','',313,NULL,10),(189,134,'external','noAnswer','extension','',313,NULL,10),(190,135,'external','noAnswer','extension','',313,NULL,10),(191,136,'external','noAnswer','extension','',313,NULL,10),(196,175,'external','noAnswer','extension','',324,NULL,10),(198,184,'both','noAnswer','extension','',337,NULL,10),(199,185,'both','noAnswer','extension','',337,NULL,10),(200,239,'both','noAnswer','extension','',337,NULL,10),(206,234,'external','noAnswer','extension','',345,NULL,10),(207,164,'external','noAnswer','extension','',351,NULL,10),(209,163,'external','noAnswer','extension','',350,NULL,10),(210,85,'external','noAnswer','voicemail','',NULL,85,30),(211,85,'external','busy','voicemail','',NULL,85,10),(212,68,'external','noAnswer','extension','',361,NULL,10),(213,251,'external','noAnswer','extension','',411,NULL,10),(214,195,'external','noAnswer','extension','',313,NULL,10),(215,3,'both','noAnswer','number','0',NULL,NULL,10),(216,115,'external','noAnswer','extension','',313,NULL,10),(217,305,'both','noAnswer','extension','',337,NULL,10),(218,187,'both','noAnswer','extension','0034636794535',330,NULL,15),(219,186,'both','noAnswer','extension','',337,NULL,10),(220,117,'external','noAnswer','extension','',313,NULL,10),(223,236,'both','noAnswer','extension','',337,NULL,10),(224,280,'external','noAnswer','extension','',411,NULL,10),(225,275,'external','noAnswer','extension','',411,NULL,10);
/*!40000 ALTER TABLE `CallForwardSettings` ENABLE KEYS */;
UNLOCK TABLES;

--
-- Table structure for table `ChangeHistory`
--

DROP TABLE IF EXISTS `ChangeHistory`;
/*!40101 SET @saved_cs_client     = @@character_set_client */;
/*!40101 SET character_set_client = utf8 */;
CREATE TABLE `ChangeHistory` (
  `id` int(10) unsigned NOT NULL AUTO_INCREMENT,
  `user` varchar(50) NOT NULL,
  `date` timestamp NOT NULL DEFAULT CURRENT_TIMESTAMP ON UPDATE CURRENT_TIMESTAMP,
  `action` varchar(15) NOT NULL,
  `table` varchar(50) NOT NULL,
  `objid` int(10) unsigned NOT NULL,
  `field` varchar(50) NOT NULL,
  `old_value` varchar(250) DEFAULT NULL,
  `new_value` varchar(250) DEFAULT NULL,
  PRIMARY KEY (`id`)
) ENGINE=InnoDB AUTO_INCREMENT=4936955 DEFAULT CHARSET=latin1 COMMENT='[entity]';
/*!40101 SET character_set_client = @saved_cs_client */;

--
-- Dumping data for table `ChangeHistory`
--

LOCK TABLES `ChangeHistory` WRITE;
/*!40000 ALTER TABLE `ChangeHistory` DISABLE KEYS */;
/*!40000 ALTER TABLE `ChangeHistory` ENABLE KEYS */;
UNLOCK TABLES;

--
-- Table structure for table `Companies`
--

DROP TABLE IF EXISTS `Companies`;
/*!40101 SET @saved_cs_client     = @@character_set_client */;
/*!40101 SET character_set_client = utf8 */;
CREATE TABLE `Companies` (
  `id` int(10) unsigned NOT NULL AUTO_INCREMENT,
  `brandId` int(10) unsigned NOT NULL,
  `type` varchar(25) NOT NULL DEFAULT 'vpbx' COMMENT '[enum:vpbx|retail]',
  `name` varchar(80) NOT NULL,
  `domain_users` varchar(190) DEFAULT NULL,
  `nif` varchar(25) NOT NULL,
  `defaultTimezoneId` int(10) unsigned DEFAULT NULL,
  `applicationServerId` int(10) unsigned DEFAULT NULL,
  `externalMaxCalls` int(10) unsigned NOT NULL DEFAULT '0',
  `postalAddress` varchar(255) NOT NULL,
  `postalCode` varchar(10) NOT NULL,
  `town` varchar(255) NOT NULL,
  `province` varchar(255) NOT NULL,
  `country` varchar(255) NOT NULL,
  `outbound_prefix` varchar(255) DEFAULT NULL,
  `countryId` int(10) unsigned DEFAULT NULL,
  `languageId` int(10) unsigned DEFAULT NULL,
  `mediaRelaySetsId` int(10) unsigned DEFAULT NULL,
  `ipFilter` tinyint(1) DEFAULT '1',
  `onDemandRecord` tinyint(1) DEFAULT '0',
  `onDemandRecordCode` varchar(3) DEFAULT NULL,
  `areaCode` varchar(10) DEFAULT NULL,
  `externallyExtraOpts` text,
  `recordingsLimitMB` int(10) DEFAULT NULL,
  `recordingsLimitEmail` varchar(250) DEFAULT NULL,
  `outgoingDDIId` int(10) unsigned DEFAULT NULL,
  `outgoingDDIRuleId` int(10) unsigned DEFAULT NULL,
  PRIMARY KEY (`id`),
  UNIQUE KEY `nameBrand` (`name`,`brandId`),
  UNIQUE KEY `domain_unique` (`domain_users`),
  KEY `brandId` (`brandId`),
  KEY `defaultTimezoneId` (`defaultTimezoneId`),
  KEY `applicationServerId` (`applicationServerId`),
  KEY `countryId` (`countryId`),
  KEY `languageId` (`languageId`),
  KEY `mediaRelaySetsId` (`mediaRelaySetsId`),
  KEY `outgoingDDIId` (`outgoingDDIId`),
  KEY `outgoingDDIRuleId` (`outgoingDDIRuleId`),
  CONSTRAINT `Companies_ibfk_10` FOREIGN KEY (`languageId`) REFERENCES `Languages` (`id`) ON DELETE SET NULL,
  CONSTRAINT `Companies_ibfk_11` FOREIGN KEY (`mediaRelaySetsId`) REFERENCES `MediaRelaySets` (`id`) ON DELETE SET NULL ON UPDATE CASCADE,
  CONSTRAINT `Companies_ibfk_12` FOREIGN KEY (`defaultTimezoneId`) REFERENCES `Timezones` (`id`) ON DELETE SET NULL,
  CONSTRAINT `Companies_ibfk_13` FOREIGN KEY (`outgoingDDIId`) REFERENCES `DDIs` (`id`) ON DELETE SET NULL,
  CONSTRAINT `Companies_ibfk_14` FOREIGN KEY (`outgoingDDIRuleId`) REFERENCES `OutgoingDDIRules` (`id`) ON DELETE SET NULL,
  CONSTRAINT `Companies_ibfk_4` FOREIGN KEY (`brandId`) REFERENCES `Brands` (`id`) ON DELETE CASCADE,
  CONSTRAINT `Companies_ibfk_5` FOREIGN KEY (`applicationServerId`) REFERENCES `ApplicationServers` (`id`) ON DELETE SET NULL,
  CONSTRAINT `Companies_ibfk_9` FOREIGN KEY (`countryId`) REFERENCES `Countries` (`id`) ON DELETE SET NULL
) ENGINE=InnoDB AUTO_INCREMENT=22 DEFAULT CHARSET=utf8 COMMENT='[entity][rest]';
/*!40101 SET character_set_client = @saved_cs_client */;

--
-- Dumping data for table `Companies`
--

LOCK TABLES `Companies` WRITE;
/*!40000 ALTER TABLE `Companies` DISABLE KEYS */;
INSERT INTO `Companies` VALUES (3,1,'vpbx','Irontec (pruebas)','irontec-tedra.irontec.com','B95274890',145,NULL,25,'2ª Planta, Uribitarte Kalea, 6','40901','Bilbao','Bizkaia','España','',70,1,0,0,0,'','','',0,'',NULL,NULL),(5,1,'vpbx','AGRONOVO ECOLOXIA SL','agronovo-voz.tedra.es','B27301092',145,NULL,4,'Rua Camiño Real','27004','Lugo','Lugo','España','',70,1,0,0,0,'','','',NULL,NULL,NULL,NULL),(6,1,'vpbx','TEDRA HOLDING SPAIN SL','tedra-voz.tedra.es','B27436351',145,NULL,10,'C/Doutor Yañez Rebolo, 8','27004','Lugo','Lugo','España','',70,1,0,0,1,'1','','',0,'',NULL,NULL),(7,1,'vpbx','SERRANO CAPITAL S.A.','profit-voz.tedra.es','A85288546',145,NULL,0,'C/Serrano 67','28006','Madrid','Madrid','España','',70,1,0,1,2,'1','','',0,'',NULL,NULL),(8,1,'vpbx','ALTAMAR CAPITAL PARTNERS SL','altamar-voz.tedra.es','B83811570',145,NULL,0,'Paseo de la Castellana, 31','28046','Madrid','Madrid','España','',70,1,0,1,0,'','','',0,'',NULL,NULL),(9,1,'vpbx','ALVAREZ Y ASOCIADOS ESTETICA SL','alvarez-voz.tedra.es','B27379296',145,NULL,4,'C/Doutor Yañez Rebolo, 8','27004','Lugo','Lugo','España','',70,1,0,0,0,'','','',NULL,NULL,NULL,NULL),(10,2,'vpbx','NOVAQUALITY CONSULTING','novaquality-voz.mgiconsultores.com','B84027200',145,NULL,20,'Avd. España 23','28100','Alcobendas','Madrid','España','',70,1,0,0,0,'','','',NULL,NULL,NULL,NULL),(11,2,'vpbx','APRIL','april-voz.mgiconsultores.com','12345678-Z',145,NULL,2,'Postal address','PC','Town','Province','Country','',70,1,0,0,0,'','','',0,'',NULL,NULL),(12,1,'vpbx','MIGUEL HERRERO COLLANTES','miguelherrero-voz.tedra.es','12345678-Z',145,NULL,3,'Postal address','PC','Town','Province','Country','',70,1,0,0,0,'','','',0,'',NULL,NULL),(13,1,'vpbx','FB CONSULTORES SL','fbconsultores-voz.tedra.es','12345678-Z',145,NULL,10,'Postal address','PC','Town','Province','Country','',70,1,0,0,0,'','','',0,'',NULL,NULL),(15,1,'vpbx','MIRAMAR CRUISES S.L.','miramar-voz.tedra.es','12345678-Z',145,NULL,0,'Postal address','PC','Town','Province','Country','',70,1,0,1,0,'','','',0,'',NULL,NULL),(16,1,'vpbx','RAFAEL SANCHEZ','rafaelsanchez-voz.tedra.es','00693438-B',145,NULL,1,'Postal address','PC','Town','Province','Country','',70,1,0,0,0,'','','',0,'',267,NULL),(17,1,'retail','DUO_TELECOM',NULL,'12345678-Z',145,NULL,2,'Postal address','PC','Town','Province','Country','',70,1,0,0,0,'','','',0,'',NULL,NULL),(18,1,'vpbx','CLINICA ERAS','clinicaeras-voz.tedra.es','12345678-Z',145,NULL,2,'Postal address','PC','Town','Province','Country','',70,1,0,0,0,'','','',0,'',NULL,NULL),(19,2,'vpbx','VARIANZA','varianza-voz.mgiconsultores.com','12345678-Z',145,NULL,10,'Postal address','PC','Town','Province','Country','',70,1,0,1,0,'','','',0,'',NULL,NULL),(20,2,'vpbx','IBERIA CARDS','iberiacards-voz.mgiconsultores.com','12345678-Z',145,NULL,20,'Postal address','PC','Town','Province','Country','',70,1,0,1,0,'','',NULL,NULL,NULL,NULL,NULL),(21,1,'vpbx','GRUPO OH LEON','pbx.grupoohleon.com','12345678-Z',145,NULL,10,'Postal address','PC','Town','Province','Country','',70,1,0,0,0,'','',NULL,NULL,NULL,NULL,NULL);
/*!40000 ALTER TABLE `Companies` ENABLE KEYS */;
UNLOCK TABLES;

--
-- Table structure for table `CompanyAdmins`
--

DROP TABLE IF EXISTS `CompanyAdmins`;
/*!40101 SET @saved_cs_client     = @@character_set_client */;
/*!40101 SET character_set_client = utf8 */;
CREATE TABLE `CompanyAdmins` (
  `id` int(10) unsigned NOT NULL AUTO_INCREMENT,
  `companyId` int(10) unsigned NOT NULL,
  `username` varchar(65) NOT NULL,
  `pass` varchar(80) NOT NULL COMMENT '[password]',
  `email` varchar(100) NOT NULL DEFAULT '',
  `active` tinyint(1) NOT NULL DEFAULT '1',
  `timezoneId` int(10) unsigned DEFAULT NULL,
  `name` varchar(100) DEFAULT NULL,
  `lastname` varchar(100) DEFAULT NULL,
  PRIMARY KEY (`id`),
  KEY `companyId` (`companyId`),
  KEY `timezoneId` (`timezoneId`),
  CONSTRAINT `CompanyAdmins_ibfk_1` FOREIGN KEY (`companyId`) REFERENCES `Companies` (`id`) ON DELETE CASCADE,
  CONSTRAINT `CompanyAdmins_ibfk_2` FOREIGN KEY (`timezoneId`) REFERENCES `Timezones` (`id`) ON DELETE SET NULL
) ENGINE=InnoDB AUTO_INCREMENT=10 DEFAULT CHARSET=utf8 COMMENT='[entity][rest]';
/*!40101 SET character_set_client = @saved_cs_client */;

--
-- Dumping data for table `CompanyAdmins`
--

LOCK TABLES `CompanyAdmins` WRITE;
/*!40000 ALTER TABLE `CompanyAdmins` DISABLE KEYS */;
INSERT INTO `CompanyAdmins` VALUES (1,3,'irontec','$2a$08$xaTFG0s6KxaLuFY0RJR4vukixqs58PtLVGE94Xpwj7jxrP2rGeb.q','vozip@ironte.com',1,145,'Administrador de empresa Irontec','Para pruebas internas'),(3,5,'agroadmin','$2a$08$KqDDoDmbYkGRu6YQwOQ1OuGgnrEXg.05FHJqOpD0Xjcc2lSmx8qnq','',1,145,'Rafael','Rivadulla'),(4,10,'novaquality','$2a$08$K439qronZ73vnb2kGTWQ0uUj2IJgJ8lmWJWa3JJvnptal7ouGKJkK','adrian.reynes@novaquality.es',1,145,'Adrian','Reynes'),(5,9,'chus','$2a$08$2RTxRzS4yJOw4YzQqILpnudDLFfPN3TjXpnLRf.W/q.Gu9ZuvU36e','chus@alvarezyasociados.com',1,145,'Chus','Álvarez'),(6,7,'gesprofit','$2a$08$q1T9kQ.79O4zmpludQRo0OY/SCLNxvFR..MXI0V8rB0cG.29Y81tm','gesprofit@profitgestion.es',1,145,'Jaime','Cañas'),(7,8,'ialvarez','$2a$08$otOsBlc1uvrXRmS0S6YaiOwAPV2Fx0875hmVOTNWjjZ6exR5WC.D6','ialvarez@altamarcapital.com',1,145,'Nacho','Álvarez'),(8,11,'nicolas','$2a$08$SpeTxcm/sn7Q2tdNdfyi8.7d9fn1NMadXALOf2rtMmJmQgPYkdM/a','nicolas.pereyma@april.com',1,145,'Nicolas','Pereyma'),(9,19,'varianza-voz','$2a$08$bMuHQkjMQJtkMgTS6hU.te85g7bqUtzbokUNryUXxzQH5rONPLYEe','carlos.chacon@varianza.com',1,145,'Carlos','Chacon');
/*!40000 ALTER TABLE `CompanyAdmins` ENABLE KEYS */;
UNLOCK TABLES;

--
-- Table structure for table `CompanyServices`
--

DROP TABLE IF EXISTS `CompanyServices`;
/*!40101 SET @saved_cs_client     = @@character_set_client */;
/*!40101 SET character_set_client = utf8 */;
CREATE TABLE `CompanyServices` (
  `id` int(10) unsigned NOT NULL AUTO_INCREMENT,
  `serviceId` int(10) unsigned NOT NULL,
  `companyId` int(10) unsigned NOT NULL,
  `code` varchar(3) NOT NULL,
  PRIMARY KEY (`id`),
  UNIQUE KEY `codeCompany` (`code`,`companyId`),
  KEY `companyId` (`companyId`),
  KEY `serviceId` (`serviceId`),
  CONSTRAINT `CompanyServices_ibfk_1` FOREIGN KEY (`companyId`) REFERENCES `Companies` (`id`) ON DELETE CASCADE,
  CONSTRAINT `CompanyServices_ibfk_2` FOREIGN KEY (`serviceId`) REFERENCES `Services` (`id`) ON DELETE CASCADE
) ENGINE=InnoDB AUTO_INCREMENT=83 DEFAULT CHARSET=utf8 COMMENT='[entity][rest]';
/*!40101 SET character_set_client = @saved_cs_client */;

--
-- Dumping data for table `CompanyServices`
--

LOCK TABLES `CompanyServices` WRITE;
/*!40000 ALTER TABLE `CompanyServices` DISABLE KEYS */;
INSERT INTO `CompanyServices` VALUES (2,3,9,'00'),(3,3,3,'00'),(4,1,5,'95'),(5,2,5,'96'),(6,3,5,'80'),(8,1,8,'95'),(9,2,8,'*'),(10,3,8,'80'),(11,1,9,'95'),(12,2,9,'96'),(13,1,3,'95'),(14,2,3,'96'),(15,1,7,'95'),(16,2,7,'*'),(17,3,7,'80'),(18,1,6,'95'),(19,2,6,'96'),(20,3,6,'80'),(21,1,10,'94'),(22,2,10,'95'),(23,3,10,'93'),(24,1,11,'94'),(25,2,11,'95'),(26,3,11,'93'),(27,1,12,'95'),(28,2,12,'96'),(29,3,12,'80'),(30,1,13,'95'),(31,2,13,'96'),(32,3,13,'80'),(36,1,15,'95'),(37,2,15,'96'),(38,3,15,'80'),(41,4,5,'00'),(42,4,6,'00'),(43,4,7,'00'),(44,4,8,'00'),(45,4,12,'00'),(46,4,13,'00'),(48,4,15,'00'),(49,4,10,'00'),(50,4,11,'00'),(56,4,3,'01'),(57,4,9,'01'),(59,1,16,'95'),(60,2,16,'96'),(61,3,16,'80'),(62,4,16,'00'),(63,1,17,'95'),(64,2,17,'96'),(65,3,17,'80'),(66,4,17,'00'),(67,1,18,'95'),(68,2,18,'96'),(69,3,18,'80'),(70,4,18,'00'),(71,1,19,'94'),(72,2,19,'95'),(73,3,19,'93'),(74,4,19,'00'),(75,1,20,'94'),(76,2,20,'95'),(77,3,20,'93'),(78,4,20,'00'),(79,1,21,'95'),(80,2,21,'96'),(81,3,21,'80'),(82,4,21,'00');
/*!40000 ALTER TABLE `CompanyServices` ENABLE KEYS */;
UNLOCK TABLES;

--
-- Table structure for table `ConditionalRoutes`
--

DROP TABLE IF EXISTS `ConditionalRoutes`;
/*!40101 SET @saved_cs_client     = @@character_set_client */;
/*!40101 SET character_set_client = utf8 */;
CREATE TABLE `ConditionalRoutes` (
  `id` int(10) unsigned NOT NULL AUTO_INCREMENT,
  `companyId` int(10) unsigned NOT NULL,
  `name` varchar(100) NOT NULL,
  `locutionId` int(10) unsigned DEFAULT NULL,
  `routeType` varchar(25) DEFAULT NULL COMMENT '[enum:user|number|IVRCommon|IVRCustom|huntGroup|voicemail|friend|queue|conferenceRoom|extension]',
  `IVRCommonId` int(10) unsigned DEFAULT NULL,
  `IVRCustomId` int(10) unsigned DEFAULT NULL,
  `huntGroupId` int(10) unsigned DEFAULT NULL,
  `voiceMailUserId` int(10) unsigned DEFAULT NULL,
  `userId` int(10) unsigned DEFAULT NULL,
  `numberValue` varchar(25) DEFAULT NULL,
  `friendValue` varchar(25) DEFAULT NULL,
  `queueId` int(10) unsigned DEFAULT NULL,
  `conferenceRoomId` int(10) unsigned DEFAULT NULL,
  `extensionId` int(10) unsigned DEFAULT NULL,
  PRIMARY KEY (`id`),
  KEY `companyId` (`companyId`),
  KEY `locutionId` (`locutionId`),
  KEY `IVRCommonId` (`IVRCommonId`),
  KEY `IVRCustomId` (`IVRCustomId`),
  KEY `huntGroupId` (`huntGroupId`),
  KEY `voiceMailUserId` (`voiceMailUserId`),
  KEY `userId` (`userId`),
  KEY `queueId` (`queueId`),
  KEY `conferenceRoomId` (`conferenceRoomId`),
  KEY `extensionId` (`extensionId`),
  CONSTRAINT `ConditionalRoutes_ibfk_1` FOREIGN KEY (`companyId`) REFERENCES `Companies` (`id`) ON DELETE CASCADE,
  CONSTRAINT `ConditionalRoutes_ibfk_2` FOREIGN KEY (`IVRCommonId`) REFERENCES `IVRCommon` (`id`) ON DELETE SET NULL,
  CONSTRAINT `ConditionalRoutes_ibfk_3` FOREIGN KEY (`IVRCustomId`) REFERENCES `IVRCustom` (`id`) ON DELETE SET NULL,
  CONSTRAINT `ConditionalRoutes_ibfk_4` FOREIGN KEY (`huntGroupId`) REFERENCES `HuntGroups` (`id`) ON DELETE SET NULL,
  CONSTRAINT `ConditionalRoutes_ibfk_5` FOREIGN KEY (`voiceMailUserId`) REFERENCES `Users` (`id`) ON DELETE SET NULL ON UPDATE CASCADE,
  CONSTRAINT `ConditionalRoutes_ibfk_6` FOREIGN KEY (`userId`) REFERENCES `Users` (`id`) ON DELETE SET NULL,
  CONSTRAINT `ConditionalRoutes_ibfk_7` FOREIGN KEY (`queueId`) REFERENCES `Queues` (`id`) ON DELETE SET NULL,
  CONSTRAINT `ConditionalRoutes_ibfk_8` FOREIGN KEY (`locutionId`) REFERENCES `Locutions` (`id`) ON DELETE SET NULL,
  CONSTRAINT `ConditionalRoutes_ibfk_9` FOREIGN KEY (`conferenceRoomId`) REFERENCES `ConferenceRooms` (`id`) ON DELETE SET NULL,
  CONSTRAINT `ConditionalRoutes_ibfk_10` FOREIGN KEY (`extensionId`) REFERENCES `Extensions` (`id`) ON DELETE SET NULL
) ENGINE=InnoDB DEFAULT CHARSET=utf8 COMMENT='[entity][rest]';
/*!40101 SET character_set_client = @saved_cs_client */;

--
-- Dumping data for table `ConditionalRoutes`
--

LOCK TABLES `ConditionalRoutes` WRITE;
/*!40000 ALTER TABLE `ConditionalRoutes` DISABLE KEYS */;
/*!40000 ALTER TABLE `ConditionalRoutes` ENABLE KEYS */;
UNLOCK TABLES;

--
-- Table structure for table `ConditionalRoutesConditions`
--

DROP TABLE IF EXISTS `ConditionalRoutesConditions`;
/*!40101 SET @saved_cs_client     = @@character_set_client */;
/*!40101 SET character_set_client = utf8 */;
CREATE TABLE `ConditionalRoutesConditions` (
  `id` int(10) unsigned NOT NULL AUTO_INCREMENT,
  `conditionalRouteId` int(10) unsigned NOT NULL,
  `priority` smallint(6) NOT NULL DEFAULT '1',
  `locutionId` int(10) unsigned DEFAULT NULL,
  `routeType` varchar(25) DEFAULT NULL COMMENT '[enum:user|number|IVRCommon|IVRCustom|huntGroup|voicemail|friend|queue|conferenceRoom|extension]',
  `IVRCommonId` int(10) unsigned DEFAULT NULL,
  `IVRCustomId` int(10) unsigned DEFAULT NULL,
  `huntGroupId` int(10) unsigned DEFAULT NULL,
  `voiceMailUserId` int(10) unsigned DEFAULT NULL,
  `userId` int(10) unsigned DEFAULT NULL,
  `numberValue` varchar(25) DEFAULT NULL,
  `friendValue` varchar(25) DEFAULT NULL,
  `queueId` int(10) unsigned DEFAULT NULL,
  `conferenceRoomId` int(10) unsigned DEFAULT NULL,
  `extensionId` int(10) unsigned DEFAULT NULL,
  PRIMARY KEY (`id`),
  UNIQUE KEY `conditionalRouteId` (`conditionalRouteId`,`priority`),
  KEY `locutionId` (`locutionId`),
  KEY `IVRCommonId` (`IVRCommonId`),
  KEY `IVRCustomId` (`IVRCustomId`),
  KEY `huntGroupId` (`huntGroupId`),
  KEY `voiceMailUserId` (`voiceMailUserId`),
  KEY `userId` (`userId`),
  KEY `queueId` (`queueId`),
  KEY `conferenceRoomId` (`conferenceRoomId`),
  KEY `extensionId` (`extensionId`),
  CONSTRAINT `ConditionalRoutesConditions_ibfk_1` FOREIGN KEY (`conditionalRouteId`) REFERENCES `ConditionalRoutes` (`id`) ON DELETE CASCADE,
  CONSTRAINT `ConditionalRoutesConditions_ibfk_2` FOREIGN KEY (`IVRCommonId`) REFERENCES `IVRCommon` (`id`) ON DELETE SET NULL,
  CONSTRAINT `ConditionalRoutesConditions_ibfk_3` FOREIGN KEY (`IVRCustomId`) REFERENCES `IVRCustom` (`id`) ON DELETE SET NULL,
  CONSTRAINT `ConditionalRoutesConditions_ibfk_4` FOREIGN KEY (`huntGroupId`) REFERENCES `HuntGroups` (`id`) ON DELETE SET NULL,
  CONSTRAINT `ConditionalRoutesConditions_ibfk_5` FOREIGN KEY (`voiceMailUserId`) REFERENCES `Users` (`id`) ON DELETE SET NULL ON UPDATE CASCADE,
  CONSTRAINT `ConditionalRoutesConditions_ibfk_6` FOREIGN KEY (`userId`) REFERENCES `Users` (`id`) ON DELETE SET NULL,
  CONSTRAINT `ConditionalRoutesConditions_ibfk_7` FOREIGN KEY (`queueId`) REFERENCES `Queues` (`id`) ON DELETE SET NULL,
  CONSTRAINT `ConditionalRoutesConditions_ibfk_8` FOREIGN KEY (`locutionId`) REFERENCES `Locutions` (`id`) ON DELETE SET NULL,
  CONSTRAINT `ConditionalRoutesConditions_ibfk_9` FOREIGN KEY (`conferenceRoomId`) REFERENCES `ConferenceRooms` (`id`) ON DELETE SET NULL,
  CONSTRAINT `ConditionalRoutesConditions_ibfk_10` FOREIGN KEY (`extensionId`) REFERENCES `Extensions` (`id`) ON DELETE SET NULL
) ENGINE=InnoDB DEFAULT CHARSET=utf8 COMMENT='[entity][rest]';
/*!40101 SET character_set_client = @saved_cs_client */;

--
-- Dumping data for table `ConditionalRoutesConditions`
--

LOCK TABLES `ConditionalRoutesConditions` WRITE;
/*!40000 ALTER TABLE `ConditionalRoutesConditions` DISABLE KEYS */;
/*!40000 ALTER TABLE `ConditionalRoutesConditions` ENABLE KEYS */;
UNLOCK TABLES;

--
-- Table structure for table `ConditionalRoutesConditionsRelCalendars`
--

DROP TABLE IF EXISTS `ConditionalRoutesConditionsRelCalendars`;
/*!40101 SET @saved_cs_client     = @@character_set_client */;
/*!40101 SET character_set_client = utf8 */;
CREATE TABLE `ConditionalRoutesConditionsRelCalendars` (
  `id` int(10) unsigned NOT NULL AUTO_INCREMENT,
  `conditionId` int(10) unsigned NOT NULL,
  `calendarId` int(10) unsigned NOT NULL,
  PRIMARY KEY (`id`),
  KEY `conditionId` (`conditionId`),
  KEY `calendarId` (`calendarId`),
  CONSTRAINT `ConditionalRoutesConditionsRelCalendars_ibfk_1` FOREIGN KEY (`conditionId`) REFERENCES `ConditionalRoutesConditions` (`id`) ON DELETE CASCADE,
  CONSTRAINT `ConditionalRoutesConditionsRelCalendars_ibfk_2` FOREIGN KEY (`calendarId`) REFERENCES `Calendars` (`id`) ON DELETE CASCADE
) ENGINE=InnoDB DEFAULT CHARSET=utf8 COMMENT='[entity][rest]';
/*!40101 SET character_set_client = @saved_cs_client */;

--
-- Dumping data for table `ConditionalRoutesConditionsRelCalendars`
--

LOCK TABLES `ConditionalRoutesConditionsRelCalendars` WRITE;
/*!40000 ALTER TABLE `ConditionalRoutesConditionsRelCalendars` DISABLE KEYS */;
/*!40000 ALTER TABLE `ConditionalRoutesConditionsRelCalendars` ENABLE KEYS */;
UNLOCK TABLES;

--
-- Table structure for table `ConditionalRoutesConditionsRelMatchLists`
--

DROP TABLE IF EXISTS `ConditionalRoutesConditionsRelMatchLists`;
/*!40101 SET @saved_cs_client     = @@character_set_client */;
/*!40101 SET character_set_client = utf8 */;
CREATE TABLE `ConditionalRoutesConditionsRelMatchLists` (
  `id` int(10) unsigned NOT NULL AUTO_INCREMENT,
  `conditionId` int(10) unsigned NOT NULL,
  `matchListId` int(10) unsigned NOT NULL,
  PRIMARY KEY (`id`),
  KEY `conditionId` (`conditionId`),
  KEY `matchListId` (`matchListId`),
  CONSTRAINT `ConditionalRoutesConditionsRelMatchLists_ibfk_1` FOREIGN KEY (`conditionId`) REFERENCES `ConditionalRoutesConditions` (`id`) ON DELETE CASCADE,
  CONSTRAINT `ConditionalRoutesConditionsRelMatchLists_ibfk_2` FOREIGN KEY (`matchListId`) REFERENCES `MatchLists` (`id`) ON DELETE CASCADE
) ENGINE=InnoDB DEFAULT CHARSET=utf8 COMMENT='[entity][rest]';
/*!40101 SET character_set_client = @saved_cs_client */;

--
-- Dumping data for table `ConditionalRoutesConditionsRelMatchLists`
--

LOCK TABLES `ConditionalRoutesConditionsRelMatchLists` WRITE;
/*!40000 ALTER TABLE `ConditionalRoutesConditionsRelMatchLists` DISABLE KEYS */;
/*!40000 ALTER TABLE `ConditionalRoutesConditionsRelMatchLists` ENABLE KEYS */;
UNLOCK TABLES;

--
-- Table structure for table `ConditionalRoutesConditionsRelSchedules`
--

DROP TABLE IF EXISTS `ConditionalRoutesConditionsRelSchedules`;
/*!40101 SET @saved_cs_client     = @@character_set_client */;
/*!40101 SET character_set_client = utf8 */;
CREATE TABLE `ConditionalRoutesConditionsRelSchedules` (
  `id` int(10) unsigned NOT NULL AUTO_INCREMENT,
  `conditionId` int(10) unsigned NOT NULL,
  `scheduleId` int(10) unsigned NOT NULL,
  PRIMARY KEY (`id`),
  KEY `conditionId` (`conditionId`),
  KEY `scheduleId` (`scheduleId`),
  CONSTRAINT `ConditionalRoutesConditionsRelSchedules_ibfk_1` FOREIGN KEY (`conditionId`) REFERENCES `ConditionalRoutesConditions` (`id`) ON DELETE CASCADE,
  CONSTRAINT `ConditionalRoutesConditionsRelSchedules_ibfk_2` FOREIGN KEY (`scheduleId`) REFERENCES `Schedules` (`id`) ON DELETE CASCADE
) ENGINE=InnoDB DEFAULT CHARSET=utf8 COMMENT='[entity][rest]';
/*!40101 SET character_set_client = @saved_cs_client */;

--
-- Dumping data for table `ConditionalRoutesConditionsRelSchedules`
--

LOCK TABLES `ConditionalRoutesConditionsRelSchedules` WRITE;
/*!40000 ALTER TABLE `ConditionalRoutesConditionsRelSchedules` DISABLE KEYS */;
/*!40000 ALTER TABLE `ConditionalRoutesConditionsRelSchedules` ENABLE KEYS */;
UNLOCK TABLES;

--
-- Table structure for table `ConferenceRooms`
--

DROP TABLE IF EXISTS `ConferenceRooms`;
/*!40101 SET @saved_cs_client     = @@character_set_client */;
/*!40101 SET character_set_client = utf8 */;
CREATE TABLE `ConferenceRooms` (
  `id` int(10) unsigned NOT NULL AUTO_INCREMENT,
  `companyId` int(10) unsigned NOT NULL,
  `name` varchar(50) NOT NULL,
  `pinProtected` tinyint(1) unsigned NOT NULL DEFAULT '0',
  `pinCode` varchar(6) DEFAULT NULL,
  `maxMembers` tinyint(3) unsigned NOT NULL DEFAULT '0',
  PRIMARY KEY (`id`),
  UNIQUE KEY `ConferenceRoomsUniqueCompanyname` (`companyId`,`name`),
  KEY `companyId` (`companyId`),
  CONSTRAINT `ConferenceRooms_ibfk_1` FOREIGN KEY (`companyId`) REFERENCES `Companies` (`id`) ON DELETE CASCADE
) ENGINE=InnoDB DEFAULT CHARSET=utf8 COMMENT='[entity][rest]';
/*!40101 SET character_set_client = @saved_cs_client */;

--
-- Dumping data for table `ConferenceRooms`
--

LOCK TABLES `ConferenceRooms` WRITE;
/*!40000 ALTER TABLE `ConferenceRooms` DISABLE KEYS */;
/*!40000 ALTER TABLE `ConferenceRooms` ENABLE KEYS */;
UNLOCK TABLES;

--
-- Table structure for table `Countries`
--

DROP TABLE IF EXISTS `Countries`;
/*!40101 SET @saved_cs_client     = @@character_set_client */;
/*!40101 SET character_set_client = utf8 */;
CREATE TABLE `Countries` (
  `id` int(10) unsigned NOT NULL AUTO_INCREMENT,
  `code` varchar(100) NOT NULL DEFAULT '',
  `name` varchar(100) DEFAULT NULL COMMENT '[ml]',
  `name_en` varchar(100) DEFAULT NULL,
  `name_es` varchar(100) DEFAULT NULL,
  `zone` varchar(55) DEFAULT NULL COMMENT '[ml]',
  `zone_en` varchar(55) NOT NULL DEFAULT '',
  `zone_es` varchar(55) NOT NULL DEFAULT '',
  `calling_code` int(11) unsigned DEFAULT NULL,
  `intCode` varchar(5) DEFAULT NULL,
  `e164Pattern` varchar(250) DEFAULT NULL,
  `nationalCC` tinyint(1) NOT NULL DEFAULT '0',
  PRIMARY KEY (`id`),
  UNIQUE KEY `languageCode` (`code`)
) ENGINE=InnoDB AUTO_INCREMENT=252 DEFAULT CHARSET=utf8 COMMENT='[entity][rest]';
/*!40101 SET character_set_client = @saved_cs_client */;

--
-- Dumping data for table `Countries`
--

LOCK TABLES `Countries` WRITE;
/*!40000 ALTER TABLE `Countries` DISABLE KEYS */;
INSERT INTO `Countries` VALUES (1,'AD',NULL,'Andorra','Andorra',NULL,'Europe','Europa',376,'00','/^(\\+|00)?(?<cc>376)?(?<sn>\\d{9})$/',0),(2,'AE',NULL,'United Arab Emirates','Emiratos Árabes Unidos',NULL,'Asia','Asia',971,'00','/^(\\+|00)?(?<cc>971)?(?<sn>\\d{9})$/',0),(3,'AF',NULL,'Afghanistan','Afganistán',NULL,'Asia','Asia',93,'00','/^(\\+|00)?(?<cc>93)?(?<sn>\\d{9})$/',0),(4,'AG',NULL,'Antigua and Barbuda','Antigua y Barbuda',NULL,'North america','América del norte',1268,'00','/^(\\+|00)?(?<cc>1268)?(?<sn>\\d{9})$/',0),(5,'AI',NULL,'Anguilla','Anguila',NULL,'North america','América del norte',1264,'00','/^(\\+|00)?(?<cc>1264)?(?<sn>\\d{9})$/',0),(6,'AL',NULL,'Albania','Albania',NULL,'Europe','Europa',355,'00','/^(\\+|00)?(?<cc>355)?(?<sn>\\d{9})$/',0),(7,'AM',NULL,'Armenia','Armenia',NULL,'Asia','Asia',374,'00','/^(\\+|00)?(?<cc>374)?(?<sn>\\d{9})$/',0),(8,'AO',NULL,'Angola','Angola',NULL,'Africa','África',244,'00','/^(\\+|00)?(?<cc>244)?(?<sn>\\d{9})$/',0),(9,'AQ',NULL,'Antarctica','Antártida',NULL,'Antarctica','Antártida',672,'00','/^(\\+|00)?(?<cc>672)?(?<sn>\\d{9})$/',0),(10,'AR',NULL,'Argentina','Argentina',NULL,'South america','América del sur',54,'00','/^(\\+|00)?(?<cc>54)?(?<sn>\\d{9})$/',0),(11,'AS',NULL,'American Samoa','Samoa Americana',NULL,'Oceania','Oceanía',1684,'00','/^(\\+|00)?(?<cc>1684)?(?<sn>\\d{9})$/',0),(12,'AT',NULL,'Austria','Austria',NULL,'Europe','Europa',43,'00','/^(\\+|00)?(?<cc>43)?(?<sn>\\d{9})$/',0),(13,'AU',NULL,'Australia','Australia',NULL,'Oceania','Oceanía',61,'0011','/^(\\+|0011)?(?<cc>61)?(?<sn>\\d{9})$/',0),(14,'AW',NULL,'Aruba','Aruba',NULL,'North america','América del norte',297,'00','/^(\\+|00)?(?<cc>297)?(?<sn>\\d{9})$/',0),(15,'AX',NULL,'Åland Islands','Islas de Åland',NULL,'Europe','Europa',358,'00','/^(\\+|00)?(?<cc>358)?(?<sn>\\d{9})$/',0),(16,'AZ',NULL,'Azerbaijan','Azerbayán',NULL,'Asia','Asia',994,'00','/^(\\+|00)?(?<cc>994)?(?<sn>\\d{9})$/',0),(17,'BA',NULL,'Bosnia and Herzegovina','Bosnia y Herzegovina',NULL,'Europe','Europa',387,'00','/^(\\+|00)?(?<cc>387)?(?<sn>\\d{9})$/',0),(18,'BB',NULL,'Barbados','Barbados',NULL,'North america','América del norte',1246,'00','/^(\\+|00)?(?<cc>1246)?(?<sn>\\d{9})$/',0),(19,'BD',NULL,'Bangladesh','Bangladesh',NULL,'Asia','Asia',880,'00','/^(\\+|00)?(?<cc>880)?(?<sn>\\d{9})$/',0),(20,'BE',NULL,'Belgium','Bélgica',NULL,'Europe','Europa',32,'00','/^(\\+|00)?(?<cc>32)?(?<sn>\\d{9})$/',0),(21,'BF',NULL,'Burkina Faso','Burkina Faso',NULL,'Africa','África',226,'00','/^(\\+|00)?(?<cc>226)?(?<sn>\\d{9})$/',0),(22,'BG',NULL,'Bulgaria','Bulgaria',NULL,'Europe','Europa',359,'00','/^(\\+|00)?(?<cc>359)?(?<sn>\\d{9})$/',0),(23,'BH',NULL,'Bahrain','Bahrein',NULL,'Asia','Asia',973,'00','/^(\\+|00)?(?<cc>973)?(?<sn>\\d{9})$/',0),(24,'BI',NULL,'Burundi','Burundi',NULL,'Africa','África',257,'00','/^(\\+|00)?(?<cc>257)?(?<sn>\\d{9})$/',0),(25,'BJ',NULL,'Benin','Benín',NULL,'Africa','África',229,'00','/^(\\+|00)?(?<cc>229)?(?<sn>\\d{9})$/',0),(26,'BL',NULL,'Saint Barthélemy','San Bartolomé',NULL,'North america','América del norte',590,'00','/^(\\+|00)?(?<cc>590)?(?<sn>\\d{9})$/',0),(27,'BM',NULL,'Bermuda Islands','Islas Bermudas',NULL,'North america','América del norte',1441,'00','/^(\\+|00)?(?<cc>1441)?(?<sn>\\d{9})$/',0),(28,'BN',NULL,'Brunei','Brunéi',NULL,'Asia','Asia',673,'00','/^(\\+|00)?(?<cc>673)?(?<sn>\\d{9})$/',0),(29,'BO',NULL,'Bolivia','Bolivia',NULL,'South america','América del sur',591,'00','/^(\\+|00)?(?<cc>591)?(?<sn>\\d{9})$/',0),(30,'BQ',NULL,'Bonaire','Bonaire',NULL,'South america','América del sur',599,'00','/^(\\+|00)?(?<cc>599)?(?<sn>\\d{9})$/',0),(31,'BR',NULL,'Brazil','Brasil',NULL,'South america','América del sur',55,'00','/^(\\+|00)?(?<cc>55)?(?<sn>\\d{9})$/',0),(32,'BS',NULL,'Bahamas','Bahamas',NULL,'North america','América del norte',1242,'00','/^(\\+|00)?(?<cc>1242)?(?<sn>\\d{9})$/',0),(33,'BT',NULL,'Bhutan','Bhután',NULL,'Asia','Asia',975,'00','/^(\\+|00)?(?<cc>975)?(?<sn>\\d{9})$/',0),(34,'BV',NULL,'Bouvet Island','Isla Bouvet',NULL,'Antarctica','Antártida',47,'00','/^(\\+|00)?(?<cc>47)?(?<sn>\\d{9})$/',0),(35,'BW',NULL,'Botswana','Botsuana',NULL,'Africa','África',267,'00','/^(\\+|00)?(?<cc>267)?(?<sn>\\d{9})$/',0),(36,'BY',NULL,'Belarus','Bielorrusia',NULL,'Europe','Europa',375,'00','/^(\\+|00)?(?<cc>375)?(?<sn>\\d{9})$/',0),(37,'BZ',NULL,'Belize','Belice',NULL,'North america','América del norte',501,'00','/^(\\+|00)?(?<cc>501)?(?<sn>\\d{9})$/',0),(38,'CA',NULL,'Canada','Canadá',NULL,'North america','América del norte',1,'011','/^(\\+|011)?(?<cc>1)?(?<sn>\\d{9})$/',0),(39,'CC',NULL,'Cocos (Keeling) Islands','Islas Cocos (Keeling)',NULL,'Asia','Asia',61,'00','/^(\\+|00)?(?<cc>61)?(?<sn>\\d{9})$/',0),(40,'CD',NULL,'Congo','Congo',NULL,'Africa','África',243,'00','/^(\\+|00)?(?<cc>243)?(?<sn>\\d{9})$/',0),(41,'CF',NULL,'Central African Republic','República Centroafricana',NULL,'Africa','África',236,'00','/^(\\+|00)?(?<cc>236)?(?<sn>\\d{9})$/',0),(42,'CG',NULL,'Congo','Congo',NULL,'Africa','África',242,'00','/^(\\+|00)?(?<cc>242)?(?<sn>\\d{9})$/',0),(43,'CH',NULL,'Switzerland','Suiza',NULL,'Europe','Europa',41,'00','/^(\\+|00)?(?<cc>41)?(?<sn>\\d{9})$/',0),(44,'CI',NULL,'Ivory Coast','Costa de Marfil',NULL,'Africa','África',225,'00','/^(\\+|00)?(?<cc>225)?(?<sn>\\d{9})$/',0),(45,'CK',NULL,'Cook Islands','Islas Cook',NULL,'Oceania','Oceanía',682,'00','/^(\\+|00)?(?<cc>682)?(?<sn>\\d{9})$/',0),(46,'CL',NULL,'Chile','Chile',NULL,'South america','América del sur',56,'00','/^(\\+|1[0-9][0-9]0|00)?(?<cc>56)?(?<sn>\\d{9})$/',0),(47,'CM',NULL,'Cameroon','Camerún',NULL,'Africa','África',237,'00','/^(\\+|00)?(?<cc>237)?(?<sn>\\d{9})$/',0),(48,'CN',NULL,'China','China',NULL,'Asia','Asia',86,'00','/^(\\+|00)?(?<cc>86)?(?<sn>\\d{9})$/',0),(49,'CO',NULL,'Colombia','Colombia',NULL,'South america','América del sur',57,'00','/^(\\+|00)?(?<cc>57)?(?<sn>\\d{9})$/',0),(50,'CR',NULL,'Costa Rica','Costa Rica',NULL,'North america','América del norte',506,'00','/^(\\+|00)?(?<cc>506)?(?<sn>\\d{9})$/',0),(51,'CU',NULL,'Cuba','Cuba',NULL,'North america','América del norte',53,'00','/^(\\+|00)?(?<cc>53)?(?<sn>\\d{9})$/',0),(52,'CV',NULL,'Cape Verde','Cabo Verde',NULL,'Africa','África',238,'00','/^(\\+|00)?(?<cc>238)?(?<sn>\\d{9})$/',0),(53,'CW',NULL,'Curaçao','Curaçao',NULL,'South america','América del sur',599,'00','/^(\\+|00)?(?<cc>599)?(?<sn>\\d{9})$/',0),(54,'CX',NULL,'Christmas Island','Isla de Navidad',NULL,'Asia','Asia',61,'00','/^(\\+|00)?(?<cc>61)?(?<sn>\\d{9})$/',0),(55,'CY',NULL,'Cyprus','Chipre',NULL,'Asia','Asia',357,'00','/^(\\+|00)?(?<cc>357)?(?<sn>\\d{9})$/',0),(56,'CZ',NULL,'Czech Republic','República Checa',NULL,'Europe','Europa',420,'00','/^(\\+|00)?(?<cc>420)?(?<sn>\\d{9})$/',0),(57,'DE',NULL,'Germany','Alemania',NULL,'Europe','Europa',49,'00','/^(\\+|00)?(?<cc>49)?(?<sn>\\d{9})$/',0),(58,'DJ',NULL,'Djibouti','Yibuti',NULL,'Africa','África',253,'00','/^(\\+|00)?(?<cc>253)?(?<sn>\\d{9})$/',0),(59,'DK',NULL,'Denmark','Dinamarca',NULL,'Europe','Europa',45,'00','/^(\\+|00)?(?<cc>45)?(?<sn>\\d{9})$/',0),(60,'DM',NULL,'Dominica','Dominica',NULL,'North america','América del norte',1767,'00','/^(\\+|00)?(?<cc>1767)?(?<sn>\\d{9})$/',0),(61,'DO',NULL,'Dominican Republic','República Dominicana',NULL,'North america','América del norte',1809,'00','/^(\\+|00)?(?<cc>1809)?(?<sn>\\d{9})$/',0),(64,'DZ',NULL,'Algeria','Algeria',NULL,'Africa','África',213,'00','/^(\\+|00)?(?<cc>213)?(?<sn>\\d{9})$/',0),(65,'EC',NULL,'Ecuador','Ecuador',NULL,'South america','América del sur',593,'00','/^(\\+|00)?(?<cc>593)?(?<sn>\\d{9})$/',0),(66,'EE',NULL,'Estonia','Estonia',NULL,'Europe','Europa',372,'00','/^(\\+|00)?(?<cc>372)?(?<sn>\\d{9})$/',0),(67,'EG',NULL,'Egypt','Egipto',NULL,'Africa','África',20,'00','/^(\\+|00)?(?<cc>20)?(?<sn>\\d{9})$/',0),(68,'EH',NULL,'Western Sahara','Sahara Occidental',NULL,'Africa','África',212,'00','/^(\\+|00)?(?<cc>212)?(?<sn>\\d{9})$/',0),(69,'ER',NULL,'Eritrea','Eritrea',NULL,'Africa','África',291,'00','/^(\\+|00)?(?<cc>291)?(?<sn>\\d{9})$/',0),(70,'ES',NULL,'Spain','España',NULL,'Europe','Europa',34,'00','/^(\\+34|0034|34)?(?<sn>\\d{9})$/',0),(71,'ET',NULL,'Ethiopia','Etiopía',NULL,'Africa','África',251,'00','/^(\\+|00)?(?<cc>251)?(?<sn>\\d{9})$/',0),(72,'FI',NULL,'Finland','Finlandia',NULL,'Europe','Europa',358,'00','/^(\\+|00)?(?<cc>358)?(?<sn>\\d{9})$/',0),(73,'FJ',NULL,'Fiji','Fiyi',NULL,'Oceania','Oceanía',679,'00','/^(\\+|00)?(?<cc>679)?(?<sn>\\d{9})$/',0),(74,'FK',NULL,'Falkland Islands (Malvinas)','Islas Malvinas',NULL,'South america','América del sur',500,'00','/^(\\+|00)?(?<cc>500)?(?<sn>\\d{9})$/',0),(75,'FM',NULL,'Estados Federados de','Micronesia',NULL,'Oceania','Oceanía',691,'00','/^(\\+|00)?(?<cc>691)?(?<sn>\\d{9})$/',0),(76,'FO',NULL,'Faroe Islands','Islas Feroe',NULL,'Europe','Europa',298,'00','/^(\\+|00)?(?<cc>298)?(?<sn>\\d{9})$/',0),(77,'FR',NULL,'France','Francia',NULL,'Europe','Europa',33,'00','/^(\\+|00)?(?<cc>33)?0?(?<sn>\\d{9})$/',0),(78,'GA',NULL,'Gabon','Gabón',NULL,'Africa','África',241,'00','/^(\\+|00)?(?<cc>241)?(?<sn>\\d{9})$/',0),(79,'GB',NULL,'United Kingdom','Reino Unido',NULL,'Europe','Europa',44,'00','/^(\\+|00)?(?<cc>44)?(?<sn>\\d{9})$/',0),(80,'GD',NULL,'Grenada','Granada',NULL,'North america','América del norte',1473,'00','/^(\\+|00)?(?<cc>1473)?(?<sn>\\d{9})$/',0),(81,'GE',NULL,'Georgia','Georgia',NULL,'Asia','Asia',995,'00','/^(\\+|00)?(?<cc>995)?(?<sn>\\d{9})$/',0),(82,'GF',NULL,'French Guiana','Guayana Francesa',NULL,'South america','América del sur',594,'00','/^(\\+|00)?(?<cc>594)?(?<sn>\\d{9})$/',0),(83,'GG',NULL,'Guernsey','Guernsey',NULL,'Europe','Europa',44,'00','/^(\\+|00)?(?<cc>44)?(?<sn>\\d{9})$/',0),(84,'GH',NULL,'Ghana','Ghana',NULL,'Africa','África',233,'00','/^(\\+|00)?(?<cc>233)?(?<sn>\\d{9})$/',0),(85,'GI',NULL,'Gibraltar','Gibraltar',NULL,'Europe','Europa',350,'00','/^(\\+|00)?(?<cc>350)?(?<sn>\\d{9})$/',0),(86,'GL',NULL,'Greenland','Groenlandia',NULL,'North america','América del norte',299,'00','/^(\\+|00)?(?<cc>299)?(?<sn>\\d{9})$/',0),(87,'GM',NULL,'Gambia','Gambia',NULL,'Africa','África',220,'00','/^(\\+|00)?(?<cc>220)?(?<sn>\\d{9})$/',0),(88,'GN',NULL,'Guinea','Guinea',NULL,'Africa','África',224,'00','/^(\\+|00)?(?<cc>224)?(?<sn>\\d{9})$/',0),(89,'GP',NULL,'Guadeloupe','Guadalupe',NULL,'North america','América del norte',590,'00','/^(\\+|00)?(?<cc>590)?(?<sn>\\d{9})$/',0),(90,'GQ',NULL,'Equatorial Guinea','Guinea Ecuatorial',NULL,'Africa','África',240,'00','/^(\\+|00)?(?<cc>240)?(?<sn>\\d{9})$/',0),(91,'GR',NULL,'Greece','Grecia',NULL,'Europe','Europa',30,'00','/^(\\+|00)?(?<cc>30)?(?<sn>\\d{9})$/',0),(92,'GS',NULL,'South Georgia and the South Sandwich Islands','Islas Georgias del Sur y Sandwich del Sur',NULL,'Antarctica','Antártida',500,'00','/^(\\+|00)?(?<cc>500)?(?<sn>\\d{9})$/',0),(93,'GT',NULL,'Guatemala','Guatemala',NULL,'North america','América del norte',502,'00','/^(\\+|00)?(?<cc>502)?(?<sn>\\d{9})$/',0),(94,'GU',NULL,'Guam','Guam',NULL,'Oceania','Oceanía',1671,'00','/^(\\+|00)?(?<cc>1671)?(?<sn>\\d{9})$/',0),(95,'GW',NULL,'Guinea-Bissau','Guinea-Bissau',NULL,'Africa','África',245,'00','/^(\\+|00)?(?<cc>245)?(?<sn>\\d{9})$/',0),(96,'GY',NULL,'Guyana','Guyana',NULL,'South america','América del sur',592,'00','/^(\\+|00)?(?<cc>592)?(?<sn>\\d{9})$/',0),(97,'HK',NULL,'Hong Kong','Hong kong',NULL,'Asia','Asia',852,'00','/^(\\+|00)?(?<cc>852)?(?<sn>\\d{9})$/',0),(98,'HM',NULL,'Heard Island and McDonald Islands','Islas Heard y McDonald',NULL,'Antarctica','Antártida',672,'00','/^(\\+|00)?(?<cc>672)?(?<sn>\\d{9})$/',0),(99,'HN',NULL,'Honduras','Honduras',NULL,'North america','América del norte',504,'00','/^(\\+|00)?(?<cc>504)?(?<sn>\\d{9})$/',0),(100,'HR',NULL,'Croatia','Croacia',NULL,'Europe','Europa',385,'00','/^(\\+|00)?(?<cc>385)?(?<sn>\\d{9})$/',0),(101,'HT',NULL,'Haiti','Haití',NULL,'North america','América del norte',509,'00','/^(\\+|00)?(?<cc>509)?(?<sn>\\d{9})$/',0),(102,'HU',NULL,'Hungary','Hungría',NULL,'Europe','Europa',36,'00','/^(\\+|00)?(?<cc>36)?(?<sn>\\d{9})$/',0),(103,'ID',NULL,'Indonesia','Indonesia',NULL,'Asia','Asia',62,'00','/^(\\+|00)?(?<cc>62)?(?<sn>\\d{9})$/',0),(104,'IE',NULL,'Ireland','Irlanda',NULL,'Europe','Europa',353,'00','/^(\\+|00)?(?<cc>353)?(?<sn>\\d{9})$/',0),(105,'IL',NULL,'Israel','Israel',NULL,'Asia','Asia',972,'00','/^(\\+|00)?(?<cc>972)?(?<sn>\\d{9})$/',0),(106,'IM',NULL,'Isle of Man','Isla de Man',NULL,'Europe','Europa',44,'00','/^(\\+|00)?(?<cc>44)?(?<sn>\\d{9})$/',0),(107,'IN',NULL,'India','India',NULL,'Asia','Asia',91,'00','/^(\\+|00)?(?<cc>91)?(?<sn>\\d{9})$/',0),(108,'IO',NULL,'British Indian Ocean Territory','Territorio Británico del Océano Índico',NULL,'Asia','Asia',246,'00','/^(\\+|00)?(?<cc>246)?(?<sn>\\d{9})$/',0),(109,'IQ',NULL,'Iraq','Irak',NULL,'Asia','Asia',964,'00','/^(\\+|00)?(?<cc>964)?(?<sn>\\d{9})$/',0),(110,'IR',NULL,'Iran','Irán',NULL,'Asia','Asia',98,'00','/^(\\+|00)?(?<cc>98)?(?<sn>\\d{9})$/',0),(111,'IS',NULL,'Iceland','Islandia',NULL,'Europe','Europa',354,'00','/^(\\+|00)?(?<cc>354)?(?<sn>\\d{9})$/',0),(112,'IT',NULL,'Italy','Italia',NULL,'Europe','Europa',39,'00','/^(\\+|00)?(?<cc>39)?(?<sn>\\d{9})$/',0),(113,'JE',NULL,'Jersey','Jersey',NULL,'Europe','Europa',44,'00','/^(\\+|00)?(?<cc>44)?(?<sn>\\d{9})$/',0),(114,'JM',NULL,'Jamaica','Jamaica',NULL,'North america','América del norte',1876,'00','/^(\\+|00)?(?<cc>1876)?(?<sn>\\d{9})$/',0),(115,'JO',NULL,'Jordan','Jordania',NULL,'Asia','Asia',962,'00','/^(\\+|00)?(?<cc>962)?(?<sn>\\d{9})$/',0),(116,'JP',NULL,'Japan','Japón',NULL,'Asia','Asia',81,'010','/^(\\+|010)?(?<cc>81)?(?<sn>\\d{9})$/',0),(117,'KE',NULL,'Kenya','Kenia',NULL,'Africa','África',254,'00','/^(\\+|00)?(?<cc>254)?(?<sn>\\d{9})$/',0),(118,'KG',NULL,'Kyrgyzstan','Kirgizstán',NULL,'Asia','Asia',996,'00','/^(\\+|00)?(?<cc>996)?(?<sn>\\d{9})$/',0),(119,'KH',NULL,'Cambodia','Camboya',NULL,'Asia','Asia',855,'00','/^(\\+|00)?(?<cc>855)?(?<sn>\\d{9})$/',0),(120,'KI',NULL,'Kiribati','Kiribati',NULL,'Oceania','Oceanía',686,'00','/^(\\+|00)?(?<cc>686)?(?<sn>\\d{9})$/',0),(121,'KM',NULL,'Comoros','Comoras',NULL,'Africa','África',269,'00','/^(\\+|00)?(?<cc>269)?(?<sn>\\d{9})$/',0),(122,'KN',NULL,'Saint Kitts and Nevis','San Cristóbal y Nieves',NULL,'North america','América del norte',1869,'00','/^(\\+|00)?(?<cc>1869)?(?<sn>\\d{9})$/',0),(123,'KP',NULL,'North Korea','Corea del Norte',NULL,'Asia','Asia',850,'00','/^(\\+|00)?(?<cc>850)?(?<sn>\\d{9})$/',0),(124,'KR',NULL,'South Korea','Corea del Sur',NULL,'Asia','Asia',82,'00','/^(\\+|00)?(?<cc>82)?(?<sn>\\d{9})$/',0),(125,'KW',NULL,'Kuwait','Kuwait',NULL,'Asia','Asia',965,'00','/^(\\+|00)?(?<cc>965)?(?<sn>\\d{9})$/',0),(126,'KY',NULL,'Cayman Islands','Islas Caimán',NULL,'North america','América del norte',1345,'00','/^(\\+|00)?(?<cc>1345)?(?<sn>\\d{9})$/',0),(127,'KZ',NULL,'Kazakhstan','Kazajistán',NULL,'Asia','Asia',7,'00','/^(\\+|00)?(?<cc>7)?(?<sn>\\d{9})$/',0),(128,'LA',NULL,'Laos','Laos',NULL,'Asia','Asia',856,'00','/^(\\+|00)?(?<cc>856)?(?<sn>\\d{9})$/',0),(129,'LB',NULL,'Lebanon','Líbano',NULL,'Asia','Asia',961,'00','/^(\\+|00)?(?<cc>961)?(?<sn>\\d{9})$/',0),(130,'LC',NULL,'Saint Lucia','Santa Lucía',NULL,'North america','América del norte',1758,'00','/^(\\+|00)?(?<cc>1758)?(?<sn>\\d{9})$/',0),(131,'LI',NULL,'Liechtenstein','Liechtenstein',NULL,'Europe','Europa',423,'00','/^(\\+|00)?(?<cc>423)?(?<sn>\\d{9})$/',0),(132,'LK',NULL,'Sri Lanka','Sri lanka',NULL,'Asia','Asia',94,'00','/^(\\+|00)?(?<cc>94)?(?<sn>\\d{9})$/',0),(133,'LR',NULL,'Liberia','Liberia',NULL,'Africa','África',231,'00','/^(\\+|00)?(?<cc>231)?(?<sn>\\d{9})$/',0),(134,'LS',NULL,'Lesotho','Lesoto',NULL,'Africa','África',266,'00','/^(\\+|00)?(?<cc>266)?(?<sn>\\d{9})$/',0),(135,'LT',NULL,'Lithuania','Lituania',NULL,'Europe','Europa',370,'00','/^(\\+|00)?(?<cc>370)?(?<sn>\\d{9})$/',0),(136,'LU',NULL,'Luxembourg','Luxemburgo',NULL,'Europe','Europa',352,'00','/^(\\+|00)?(?<cc>352)?(?<sn>\\d{9})$/',0),(137,'LV',NULL,'Latvia','Letonia',NULL,'Europe','Europa',371,'00','/^(\\+|00)?(?<cc>371)?(?<sn>\\d{9})$/',0),(138,'LY',NULL,'Libya','Libia',NULL,'Africa','África',218,'00','/^(\\+|00)?(?<cc>218)?(?<sn>\\d{9})$/',0),(139,'MA',NULL,'Morocco','Marruecos',NULL,'Africa','África',212,'00','/^(\\+|00)?(?<cc>212)?(?<sn>\\d{9})$/',0),(140,'MC',NULL,'Monaco','Mónaco',NULL,'Europe','Europa',377,'00','/^(\\+|00)?(?<cc>377)?(?<sn>\\d{9})$/',0),(141,'MD',NULL,'Moldova','Moldavia',NULL,'Europe','Europa',373,'00','/^(\\+|00)?(?<cc>373)?(?<sn>\\d{9})$/',0),(142,'ME',NULL,'Montenegro','Montenegro',NULL,'Europe','Europa',382,'00','/^(\\+|00)?(?<cc>382)?(?<sn>\\d{9})$/',0),(143,'MF',NULL,'Saint Martin (French part)','San Martín (Francia)',NULL,'North america','América del norte',1599,'00','/^(\\+|00)?(?<cc>1599)?(?<sn>\\d{9})$/',0),(144,'MG',NULL,'Madagascar','Madagascar',NULL,'Africa','África',261,'00','/^(\\+|00)?(?<cc>261)?(?<sn>\\d{9})$/',0),(145,'MH',NULL,'Marshall Islands','Islas Marshall',NULL,'Oceania','Oceanía',692,'00','/^(\\+|00)?(?<cc>692)?(?<sn>\\d{9})$/',0),(146,'MK',NULL,'Macedonia','Macedônia',NULL,'Europe','Europa',389,'00','/^(\\+|00)?(?<cc>389)?(?<sn>\\d{9})$/',0),(147,'ML',NULL,'Mali','Mali',NULL,'Africa','África',223,'00','/^(\\+|00)?(?<cc>223)?(?<sn>\\d{9})$/',0),(148,'MM',NULL,'Myanmar','Birmania',NULL,'Asia','Asia',95,'00','/^(\\+|00)?(?<cc>95)?(?<sn>\\d{9})$/',0),(149,'MN',NULL,'Mongolia','Mongolia',NULL,'Asia','Asia',976,'00','/^(\\+|00)?(?<cc>976)?(?<sn>\\d{9})$/',0),(150,'MO',NULL,'Macao','Macao',NULL,'Asia','Asia',853,'00','/^(\\+|00)?(?<cc>853)?(?<sn>\\d{9})$/',0),(151,'MP',NULL,'Northern Mariana Islands','Islas Marianas del Norte',NULL,'Oceania','Oceanía',1670,'00','/^(\\+|00)?(?<cc>1670)?(?<sn>\\d{9})$/',0),(152,'MQ',NULL,'Martinique','Martinica',NULL,'North america','América del norte',596,'00','/^(\\+|00)?(?<cc>596)?(?<sn>\\d{9})$/',0),(153,'MR',NULL,'Mauritania','Mauritania',NULL,'Africa','África',222,'00','/^(\\+|00)?(?<cc>222)?(?<sn>\\d{9})$/',0),(154,'MS',NULL,'Montserrat','Montserrat',NULL,'North america','América del norte',1664,'00','/^(\\+|00)?(?<cc>1664)?(?<sn>\\d{9})$/',0),(155,'MT',NULL,'Malta','Malta',NULL,'Europe','Europa',356,'00','/^(\\+|00)?(?<cc>356)?(?<sn>\\d{9})$/',0),(156,'MU',NULL,'Mauritius','Mauricio',NULL,'Africa','África',230,'00','/^(\\+|00)?(?<cc>230)?(?<sn>\\d{9})$/',0),(157,'MV',NULL,'Maldives','Islas Maldivas',NULL,'Asia','Asia',960,'00','/^(\\+|00)?(?<cc>960)?(?<sn>\\d{9})$/',0),(158,'MW',NULL,'Malawi','Malawi',NULL,'Africa','África',265,'00','/^(\\+|00)?(?<cc>265)?(?<sn>\\d{9})$/',0),(159,'MX',NULL,'Mexico','México',NULL,'North america','América del norte',52,'00','/^(\\+|00)?(?<cc>52)?(?<sn>\\d{9})$/',0),(160,'MY',NULL,'Malaysia','Malasia',NULL,'Asia','Asia',60,'00','/^(\\+|00)?(?<cc>60)?(?<sn>\\d{9})$/',0),(161,'MZ',NULL,'Mozambique','Mozambique',NULL,'Africa','África',258,'00','/^(\\+|00)?(?<cc>258)?(?<sn>\\d{9})$/',0),(162,'NA',NULL,'Namibia','Namibia',NULL,'Africa','África',264,'00','/^(\\+|00)?(?<cc>264)?(?<sn>\\d{9})$/',0),(163,'NC',NULL,'New Caledonia','Nueva Caledonia',NULL,'Oceania','Oceanía',687,'00','/^(\\+|00)?(?<cc>687)?(?<sn>\\d{9})$/',0),(164,'NE',NULL,'Niger','Niger',NULL,'Africa','África',227,'00','/^(\\+|00)?(?<cc>227)?(?<sn>\\d{9})$/',0),(165,'NF',NULL,'Norfolk Island','Isla Norfolk',NULL,'Oceania','Oceanía',672,'00','/^(\\+|00)?(?<cc>672)?(?<sn>\\d{9})$/',0),(166,'NG',NULL,'Nigeria','Nigeria',NULL,'Africa','África',234,'00','/^(\\+|00)?(?<cc>234)?(?<sn>\\d{9})$/',0),(167,'NI',NULL,'Nicaragua','Nicaragua',NULL,'North america','América del norte',505,'00','/^(\\+|00)?(?<cc>505)?(?<sn>\\d{9})$/',0),(168,'NL',NULL,'Netherlands','Países Bajos',NULL,'Europe','Europa',31,'00','/^(\\+|00)?(?<cc>31)?(?<sn>\\d{9})$/',0),(169,'NO',NULL,'Norway','Noruega',NULL,'Europe','Europa',47,'00','/^(\\+|00)?(?<cc>47)?(?<sn>\\d{9})$/',0),(170,'NP',NULL,'Nepal','Nepal',NULL,'Asia','Asia',977,'00','/^(\\+|00)?(?<cc>977)?(?<sn>\\d{9})$/',0),(171,'NR',NULL,'Nauru','Nauru',NULL,'Oceania','Oceanía',674,'00','/^(\\+|00)?(?<cc>674)?(?<sn>\\d{9})$/',0),(172,'NU',NULL,'Niue','Niue',NULL,'Oceania','Oceanía',683,'00','/^(\\+|00)?(?<cc>683)?(?<sn>\\d{9})$/',0),(173,'NZ',NULL,'New Zealand','Nueva Zelanda',NULL,'Oceania','Oceanía',64,'00','/^(\\+|00)?(?<cc>64)?(?<sn>\\d{9})$/',0),(174,'OM',NULL,'Oman','Omán',NULL,'Asia','Asia',968,'00','/^(\\+|00)?(?<cc>968)?(?<sn>\\d{9})$/',0),(175,'PA',NULL,'Panama','Panamá',NULL,'North america','América del norte',507,'00','/^(\\+|00)?(?<cc>507)?(?<sn>\\d{9})$/',0),(176,'PE',NULL,'Peru','Perú',NULL,'South america','América del sur',51,'00','/^(\\+|00)?(?<cc>51)?(?<sn>\\d{9})$/',0),(177,'PF',NULL,'French Polynesia','Polinesia Francesa',NULL,'Oceania','Oceanía',689,'00','/^(\\+|00)?(?<cc>689)?(?<sn>\\d{9})$/',0),(178,'PG',NULL,'Papua New Guinea','Papúa Nueva Guinea',NULL,'Oceania','Oceanía',675,'00','/^(\\+|00)?(?<cc>675)?(?<sn>\\d{9})$/',0),(179,'PH',NULL,'Philippines','Filipinas',NULL,'Asia','Asia',63,'00','/^(\\+|00)?(?<cc>63)?(?<sn>\\d{9})$/',0),(180,'PK',NULL,'Pakistan','Pakistán',NULL,'Asia','Asia',92,'00','/^(\\+|00)?(?<cc>92)?(?<sn>\\d{9})$/',0),(181,'PL',NULL,'Poland','Polonia',NULL,'Europe','Europa',48,'00','/^(\\+|00)?(?<cc>48)?(?<sn>\\d{9})$/',0),(182,'PM',NULL,'Saint Pierre and Miquelon','San Pedro y Miquelón',NULL,'North america','América del norte',508,'00','/^(\\+|00)?(?<cc>508)?(?<sn>\\d{9})$/',0),(183,'PN',NULL,'Pitcairn Islands','Islas Pitcairn',NULL,'Oceania','Oceanía',870,'00','/^(\\+|00)?(?<cc>870)?(?<sn>\\d{9})$/',0),(184,'PR',NULL,'Puerto Rico','Puerto Rico',NULL,'North america','América del norte',1,'00','/^(\\+|00)?(?<cc>1)?(?<sn>\\d{9})$/',0),(185,'PS',NULL,'Palestine','Palestina',NULL,'Asia','Asia',970,'00','/^(\\+|00)?(?<cc>970)?(?<sn>\\d{9})$/',0),(186,'PT',NULL,'Portugal','Portugal',NULL,'Europe','Europa',351,'00','/^(\\+|00)?(?<cc>351)?(?<sn>\\d{9})$/',0),(187,'PW',NULL,'Palau','Palau',NULL,'Oceania','Oceanía',680,'00','/^(\\+|00)?(?<cc>680)?(?<sn>\\d{9})$/',0),(188,'PY',NULL,'Paraguay','Paraguay',NULL,'South america','América del sur',595,'00','/^(\\+|00)?(?<cc>595)?(?<sn>\\d{9})$/',0),(189,'QA',NULL,'Qatar','Qatar',NULL,'Asia','Asia',974,'00','/^(\\+|00)?(?<cc>974)?(?<sn>\\d{9})$/',0),(190,'RE',NULL,'Réunion','Reunión',NULL,'Africa','África',262,'00','/^(\\+|00)?(?<cc>262)?(?<sn>\\d{9})$/',0),(191,'RO',NULL,'Romania','Rumanía',NULL,'Europe','Europa',40,'00','/^(\\+|00)?(?<cc>40)?(?<sn>\\d{9})$/',0),(192,'RS',NULL,'Serbia','Serbia',NULL,'Europe','Europa',381,'00','/^(\\+|00)?(?<cc>381)?(?<sn>\\d{9})$/',0),(193,'RU',NULL,'Russia','Rusia',NULL,'Europe','Europa',7,'00','/^(\\+|00)?(?<cc>7)?(?<sn>\\d{9})$/',0),(194,'RW',NULL,'Rwanda','Ruanda',NULL,'Africa','África',250,'00','/^(\\+|00)?(?<cc>250)?(?<sn>\\d{9})$/',0),(195,'SA',NULL,'Saudi Arabia','Arabia Saudita',NULL,'Asia','Asia',966,'00','/^(\\+|00)?(?<cc>966)?(?<sn>\\d{9})$/',0),(196,'SB',NULL,'Solomon Islands','Islas Salomón',NULL,'Oceania','Oceanía',677,'00','/^(\\+|00)?(?<cc>677)?(?<sn>\\d{9})$/',0),(197,'SC',NULL,'Seychelles','Seychelles',NULL,'Africa','África',248,'00','/^(\\+|00)?(?<cc>248)?(?<sn>\\d{9})$/',0),(198,'SD',NULL,'Sudan','Sudán',NULL,'Africa','África',249,'00','/^(\\+|00)?(?<cc>249)?(?<sn>\\d{9})$/',0),(199,'SE',NULL,'Sweden','Suecia',NULL,'Europe','Europa',46,'00','/^(\\+|00)?(?<cc>46)?(?<sn>\\d{9})$/',0),(200,'SG',NULL,'Singapore','Singapur',NULL,'Asia','Asia',65,'00','/^(\\+|00)?(?<cc>65)?(?<sn>\\d{9})$/',0),(201,'SH',NULL,'Ascensión y Tristán de Acuña','Santa Elena',NULL,'Africa','África',290,'00','/^(\\+|00)?(?<cc>290)?(?<sn>\\d{9})$/',0),(202,'SI',NULL,'Slovenia','Eslovenia',NULL,'Europe','Europa',386,'00','/^(\\+|00)?(?<cc>386)?(?<sn>\\d{9})$/',0),(203,'SJ',NULL,'Svalbard and Jan Mayen','Svalbard y Jan Mayen',NULL,'Europe','Europa',47,'00','/^(\\+|00)?(?<cc>47)?(?<sn>\\d{9})$/',0),(204,'SK',NULL,'Slovakia','Eslovaquia',NULL,'Europe','Europa',421,'00','/^(\\+|00)?(?<cc>421)?(?<sn>\\d{9})$/',0),(205,'SL',NULL,'Sierra Leone','Sierra Leona',NULL,'Africa','África',232,'00','/^(\\+|00)?(?<cc>232)?(?<sn>\\d{9})$/',0),(206,'SM',NULL,'San Marino','San Marino',NULL,'Europe','Europa',378,'00','/^(\\+|00)?(?<cc>378)?(?<sn>\\d{9})$/',0),(207,'SN',NULL,'Senegal','Senegal',NULL,'Africa','África',221,'00','/^(\\+|00)?(?<cc>221)?(?<sn>\\d{9})$/',0),(208,'SO',NULL,'Somalia','Somalia',NULL,'Africa','África',252,'00','/^(\\+|00)?(?<cc>252)?(?<sn>\\d{9})$/',0),(209,'SR',NULL,'Suriname','Surinám',NULL,'South america','América del sur',597,'00','/^(\\+|00)?(?<cc>597)?(?<sn>\\d{9})$/',0),(210,'SS',NULL,'South Sudan','Sudán del Sur',NULL,'Africa','África',211,'00','/^(\\+|00)?(?<cc>211)?(?<sn>\\d{9})$/',0),(211,'ST',NULL,'Sao Tome and Principe','Santo Tomé y Príncipe',NULL,'Africa','África',239,'00','/^(\\+|00)?(?<cc>239)?(?<sn>\\d{9})$/',0),(212,'SV',NULL,'El Salvador','El Salvador',NULL,'North america','América del norte',503,'00','/^(\\+|00)?(?<cc>503)?(?<sn>\\d{9})$/',0),(213,'SX',NULL,'Sint Maarten (Dutch part)','Sint Maarten (parte neerlandesa)',NULL,'North america','América del norte',1721,'00','/^(\\+|00)?(?<cc>1721)?(?<sn>\\d{9})$/',0),(214,'SY',NULL,'Syria','Siria',NULL,'Asia','Asia',963,'00','/^(\\+|00)?(?<cc>963)?(?<sn>\\d{9})$/',0),(215,'SZ',NULL,'Swaziland','Swazilandia',NULL,'Africa','África',268,'00','/^(\\+|00)?(?<cc>268)?(?<sn>\\d{9})$/',0),(216,'TC',NULL,'Turks and Caicos Islands','Islas Turcas y Caicos',NULL,'North america','América del norte',1649,'00','/^(\\+|00)?(?<cc>1649)?(?<sn>\\d{9})$/',0),(217,'TD',NULL,'Chad','Chad',NULL,'Africa','África',235,'00','/^(\\+|00)?(?<cc>235)?(?<sn>\\d{9})$/',0),(218,'TF',NULL,'French Southern Territories','Territorios Australes y Antárticas Franceses',NULL,'Antarctica','Antártida',262,'00','/^(\\+|00)?(?<cc>262)?(?<sn>\\d{9})$/',0),(219,'TG',NULL,'Togo','Togo',NULL,'Africa','África',228,'00','/^(\\+|00)?(?<cc>228)?(?<sn>\\d{9})$/',0),(220,'TH',NULL,'Thailand','Tailandia',NULL,'Asia','Asia',66,'00','/^(\\+|00)?(?<cc>66)?(?<sn>\\d{9})$/',0),(221,'TJ',NULL,'Tajikistan','Tadjikistán',NULL,'Asia','Asia',992,'00','/^(\\+|00)?(?<cc>992)?(?<sn>\\d{9})$/',0),(222,'TK',NULL,'Tokelau','Tokelau',NULL,'Oceania','Oceanía',690,'00','/^(\\+|00)?(?<cc>690)?(?<sn>\\d{9})$/',0),(223,'TL',NULL,'East Timor','Timor Oriental',NULL,'Asia','Asia',670,'00','/^(\\+|00)?(?<cc>670)?(?<sn>\\d{9})$/',0),(224,'TM',NULL,'Turkmenistan','Turkmenistán',NULL,'Asia','Asia',993,'00','/^(\\+|00)?(?<cc>993)?(?<sn>\\d{9})$/',0),(225,'TN',NULL,'Tunisia','Tunez',NULL,'Africa','África',216,'00','/^(\\+|00)?(?<cc>216)?(?<sn>\\d{9})$/',0),(226,'TO',NULL,'Tonga','Tonga',NULL,'Oceania','Oceanía',676,'00','/^(\\+|00)?(?<cc>676)?(?<sn>\\d{9})$/',0),(227,'TR',NULL,'Turkey','Turquía',NULL,'Europe','Europa',90,'00','/^(\\+|00)?(?<cc>90)?(?<sn>\\d{9})$/',0),(228,'TT',NULL,'Trinidad and Tobago','Trinidad y Tobago',NULL,'North america','América del norte',1868,'00','/^(\\+|00)?(?<cc>1868)?(?<sn>\\d{9})$/',0),(229,'TV',NULL,'Tuvalu','Tuvalu',NULL,'Oceania','Oceanía',688,'00','/^(\\+|00)?(?<cc>688)?(?<sn>\\d{9})$/',0),(230,'TW',NULL,'Taiwan','Taiwán',NULL,'Asia','Asia',886,'00','/^(\\+|00)?(?<cc>886)?(?<sn>\\d{9})$/',0),(231,'TZ',NULL,'Tanzania','Tanzania',NULL,'Africa','África',255,'00','/^(\\+|00)?(?<cc>255)?(?<sn>\\d{9})$/',0),(232,'UA',NULL,'Ukraine','Ucrania',NULL,'Europe','Europa',380,'00','/^(\\+|00)?(?<cc>380)?(?<sn>\\d{9})$/',0),(233,'UG',NULL,'Uganda','Uganda',NULL,'Africa','África',256,'00','/^(\\+|00)?(?<cc>256)?(?<sn>\\d{9})$/',0),(234,'UM',NULL,'United States Minor Outlying Islands','Islas Ultramarinas Menores de Estados Unidos',NULL,'Oceania','Oceanía',1,'00','/^(\\+|00)?(?<cc>1)?(?<sn>\\d{9})$/',0),(235,'US',NULL,'United States of America','Estados Unidos de América',NULL,'North america','América del norte',1,'011','/^(\\+|011)?(?<cc>1)?(?<ac>\\d{3})?(?<sn>\\d{7})$/',1),(236,'UY',NULL,'Uruguay','Uruguay',NULL,'South america','América del sur',598,'00','/^(\\+|00)?(?<cc>598)?(?<sn>\\d{9})$/',0),(237,'UZ',NULL,'Uzbekistan','Uzbekistán',NULL,'Asia','Asia',998,'00','/^(\\+|00)?(?<cc>998)?(?<sn>\\d{9})$/',0),(238,'VA',NULL,'Vatican City State','Ciudad del Vaticano',NULL,'Europe','Europa',39,'00','/^(\\+|00)?(?<cc>39)?(?<sn>\\d{9})$/',0),(239,'VC',NULL,'Saint Vincent and the Grenadines','San Vicente y las Granadinas',NULL,'North america','América del norte',1784,'00','/^(\\+|00)?(?<cc>1784)?(?<sn>\\d{9})$/',0),(240,'VE',NULL,'Venezuela','Venezuela',NULL,'South america','América del sur',58,'00','/^(\\+|00)?(?<cc>58)?(?<sn>\\d{9})$/',0),(241,'VG',NULL,'Virgin Islands','Islas Vírgenes Británicas',NULL,'North america','América del norte',1284,'00','/^(\\+|00)?(?<cc>1284)?(?<sn>\\d{9})$/',0),(242,'VI',NULL,'United States Virgin Islands','Islas Vírgenes de los Estados Unidos',NULL,'North america','América del norte',1340,'00','/^(\\+|00)?(?<cc>1340)?(?<sn>\\d{9})$/',0),(243,'VN',NULL,'Vietnam','Vietnam',NULL,'Asia','Asia',84,'00','/^(\\+|00)?(?<cc>84)?(?<sn>\\d{9})$/',0),(244,'VU',NULL,'Vanuatu','Vanuatu',NULL,'Oceania','Oceanía',678,'00','/^(\\+|00)?(?<cc>678)?(?<sn>\\d{9})$/',0),(245,'WF',NULL,'Wallis and Futuna','Wallis y Futuna',NULL,'Oceania','Oceanía',681,'00','/^(\\+|00)?(?<cc>681)?(?<sn>\\d{9})$/',0),(246,'WS',NULL,'Samoa','Samoa',NULL,'Oceania','Oceanía',685,'00','/^(\\+|00)?(?<cc>685)?(?<sn>\\d{9})$/',0),(247,'YE',NULL,'Yemen','Yemen',NULL,'Asia','Asia',967,'00','/^(\\+|00)?(?<cc>967)?(?<sn>\\d{9})$/',0),(248,'YT',NULL,'Mayotte','Mayotte',NULL,'Africa','África',262,'00','/^(\\+|00)?(?<cc>262)?(?<sn>\\d{9})$/',0),(249,'ZA',NULL,'South Africa','Sudáfrica',NULL,'Africa','África',27,'00','/^(\\+|00)?(?<cc>27)?(?<sn>\\d{9})$/',0),(250,'ZM',NULL,'Zambia','Zambia',NULL,'Africa','África',260,'00','/^(\\+|00)?(?<cc>260)?(?<sn>\\d{9})$/',0),(251,'ZW',NULL,'Zimbabwe','Zimbabue',NULL,'Africa','África',263,'00','/^(\\+|00)?(?<cc>263)?(?<sn>\\d{9})$/',0);
/*!40000 ALTER TABLE `Countries` ENABLE KEYS */;
UNLOCK TABLES;

--
-- Table structure for table `DDIs`
--

DROP TABLE IF EXISTS `DDIs`;
/*!40101 SET @saved_cs_client     = @@character_set_client */;
/*!40101 SET character_set_client = utf8 */;
CREATE TABLE `DDIs` (
  `id` int(10) unsigned NOT NULL AUTO_INCREMENT,
  `brandId` int(10) unsigned NOT NULL,
  `companyId` int(10) unsigned NOT NULL,
  `DDI` varchar(25) NOT NULL,
  `DDIE164` varchar(25) DEFAULT NULL,
  `externalCallFilterId` int(10) unsigned DEFAULT NULL,
  `recordCalls` varchar(25) NOT NULL DEFAULT 'none' COMMENT '[enum:none|all|inbound|outbound]',
  `displayName` varchar(50) DEFAULT NULL,
  `routeType` varchar(25) DEFAULT NULL COMMENT '[enum:user|IVRCommon|IVRCustom|huntGroup|fax|conferenceRoom|friend|queue|retailAccount|conditional]',
  `userId` int(10) unsigned DEFAULT NULL,
  `IVRCommonId` int(10) unsigned DEFAULT NULL,
  `IVRCustomId` int(10) unsigned DEFAULT NULL,
  `huntGroupId` int(10) unsigned DEFAULT NULL,
  `faxId` int(10) unsigned DEFAULT NULL,
  `conferenceRoomId` int(10) unsigned DEFAULT NULL,
  `retailAccountId` int(10) unsigned DEFAULT NULL,
  `peeringContractId` int(10) unsigned DEFAULT NULL,
  `countryId` int(10) unsigned DEFAULT NULL,
  `billInboundCalls` tinyint(1) unsigned NOT NULL DEFAULT '0',
  `friendValue` varchar(25) DEFAULT NULL,
  `languageId` int(10) unsigned DEFAULT NULL,
  `queueId` int(10) unsigned DEFAULT NULL,
  `conditionalRouteId` int(10) unsigned DEFAULT NULL,
  PRIMARY KEY (`id`),
  UNIQUE KEY `DDIcountry` (`DDI`,`countryId`),
  KEY `companyId` (`companyId`),
  KEY `externalCallFilterId` (`externalCallFilterId`),
  KEY `userId` (`userId`),
  KEY `IVRCommonId` (`IVRCommonId`),
  KEY `IVRCustomId` (`IVRCustomId`),
  KEY `huntGroupId` (`huntGroupId`),
  KEY `faxId` (`faxId`),
  KEY `Faxes_ibfk_8` (`peeringContractId`),
  KEY `Faxes_ibfk_9` (`countryId`),
  KEY `DDIs_ibfk_10` (`brandId`),
  KEY `conferenceRoomId` (`conferenceRoomId`),
  KEY `languageId` (`languageId`),
  KEY `queueId` (`queueId`),
  KEY `retailAccountId` (`retailAccountId`),
  KEY `conditionalRouteId` (`conditionalRouteId`),
  CONSTRAINT `DDIs_ibfk_15` FOREIGN KEY (`conditionalRouteId`) REFERENCES `ConditionalRoutes` (`id`) ON DELETE SET NULL,
  CONSTRAINT `DDIs_ibfk_1` FOREIGN KEY (`companyId`) REFERENCES `Companies` (`id`) ON DELETE CASCADE,
  CONSTRAINT `DDIs_ibfk_10` FOREIGN KEY (`brandId`) REFERENCES `Brands` (`id`) ON DELETE CASCADE,
  CONSTRAINT `DDIs_ibfk_11` FOREIGN KEY (`conferenceRoomId`) REFERENCES `ConferenceRooms` (`id`) ON DELETE SET NULL ON UPDATE CASCADE,
  CONSTRAINT `DDIs_ibfk_12` FOREIGN KEY (`languageId`) REFERENCES `Languages` (`id`) ON DELETE SET NULL,
  CONSTRAINT `DDIs_ibfk_13` FOREIGN KEY (`queueId`) REFERENCES `Queues` (`id`) ON DELETE SET NULL,
  CONSTRAINT `DDIs_ibfk_14` FOREIGN KEY (`retailAccountId`) REFERENCES `RetailAccounts` (`id`) ON DELETE SET NULL,
  CONSTRAINT `DDIs_ibfk_2` FOREIGN KEY (`externalCallFilterId`) REFERENCES `ExternalCallFilters` (`id`) ON DELETE SET NULL,
  CONSTRAINT `DDIs_ibfk_3` FOREIGN KEY (`userId`) REFERENCES `Users` (`id`) ON DELETE SET NULL,
  CONSTRAINT `DDIs_ibfk_4` FOREIGN KEY (`IVRCommonId`) REFERENCES `IVRCommon` (`id`) ON DELETE SET NULL,
  CONSTRAINT `DDIs_ibfk_5` FOREIGN KEY (`IVRCustomId`) REFERENCES `IVRCustom` (`id`) ON DELETE SET NULL,
  CONSTRAINT `DDIs_ibfk_6` FOREIGN KEY (`huntGroupId`) REFERENCES `HuntGroups` (`id`) ON DELETE SET NULL,
  CONSTRAINT `DDIs_ibfk_7` FOREIGN KEY (`faxId`) REFERENCES `Faxes` (`id`) ON DELETE SET NULL,
  CONSTRAINT `DDIs_ibfk_8` FOREIGN KEY (`peeringContractId`) REFERENCES `PeeringContracts` (`id`) ON DELETE SET NULL,
  CONSTRAINT `DDIs_ibfk_9` FOREIGN KEY (`countryId`) REFERENCES `Countries` (`id`) ON DELETE SET NULL
) ENGINE=InnoDB AUTO_INCREMENT=343 DEFAULT CHARSET=utf8 COMMENT='[entity][rest]';
/*!40101 SET character_set_client = @saved_cs_client */;

--
-- Dumping data for table `DDIs`
--

LOCK TABLES `DDIs` WRITE;
/*!40000 ALTER TABLE `DDIs` DISABLE KEYS */;
INSERT INTO `DDIs` VALUES (9,1,5,'982246762','34982246762',NULL,'none',NULL,'huntGroup',NULL,NULL,NULL,4,NULL,NULL,NULL,1,70,0,NULL,NULL,NULL,NULL),(10,1,6,'902042800','34902042800',13,'none','902 Cabecera','huntGroup',NULL,NULL,NULL,5,NULL,NULL,NULL,1,70,0,NULL,NULL,NULL,NULL),(11,1,6,'912900800','34912900800',NULL,'none','Servicio Particulares','huntGroup',NULL,NULL,NULL,5,NULL,NULL,NULL,1,70,0,'',NULL,NULL,NULL),(12,1,6,'912900900','34912900900',NULL,'none','Servicio Empresas','IVRCustom',NULL,NULL,5,NULL,NULL,NULL,NULL,1,70,0,NULL,NULL,NULL,NULL),(13,1,6,'900834648','34900834648',NULL,'none',NULL,'huntGroup',NULL,NULL,NULL,5,NULL,NULL,NULL,1,70,0,NULL,NULL,NULL,NULL),(15,1,7,'912900390','34912900390',NULL,'none','','huntGroup',NULL,NULL,NULL,6,NULL,NULL,NULL,1,70,0,NULL,NULL,NULL,NULL),(16,1,3,'946941176','34946941176',NULL,'all','Pruebas','user',29,NULL,NULL,NULL,NULL,NULL,NULL,5,70,0,NULL,NULL,NULL,NULL),(23,1,9,'982812622','34982812622',8,'none',NULL,'huntGroup',NULL,NULL,NULL,7,NULL,NULL,NULL,1,70,0,NULL,NULL,NULL,NULL),(24,1,9,'982812629','34982812629',NULL,'none',NULL,'fax',NULL,NULL,NULL,NULL,3,NULL,NULL,1,70,0,NULL,NULL,NULL,NULL),(26,1,6,'900834647','34900834647',NULL,'none',NULL,'huntGroup',NULL,NULL,NULL,5,NULL,NULL,NULL,1,70,0,NULL,NULL,NULL,NULL),(27,2,10,'912900551','34912900551',NULL,'none',NULL,'user',58,NULL,NULL,NULL,NULL,NULL,NULL,9,70,0,NULL,NULL,NULL,NULL),(28,2,10,'912900020','34912900020',NULL,'none',NULL,'user',76,NULL,NULL,NULL,NULL,NULL,NULL,9,70,0,NULL,NULL,NULL,NULL),(29,2,10,'912900040','34912900040',NULL,'none',NULL,'user',70,NULL,NULL,NULL,NULL,NULL,NULL,9,70,0,NULL,NULL,NULL,NULL),(30,2,10,'912900552','34912900552',NULL,'none',NULL,'user',59,NULL,NULL,NULL,NULL,NULL,NULL,9,70,0,NULL,NULL,NULL,NULL),(31,2,10,'912900553','34912900553',NULL,'none',NULL,'user',60,NULL,NULL,NULL,NULL,NULL,NULL,9,70,0,NULL,NULL,NULL,NULL),(32,2,10,'912900554','34912900554',NULL,'none',NULL,'user',61,NULL,NULL,NULL,NULL,NULL,NULL,9,70,0,NULL,NULL,NULL,NULL),(33,2,10,'912900556','34912900556',NULL,'none',NULL,'user',62,NULL,NULL,NULL,NULL,NULL,NULL,9,70,0,NULL,NULL,NULL,NULL),(34,2,10,'912900557','34912900557',NULL,'none',NULL,'user',63,NULL,NULL,NULL,NULL,NULL,NULL,9,70,0,NULL,NULL,NULL,NULL),(35,2,10,'912900558','34912900558',NULL,'none',NULL,'user',64,NULL,NULL,NULL,NULL,NULL,NULL,9,70,0,NULL,NULL,NULL,NULL),(36,2,10,'912900559','34912900559',NULL,'none',NULL,'user',65,NULL,NULL,NULL,NULL,NULL,NULL,9,70,0,NULL,NULL,NULL,NULL),(37,2,10,'912900567','34912900567',NULL,'none',NULL,'user',67,NULL,NULL,NULL,NULL,NULL,NULL,9,70,0,NULL,NULL,NULL,NULL),(38,2,10,'912900566','34912900566',NULL,'none',NULL,'user',66,NULL,NULL,NULL,NULL,NULL,NULL,9,70,0,NULL,NULL,NULL,NULL),(39,2,10,'912900481','34912900481',NULL,'none',NULL,'user',71,NULL,NULL,NULL,NULL,NULL,NULL,9,70,0,NULL,NULL,NULL,NULL),(40,2,10,'912900482','34912900482',NULL,'none',NULL,'user',72,NULL,NULL,NULL,NULL,NULL,NULL,9,70,0,NULL,NULL,NULL,NULL),(41,2,10,'912900483','34912900483',NULL,'none',NULL,'user',73,NULL,NULL,NULL,NULL,NULL,NULL,9,70,0,NULL,NULL,NULL,NULL),(42,2,10,'912900490','34912900490',NULL,'none',NULL,'user',74,NULL,NULL,NULL,NULL,NULL,NULL,9,70,0,NULL,NULL,NULL,NULL),(43,2,10,'912900491','34912900491',NULL,'none',NULL,'user',75,NULL,NULL,NULL,NULL,NULL,NULL,9,70,0,NULL,NULL,NULL,NULL),(44,2,10,'912900492','34912900492',NULL,'none',NULL,'user',77,NULL,NULL,NULL,NULL,NULL,NULL,9,70,0,NULL,NULL,NULL,NULL),(45,2,10,'912900493','34912900493',NULL,'none',NULL,'user',69,NULL,NULL,NULL,NULL,NULL,NULL,9,70,0,NULL,NULL,NULL,NULL),(46,2,10,'912900304','34912900304',NULL,'none',NULL,'user',69,NULL,NULL,NULL,NULL,NULL,NULL,9,70,0,NULL,NULL,NULL,NULL),(47,2,10,'916519776','34916519776',NULL,'none',NULL,'user',68,NULL,NULL,NULL,NULL,NULL,NULL,9,70,0,NULL,NULL,NULL,NULL),(48,1,8,'9172849585','19172849585',NULL,'none',NULL,'user',80,NULL,NULL,NULL,NULL,NULL,NULL,1,235,0,NULL,2,NULL,NULL),(51,1,8,'6467661959','16467661959',NULL,'none','','user',85,NULL,NULL,NULL,NULL,NULL,NULL,10,235,0,NULL,2,NULL,NULL),(52,1,8,'6467661950','16467661950',NULL,'none',NULL,'user',80,NULL,NULL,NULL,NULL,NULL,NULL,10,235,0,NULL,2,NULL,NULL),(53,1,8,'6467661951','16467661951',NULL,'none','','user',80,NULL,NULL,NULL,NULL,NULL,NULL,10,235,0,NULL,2,NULL,NULL),(54,1,8,'6467661952','16467661952',NULL,'none',NULL,'user',83,NULL,NULL,NULL,NULL,NULL,NULL,10,235,0,'',2,NULL,NULL),(55,1,8,'6467661953','16467661953',NULL,'none',NULL,'user',82,NULL,NULL,NULL,NULL,NULL,NULL,10,235,0,'',2,NULL,NULL),(56,1,8,'6467661954','16467661954',NULL,'none',NULL,'user',86,NULL,NULL,NULL,NULL,NULL,NULL,10,235,0,'',2,NULL,NULL),(57,1,8,'6467661955','16467661955',NULL,'none',NULL,'user',92,NULL,NULL,NULL,NULL,NULL,NULL,10,235,0,'',2,NULL,NULL),(58,1,8,'6467661956','16467661956',NULL,'none','','user',NULL,NULL,NULL,NULL,NULL,NULL,NULL,10,235,0,NULL,2,NULL,NULL),(59,1,8,'6467661957','16467661957',NULL,'none','','user',80,NULL,NULL,NULL,NULL,NULL,NULL,10,235,0,NULL,2,NULL,NULL),(60,1,8,'6467661958','16467661958',NULL,'none','','user',138,NULL,NULL,NULL,NULL,NULL,NULL,10,235,0,NULL,2,NULL,NULL),(63,1,8,'911092600','34911092600',10,'none',NULL,'user',196,NULL,NULL,NULL,NULL,NULL,NULL,3,70,0,'600',NULL,NULL,NULL),(64,1,8,'911092601','34911092601',10,'none',NULL,'user',148,NULL,NULL,NULL,NULL,NULL,NULL,3,70,0,'601',NULL,NULL,NULL),(65,1,8,'911092602','34911092602',10,'none',NULL,'user',146,NULL,NULL,NULL,NULL,NULL,NULL,3,70,0,'602',NULL,NULL,NULL),(66,1,8,'911092603','34911092603',10,'none',NULL,'user',116,NULL,NULL,NULL,NULL,NULL,NULL,3,70,0,'603',NULL,NULL,NULL),(67,1,8,'911092604','34911092604',10,'none',NULL,'user',104,NULL,NULL,NULL,NULL,NULL,NULL,3,70,0,'604',NULL,NULL,NULL),(68,1,8,'911092605','34911092605',10,'none',NULL,'user',192,NULL,NULL,NULL,NULL,NULL,NULL,3,70,0,'605',NULL,NULL,NULL),(69,1,8,'911092606','34911092606',10,'none',NULL,'user',156,NULL,NULL,NULL,NULL,NULL,NULL,3,70,0,'606',NULL,NULL,NULL),(70,1,8,'911092607','34911092607',10,'none',NULL,'user',159,NULL,NULL,NULL,NULL,NULL,NULL,3,70,0,'607',NULL,NULL,NULL),(71,1,8,'911092608','34911092608',10,'none','','user',160,NULL,NULL,NULL,NULL,NULL,NULL,3,70,0,'608',NULL,NULL,NULL),(72,1,8,'911092609','34911092609',10,'none',NULL,'user',193,NULL,NULL,NULL,NULL,NULL,NULL,3,70,0,'609',NULL,NULL,NULL),(73,1,8,'911092610','34911092610',10,'none',NULL,'user',191,NULL,NULL,NULL,NULL,NULL,NULL,3,70,0,'610',NULL,NULL,NULL),(74,1,6,'851000216','34851000216',NULL,'none',NULL,'fax',NULL,NULL,NULL,NULL,2,NULL,NULL,11,70,0,'',NULL,NULL,NULL),(75,1,6,'987830504','34987830504',NULL,'none','Directo','user',93,NULL,NULL,NULL,NULL,NULL,NULL,3,70,0,NULL,NULL,NULL,NULL),(76,1,6,'987830501','34987830501',14,'none','Directo','user',20,NULL,NULL,NULL,NULL,NULL,NULL,3,70,0,NULL,NULL,NULL,NULL),(77,1,6,'911092502','34911092502',NULL,'none',NULL,'user',NULL,NULL,NULL,NULL,NULL,NULL,NULL,3,70,0,'',NULL,NULL,NULL),(78,1,6,'987830502','34987830502',NULL,'none','','user',296,NULL,NULL,NULL,NULL,NULL,NULL,3,70,0,NULL,NULL,NULL,NULL),(79,1,12,'987580098','34987580098',NULL,'none','','user',98,NULL,NULL,NULL,NULL,NULL,NULL,3,70,0,NULL,NULL,NULL,NULL),(80,1,8,'911092611','34911092611',10,'none',NULL,'user',166,NULL,NULL,NULL,NULL,NULL,NULL,3,70,0,'611',NULL,NULL,NULL),(81,1,8,'911092612','34911092612',10,'none',NULL,'user',158,NULL,NULL,NULL,NULL,NULL,NULL,3,70,0,'612',NULL,NULL,NULL),(82,1,8,'911092613','34911092613',10,'none',NULL,'user',188,NULL,NULL,NULL,NULL,NULL,NULL,3,70,0,'613',NULL,NULL,NULL),(84,1,8,'911092614','34911092614',10,'none',NULL,'user',229,NULL,NULL,NULL,NULL,NULL,NULL,3,70,0,'614',NULL,NULL,NULL),(85,1,8,'911092615','34911092615',10,'none',NULL,'friend',NULL,NULL,NULL,NULL,NULL,NULL,NULL,3,70,0,'615',NULL,NULL,NULL),(86,1,8,'911092616','34911092616',10,'none',NULL,'user',227,NULL,NULL,NULL,NULL,NULL,NULL,3,70,0,'616',NULL,NULL,NULL),(87,1,8,'911092617','34911092617',10,'none','','user',251,NULL,NULL,NULL,NULL,NULL,NULL,3,70,0,'617',1,NULL,NULL),(88,1,8,'911092618','34911092618',10,'none','','user',275,NULL,NULL,NULL,NULL,NULL,NULL,3,70,0,'618',NULL,NULL,NULL),(89,2,10,'912900621','34912900621',NULL,'none',NULL,'user',97,NULL,NULL,NULL,NULL,NULL,NULL,9,70,0,'',NULL,NULL,NULL),(90,1,8,'911092695','34911092695',10,'none',NULL,'user',205,NULL,NULL,NULL,NULL,NULL,NULL,3,70,0,'695',NULL,NULL,NULL),(91,1,8,'912900700','34912900700',10,'none',NULL,'huntGroup',NULL,NULL,NULL,26,NULL,NULL,NULL,1,70,0,'700',NULL,NULL,NULL),(92,1,8,'911092694','34911092694',10,'none',NULL,'user',204,NULL,NULL,NULL,NULL,NULL,NULL,3,70,0,'',NULL,NULL,NULL),(93,1,8,'911092696','34911092696',10,'none',NULL,'user',206,NULL,NULL,NULL,NULL,NULL,NULL,3,70,0,'',NULL,NULL,NULL),(94,1,8,'911092697','34911092697',10,'none',NULL,'user',207,NULL,NULL,NULL,NULL,NULL,NULL,3,70,0,'',NULL,NULL,NULL),(95,1,8,'911092698','34911092698',10,'none',NULL,'user',223,NULL,NULL,NULL,NULL,NULL,NULL,3,70,0,'',NULL,NULL,NULL),(96,1,8,'912900745','34912900745',10,'none',NULL,'user',118,NULL,NULL,NULL,NULL,NULL,NULL,1,70,0,'',NULL,NULL,NULL),(97,1,8,'912900757','34912900757',10,'none','','user',115,NULL,NULL,NULL,NULL,NULL,NULL,1,70,0,NULL,NULL,NULL,NULL),(99,1,8,'912900754','34912900754',10,'none',NULL,'user',117,NULL,NULL,NULL,NULL,NULL,NULL,1,70,0,'754',NULL,NULL,NULL),(104,1,8,'912900752','34912900752',10,'none',NULL,'user',102,NULL,NULL,NULL,NULL,NULL,NULL,1,70,0,'',NULL,NULL,NULL),(105,1,8,'912900748','34912900748',10,'none',NULL,'user',100,NULL,NULL,NULL,NULL,NULL,NULL,1,70,0,'',NULL,NULL,NULL),(106,1,8,'912900737','34912900737',10,'none',NULL,'user',106,NULL,NULL,NULL,NULL,NULL,NULL,1,70,0,'',NULL,NULL,NULL),(107,1,8,'912900726','34912900726',10,'none','','user',368,NULL,NULL,NULL,NULL,NULL,NULL,1,70,0,NULL,NULL,NULL,NULL),(108,1,8,'912900738','34912900738',10,'none',NULL,'user',112,NULL,NULL,NULL,NULL,NULL,NULL,1,70,0,'',NULL,NULL,NULL),(109,1,8,'912900722','34912900722',10,'none',NULL,'user',107,NULL,NULL,NULL,NULL,NULL,NULL,1,70,0,'',NULL,NULL,NULL),(110,1,8,'912900720','34912900720',10,'none',NULL,'user',110,NULL,NULL,NULL,NULL,NULL,NULL,1,70,0,'',NULL,NULL,NULL),(111,1,8,'912900715','34912900715',10,'none',NULL,'user',109,NULL,NULL,NULL,NULL,NULL,NULL,1,70,0,'',NULL,NULL,NULL),(112,1,8,'912900704','34912900704',10,'none',NULL,'user',111,NULL,NULL,NULL,NULL,NULL,NULL,1,70,0,'',NULL,NULL,NULL),(113,1,8,'912900714','34912900714',10,'none',NULL,'user',113,NULL,NULL,NULL,NULL,NULL,NULL,1,70,0,'',NULL,NULL,NULL),(114,1,8,'912900767','34912900767',10,'none',NULL,'user',103,NULL,NULL,NULL,NULL,NULL,NULL,1,70,0,'',NULL,NULL,NULL),(119,1,8,'931313207','34931313207',NULL,'none',NULL,'user',224,NULL,NULL,NULL,NULL,NULL,NULL,3,70,0,'',NULL,NULL,NULL),(120,1,8,'931313208','34931313208',NULL,'none',NULL,'user',225,NULL,NULL,NULL,NULL,NULL,NULL,3,70,0,'',NULL,NULL,NULL),(121,1,8,'912900710','34912900710',10,'none',NULL,'user',114,NULL,NULL,NULL,NULL,NULL,NULL,1,70,0,'',NULL,NULL,NULL),(122,1,8,'912900721','34912900721',10,'none',NULL,'user',131,NULL,NULL,NULL,NULL,NULL,NULL,1,70,0,'',NULL,NULL,NULL),(123,1,8,'912900705','34912900705',10,'none',NULL,'user',134,NULL,NULL,NULL,NULL,NULL,NULL,1,70,0,'',NULL,NULL,NULL),(124,1,8,'912900785','34912900785',10,'none',NULL,'user',171,NULL,NULL,NULL,NULL,NULL,NULL,1,70,0,'',NULL,NULL,NULL),(125,1,8,'912900789','34912900789',10,'none',NULL,'user',176,NULL,NULL,NULL,NULL,NULL,NULL,1,70,0,'',NULL,NULL,NULL),(126,1,8,'912900786','34912900786',10,'none',NULL,'user',172,NULL,NULL,NULL,NULL,NULL,NULL,1,70,0,'',NULL,NULL,NULL),(127,1,8,'912900781','34912900781',10,'none',NULL,'user',170,NULL,NULL,NULL,NULL,NULL,NULL,1,70,0,'',NULL,NULL,NULL),(128,1,8,'912900784','34912900784',10,'none',NULL,'user',169,NULL,NULL,NULL,NULL,NULL,NULL,1,70,0,'',NULL,NULL,NULL),(129,1,8,'912900787','34912900787',10,'none',NULL,'user',174,NULL,NULL,NULL,NULL,NULL,NULL,1,70,0,'',NULL,NULL,NULL),(130,1,8,'912900783','34912900783',10,'none',NULL,'user',168,NULL,NULL,NULL,NULL,NULL,NULL,1,70,0,'',NULL,NULL,NULL),(133,1,8,'912900782','34912900782',10,'none',NULL,'user',173,NULL,NULL,NULL,NULL,NULL,NULL,1,70,0,'',NULL,NULL,NULL),(134,1,8,'914262447','34914262447',10,'none','','user',175,NULL,NULL,NULL,NULL,NULL,NULL,1,70,0,NULL,NULL,NULL,NULL),(135,1,8,'912900780','34912900780',10,'none',NULL,'user',175,NULL,NULL,NULL,NULL,NULL,NULL,1,70,0,'',NULL,NULL,NULL),(136,1,8,'912900753','34912900753',10,'none',NULL,'user',124,NULL,NULL,NULL,NULL,NULL,NULL,1,70,0,'',NULL,NULL,NULL),(137,1,8,'912900713','34912900713',10,'none',NULL,'user',127,NULL,NULL,NULL,NULL,NULL,NULL,1,70,0,'',NULL,NULL,NULL),(139,1,8,'912900742','34912900742',10,'none',NULL,'user',197,NULL,NULL,NULL,NULL,NULL,NULL,1,70,0,'',NULL,NULL,NULL),(140,1,8,'912900743','34912900743',10,'none',NULL,'user',128,NULL,NULL,NULL,NULL,NULL,NULL,1,70,0,'',NULL,NULL,NULL),(141,1,8,'912900755','34912900755',10,'none',NULL,'user',130,NULL,NULL,NULL,NULL,NULL,NULL,1,70,0,'',NULL,NULL,NULL),(142,1,8,'912900751','34912900751',10,'none',NULL,'user',123,NULL,NULL,NULL,NULL,NULL,NULL,1,70,0,'',NULL,NULL,NULL),(143,1,8,'912900768','34912900768',10,'none','','user',279,NULL,NULL,NULL,NULL,NULL,NULL,1,70,0,'',NULL,NULL,NULL),(144,1,8,'912900798','34912900798',10,'none',NULL,'user',NULL,NULL,NULL,NULL,NULL,NULL,NULL,1,70,0,'',NULL,NULL,NULL),(145,1,8,'912900770','34912900770',10,'none',NULL,'user',125,NULL,NULL,NULL,NULL,NULL,NULL,1,70,0,'',NULL,NULL,NULL),(148,1,8,'912900796','34912900796',10,'none',NULL,'user',121,NULL,NULL,NULL,NULL,NULL,NULL,1,70,0,'',NULL,NULL,NULL),(149,1,8,'912900709','34912900709',10,'none',NULL,'user',135,NULL,NULL,NULL,NULL,NULL,NULL,1,70,0,'',NULL,NULL,NULL),(150,1,8,'912900712','34912900712',10,'none',NULL,'user',119,NULL,NULL,NULL,NULL,NULL,NULL,1,70,0,'',NULL,NULL,NULL),(151,1,8,'912900777','34912900777',10,'none',NULL,'user',189,NULL,NULL,NULL,NULL,NULL,NULL,1,70,0,'',NULL,NULL,NULL),(152,1,8,'912900775','34912900775',10,'none',NULL,'user',178,NULL,NULL,NULL,NULL,NULL,NULL,1,70,0,'',NULL,NULL,NULL),(153,1,8,'912900773','34912900773',10,'none',NULL,'user',177,NULL,NULL,NULL,NULL,NULL,NULL,1,70,0,'',NULL,NULL,NULL),(154,1,8,'912900779','34912900779',10,'none',NULL,'user',228,NULL,NULL,NULL,NULL,NULL,NULL,1,70,0,'',NULL,NULL,NULL),(155,1,8,'912900716','34912900716',10,'none',NULL,'user',142,NULL,NULL,NULL,NULL,NULL,NULL,1,70,0,'',NULL,NULL,NULL),(156,1,8,'912900717','34912900717',10,'none',NULL,'user',167,NULL,NULL,NULL,NULL,NULL,NULL,1,70,0,'',NULL,NULL,NULL),(157,1,8,'912900718','34912900718',10,'none',NULL,'user',141,NULL,NULL,NULL,NULL,NULL,NULL,1,70,0,'',NULL,NULL,NULL),(158,1,8,'912900761','34912900761',10,'none',NULL,'user',143,NULL,NULL,NULL,NULL,NULL,NULL,1,70,0,'',NULL,NULL,NULL),(159,1,8,'912900759','34912900759',10,'none',NULL,'user',147,NULL,NULL,NULL,NULL,NULL,NULL,1,70,0,'',NULL,NULL,NULL),(160,1,8,'912900724','34912900724',10,'none',NULL,'friend',NULL,NULL,NULL,NULL,NULL,NULL,NULL,1,70,0,'724',NULL,NULL,NULL),(161,1,8,'912900765','34912900765',10,'none',NULL,'user',154,NULL,NULL,NULL,NULL,NULL,NULL,1,70,0,'',NULL,NULL,NULL),(162,1,8,'912900763','34912900763',10,'none',NULL,'user',151,NULL,NULL,NULL,NULL,NULL,NULL,1,70,0,'',NULL,NULL,NULL),(163,1,8,'912900788','34912900788',10,'none',NULL,'user',145,NULL,NULL,NULL,NULL,NULL,NULL,1,70,0,'',NULL,NULL,NULL),(164,1,8,'912900746','34912900746',10,'none',NULL,'user',144,NULL,NULL,NULL,NULL,NULL,NULL,1,70,0,'',NULL,NULL,NULL),(165,1,8,'912900739','34912900739',10,'none',NULL,'user',202,NULL,NULL,NULL,NULL,NULL,NULL,1,70,0,'',NULL,NULL,NULL),(166,1,8,'912900750','34912900750',10,'none',NULL,'user',199,NULL,NULL,NULL,NULL,NULL,NULL,1,70,0,'750',NULL,NULL,NULL),(167,1,8,'912900758','34912900758',10,'none',NULL,'user',164,NULL,NULL,NULL,NULL,NULL,NULL,1,70,0,'',NULL,NULL,NULL),(168,1,8,'912900762','34912900762',10,'none',NULL,'user',150,NULL,NULL,NULL,NULL,NULL,NULL,1,70,0,'',NULL,NULL,NULL),(169,1,8,'912900764','34912900764',10,'none',NULL,'user',163,NULL,NULL,NULL,NULL,NULL,NULL,1,70,0,'',NULL,NULL,NULL),(170,1,8,'912900771','34912900771',10,'none',NULL,'user',182,NULL,NULL,NULL,NULL,NULL,NULL,1,70,0,'',NULL,NULL,NULL),(171,1,8,'912900774','34912900774',10,'none',NULL,'user',181,NULL,NULL,NULL,NULL,NULL,NULL,1,70,0,'',NULL,NULL,NULL),(172,1,8,'912900776','34912900776',10,'none',NULL,'user',180,NULL,NULL,NULL,NULL,NULL,NULL,1,70,0,'',NULL,NULL,NULL),(173,1,8,'912900706','34912900706',10,'none',NULL,'user',138,NULL,NULL,NULL,NULL,NULL,NULL,1,70,0,'',NULL,NULL,NULL),(174,1,8,'912900708','34912900708',10,'none','','user',137,NULL,NULL,NULL,NULL,NULL,NULL,1,70,0,NULL,NULL,NULL,NULL),(175,1,8,'912900711','34912900711',10,'none',NULL,'user',122,NULL,NULL,NULL,NULL,NULL,NULL,1,70,0,'',NULL,NULL,NULL),(176,1,8,'912900766','34912900766',10,'none',NULL,'user',152,NULL,NULL,NULL,NULL,NULL,NULL,1,70,0,'',NULL,NULL,NULL),(177,1,8,'912900703','34912900703',10,'none',NULL,'user',139,NULL,NULL,NULL,NULL,NULL,NULL,1,70,0,'',NULL,NULL,NULL),(178,1,8,'912900730','34912900730',10,'none',NULL,'user',153,NULL,NULL,NULL,NULL,NULL,NULL,1,70,0,'',NULL,NULL,NULL),(179,1,8,'912900702','34912900702',10,'none',NULL,'user',140,NULL,NULL,NULL,NULL,NULL,NULL,1,70,0,'',NULL,NULL,NULL),(181,1,8,'912900772','34912900772',10,'none',NULL,'user',179,NULL,NULL,NULL,NULL,NULL,NULL,1,70,0,'',NULL,NULL,NULL),(182,1,8,'912900723','34912900723',10,'none',NULL,'user',157,NULL,NULL,NULL,NULL,NULL,NULL,1,70,0,'',NULL,NULL,NULL),(184,1,8,'912900701','34912900701',10,'none',NULL,'user',194,NULL,NULL,NULL,NULL,NULL,NULL,1,70,0,'',NULL,NULL,NULL),(185,1,8,'912900740','34912900740',10,'none',NULL,'user',149,NULL,NULL,NULL,NULL,NULL,NULL,1,70,0,'',NULL,NULL,NULL),(186,1,8,'912900747','34912900747',10,'none',NULL,'user',101,NULL,NULL,NULL,NULL,NULL,NULL,1,70,0,'',NULL,NULL,NULL),(187,1,8,'912900760','34912900760',10,'none',NULL,'user',155,NULL,NULL,NULL,NULL,NULL,NULL,1,70,0,'',NULL,NULL,NULL),(189,1,8,'912900797','34912900797',10,'none',NULL,'user',136,NULL,NULL,NULL,NULL,NULL,NULL,1,70,0,'',NULL,NULL,NULL),(190,1,8,'912900707','34912900707',10,'none',NULL,'user',190,NULL,NULL,NULL,NULL,NULL,NULL,1,70,0,'',NULL,NULL,NULL),(192,1,8,'913107230','34913107230',10,'none',NULL,'huntGroup',NULL,NULL,NULL,26,NULL,NULL,NULL,1,70,0,'',NULL,NULL,NULL),(193,1,8,'912900744','34912900744',10,'none',NULL,'user',120,NULL,NULL,NULL,NULL,NULL,NULL,1,70,0,'',NULL,NULL,NULL),(194,1,8,'912900725','34912900725',10,'none',NULL,'user',195,NULL,NULL,NULL,NULL,NULL,NULL,1,70,0,'',NULL,NULL,NULL),(195,1,8,'911092692','34911092692',10,'none',NULL,'user',203,NULL,NULL,NULL,NULL,NULL,NULL,3,70,0,'',NULL,NULL,NULL),(196,1,8,'913107246','34913107246',10,'none',NULL,'huntGroup',NULL,NULL,NULL,26,NULL,NULL,NULL,1,70,0,'',NULL,NULL,NULL),(197,1,8,'913107249','34913107249',10,'none',NULL,'huntGroup',NULL,NULL,NULL,26,NULL,NULL,NULL,1,70,0,'',NULL,NULL,NULL),(198,1,8,'913107251','34913107251',10,'none',NULL,'huntGroup',NULL,NULL,NULL,26,NULL,NULL,NULL,1,70,0,'',NULL,NULL,NULL),(199,1,8,'912900795','34912900795',10,'none',NULL,'user',230,NULL,NULL,NULL,NULL,NULL,NULL,1,70,0,'',NULL,NULL,NULL),(200,1,8,'912900791','34912900791',10,'none',NULL,'user',211,NULL,NULL,NULL,NULL,NULL,NULL,1,70,0,'',NULL,NULL,NULL),(201,1,8,'912900741','34912900741',10,'none','','user',300,NULL,NULL,NULL,NULL,NULL,NULL,1,70,0,NULL,NULL,NULL,NULL),(202,1,8,'912900799','34912900799',10,'none',NULL,'user',212,NULL,NULL,NULL,NULL,NULL,NULL,1,70,0,'',NULL,NULL,NULL),(203,1,7,'810101959','34810101959',NULL,'none',NULL,'fax',NULL,NULL,NULL,NULL,5,NULL,NULL,11,70,0,'',NULL,NULL,NULL),(204,1,8,'912900728','34912900728',10,'none',NULL,'user',234,NULL,NULL,NULL,NULL,NULL,NULL,1,70,0,'',NULL,NULL,NULL),(205,1,8,'228986007','56228986007',NULL,'none','','user',187,NULL,NULL,NULL,NULL,NULL,NULL,10,46,0,NULL,NULL,NULL,NULL),(206,1,8,'228986012','56228986012',NULL,'none','','huntGroup',NULL,NULL,NULL,NULL,NULL,NULL,NULL,10,46,0,NULL,NULL,NULL,NULL),(207,1,8,'912900756','34912900756',10,'none',NULL,'user',214,NULL,NULL,NULL,NULL,NULL,NULL,1,70,0,'',NULL,NULL,NULL),(208,1,8,'911092693','34911092693',10,'none','','user',241,NULL,NULL,NULL,NULL,NULL,NULL,3,70,0,NULL,NULL,NULL,NULL),(209,1,8,'912900719','34912900719',10,'none',NULL,'user',243,NULL,NULL,NULL,NULL,NULL,NULL,1,70,0,'',NULL,NULL,NULL),(210,1,8,'912900734','34912900734',10,'none',NULL,'user',244,NULL,NULL,NULL,NULL,NULL,NULL,1,70,0,'',NULL,NULL,NULL),(211,1,8,'913107789','34913107789',10,'none','','huntGroup',NULL,NULL,NULL,26,NULL,NULL,NULL,1,70,0,'',1,NULL,NULL),(212,1,8,'913107788','34913107788',10,'none','','huntGroup',NULL,NULL,NULL,26,NULL,NULL,NULL,1,70,0,'',1,NULL,NULL),(213,1,8,'913107787','34913107787',10,'none','','huntGroup',NULL,NULL,NULL,26,NULL,NULL,NULL,1,70,0,'',1,NULL,NULL),(214,1,8,'913107786','34913107786',10,'none','','huntGroup',NULL,NULL,NULL,26,NULL,NULL,NULL,1,70,0,'',1,NULL,NULL),(215,1,8,'913107785','34913107785',10,'none','','huntGroup',NULL,NULL,NULL,26,NULL,NULL,NULL,1,70,0,'',1,NULL,NULL),(216,1,8,'913107784','34913107784',10,'none','','huntGroup',NULL,NULL,NULL,26,NULL,NULL,NULL,1,70,0,'',1,NULL,NULL),(217,1,8,'913107783','34913107783',10,'none','','huntGroup',NULL,NULL,NULL,26,NULL,NULL,NULL,1,70,0,'',1,NULL,NULL),(218,1,8,'913107782','34913107782',10,'none','','huntGroup',NULL,NULL,NULL,26,NULL,NULL,NULL,1,70,0,'',1,NULL,NULL),(219,1,8,'913107781','34913107781',10,'none','','huntGroup',NULL,NULL,NULL,26,NULL,NULL,NULL,1,70,0,'',1,NULL,NULL),(220,1,8,'913107780','34913107780',10,'none','','huntGroup',NULL,NULL,NULL,26,NULL,NULL,NULL,1,70,0,'',1,NULL,NULL),(221,1,8,'913107232','34913107232',10,'none','','huntGroup',NULL,NULL,NULL,26,NULL,NULL,NULL,1,70,0,'',1,NULL,NULL),(222,1,8,'913107231','34913107231',NULL,'none','','fax',NULL,NULL,NULL,NULL,8,NULL,NULL,1,70,0,'',1,NULL,NULL),(224,1,8,'913107233','34913107233',10,'none','','huntGroup',NULL,NULL,NULL,26,NULL,NULL,NULL,1,70,0,'',1,NULL,NULL),(225,1,8,'913107234','34913107234',10,'none','','huntGroup',NULL,NULL,NULL,26,NULL,NULL,NULL,1,70,0,'',1,NULL,NULL),(226,1,8,'913107235','34913107235',10,'none','','huntGroup',NULL,NULL,NULL,26,NULL,NULL,NULL,1,70,0,'',1,NULL,NULL),(227,1,8,'913107236','34913107236',10,'none','','huntGroup',NULL,NULL,NULL,26,NULL,NULL,NULL,1,70,0,'',1,NULL,NULL),(228,1,8,'913107237','34913107237',10,'none','','huntGroup',NULL,NULL,NULL,26,NULL,NULL,NULL,1,70,0,'',1,NULL,NULL),(229,1,8,'913107238','34913107238',10,'none','','huntGroup',NULL,NULL,NULL,26,NULL,NULL,NULL,1,70,0,'',1,NULL,NULL),(230,1,8,'913107239','34913107239',10,'none','','huntGroup',NULL,NULL,NULL,26,NULL,NULL,NULL,1,70,0,'',1,NULL,NULL),(231,1,8,'913107790','34913107790',10,'none','','huntGroup',NULL,NULL,NULL,26,NULL,NULL,NULL,1,70,0,'',1,NULL,NULL),(232,1,8,'913107791','34913107791',10,'none','','huntGroup',NULL,NULL,NULL,26,NULL,NULL,NULL,1,70,0,'',1,NULL,NULL),(233,1,8,'913107792','34913107792',10,'none','','huntGroup',NULL,NULL,NULL,26,NULL,NULL,NULL,1,70,0,'',1,NULL,NULL),(234,1,8,'913107793','34913107793',10,'none','','huntGroup',NULL,NULL,NULL,26,NULL,NULL,NULL,1,70,0,'',1,NULL,NULL),(235,1,8,'931313200','34931313200',NULL,'none','','user',216,NULL,NULL,NULL,NULL,NULL,NULL,3,70,0,'',NULL,NULL,NULL),(236,1,8,'931313201','34931313201',NULL,'none','','user',245,NULL,NULL,NULL,NULL,NULL,NULL,3,70,0,'',NULL,NULL,NULL),(237,1,8,'931313202','34931313202',NULL,'none','','user',246,NULL,NULL,NULL,NULL,NULL,NULL,3,70,0,'',NULL,NULL,NULL),(238,1,8,'931313203','34931313203',NULL,'none','','user',220,NULL,NULL,NULL,NULL,NULL,NULL,3,70,0,'',NULL,NULL,NULL),(239,1,8,'931313204','34931313204',NULL,'none','','user',222,NULL,NULL,NULL,NULL,NULL,NULL,3,70,0,'',NULL,NULL,NULL),(240,1,8,'931313205','34931313205',NULL,'none','','user',221,NULL,NULL,NULL,NULL,NULL,NULL,3,70,0,'',NULL,NULL,NULL),(241,1,8,'931313206','34931313206',NULL,'none','','user',215,NULL,NULL,NULL,NULL,NULL,NULL,3,70,0,'',NULL,NULL,NULL),(242,1,8,'931313209','34931313209',NULL,'none','','user',219,NULL,NULL,NULL,NULL,NULL,NULL,3,70,0,'',NULL,NULL,NULL),(243,1,8,'931313210','34931313210',NULL,'none','','user',247,NULL,NULL,NULL,NULL,NULL,NULL,3,70,0,'',NULL,NULL,NULL),(244,1,8,'912900749','34912900749',10,'none','','user',248,NULL,NULL,NULL,NULL,NULL,NULL,1,70,0,'',1,NULL,NULL),(246,1,6,'911980686','34911980686',NULL,'none','911980686','user',20,NULL,NULL,NULL,NULL,NULL,NULL,13,70,0,'',NULL,NULL,NULL),(247,1,8,'931870316','34931870316',NULL,'none','','huntGroup',NULL,NULL,NULL,52,NULL,NULL,NULL,1,70,0,'',1,NULL,NULL),(248,2,11,'910770078','34910770078',NULL,'none','','user',87,NULL,NULL,NULL,NULL,NULL,NULL,9,70,0,'',NULL,NULL,NULL),(249,2,11,'910770079','34910770079',NULL,'none','','user',88,NULL,NULL,NULL,NULL,NULL,NULL,9,70,0,'',NULL,NULL,NULL),(250,1,6,'6468808923','16468808923',NULL,'none','','user',57,NULL,NULL,NULL,NULL,NULL,NULL,12,235,0,'',NULL,NULL,NULL),(251,1,13,'982243415','34982243415',NULL,'none','','fax',NULL,NULL,NULL,NULL,9,NULL,NULL,1,70,0,'',NULL,NULL,NULL),(252,1,15,'982986196','34982986196',NULL,'none','','huntGroup',NULL,NULL,NULL,53,NULL,NULL,NULL,1,70,0,'',NULL,NULL,NULL),(253,1,15,'982252574','34982252574',NULL,'none','','huntGroup',NULL,NULL,NULL,53,NULL,NULL,NULL,1,70,0,'',NULL,NULL,NULL),(254,1,15,'486801351','33486801351',NULL,'none','','huntGroup',NULL,NULL,NULL,54,NULL,NULL,NULL,10,77,0,NULL,NULL,NULL,NULL),(255,1,15,'931710768','34931710768',NULL,'none','','huntGroup',NULL,NULL,NULL,53,NULL,NULL,NULL,1,70,0,'',NULL,NULL,NULL),(256,1,8,'933682568','34933682568',NULL,'none','','fax',NULL,NULL,NULL,NULL,10,NULL,NULL,1,70,0,'',1,NULL,NULL),(257,1,8,'912900778','34912900778',10,'none','','user',274,NULL,NULL,NULL,NULL,NULL,NULL,1,70,0,'',1,NULL,NULL),(259,1,8,'912900731','34912900731',10,'none','','user',277,NULL,NULL,NULL,NULL,NULL,NULL,1,70,0,'',1,NULL,NULL),(260,1,8,'912900769','34912900769',10,'none','','user',278,NULL,NULL,NULL,NULL,NULL,NULL,1,70,0,'',1,NULL,NULL),(261,1,8,'912900732','34912900732',10,'none','','user',280,NULL,NULL,NULL,NULL,NULL,NULL,1,70,0,'',1,NULL,NULL),(262,1,8,'912900729','34912900729',10,'none','','user',331,NULL,NULL,NULL,NULL,NULL,NULL,1,70,0,NULL,1,NULL,NULL),(263,1,8,'912900733','34912900733',10,'none','','user',374,NULL,NULL,NULL,NULL,NULL,NULL,1,70,0,NULL,1,NULL,NULL),(264,1,7,'911980695','34911980695',NULL,'none','','fax',NULL,NULL,NULL,NULL,5,NULL,NULL,13,70,0,'',NULL,NULL,NULL),(265,1,8,'912900735','34912900735',10,'none','','user',332,NULL,NULL,NULL,NULL,NULL,NULL,1,70,0,NULL,1,NULL,NULL),(266,1,8,'911092619','34911092619',10,'none','','user',290,NULL,NULL,NULL,NULL,NULL,NULL,3,70,0,NULL,NULL,NULL,NULL),(267,1,16,'987791975','34987791975',NULL,'none','','user',293,NULL,NULL,NULL,NULL,NULL,NULL,1,70,0,NULL,NULL,NULL,NULL),(268,1,8,'911092620','34911092620',10,'none','','user',295,NULL,NULL,NULL,NULL,NULL,NULL,3,70,0,NULL,NULL,NULL,NULL),(269,1,6,'982991000','34982991000',NULL,'none','','user',57,NULL,NULL,NULL,NULL,NULL,NULL,14,70,0,NULL,NULL,NULL,NULL),(271,1,3,'982991001','34982991001',NULL,'none','','user',29,NULL,NULL,NULL,NULL,NULL,NULL,8,70,0,NULL,NULL,NULL,NULL),(272,1,8,'911092621','34911092621',10,'none','','user',298,NULL,NULL,NULL,NULL,NULL,NULL,3,70,0,NULL,NULL,NULL,NULL),(273,1,8,'911092622','34911092622',10,'none','','user',299,NULL,NULL,NULL,NULL,NULL,NULL,3,70,0,NULL,NULL,NULL,NULL),(274,1,15,'911092679','34911092679',NULL,'none','','huntGroup',NULL,NULL,NULL,54,NULL,NULL,NULL,3,70,0,NULL,NULL,NULL,NULL),(275,1,8,'9172849574','19172849574',NULL,'none','','huntGroup',NULL,NULL,NULL,26,NULL,NULL,NULL,10,235,0,NULL,NULL,NULL,NULL),(276,1,17,'911092504','34911092504',NULL,'none','','retailAccount',NULL,NULL,NULL,NULL,NULL,NULL,1,3,70,0,NULL,1,NULL,NULL),(277,1,8,'911092623','34911092623',10,'none','','user',198,NULL,NULL,NULL,NULL,NULL,NULL,3,70,0,NULL,NULL,NULL,NULL),(284,1,18,'987803366','34987803366',NULL,'none','','user',303,NULL,NULL,NULL,NULL,NULL,NULL,1,70,0,NULL,NULL,NULL,NULL),(285,1,7,'915762200','34915762200',NULL,'none','','huntGroup',NULL,NULL,NULL,6,NULL,NULL,NULL,1,70,0,NULL,NULL,NULL,NULL),(286,1,18,'987803641','34987803641',NULL,'none','','user',303,NULL,NULL,NULL,NULL,NULL,NULL,1,70,0,NULL,NULL,NULL,NULL),(287,1,6,'987830505','34987830505',NULL,'none','','user',304,NULL,NULL,NULL,NULL,NULL,NULL,3,70,0,NULL,NULL,NULL,NULL),(288,1,6,'987830598','34987830598',NULL,'none','','user',30,NULL,NULL,NULL,NULL,NULL,NULL,3,70,0,NULL,NULL,NULL,NULL),(289,1,8,'223320010','56223320010',NULL,'none','','user',187,NULL,NULL,NULL,NULL,NULL,NULL,10,46,0,NULL,NULL,NULL,NULL),(290,1,17,'942970699','34942970699',NULL,'none','','retailAccount',NULL,NULL,NULL,NULL,NULL,NULL,2,3,70,0,NULL,NULL,NULL,NULL),(291,1,6,'987830500','34987830500',NULL,'none','','huntGroup',NULL,NULL,NULL,5,NULL,NULL,NULL,3,70,0,NULL,NULL,NULL,NULL),(293,1,13,'982222573','34982222573',11,'none','','huntGroup',NULL,NULL,NULL,58,NULL,NULL,NULL,1,70,0,NULL,NULL,NULL,NULL),(294,1,13,'982986169','34982986169',12,'none','',NULL,NULL,NULL,NULL,NULL,NULL,NULL,NULL,1,70,0,NULL,NULL,NULL,NULL),(295,1,8,'232102500','56232102500',NULL,'none','','user',187,NULL,NULL,NULL,NULL,NULL,NULL,10,46,0,NULL,NULL,NULL,NULL),(296,1,8,'232102501','56232102501',NULL,'none','','user',305,NULL,NULL,NULL,NULL,NULL,NULL,10,46,0,NULL,NULL,NULL,NULL),(297,1,8,'232102502','56232102502',NULL,'none','','user',184,NULL,NULL,NULL,NULL,NULL,NULL,10,46,0,NULL,NULL,NULL,NULL),(298,1,8,'232102503','56232102503',NULL,'none','','user',185,NULL,NULL,NULL,NULL,NULL,NULL,10,46,0,NULL,NULL,NULL,NULL),(299,1,8,'232102504','56232102504',NULL,'none','','user',239,NULL,NULL,NULL,NULL,NULL,NULL,10,46,0,NULL,NULL,NULL,NULL),(300,1,8,'232102505','56232102505',NULL,'none','','user',186,NULL,NULL,NULL,NULL,NULL,NULL,10,46,0,NULL,NULL,NULL,NULL),(301,1,8,'232102506','56232102506',NULL,'none','','user',146,NULL,NULL,NULL,NULL,NULL,NULL,10,46,0,NULL,NULL,NULL,NULL),(302,1,8,'232102507','56232102507',NULL,'none','','user',237,NULL,NULL,NULL,NULL,NULL,NULL,10,46,0,NULL,NULL,NULL,NULL),(303,1,8,'232102508','56232102508',NULL,'none','','user',238,NULL,NULL,NULL,NULL,NULL,NULL,10,46,0,NULL,NULL,NULL,NULL),(304,1,8,'232102509','56232102509',NULL,'none','','user',284,NULL,NULL,NULL,NULL,NULL,NULL,10,46,0,NULL,1,NULL,NULL),(305,1,17,'925962099','34925962099',NULL,'none','','retailAccount',NULL,NULL,NULL,NULL,NULL,NULL,3,3,70,0,NULL,NULL,NULL,NULL),(306,2,20,'917816600','34917816600',NULL,'none','','user',335,NULL,NULL,NULL,NULL,NULL,NULL,9,70,0,NULL,NULL,NULL,NULL),(307,2,20,'915775877','34915775877',NULL,'none','','user',335,NULL,NULL,NULL,NULL,NULL,NULL,9,70,0,NULL,NULL,NULL,NULL),(308,2,20,'917816601','34917816601',NULL,'none','','user',336,NULL,NULL,NULL,NULL,NULL,NULL,9,70,0,NULL,NULL,NULL,NULL),(309,2,20,'917816602','34917816602',NULL,'none','','user',337,NULL,NULL,NULL,NULL,NULL,NULL,9,70,0,NULL,NULL,NULL,NULL),(310,2,20,'917816603','34917816603',NULL,'none','','user',338,NULL,NULL,NULL,NULL,NULL,NULL,9,70,0,NULL,NULL,NULL,NULL),(311,2,20,'917816605','34917816605',NULL,'none','','user',339,NULL,NULL,NULL,NULL,NULL,NULL,9,70,0,NULL,NULL,NULL,NULL),(312,2,20,'917816606','34917816606',NULL,'none','','user',340,NULL,NULL,NULL,NULL,NULL,NULL,9,70,0,NULL,NULL,NULL,NULL),(313,2,20,'917815959','34917815959',NULL,'none','','user',341,NULL,NULL,NULL,NULL,NULL,NULL,9,70,0,NULL,NULL,NULL,NULL),(314,2,20,'917816604','34917816604',NULL,'none','','user',342,NULL,NULL,NULL,NULL,NULL,NULL,9,70,0,NULL,NULL,NULL,NULL),(315,2,20,'917816607','34917816607',NULL,'none','','user',343,NULL,NULL,NULL,NULL,NULL,NULL,9,70,0,NULL,NULL,NULL,NULL),(316,2,20,'917815955','34917815955',NULL,'none','','user',344,NULL,NULL,NULL,NULL,NULL,NULL,9,70,0,NULL,NULL,NULL,NULL),(317,2,20,'917815956','34917815956',NULL,'none','','user',345,NULL,NULL,NULL,NULL,NULL,NULL,9,70,0,NULL,NULL,NULL,NULL),(318,2,20,'917815957','34917815957',NULL,'none','','user',346,NULL,NULL,NULL,NULL,NULL,NULL,9,70,0,NULL,NULL,NULL,NULL),(319,2,20,'917816611','34917816611',NULL,'none','','user',347,NULL,NULL,NULL,NULL,NULL,NULL,9,70,0,NULL,NULL,NULL,NULL),(320,2,20,'917816592','34917816592',NULL,'none','','user',348,NULL,NULL,NULL,NULL,NULL,NULL,9,70,0,NULL,NULL,NULL,NULL),(321,2,20,'917815958','34917815958',NULL,'none','','user',349,NULL,NULL,NULL,NULL,NULL,NULL,9,70,0,NULL,NULL,NULL,NULL),(322,2,20,'917815383','34917815383',NULL,'none','','user',350,NULL,NULL,NULL,NULL,NULL,NULL,9,70,0,NULL,NULL,NULL,NULL),(323,2,20,'917816608','34917816608',NULL,'none','','user',351,NULL,NULL,NULL,NULL,NULL,NULL,9,70,0,NULL,NULL,NULL,NULL),(324,2,20,'917815950','34917815950',NULL,'none','','user',352,NULL,NULL,NULL,NULL,NULL,NULL,9,70,0,NULL,NULL,NULL,NULL),(325,2,20,'917815951','34917815951',NULL,'none','','user',353,NULL,NULL,NULL,NULL,NULL,NULL,9,70,0,NULL,NULL,NULL,NULL),(326,2,20,'917815952','34917815952',NULL,'none','','user',354,NULL,NULL,NULL,NULL,NULL,NULL,9,70,0,NULL,NULL,NULL,NULL),(327,2,20,'917815953','34917815953',NULL,'none','','user',355,NULL,NULL,NULL,NULL,NULL,NULL,9,70,0,NULL,NULL,NULL,NULL),(328,2,20,'917815954','34917815954',NULL,'none','','user',356,NULL,NULL,NULL,NULL,NULL,NULL,9,70,0,NULL,NULL,NULL,NULL),(329,2,20,'917816593','34917816593',NULL,'none','','user',357,NULL,NULL,NULL,NULL,NULL,NULL,9,70,0,NULL,NULL,NULL,NULL),(330,2,20,'917816594','34917816594',NULL,'none','','user',358,NULL,NULL,NULL,NULL,NULL,NULL,9,70,0,NULL,NULL,NULL,NULL),(331,2,20,'917816595','34917816595',NULL,'none','','user',359,NULL,NULL,NULL,NULL,NULL,NULL,9,70,0,NULL,NULL,NULL,NULL),(332,2,20,'917816597','34917816597',NULL,'none','','user',360,NULL,NULL,NULL,NULL,NULL,NULL,9,70,0,NULL,NULL,NULL,NULL),(333,2,20,'917816609','34917816609',NULL,'none','','user',361,NULL,NULL,NULL,NULL,NULL,NULL,9,70,0,NULL,NULL,NULL,NULL),(334,2,20,'913059270','34913059270',NULL,'none','','user',362,NULL,NULL,NULL,NULL,NULL,NULL,9,70,0,NULL,NULL,NULL,NULL),(335,2,20,'917815381','34917815381',NULL,'none','','user',363,NULL,NULL,NULL,NULL,NULL,NULL,9,70,0,NULL,NULL,NULL,NULL),(336,2,20,'917815382','34917815382',NULL,'none','','user',364,NULL,NULL,NULL,NULL,NULL,NULL,9,70,0,NULL,NULL,NULL,NULL),(337,1,8,'911092624','34911092624',10,'none','','user',366,NULL,NULL,NULL,NULL,NULL,NULL,3,70,0,NULL,NULL,NULL,NULL),(338,1,6,'987830503','34987830503',NULL,'none','','user',304,NULL,NULL,NULL,NULL,NULL,NULL,3,70,0,NULL,NULL,NULL,NULL),(339,2,10,'910770153','34910770153',NULL,'none','','user',371,NULL,NULL,NULL,NULL,NULL,NULL,9,70,0,NULL,NULL,NULL,NULL),(340,2,10,'910770154','34910770154',NULL,'none','','user',372,NULL,NULL,NULL,NULL,NULL,NULL,9,70,0,NULL,NULL,NULL,NULL),(341,2,19,'910770148','34910770148',NULL,'all','','user',333,NULL,NULL,NULL,NULL,NULL,NULL,9,70,0,NULL,NULL,NULL,NULL),(342,2,19,'910770149','34910770149',NULL,'all','','user',365,NULL,NULL,NULL,NULL,NULL,NULL,9,70,0,NULL,NULL,NULL,NULL);
/*!40000 ALTER TABLE `DDIs` ENABLE KEYS */;
UNLOCK TABLES;

--
-- Table structure for table `Domains`
--

DROP TABLE IF EXISTS `Domains`;
/*!40101 SET @saved_cs_client     = @@character_set_client */;
/*!40101 SET character_set_client = utf8 */;
CREATE TABLE `Domains` (
  `id` int(10) unsigned NOT NULL AUTO_INCREMENT,
  `domain` varchar(190) NOT NULL,
  `scope` enum('global','company','brand') NOT NULL DEFAULT 'global',
  `pointsTo` enum('proxyusers','proxytrunks') NOT NULL DEFAULT 'proxyusers',
  `brandId` int(10) unsigned DEFAULT NULL,
  `companyId` int(10) unsigned DEFAULT NULL,
  `description` varchar(500) DEFAULT NULL,
  PRIMARY KEY (`id`),
  UNIQUE KEY `domain` (`domain`),
  UNIQUE KEY `one_domain_per_brand` (`pointsTo`,`brandId`),
  UNIQUE KEY `one_domain_per_company` (`pointsTo`,`companyId`),
  KEY `brandId` (`brandId`),
  KEY `companyId` (`companyId`),
  CONSTRAINT `Domains_ibfk_1` FOREIGN KEY (`companyId`) REFERENCES `Companies` (`id`) ON DELETE CASCADE ON UPDATE CASCADE,
  CONSTRAINT `Domains_ibfk_2` FOREIGN KEY (`brandId`) REFERENCES `Brands` (`id`) ON DELETE CASCADE ON UPDATE CASCADE
) ENGINE=InnoDB AUTO_INCREMENT=27 DEFAULT CHARSET=utf8 COMMENT='[entity][rest]';
/*!40101 SET character_set_client = @saved_cs_client */;

--
-- Dumping data for table `Domains`
--

LOCK TABLES `Domains` WRITE;
/*!40000 ALTER TABLE `Domains` DISABLE KEYS */;
INSERT INTO `Domains` VALUES (1,'users.ivozprovider.local','global','proxyusers',NULL,NULL,'Minimal proxyusers global domain'),(2,'trunks.ivozprovider.local','global','proxytrunks',NULL,NULL,'Minimal proxytrunks global domain'),(6,'agronovo-voz.tedra.es','company','proxyusers',NULL,5,'AGRONOVO ECOLOXIA SL proxyusers domain'),(8,'irontec-tedra.irontec.com','company','proxyusers',NULL,3,'Irontec (pruebas) proxyusers domain'),(11,'tedra-voz.tedra.es','company','proxyusers',NULL,6,'TEDRA SISTEMAS SL proxyusers domain'),(12,'profit-voz.tedra.es','company','proxyusers',NULL,7,'SERRANO CAPITAL S.A. proxyusers domain'),(13,'altamar-voz.tedra.es','company','proxyusers',NULL,8,'ALTAMAR CAPITAL PARTNERS SL proxyusers domain'),(14,'alvarez-voz.tedra.es','company','proxyusers',NULL,9,'ALVAREZ Y ASOCIADOS ESTETICA SL proxyusers domain'),(15,'novaquality-voz.mgiconsultores.com','company','proxyusers',NULL,10,'NOVAQUALITY CONSULTING proxyusers domain'),(16,'april-voz.mgiconsultores.com','company','proxyusers',NULL,11,'APRIL proxyusers domain'),(17,'miguelherrero-voz.tedra.es','company','proxyusers',NULL,12,'MIGUEL HERRERO COLLANTES proxyusers domain'),(19,'miramar-voz.tedra.es','company','proxyusers',NULL,15,'MIRAMAR CRUCEROS proxyusers domain'),(20,'rafaelsanchez-voz.tedra.es','company','proxyusers',NULL,16,'Rafael Sánchez proxyusers domain'),(21,'sip.tedra.es','brand','proxyusers',1,NULL,'TEDRA COMMUNICATIONS proxyusers domain'),(22,'clinicaeras-voz.tedra.es','company','proxyusers',NULL,18,'CLINICA ERAS proxyusers domain'),(23,'fbconsultores-voz.tedra.es','company','proxyusers',NULL,13,'FB CONSULTORES SL proxyusers domain'),(24,'varianza-voz.mgiconsultores.com','company','proxyusers',NULL,19,'VARIANZA proxyusers domain'),(25,'iberiacards-voz.mgiconsultores.com','company','proxyusers',NULL,20,'IBERIA CARDS proxyusers domain'),(26,'pbx.grupoohleon.com','company','proxyusers',NULL,21,'GRUPO OH LEON proxyusers domain');
/*!40000 ALTER TABLE `Domains` ENABLE KEYS */;
UNLOCK TABLES;

--
-- Table structure for table `EtagVersions`
--

DROP TABLE IF EXISTS `EtagVersions`;
/*!40101 SET @saved_cs_client     = @@character_set_client */;
/*!40101 SET character_set_client = utf8 */;
CREATE TABLE `EtagVersions` (
  `id` mediumint(8) unsigned NOT NULL AUTO_INCREMENT,
  `table` varchar(55) DEFAULT NULL,
  `etag` varchar(255) DEFAULT NULL,
  `lastChange` timestamp NULL DEFAULT NULL,
  PRIMARY KEY (`id`)
) ENGINE=InnoDB AUTO_INCREMENT=89 DEFAULT CHARSET=utf8 COMMENT='[entity][rest]';
/*!40101 SET character_set_client = @saved_cs_client */;

--
-- Dumping data for table `EtagVersions`
--

LOCK TABLES `EtagVersions` WRITE;
/*!40000 ALTER TABLE `EtagVersions` DISABLE KEYS */;
INSERT INTO `EtagVersions` VALUES (1,'Brands','b5bb6cc01f2fc6e8916ea79bc12a916a','2017-07-25 10:32:27'),(2,'Domains','a5a3e0bf86bdcdcc1d91bd43f3b76a74','2017-10-22 15:40:03'),(3,'PeeringContracts','a2c1db94a25450f0f1dfdbcea3159ae5','2017-10-22 15:35:27'),(4,'PeerServers','aed79cb2daa09a8cd5a1c36aa4465786','2017-10-22 15:37:43'),(5,'KamTrunksUacreg','56a56f403f9c371205c112876ff5e418','2017-10-22 15:38:48'),(6,'XMLRPCLogs','aa824e7afb2e063819244505f1e636b6','2017-10-22 15:38:49'),(7,'ApplicationServers','f7b773ebbb1eb427e0fc46faaa55bb33','2017-07-14 13:37:56'),(8,'KamDispatcher','4a287ccc803a89ddb423ffd5cf74bda7','2016-10-25 16:28:44'),(9,'ProxyUsers','082d1995a3566a57189f75647a13f62b','2016-06-01 10:48:24'),(10,'ProxyTrunks','81991caa877747d43ba101941c92eda8','2016-06-01 10:48:58'),(11,'AstPsEndpoints','07cf087e8e31ef511fcff28725a33350','2017-10-24 16:08:11'),(12,'TransformationRulesetGroupsTrunks','fd1206c8e0f953009e934bc6a69fed4a','2017-04-07 11:37:55'),(13,'KamTrunksDialplan','aa80da33607274ec1867a7685d62a975','2017-04-12 10:47:20'),(14,'Companies','d3406cb2004b43c22614f13e78c7a968','2017-10-22 15:40:03'),(15,'GenericMusicOnHold','3eec289a81c31055b16420f32b327fe5','2016-10-28 11:39:29'),(16,'AstMusiconhold','2081fe0afcc63ac1f31f22b060a40297','2017-07-19 07:47:01'),(17,'BrandServices','2231a4db597fc070a9338963a1cab8f8','2016-10-26 14:59:01'),(18,'GenericCallACLPatterns','045909ee39c6f440282a69d41424ba38','2016-12-07 15:26:06'),(19,'InvoiceTemplates','dbd61e302ce95318965c6b060bf1cce2','2017-07-03 16:17:11'),(20,'CallACLPatterns','7d1ca9d48f156cfb6f6d6640960af4ca','2017-10-22 15:40:03'),(21,'CompanyAdmins','a5dc498362f834430451a3ff21b7fd24','2017-10-17 15:02:31'),(22,'CallACL','fe17141c0c58cc5c151d8b9117c18e88','2017-09-11 07:09:23'),(23,'CallACLRelPatterns','466d5c3376d7982781d21f8e92adcd29','2017-09-11 07:09:14'),(24,'Terminals','fb7cba4d4b8f21f8751f58cab132555d','2017-10-24 16:08:11'),(25,'AstPsAors','f7c26ea3fc70b59a7e37db447f6c550a','2017-10-24 16:08:11'),(26,'Extensions','e03f8055a2e6e75176e538881b4bcc4f','2017-10-20 12:32:17'),(27,'Users','d1f5dee67e6c2760f15ea2a8268dc607','2017-10-20 13:21:51'),(28,'AstVoicemail','5fc8f343d5a1abfb83bddb3e19001496','2017-10-20 12:32:17'),(29,'PricingPlans','1d539d184b567e997d34adfd5e6754d5','2017-07-31 07:46:33'),(30,'TargetPatterns','d7f0a95d72ee9779f8b7cb01837d0e15','2016-10-27 10:52:43'),(31,'PricingPlansRelTargetPatterns','422d73268a4a549d98321e35081a32cb','2017-01-12 12:05:24'),(32,'KamUsersAddress','dc0fb9260db953d2d81825e4eac9cd3b','2017-10-17 14:08:58'),(33,'TargetGroupsRelPatterns','3b58753c5e68bcdddf08da6a091bd9ec','2016-07-11 10:41:23'),(34,'TargetGroups','f7056070e38d998cb9d441aa58611c32','2016-07-11 10:41:23'),(35,'OutgoingRouting','ba59e6e93034dd778771d0e24ce7a837','2017-10-22 15:43:45'),(36,'LcrRules','e5984b2871359735a45f2f791d44340c','2017-10-22 15:43:52'),(37,'LcrGateways','803d93d981cfc35f96892958f95996d9','2017-10-22 15:37:43'),(38,'LcrRuleTargets','5d1f2810b5b8484297f8ca90a9ce0e7c','2017-10-22 15:43:56'),(39,'PricingPlansRelCompanies','5aa07ccddaedc1c1df52c5c464d07935','2017-10-04 11:16:13'),(40,'DDIs','7c1487678343313b8dbc4ed3aad54d87','2017-10-20 12:32:53'),(41,'BrandURLs','1cbbeae5e25c24c724d03c3d3b47040d','2016-11-09 11:19:01'),(42,'BrandOperators','97a113a6cd08e6f1af190f3dbf21d75e','2017-06-04 16:55:07'),(43,'KamRtpproxy','989f889333817ee008f11b2c97ea20ce','2017-07-03 13:36:36'),(44,'MediaRelaySets','1e0bcc9ad53bc07e113f6b9cfb078d6c','2017-07-03 13:36:10'),(45,'KamAccCdrs','a58a7dfa1cf976481f25043d862af86e','2017-10-24 16:04:35'),(46,'Invoices','8909fb0b5c089dbd5053359d5fb15840','2017-10-02 08:16:53'),(47,'FixedCosts','2c71d758308aad06b9babc19e8ce8547','2016-06-07 10:33:37'),(48,'FixedCostsRelInvoices','3725120d58de2bd79c2158fe389bf591','2016-06-07 10:33:57'),(49,'HuntGroups','3b1b5aeed0225dbec744b7dce298769d','2017-09-08 16:28:36'),(50,'HuntGroupsRelUsers','d1b99c4a382ac304076bd3155ca7a7c1','2017-10-16 08:01:46'),(51,'Schedules','28f242c5e13b1f201cbe10842b60b994','2017-09-08 11:17:45'),(52,'Calendars','9839319b801c0ecf6e8449e0173003e2','2017-09-08 11:19:15'),(53,'ExternalCallFilterRelCalendars','f1cc6d2c9f07592f9db4ff70b6c30dc4','2017-10-11 21:35:53'),(54,'ExternalCallFilterRelSchedules','c8fbd520411c6f26896937f1e1296c4a','2017-10-16 13:50:50'),(55,'ExternalCallFilters','54c90511cea4c144f2c917a5d6d96ab0','2017-10-16 13:50:50'),(56,'Locutions','cdca8e6c831c00c2be381d19911f3d19','2017-09-08 11:13:32'),(57,'IVRCommon','dbea8f04df84a5fe1632c05ed7af4fb5','2016-06-17 07:57:18'),(58,'HolidayDates','7b0f1f45961e9ef76632ac9198ed7e4f','2017-04-12 11:53:30'),(59,'IVRCustom','8483ebde67dcae71b920f02106b9aacd','2017-09-08 11:26:45'),(60,'IVRCustomEntries','1f3bba270b3294b57ec2919ea33afe9e','2017-09-11 07:11:15'),(61,'PickUpRelUsers','a5eacea76d26083c95b44d180587bc2a','2017-10-20 12:28:26'),(62,'PickUpGroups','f69cb22cf86afea3e9e2d611aa1ca257','2017-10-16 08:18:35'),(63,'MusicOnHold','64db366f241a4b4c500b33be06d3f3eb','2017-07-19 07:47:19'),(64,'MainOperators','48eb2b39d0001e0516cfb5fae7b4d164','2017-10-02 11:11:36'),(65,'CompanyServices','037f6b130a41b05ff2e46f9d332e2319','2017-10-22 15:40:03'),(66,'CallForwardSettings','c82106723cacc4d55336f97c044f708a','2017-10-16 08:13:18'),(67,'Faxes','61d04311a024061f6e9ea006e8452001','2017-07-07 08:34:35'),(68,'ParsedCDRs','c9fef88b9efceff1827a4f901e101c86','2016-06-08 14:17:10'),(69,'TerminalManufacturers','5af4f2d5396482d63f1d424dc71ecf66','2016-06-23 07:59:14'),(70,'TerminalModels','7b637eb59ac2fff03460165a5c9944ec','2017-06-26 08:46:52'),(71,'ConferenceRooms','09f4a4d9a61416c410e00f1ee64410d0','2016-06-20 14:44:53'),(72,'KamPikeTrusted','020c7bbdba7a7fb1683f30e40253a465','2017-06-13 10:33:13'),(73,'RoutingPatterns','7057d153e11d9f00b58a569badd7802b','2016-11-21 14:16:43'),(74,'RoutingPatternGroups','c04a41a66013239738f656d21e9d87a6','2016-10-27 10:17:36'),(75,'RoutingPatternGroupsRelPatterns','84fa29b78453f15f302e48ca9ff2e13f','2016-10-27 10:17:46'),(76,'KamUsersDomainAttrs','83249b4f35d03d4f02908cdb82bb06f9','2017-10-22 15:40:03'),(77,'ChangeHistory','a7213c089f402503e64c37bddf7fc01c','2017-10-24 16:08:11'),(78,'FaxesInOut','4aaf01e662ed0f91e24c520790470f22','2017-10-23 15:58:29'),(79,'Recordings','0c73a6c12831d1739c2343c39f309f92','2017-10-24 15:52:48'),(80,'Friends','5453253e03c0f4e9e60eff00eb75f791','2017-06-06 19:00:41'),(81,'FriendsPatterns','2518bd2f43c9d6d1720ed96da69637b3','2017-06-06 19:02:03'),(82,'FeaturesRelBrands','7b49935d84dbe06efa0a92d95c4157bc','2017-07-25 10:32:27'),(83,'FeaturesRelCompanies','d1d2c7a24cbc4cfd68ff41d8006b98a4','2017-10-17 15:04:48'),(84,'RetailAccounts','ed7b204d4e9834c3e4b5bcd29e47bb16','2017-09-27 13:20:25'),(85,'MatchLists','252a4146d5e3ad9aec88fe3b2c2c75fb','2017-10-16 11:08:56'),(86,'MatchListPatterns','1578a9e634d8a13aaed114cbd4936c0a','2017-10-16 13:51:26'),(87,'ExternalCallFilterBlackLists','6e14729440bd1dc56869a2d7af4057c4','2017-10-16 13:50:50'),(88,'ExternalCallFilterWhiteLists','94dc94bd636edd21044bf127ae0d358d','2017-10-16 13:50:50');
/*!40000 ALTER TABLE `EtagVersions` ENABLE KEYS */;
UNLOCK TABLES;

--
-- Table structure for table `Extensions`
--

DROP TABLE IF EXISTS `Extensions`;
/*!40101 SET @saved_cs_client     = @@character_set_client */;
/*!40101 SET character_set_client = utf8 */;
CREATE TABLE `Extensions` (
  `id` int(10) unsigned NOT NULL AUTO_INCREMENT,
  `companyId` int(10) unsigned NOT NULL,
  `number` varchar(10) NOT NULL,
  `routeType` varchar(25) DEFAULT NULL COMMENT '[enum:user|number|IVRCommon|IVRCustom|huntGroup|conferenceRoom|friend|queue|retailAccount|conditional]',
  `IVRCommonId` int(10) unsigned DEFAULT NULL,
  `IVRCustomId` int(10) unsigned DEFAULT NULL,
  `huntGroupId` int(10) unsigned DEFAULT NULL,
  `conferenceRoomId` int(10) unsigned DEFAULT NULL,
  `userId` int(10) unsigned DEFAULT NULL,
  `numberValue` varchar(25) DEFAULT NULL,
  `friendValue` varchar(25) DEFAULT NULL,
  `queueId` int(10) unsigned DEFAULT NULL,
  `conditionalRouteId` int(10) unsigned DEFAULT NULL,
  PRIMARY KEY (`id`),
  UNIQUE KEY `companyId_2` (`companyId`,`number`),
  KEY `companyId` (`companyId`),
  KEY `IVRCommonId` (`IVRCommonId`),
  KEY `IVRCustomId` (`IVRCustomId`),
  KEY `huntGroupId` (`huntGroupId`),
  KEY `conferenceRoomId` (`conferenceRoomId`),
  KEY `userId` (`userId`),
  KEY `queueId` (`queueId`),
  KEY `conditionalRouteId` (`conditionalRouteId`),
  CONSTRAINT `Extensions_ibfk_8` FOREIGN KEY (`conditionalRouteId`) REFERENCES `ConditionalRoutes` (`id`) ON DELETE SET NULL,
  CONSTRAINT `Extensions_ibfk_1` FOREIGN KEY (`companyId`) REFERENCES `Companies` (`id`) ON DELETE CASCADE,
  CONSTRAINT `Extensions_ibfk_2` FOREIGN KEY (`IVRCommonId`) REFERENCES `IVRCommon` (`id`) ON DELETE SET NULL,
  CONSTRAINT `Extensions_ibfk_3` FOREIGN KEY (`IVRCustomId`) REFERENCES `IVRCustom` (`id`) ON DELETE SET NULL,
  CONSTRAINT `Extensions_ibfk_4` FOREIGN KEY (`huntGroupId`) REFERENCES `HuntGroups` (`id`) ON DELETE SET NULL,
  CONSTRAINT `Extensions_ibfk_5` FOREIGN KEY (`conferenceRoomId`) REFERENCES `ConferenceRooms` (`id`) ON DELETE SET NULL ON UPDATE CASCADE,
  CONSTRAINT `Extensions_ibfk_6` FOREIGN KEY (`userId`) REFERENCES `Users` (`id`) ON DELETE SET NULL,
  CONSTRAINT `Extensions_ibfk_7` FOREIGN KEY (`queueId`) REFERENCES `Queues` (`id`) ON DELETE SET NULL
) ENGINE=InnoDB AUTO_INCREMENT=608 DEFAULT CHARSET=utf8 COMMENT='[entity][rest]';
/*!40101 SET character_set_client = @saved_cs_client */;

--
-- Dumping data for table `Extensions`
--

LOCK TABLES `Extensions` WRITE;
/*!40000 ALTER TABLE `Extensions` DISABLE KEYS */;
INSERT INTO `Extensions` VALUES (3,3,'1001','user',NULL,NULL,NULL,NULL,29,NULL,NULL,NULL,NULL),(13,5,'11','user',NULL,NULL,NULL,NULL,NULL,NULL,NULL,NULL,NULL),(14,5,'22','user',NULL,NULL,NULL,NULL,12,NULL,NULL,NULL,NULL),(15,5,'33','user',NULL,NULL,NULL,NULL,11,NULL,NULL,NULL,NULL),(16,5,'44','user',NULL,NULL,NULL,NULL,9,NULL,NULL,NULL,NULL),(17,5,'55','user',NULL,NULL,NULL,NULL,10,NULL,NULL,NULL,NULL),(18,5,'66','user',NULL,NULL,NULL,NULL,13,NULL,NULL,NULL,NULL),(19,5,'99','user',NULL,NULL,NULL,NULL,NULL,NULL,NULL,NULL,NULL),(24,6,'502','user',NULL,NULL,NULL,NULL,296,NULL,NULL,NULL,NULL),(27,7,'209','user',NULL,NULL,NULL,NULL,24,NULL,NULL,NULL,NULL),(28,7,'212','user',NULL,NULL,NULL,NULL,25,NULL,NULL,NULL,NULL),(29,7,'208','user',NULL,NULL,NULL,NULL,26,NULL,NULL,NULL,NULL),(30,7,'200','user',NULL,NULL,NULL,NULL,27,NULL,NULL,NULL,NULL),(31,7,'201','user',NULL,NULL,NULL,NULL,28,NULL,NULL,NULL,NULL),(32,3,'1007','user',NULL,NULL,NULL,NULL,3,NULL,NULL,NULL,NULL),(33,6,'598','user',NULL,NULL,NULL,NULL,30,NULL,NULL,NULL,NULL),(34,3,'1002','user',NULL,NULL,NULL,NULL,31,NULL,NULL,NULL,NULL),(36,7,'202','user',NULL,NULL,NULL,NULL,33,NULL,NULL,NULL,NULL),(37,7,'203','user',NULL,NULL,NULL,NULL,34,NULL,NULL,NULL,NULL),(38,7,'204','user',NULL,NULL,NULL,NULL,NULL,NULL,NULL,NULL,NULL),(39,7,'205','user',NULL,NULL,NULL,NULL,285,NULL,'',NULL,NULL),(40,7,'206','user',NULL,NULL,NULL,NULL,286,NULL,'',NULL,NULL),(41,7,'207','user',NULL,NULL,NULL,NULL,287,NULL,'',NULL,NULL),(42,7,'210','user',NULL,NULL,NULL,NULL,35,NULL,NULL,NULL,NULL),(43,7,'211','user',NULL,NULL,NULL,NULL,36,NULL,NULL,NULL,NULL),(44,7,'213','user',NULL,NULL,NULL,NULL,37,NULL,NULL,NULL,NULL),(45,7,'216','user',NULL,NULL,NULL,NULL,38,NULL,NULL,NULL,NULL),(46,7,'217','user',NULL,NULL,NULL,NULL,39,NULL,NULL,NULL,NULL),(47,7,'218','user',NULL,NULL,NULL,NULL,40,NULL,NULL,NULL,NULL),(48,7,'220','user',NULL,NULL,NULL,NULL,41,NULL,NULL,NULL,NULL),(49,6,'303','user',NULL,NULL,NULL,NULL,42,NULL,NULL,NULL,NULL),(50,9,'11','user',NULL,NULL,NULL,NULL,43,NULL,NULL,NULL,NULL),(51,9,'22','user',NULL,NULL,NULL,NULL,45,NULL,NULL,NULL,NULL),(52,9,'33','user',NULL,NULL,NULL,NULL,46,NULL,NULL,NULL,NULL),(53,9,'666','user',NULL,NULL,NULL,NULL,44,NULL,NULL,NULL,NULL),(54,9,'55','user',NULL,NULL,NULL,NULL,47,NULL,NULL,NULL,NULL),(55,9,'44','user',NULL,NULL,NULL,NULL,48,NULL,NULL,NULL,NULL),(57,3,'2001','huntGroup',NULL,NULL,8,NULL,NULL,NULL,NULL,NULL,NULL),(58,3,'3000','user',NULL,NULL,NULL,NULL,NULL,NULL,NULL,NULL,NULL),(59,3,'22222','user',NULL,NULL,NULL,NULL,NULL,NULL,NULL,NULL,NULL),(60,3,'7000','user',NULL,NULL,NULL,NULL,56,NULL,NULL,NULL,NULL),(61,6,'998','user',NULL,NULL,NULL,NULL,57,NULL,NULL,NULL,NULL),(62,10,'210','user',NULL,NULL,NULL,NULL,58,NULL,NULL,NULL,NULL),(63,10,'211','user',NULL,NULL,NULL,NULL,59,NULL,NULL,NULL,NULL),(64,10,'212','user',NULL,NULL,NULL,NULL,60,NULL,NULL,NULL,NULL),(65,10,'213','user',NULL,NULL,NULL,NULL,61,NULL,NULL,NULL,NULL),(66,10,'214','user',NULL,NULL,NULL,NULL,62,NULL,NULL,NULL,NULL),(67,10,'215','user',NULL,NULL,NULL,NULL,63,NULL,NULL,NULL,NULL),(68,10,'216','user',NULL,NULL,NULL,NULL,64,NULL,NULL,NULL,NULL),(69,10,'217','user',NULL,NULL,NULL,NULL,65,NULL,NULL,NULL,NULL),(70,10,'218','user',NULL,NULL,NULL,NULL,66,NULL,NULL,NULL,NULL),(71,10,'219','user',NULL,NULL,NULL,NULL,67,NULL,NULL,NULL,NULL),(72,10,'200','user',NULL,NULL,NULL,NULL,68,NULL,NULL,NULL,NULL),(73,10,'201','user',NULL,NULL,NULL,NULL,69,NULL,NULL,NULL,NULL),(74,10,'202','user',NULL,NULL,NULL,NULL,70,NULL,'',NULL,NULL),(75,10,'203','user',NULL,NULL,NULL,NULL,71,NULL,NULL,NULL,NULL),(76,10,'204','user',NULL,NULL,NULL,NULL,72,NULL,NULL,NULL,NULL),(77,10,'205','user',NULL,NULL,NULL,NULL,73,NULL,NULL,NULL,NULL),(78,10,'206','user',NULL,NULL,NULL,NULL,74,NULL,NULL,NULL,NULL),(79,10,'207','user',NULL,NULL,NULL,NULL,75,NULL,NULL,NULL,NULL),(80,10,'208','user',NULL,NULL,NULL,NULL,76,NULL,NULL,NULL,NULL),(81,10,'209','user',NULL,NULL,NULL,NULL,77,NULL,NULL,NULL,NULL),(85,8,'950','user',NULL,NULL,NULL,NULL,80,NULL,NULL,NULL,NULL),(86,8,'951','user',NULL,NULL,NULL,NULL,80,NULL,NULL,NULL,NULL),(87,8,'952','user',NULL,NULL,NULL,NULL,83,NULL,NULL,NULL,NULL),(88,8,'953','user',NULL,NULL,NULL,NULL,82,NULL,NULL,NULL,NULL),(89,8,'954','user',NULL,NULL,NULL,NULL,86,NULL,NULL,NULL,NULL),(90,8,'955','user',NULL,NULL,NULL,NULL,92,NULL,'',NULL,NULL),(91,8,'956','user',NULL,NULL,NULL,NULL,NULL,NULL,NULL,NULL,NULL),(92,8,'957','user',NULL,NULL,NULL,NULL,80,NULL,NULL,NULL,NULL),(93,8,'958','user',NULL,NULL,NULL,NULL,138,NULL,NULL,NULL,NULL),(94,8,'959','user',NULL,NULL,NULL,NULL,85,NULL,NULL,NULL,NULL),(95,8,'700','user',NULL,NULL,NULL,NULL,196,NULL,NULL,NULL,NULL),(96,8,'701','user',NULL,NULL,NULL,NULL,194,NULL,'',NULL,NULL),(97,8,'702','user',NULL,NULL,NULL,NULL,140,NULL,'',NULL,NULL),(98,8,'703','user',NULL,NULL,NULL,NULL,139,NULL,'',NULL,NULL),(99,8,'704','user',NULL,NULL,NULL,NULL,111,NULL,'',NULL,NULL),(100,8,'705','user',NULL,NULL,NULL,NULL,134,NULL,'',NULL,NULL),(101,8,'706','user',NULL,NULL,NULL,NULL,138,NULL,'',NULL,NULL),(102,8,'707','user',NULL,NULL,NULL,NULL,190,NULL,'707',NULL,NULL),(103,8,'708','user',NULL,NULL,NULL,NULL,137,NULL,'',NULL,NULL),(104,8,'709','user',NULL,NULL,NULL,NULL,135,NULL,'',NULL,NULL),(105,8,'710','user',NULL,NULL,NULL,NULL,114,NULL,'710',NULL,NULL),(106,8,'711','user',NULL,NULL,NULL,NULL,122,NULL,'',NULL,NULL),(107,8,'712','user',NULL,NULL,NULL,NULL,119,NULL,'',NULL,NULL),(108,8,'713','user',NULL,NULL,NULL,NULL,127,NULL,'',NULL,NULL),(109,8,'714','user',NULL,NULL,NULL,NULL,113,NULL,'',NULL,NULL),(110,8,'715','user',NULL,NULL,NULL,NULL,109,NULL,'',NULL,NULL),(111,8,'716','user',NULL,NULL,NULL,NULL,142,NULL,'',NULL,NULL),(112,8,'717','user',NULL,NULL,NULL,NULL,167,NULL,'',NULL,NULL),(113,8,'718','user',NULL,NULL,NULL,NULL,141,NULL,'',NULL,NULL),(114,8,'719','user',NULL,NULL,NULL,NULL,243,NULL,'',NULL,NULL),(115,8,'720','user',NULL,NULL,NULL,NULL,110,NULL,'',NULL,NULL),(116,8,'721','user',NULL,NULL,NULL,NULL,131,NULL,'',NULL,NULL),(117,8,'722','user',NULL,NULL,NULL,NULL,107,NULL,'',NULL,NULL),(118,8,'723','user',NULL,NULL,NULL,NULL,157,NULL,'',NULL,NULL),(119,8,'724','friend',NULL,NULL,NULL,NULL,NULL,NULL,'724',NULL,NULL),(120,8,'725','user',NULL,NULL,NULL,NULL,195,NULL,'',NULL,NULL),(121,8,'726','user',NULL,NULL,NULL,NULL,368,NULL,NULL,NULL,NULL),(124,8,'729','user',NULL,NULL,NULL,NULL,331,NULL,NULL,NULL,NULL),(125,8,'730','user',NULL,NULL,NULL,NULL,153,NULL,'',NULL,NULL),(126,8,'731','user',NULL,NULL,NULL,NULL,277,NULL,'',NULL,NULL),(127,8,'732','user',NULL,NULL,NULL,NULL,280,NULL,'',NULL,NULL),(128,8,'733','user',NULL,NULL,NULL,NULL,374,NULL,NULL,NULL,NULL),(129,8,'734','user',NULL,NULL,NULL,NULL,244,NULL,'',NULL,NULL),(130,8,'735','user',NULL,NULL,NULL,NULL,332,NULL,NULL,NULL,NULL),(131,8,'99999736','number',NULL,NULL,NULL,NULL,NULL,'912900736',NULL,NULL,NULL),(132,8,'737','user',NULL,NULL,NULL,NULL,106,NULL,'',NULL,NULL),(133,8,'738','user',NULL,NULL,NULL,NULL,112,NULL,'',NULL,NULL),(134,8,'739','user',NULL,NULL,NULL,NULL,202,NULL,'',NULL,NULL),(135,8,'740','user',NULL,NULL,NULL,NULL,149,NULL,'',NULL,NULL),(136,8,'741','user',NULL,NULL,NULL,NULL,300,NULL,NULL,NULL,NULL),(137,8,'742','user',NULL,NULL,NULL,NULL,197,NULL,'',NULL,NULL),(138,8,'743','user',NULL,NULL,NULL,NULL,128,NULL,'',NULL,NULL),(139,8,'744','user',NULL,NULL,NULL,NULL,120,NULL,'744',NULL,NULL),(140,8,'745','user',NULL,NULL,NULL,NULL,118,NULL,'',NULL,NULL),(141,8,'746','user',NULL,NULL,NULL,NULL,144,NULL,NULL,NULL,NULL),(142,8,'747','user',NULL,NULL,NULL,NULL,101,NULL,'',NULL,NULL),(143,8,'748','user',NULL,NULL,NULL,NULL,100,NULL,'',NULL,NULL),(144,8,'749','user',NULL,NULL,NULL,NULL,248,NULL,'',NULL,NULL),(145,8,'750','user',NULL,NULL,NULL,NULL,199,NULL,'750',NULL,NULL),(146,8,'751','user',NULL,NULL,NULL,NULL,123,NULL,'',NULL,NULL),(147,8,'752','user',NULL,NULL,NULL,NULL,102,NULL,'',NULL,NULL),(148,8,'753','user',NULL,NULL,NULL,NULL,124,NULL,'',NULL,NULL),(149,8,'754','user',NULL,NULL,NULL,NULL,117,NULL,'754',NULL,NULL),(150,8,'755','user',NULL,NULL,NULL,NULL,130,NULL,'',NULL,NULL),(151,8,'99999756','number',NULL,NULL,NULL,NULL,NULL,'912900756',NULL,NULL,NULL),(152,8,'757','user',NULL,NULL,NULL,NULL,115,NULL,'',NULL,NULL),(153,8,'758','user',NULL,NULL,NULL,NULL,164,NULL,'',NULL,NULL),(154,8,'759','user',NULL,NULL,NULL,NULL,147,NULL,'',NULL,NULL),(155,8,'760','user',NULL,NULL,NULL,NULL,155,NULL,'',NULL,NULL),(156,8,'761','user',NULL,NULL,NULL,NULL,143,NULL,'',NULL,NULL),(157,8,'762','user',NULL,NULL,NULL,NULL,150,NULL,'',NULL,NULL),(158,8,'763','user',NULL,NULL,NULL,NULL,151,NULL,'',NULL,NULL),(159,8,'764','user',NULL,NULL,NULL,NULL,163,NULL,'',NULL,NULL),(160,8,'765','user',NULL,NULL,NULL,NULL,154,NULL,'',NULL,NULL),(161,8,'766','user',NULL,NULL,NULL,NULL,152,NULL,'',NULL,NULL),(162,8,'767','user',NULL,NULL,NULL,NULL,103,NULL,'',NULL,NULL),(163,8,'768','user',NULL,NULL,NULL,NULL,279,NULL,'',NULL,NULL),(165,8,'770','user',NULL,NULL,NULL,NULL,125,NULL,'',NULL,NULL),(166,8,'771','user',NULL,NULL,NULL,NULL,182,NULL,'',NULL,NULL),(167,8,'772','user',NULL,NULL,NULL,NULL,179,NULL,'',NULL,NULL),(168,8,'773','user',NULL,NULL,NULL,NULL,330,NULL,NULL,NULL,NULL),(169,8,'774','user',NULL,NULL,NULL,NULL,181,NULL,'',NULL,NULL),(170,8,'775','user',NULL,NULL,NULL,NULL,178,NULL,'',NULL,NULL),(171,8,'776','user',NULL,NULL,NULL,NULL,180,NULL,'',NULL,NULL),(172,8,'777','user',NULL,NULL,NULL,NULL,189,NULL,'',NULL,NULL),(173,8,'778',NULL,NULL,NULL,NULL,NULL,NULL,NULL,NULL,NULL,NULL),(174,8,'779','user',NULL,NULL,NULL,NULL,228,NULL,'',NULL,NULL),(175,8,'780','user',NULL,NULL,NULL,NULL,175,NULL,'',NULL,NULL),(176,8,'781','user',NULL,NULL,NULL,NULL,170,NULL,'',NULL,NULL),(177,8,'782','user',NULL,NULL,NULL,NULL,173,NULL,'',NULL,NULL),(178,8,'783','user',NULL,NULL,NULL,NULL,168,NULL,'',NULL,NULL),(179,8,'784','user',NULL,NULL,NULL,NULL,169,NULL,'',NULL,NULL),(180,8,'785','user',NULL,NULL,NULL,NULL,171,NULL,'',NULL,NULL),(181,8,'786','user',NULL,NULL,NULL,NULL,172,NULL,'',NULL,NULL),(182,8,'787','user',NULL,NULL,NULL,NULL,174,NULL,'',NULL,NULL),(183,8,'788','user',NULL,NULL,NULL,NULL,145,NULL,'',NULL,NULL),(184,8,'789','user',NULL,NULL,NULL,NULL,176,NULL,'',NULL,NULL),(185,8,'99999790','number',NULL,NULL,NULL,NULL,NULL,'912900790',NULL,NULL,NULL),(186,8,'791','user',NULL,NULL,NULL,NULL,211,NULL,'',NULL,NULL),(187,8,'99999792','number',NULL,NULL,NULL,NULL,NULL,'912900792',NULL,NULL,NULL),(188,8,'99999793','number',NULL,NULL,NULL,NULL,NULL,'912900793',NULL,NULL,NULL),(189,8,'99999794','number',NULL,NULL,NULL,NULL,NULL,'912900794',NULL,NULL,NULL),(190,8,'99999795','number',NULL,NULL,NULL,NULL,NULL,'912900795',NULL,NULL,NULL),(191,8,'796','user',NULL,NULL,NULL,NULL,121,NULL,'',NULL,NULL),(192,8,'797','user',NULL,NULL,NULL,NULL,136,NULL,'',NULL,NULL),(193,8,'798','user',NULL,NULL,NULL,NULL,302,NULL,NULL,NULL,NULL),(194,8,'799','user',NULL,NULL,NULL,NULL,212,NULL,'',NULL,NULL),(195,8,'600','user',NULL,NULL,NULL,NULL,370,NULL,NULL,NULL,NULL),(196,8,'601','user',NULL,NULL,NULL,NULL,148,NULL,'',NULL,NULL),(197,8,'602','user',NULL,NULL,NULL,NULL,146,NULL,'',NULL,NULL),(198,8,'603','user',NULL,NULL,NULL,NULL,116,NULL,'',NULL,NULL),(199,8,'604','user',NULL,NULL,NULL,NULL,104,NULL,'',NULL,NULL),(200,8,'605','user',NULL,NULL,NULL,NULL,192,NULL,'',NULL,NULL),(201,8,'606','user',NULL,NULL,NULL,NULL,156,NULL,'',NULL,NULL),(202,8,'607','user',NULL,NULL,NULL,NULL,159,NULL,'',NULL,NULL),(203,8,'608','user',NULL,NULL,NULL,NULL,160,NULL,'',NULL,NULL),(204,8,'609','user',NULL,NULL,NULL,NULL,193,NULL,'',NULL,NULL),(205,8,'610','user',NULL,NULL,NULL,NULL,191,NULL,'',NULL,NULL),(206,8,'611','user',NULL,NULL,NULL,NULL,166,NULL,'',NULL,NULL),(207,8,'612','user',NULL,NULL,NULL,NULL,158,NULL,'',NULL,NULL),(208,8,'613','user',NULL,NULL,NULL,NULL,188,NULL,'',NULL,NULL),(209,8,'614','user',NULL,NULL,NULL,NULL,229,NULL,'',NULL,NULL),(211,8,'616','user',NULL,NULL,NULL,NULL,227,NULL,'',NULL,NULL),(212,8,'617','user',NULL,NULL,NULL,NULL,251,NULL,'',NULL,NULL),(213,8,'618','user',NULL,NULL,NULL,NULL,275,NULL,'',NULL,NULL),(214,8,'99999619','number',NULL,NULL,NULL,NULL,NULL,'911092619',NULL,NULL,NULL),(215,8,'99999620','number',NULL,NULL,NULL,NULL,NULL,'911092620',NULL,NULL,NULL),(216,8,'99999621','number',NULL,NULL,NULL,NULL,NULL,'911092621',NULL,NULL,NULL),(217,8,'99999622','number',NULL,NULL,NULL,NULL,NULL,'911092622',NULL,NULL,NULL),(218,8,'99999623','number',NULL,NULL,NULL,NULL,NULL,'911092623',NULL,NULL,NULL),(219,8,'99999624','number',NULL,NULL,NULL,NULL,NULL,'911092624',NULL,NULL,NULL),(220,8,'99999625','number',NULL,NULL,NULL,NULL,NULL,'911092625',NULL,NULL,NULL),(221,8,'99999626','number',NULL,NULL,NULL,NULL,NULL,'911092626',NULL,NULL,NULL),(222,8,'99999627','number',NULL,NULL,NULL,NULL,NULL,'911092627',NULL,NULL,NULL),(223,8,'99999628','number',NULL,NULL,NULL,NULL,NULL,'911092628',NULL,NULL,NULL),(224,8,'99999629','number',NULL,NULL,NULL,NULL,NULL,'911092629',NULL,NULL,NULL),(225,8,'99999630','number',NULL,NULL,NULL,NULL,NULL,'911092630',NULL,NULL,NULL),(226,8,'99999631','number',NULL,NULL,NULL,NULL,NULL,'911092631',NULL,NULL,NULL),(227,8,'99999632','number',NULL,NULL,NULL,NULL,NULL,'911092632',NULL,NULL,NULL),(228,8,'99999633','number',NULL,NULL,NULL,NULL,NULL,'911092633',NULL,NULL,NULL),(229,8,'99999634','number',NULL,NULL,NULL,NULL,NULL,'911092634',NULL,NULL,NULL),(230,8,'99999635','number',NULL,NULL,NULL,NULL,NULL,'911092635',NULL,NULL,NULL),(231,8,'99999636','number',NULL,NULL,NULL,NULL,NULL,'911092636',NULL,NULL,NULL),(232,8,'99999637','number',NULL,NULL,NULL,NULL,NULL,'911092637',NULL,NULL,NULL),(233,8,'99999638','number',NULL,NULL,NULL,NULL,NULL,'911092638',NULL,NULL,NULL),(234,8,'99999639','number',NULL,NULL,NULL,NULL,NULL,'911092639',NULL,NULL,NULL),(235,8,'99999640','number',NULL,NULL,NULL,NULL,NULL,'911092640',NULL,NULL,NULL),(236,8,'99999641','number',NULL,NULL,NULL,NULL,NULL,'911092641',NULL,NULL,NULL),(237,8,'99999642','number',NULL,NULL,NULL,NULL,NULL,'911092642',NULL,NULL,NULL),(238,8,'99999643','number',NULL,NULL,NULL,NULL,NULL,'911092643',NULL,NULL,NULL),(239,8,'99999644','number',NULL,NULL,NULL,NULL,NULL,'911092644',NULL,NULL,NULL),(240,8,'99999645','number',NULL,NULL,NULL,NULL,NULL,'911092645',NULL,NULL,NULL),(241,8,'99999646','number',NULL,NULL,NULL,NULL,NULL,'911092646',NULL,NULL,NULL),(242,8,'99999647','number',NULL,NULL,NULL,NULL,NULL,'911092647',NULL,NULL,NULL),(243,8,'99999648','number',NULL,NULL,NULL,NULL,NULL,'911092648',NULL,NULL,NULL),(244,8,'99999649','number',NULL,NULL,NULL,NULL,NULL,'911092649',NULL,NULL,NULL),(245,8,'99999650','number',NULL,NULL,NULL,NULL,NULL,'911092650',NULL,NULL,NULL),(246,8,'99999651','number',NULL,NULL,NULL,NULL,NULL,'911092651',NULL,NULL,NULL),(247,8,'99999652','number',NULL,NULL,NULL,NULL,NULL,'911092652',NULL,NULL,NULL),(248,8,'99999653','number',NULL,NULL,NULL,NULL,NULL,'911092653',NULL,NULL,NULL),(249,8,'99999654','number',NULL,NULL,NULL,NULL,NULL,'911092654',NULL,NULL,NULL),(250,8,'99999655','number',NULL,NULL,NULL,NULL,NULL,'911092655',NULL,NULL,NULL),(251,8,'99999656','number',NULL,NULL,NULL,NULL,NULL,'911092656',NULL,NULL,NULL),(252,8,'99999657','number',NULL,NULL,NULL,NULL,NULL,'911092657',NULL,NULL,NULL),(253,8,'99999658','number',NULL,NULL,NULL,NULL,NULL,'911092658',NULL,NULL,NULL),(254,8,'99999659','number',NULL,NULL,NULL,NULL,NULL,'911092659',NULL,NULL,NULL),(255,8,'99999660','number',NULL,NULL,NULL,NULL,NULL,'911092660',NULL,NULL,NULL),(256,8,'99999661','number',NULL,NULL,NULL,NULL,NULL,'911092661',NULL,NULL,NULL),(257,8,'99999662','number',NULL,NULL,NULL,NULL,NULL,'911092662',NULL,NULL,NULL),(258,8,'99999663','number',NULL,NULL,NULL,NULL,NULL,'911092663',NULL,NULL,NULL),(259,8,'99999664','number',NULL,NULL,NULL,NULL,NULL,'911092664',NULL,NULL,NULL),(260,8,'99999665','number',NULL,NULL,NULL,NULL,NULL,'911092665',NULL,NULL,NULL),(261,8,'99999666','number',NULL,NULL,NULL,NULL,NULL,'911092666',NULL,NULL,NULL),(262,8,'99999667','number',NULL,NULL,NULL,NULL,NULL,'911092667',NULL,NULL,NULL),(263,8,'99999668','number',NULL,NULL,NULL,NULL,NULL,'911092668',NULL,NULL,NULL),(264,8,'99999669','number',NULL,NULL,NULL,NULL,NULL,'911092669',NULL,NULL,NULL),(265,8,'99999670','number',NULL,NULL,NULL,NULL,NULL,'911092670',NULL,NULL,NULL),(266,8,'99999671','number',NULL,NULL,NULL,NULL,NULL,'911092671',NULL,NULL,NULL),(267,8,'99999672','number',NULL,NULL,NULL,NULL,NULL,'911092672',NULL,NULL,NULL),(268,8,'99999673','number',NULL,NULL,NULL,NULL,NULL,'911092673',NULL,NULL,NULL),(269,8,'99999674','number',NULL,NULL,NULL,NULL,NULL,'911092674',NULL,NULL,NULL),(270,8,'99999675','number',NULL,NULL,NULL,NULL,NULL,'911092675',NULL,NULL,NULL),(271,8,'99999676','number',NULL,NULL,NULL,NULL,NULL,'911092676',NULL,NULL,NULL),(272,8,'99999677','number',NULL,NULL,NULL,NULL,NULL,'911092677',NULL,NULL,NULL),(273,8,'99999678','number',NULL,NULL,NULL,NULL,NULL,'911092678',NULL,NULL,NULL),(274,8,'99999679','number',NULL,NULL,NULL,NULL,NULL,'911092679',NULL,NULL,NULL),(275,8,'99999680','number',NULL,NULL,NULL,NULL,NULL,'911092680',NULL,NULL,NULL),(276,8,'99999681','number',NULL,NULL,NULL,NULL,NULL,'911092681',NULL,NULL,NULL),(277,8,'99999682','number',NULL,NULL,NULL,NULL,NULL,'911092682',NULL,NULL,NULL),(278,8,'99999683','number',NULL,NULL,NULL,NULL,NULL,'911092683',NULL,NULL,NULL),(279,8,'99999684','number',NULL,NULL,NULL,NULL,NULL,'911092684',NULL,NULL,NULL),(280,8,'99999685','number',NULL,NULL,NULL,NULL,NULL,'911092685',NULL,NULL,NULL),(281,8,'99999686','number',NULL,NULL,NULL,NULL,NULL,'911092686',NULL,NULL,NULL),(282,8,'99999687','number',NULL,NULL,NULL,NULL,NULL,'911092687',NULL,NULL,NULL),(283,8,'99999688','number',NULL,NULL,NULL,NULL,NULL,'911092688',NULL,NULL,NULL),(284,8,'99999689','number',NULL,NULL,NULL,NULL,NULL,'911092689',NULL,NULL,NULL),(285,8,'99999690','number',NULL,NULL,NULL,NULL,NULL,'911092690',NULL,NULL,NULL),(286,8,'99999691','number',NULL,NULL,NULL,NULL,NULL,'911092691',NULL,NULL,NULL),(287,8,'692','user',NULL,NULL,NULL,NULL,203,NULL,'',NULL,NULL),(288,8,'99999693','number',NULL,NULL,NULL,NULL,NULL,'911092693',NULL,NULL,NULL),(289,8,'694','user',NULL,NULL,NULL,NULL,204,NULL,'',NULL,NULL),(290,8,'695','user',NULL,NULL,NULL,NULL,205,NULL,'',NULL,NULL),(291,8,'696','user',NULL,NULL,NULL,NULL,206,NULL,'',NULL,NULL),(292,8,'697','user',NULL,NULL,NULL,NULL,207,NULL,'',NULL,NULL),(293,8,'698','user',NULL,NULL,NULL,NULL,223,NULL,'',NULL,NULL),(294,8,'99999699','number',NULL,NULL,NULL,NULL,NULL,'911092699',NULL,NULL,NULL),(295,3,'1221','number',NULL,NULL,NULL,NULL,NULL,'944048182',NULL,NULL,NULL),(296,11,'200','user',NULL,NULL,NULL,NULL,87,NULL,NULL,NULL,NULL),(297,11,'201','user',NULL,NULL,NULL,NULL,88,NULL,NULL,NULL,NULL),(301,3,'1020','user',NULL,NULL,NULL,NULL,95,NULL,'',NULL,NULL),(302,3,'1008','user',NULL,NULL,NULL,NULL,96,NULL,'',NULL,NULL),(303,10,'220','user',NULL,NULL,NULL,NULL,97,NULL,'',NULL,NULL),(304,12,'500','user',NULL,NULL,NULL,NULL,98,NULL,'',NULL,NULL),(305,8,'915','user',NULL,NULL,NULL,NULL,99,NULL,'',NULL,NULL),(306,8,'300','user',NULL,NULL,NULL,NULL,209,NULL,'',NULL,NULL),(310,8,'207','user',NULL,NULL,NULL,NULL,224,NULL,'',NULL,NULL),(311,8,'208','user',NULL,NULL,NULL,NULL,225,NULL,'',NULL,NULL),(312,8,'795','user',NULL,NULL,NULL,NULL,230,NULL,'',NULL,NULL),(313,8,'999','huntGroup',NULL,NULL,26,NULL,NULL,NULL,'',NULL,NULL),(314,8,'998','huntGroup',NULL,NULL,27,NULL,NULL,NULL,'',NULL,NULL),(315,8,'997','huntGroup',NULL,NULL,28,NULL,NULL,NULL,'',NULL,NULL),(316,8,'996','huntGroup',NULL,NULL,29,NULL,NULL,NULL,'',NULL,NULL),(317,8,'995','huntGroup',NULL,NULL,30,NULL,NULL,NULL,'',NULL,NULL),(319,8,'994','huntGroup',NULL,NULL,31,NULL,NULL,NULL,'',NULL,NULL),(320,8,'993','huntGroup',NULL,NULL,32,NULL,NULL,NULL,'',NULL,NULL),(321,8,'992','huntGroup',NULL,NULL,33,NULL,NULL,NULL,'',NULL,NULL),(324,8,'991','huntGroup',NULL,NULL,36,NULL,NULL,NULL,'',NULL,NULL),(325,8,'728','user',NULL,NULL,NULL,NULL,234,NULL,'',NULL,NULL),(326,8,'987','user',NULL,NULL,NULL,NULL,235,NULL,'',NULL,NULL),(327,8,'500','user',NULL,NULL,NULL,NULL,187,NULL,'',NULL,NULL),(328,8,'502','user',NULL,NULL,NULL,NULL,184,NULL,'',NULL,NULL),(329,8,'503','user',NULL,NULL,NULL,NULL,185,NULL,'',NULL,NULL),(330,8,'505','user',NULL,NULL,NULL,NULL,186,NULL,'',NULL,NULL),(331,8,'756','user',NULL,NULL,NULL,NULL,214,NULL,'',NULL,NULL),(332,8,'504','user',NULL,NULL,NULL,NULL,239,NULL,'',NULL,NULL),(333,8,'506','user',NULL,NULL,NULL,NULL,146,NULL,NULL,NULL,NULL),(334,8,'507','user',NULL,NULL,NULL,NULL,237,NULL,'',NULL,NULL),(335,8,'508','user',NULL,NULL,NULL,NULL,238,NULL,'',NULL,NULL),(336,8,'501','user',NULL,NULL,NULL,NULL,305,NULL,NULL,NULL,NULL),(337,8,'990','huntGroup',NULL,NULL,NULL,NULL,NULL,NULL,'',NULL,NULL),(338,8,'693','user',NULL,NULL,NULL,NULL,241,NULL,'',NULL,NULL),(339,3,'200#',NULL,NULL,NULL,NULL,NULL,NULL,NULL,'',NULL,NULL),(345,8,'986','huntGroup',NULL,NULL,42,NULL,NULL,NULL,'',NULL,NULL),(350,8,'985','huntGroup',NULL,NULL,45,NULL,NULL,NULL,'',NULL,NULL),(351,8,'984','huntGroup',NULL,NULL,46,NULL,NULL,NULL,'',NULL,NULL),(352,8,'200','user',NULL,NULL,NULL,NULL,216,NULL,'',NULL,NULL),(353,8,'201','user',NULL,NULL,NULL,NULL,245,NULL,'',NULL,NULL),(354,8,'202','user',NULL,NULL,NULL,NULL,246,NULL,'',NULL,NULL),(355,8,'203','user',NULL,NULL,NULL,NULL,220,NULL,'',NULL,NULL),(356,8,'204','user',NULL,NULL,NULL,NULL,222,NULL,'',NULL,NULL),(357,8,'205','user',NULL,NULL,NULL,NULL,221,NULL,'',NULL,NULL),(358,8,'206','user',NULL,NULL,NULL,NULL,215,NULL,'',NULL,NULL),(359,8,'209','user',NULL,NULL,NULL,NULL,219,NULL,'',NULL,NULL),(360,8,'210','user',NULL,NULL,NULL,NULL,247,NULL,'',NULL,NULL),(361,10,'298','huntGroup',NULL,NULL,48,NULL,NULL,NULL,'',NULL,NULL),(362,8,'983','huntGroup',NULL,NULL,52,NULL,NULL,NULL,'',NULL,NULL),(363,8,'599','user',NULL,NULL,NULL,NULL,252,NULL,'',NULL,NULL),(366,15,'1000','user',NULL,NULL,NULL,NULL,263,NULL,'',NULL,NULL),(367,15,'1001','user',NULL,NULL,NULL,NULL,273,NULL,'',NULL,NULL),(368,15,'1002','user',NULL,NULL,NULL,NULL,264,NULL,'',NULL,NULL),(369,15,'1003','user',NULL,NULL,NULL,NULL,310,NULL,NULL,NULL,NULL),(370,15,'1004',NULL,NULL,NULL,NULL,NULL,NULL,NULL,'',NULL,NULL),(371,15,'1005','user',NULL,NULL,NULL,NULL,288,NULL,'',NULL,NULL),(372,15,'1006',NULL,NULL,NULL,NULL,NULL,NULL,NULL,'',NULL,NULL),(373,15,'2000',NULL,NULL,NULL,NULL,NULL,NULL,NULL,'',NULL,NULL),(374,15,'2001',NULL,NULL,NULL,NULL,NULL,NULL,NULL,'',NULL,NULL),(375,15,'2002','user',NULL,NULL,NULL,NULL,255,NULL,'',NULL,NULL),(376,15,'2003','user',NULL,NULL,NULL,NULL,261,NULL,'',NULL,NULL),(377,15,'2004','user',NULL,NULL,NULL,NULL,256,NULL,'',NULL,NULL),(378,15,'3001','user',NULL,NULL,NULL,NULL,265,NULL,'',NULL,NULL),(379,15,'3002',NULL,NULL,NULL,NULL,NULL,NULL,NULL,'',NULL,NULL),(380,15,'3003',NULL,NULL,NULL,NULL,NULL,NULL,NULL,'',NULL,NULL),(381,15,'3004',NULL,NULL,NULL,NULL,NULL,NULL,NULL,'',NULL,NULL),(382,15,'3005',NULL,NULL,NULL,NULL,NULL,NULL,NULL,'',NULL,NULL),(383,15,'3006','user',NULL,NULL,NULL,NULL,257,NULL,'',NULL,NULL),(384,15,'3007','user',NULL,NULL,NULL,NULL,260,NULL,'',NULL,NULL),(385,15,'3008','user',NULL,NULL,NULL,NULL,301,NULL,NULL,NULL,NULL),(386,15,'3009','user',NULL,NULL,NULL,NULL,259,NULL,'',NULL,NULL),(387,15,'3010','user',NULL,NULL,NULL,NULL,266,NULL,'',NULL,NULL),(388,15,'3011','user',NULL,NULL,NULL,NULL,262,NULL,'',NULL,NULL),(389,15,'3012','user',NULL,NULL,NULL,NULL,258,NULL,'',NULL,NULL),(390,15,'4001','user',NULL,NULL,NULL,NULL,267,NULL,'',NULL,NULL),(391,15,'4002',NULL,NULL,NULL,NULL,NULL,NULL,NULL,'',NULL,NULL),(392,15,'4003',NULL,NULL,NULL,NULL,NULL,NULL,NULL,'',NULL,NULL),(393,15,'9999','user',NULL,NULL,NULL,NULL,268,NULL,'',NULL,NULL),(394,15,'9001','huntGroup',NULL,NULL,54,NULL,NULL,NULL,'',NULL,NULL),(395,6,'504','user',NULL,NULL,NULL,NULL,93,NULL,'',NULL,NULL),(396,6,'501','user',NULL,NULL,NULL,NULL,20,NULL,'',NULL,NULL),(397,8,'769','user',NULL,NULL,NULL,NULL,278,NULL,'',NULL,NULL),(398,8,'598','user',NULL,NULL,NULL,NULL,284,NULL,'',NULL,NULL),(399,8,'301','user',NULL,NULL,NULL,NULL,238,NULL,'',NULL,NULL),(400,3,'1009','user',NULL,NULL,NULL,NULL,96,NULL,NULL,NULL,NULL),(401,8,'619','user',NULL,NULL,NULL,NULL,290,NULL,NULL,NULL,NULL),(402,6,'599','user',NULL,NULL,NULL,NULL,292,NULL,NULL,NULL,NULL),(403,8,'9757','number',NULL,NULL,NULL,NULL,NULL,'917901143',NULL,NULL,NULL),(405,8,'620','user',NULL,NULL,NULL,NULL,295,NULL,NULL,NULL,NULL),(406,16,'100','user',NULL,NULL,NULL,NULL,293,NULL,NULL,NULL,NULL),(407,8,'621','user',NULL,NULL,NULL,NULL,298,NULL,NULL,NULL,NULL),(408,8,'622','user',NULL,NULL,NULL,NULL,299,NULL,NULL,NULL,NULL),(410,6,'900','huntGroup',NULL,NULL,57,NULL,NULL,NULL,NULL,NULL,NULL),(411,8,'623','user',NULL,NULL,NULL,NULL,198,NULL,NULL,NULL,NULL),(412,18,'1000','user',NULL,NULL,NULL,NULL,303,NULL,NULL,NULL,NULL),(413,6,'505','user',NULL,NULL,NULL,NULL,304,NULL,NULL,NULL,NULL),(416,7,'0300','number',NULL,NULL,NULL,NULL,NULL,'913782950',NULL,NULL,NULL),(417,7,'0303','number',NULL,NULL,NULL,NULL,NULL,'915755931',NULL,NULL,NULL),(418,7,'221','user',NULL,NULL,NULL,NULL,309,NULL,NULL,NULL,NULL),(419,7,'219','user',NULL,NULL,NULL,NULL,311,NULL,NULL,NULL,NULL),(420,13,'101','user',NULL,NULL,NULL,NULL,312,NULL,NULL,NULL,NULL),(421,13,'102','user',NULL,NULL,NULL,NULL,313,NULL,NULL,NULL,NULL),(422,13,'103','user',NULL,NULL,NULL,NULL,314,NULL,NULL,NULL,NULL),(423,13,'104','user',NULL,NULL,NULL,NULL,315,NULL,NULL,NULL,NULL),(424,13,'105','user',NULL,NULL,NULL,NULL,316,NULL,NULL,NULL,NULL),(425,13,'109','user',NULL,NULL,NULL,NULL,NULL,NULL,NULL,NULL,NULL),(426,13,'02','user',NULL,NULL,NULL,NULL,318,NULL,NULL,NULL,NULL),(427,13,'03','user',NULL,NULL,NULL,NULL,319,NULL,NULL,NULL,NULL),(428,13,'04','user',NULL,NULL,NULL,NULL,320,NULL,NULL,NULL,NULL),(429,13,'05','user',NULL,NULL,NULL,NULL,321,NULL,NULL,NULL,NULL),(430,13,'06','user',NULL,NULL,NULL,NULL,322,NULL,NULL,NULL,NULL),(431,13,'07','user',NULL,NULL,NULL,NULL,323,NULL,NULL,NULL,NULL),(432,13,'08','user',NULL,NULL,NULL,NULL,324,NULL,NULL,NULL,NULL),(433,13,'09','user',NULL,NULL,NULL,NULL,325,NULL,NULL,NULL,NULL),(434,13,'10','user',NULL,NULL,NULL,NULL,326,NULL,NULL,NULL,NULL),(435,13,'11','user',NULL,NULL,NULL,NULL,327,NULL,NULL,NULL,NULL),(436,13,'99','user',NULL,NULL,NULL,NULL,328,NULL,NULL,NULL,NULL),(437,13,'88','user',NULL,NULL,NULL,NULL,329,NULL,NULL,NULL,NULL),(440,13,'106','user',NULL,NULL,NULL,NULL,327,NULL,NULL,NULL,NULL),(441,13,'107','user',NULL,NULL,NULL,NULL,327,NULL,NULL,NULL,NULL),(442,13,'108',NULL,NULL,NULL,NULL,NULL,NULL,NULL,NULL,NULL,NULL),(451,13,'01','huntGroup',NULL,NULL,59,NULL,NULL,NULL,NULL,NULL,NULL),(453,13,'104#','user',NULL,NULL,NULL,NULL,315,NULL,NULL,NULL,NULL),(454,13,'105#','user',NULL,NULL,NULL,NULL,316,NULL,NULL,NULL,NULL),(455,13,'101#','user',NULL,NULL,NULL,NULL,312,NULL,NULL,NULL,NULL),(456,13,'102#','user',NULL,NULL,NULL,NULL,313,NULL,NULL,NULL,NULL),(457,13,'103#','user',NULL,NULL,NULL,NULL,314,NULL,NULL,NULL,NULL),(458,13,'106#','user',NULL,NULL,NULL,NULL,327,NULL,NULL,NULL,NULL),(459,13,'107#','user',NULL,NULL,NULL,NULL,327,NULL,NULL,NULL,NULL),(460,13,'201#','huntGroup',NULL,NULL,58,NULL,NULL,NULL,NULL,NULL,NULL),(461,13,'202#','huntGroup',NULL,NULL,58,NULL,NULL,NULL,NULL,NULL,NULL),(462,13,'203#','huntGroup',NULL,NULL,58,NULL,NULL,NULL,NULL,NULL,NULL),(463,13,'204#','huntGroup',NULL,NULL,58,NULL,NULL,NULL,NULL,NULL,NULL),(464,13,'205#','huntGroup',NULL,NULL,58,NULL,NULL,NULL,NULL,NULL,NULL),(465,13,'206#','huntGroup',NULL,NULL,58,NULL,NULL,NULL,NULL,NULL,NULL),(466,13,'207#','huntGroup',NULL,NULL,58,NULL,NULL,NULL,NULL,NULL,NULL),(467,13,'208#','huntGroup',NULL,NULL,58,NULL,NULL,NULL,NULL,NULL,NULL),(468,13,'209#','huntGroup',NULL,NULL,58,NULL,NULL,NULL,NULL,NULL,NULL),(470,7,'001','number',NULL,NULL,NULL,NULL,NULL,'913361260',NULL,NULL,NULL),(471,7,'002','number',NULL,NULL,NULL,NULL,NULL,'932807332',NULL,NULL,NULL),(472,7,'003','number',NULL,NULL,NULL,NULL,NULL,'917130580',NULL,NULL,NULL),(473,7,'009','number',NULL,NULL,NULL,NULL,NULL,'950082743',NULL,NULL,NULL),(474,7,'005','number',NULL,NULL,NULL,NULL,NULL,'915851500',NULL,NULL,NULL),(475,7,'006','number',NULL,NULL,NULL,NULL,NULL,'914314735',NULL,NULL,NULL),(476,7,'007','number',NULL,NULL,NULL,NULL,NULL,'914465950',NULL,NULL,NULL),(477,7,'010','number',NULL,NULL,NULL,NULL,NULL,'915561242',NULL,NULL,NULL),(478,7,'011','number',NULL,NULL,NULL,NULL,NULL,'915562638',NULL,NULL,NULL),(479,7,'014','number',NULL,NULL,NULL,NULL,NULL,'915755656',NULL,NULL,NULL),(480,7,'012','number',NULL,NULL,NULL,NULL,NULL,'915869331',NULL,NULL,NULL),(481,7,'015','number',NULL,NULL,NULL,NULL,NULL,'917015705',NULL,NULL,NULL),(482,7,'019','number',NULL,NULL,NULL,NULL,NULL,'912572037',NULL,NULL,NULL),(483,7,'021','number',NULL,NULL,NULL,NULL,NULL,'914585502',NULL,NULL,NULL),(484,7,'022','number',NULL,NULL,NULL,NULL,NULL,'917882902',NULL,NULL,NULL),(485,7,'023','number',NULL,NULL,NULL,NULL,NULL,'912713401',NULL,NULL,NULL),(486,7,'024','number',NULL,NULL,NULL,NULL,NULL,'917917521',NULL,NULL,NULL),(487,7,'025','number',NULL,NULL,NULL,NULL,NULL,'915895060',NULL,NULL,NULL),(488,7,'026','number',NULL,NULL,NULL,NULL,NULL,'914237415',NULL,NULL,NULL),(489,7,'027','number',NULL,NULL,NULL,NULL,NULL,'00442078880724',NULL,NULL,NULL),(490,8,'509','user',NULL,NULL,NULL,NULL,284,NULL,NULL,NULL,NULL),(491,7,'028','number',NULL,NULL,NULL,NULL,NULL,'915773970',NULL,NULL,NULL),(492,7,'029','number',NULL,NULL,NULL,NULL,NULL,'912572354',NULL,NULL,NULL),(493,7,'030','number',NULL,NULL,NULL,NULL,NULL,'915576979',NULL,NULL,NULL),(494,7,'031','number',NULL,NULL,NULL,NULL,NULL,'913244232',NULL,NULL,NULL),(495,7,'032','number',NULL,NULL,NULL,NULL,NULL,'913361955',NULL,NULL,NULL),(496,7,'047','number',NULL,NULL,NULL,NULL,NULL,'917691149',NULL,NULL,NULL),(497,7,'048','number',NULL,NULL,NULL,NULL,NULL,'917940517',NULL,NULL,NULL),(507,7,'0100','number',NULL,NULL,NULL,NULL,NULL,'652903977',NULL,NULL,NULL),(508,7,'0101','number',NULL,NULL,NULL,NULL,NULL,'649358245',NULL,NULL,NULL),(509,7,'0102','number',NULL,NULL,NULL,NULL,NULL,'656793031',NULL,NULL,NULL),(510,7,'0103','number',NULL,NULL,NULL,NULL,NULL,'639049208',NULL,NULL,NULL),(511,7,'0104','number',NULL,NULL,NULL,NULL,NULL,'676200648',NULL,NULL,NULL),(512,7,'0105','number',NULL,NULL,NULL,NULL,NULL,'915392201',NULL,NULL,NULL),(517,7,'0106','number',NULL,NULL,NULL,NULL,NULL,'914466015',NULL,NULL,NULL),(518,7,'0107','number',NULL,NULL,NULL,NULL,NULL,'914316835',NULL,NULL,NULL),(519,7,'0108','number',NULL,NULL,NULL,NULL,NULL,'915331899',NULL,NULL,NULL),(520,7,'0109','number',NULL,NULL,NULL,NULL,NULL,'0033561233763',NULL,NULL,NULL),(521,7,'0350','number',NULL,NULL,NULL,NULL,NULL,'914115469',NULL,NULL,NULL),(522,7,'0351','number',NULL,NULL,NULL,NULL,NULL,'915775929',NULL,NULL,NULL),(523,7,'0352','number',NULL,NULL,NULL,NULL,NULL,'915755873',NULL,NULL,NULL),(524,7,'0353','number',NULL,NULL,NULL,NULL,NULL,'913197505',NULL,NULL,NULL),(525,7,'0354','number',NULL,NULL,NULL,NULL,NULL,'913991500',NULL,NULL,NULL),(526,7,'0355','number',NULL,NULL,NULL,NULL,NULL,'915941757',NULL,NULL,NULL),(527,7,'0356','number',NULL,NULL,NULL,NULL,NULL,'914355045',NULL,NULL,NULL),(528,7,'0357','number',NULL,NULL,NULL,NULL,NULL,'915643299',NULL,NULL,NULL),(529,7,'0358','number',NULL,NULL,NULL,NULL,NULL,'915765222',NULL,NULL,NULL),(534,7,'0301','number',NULL,NULL,NULL,NULL,NULL,'913102728',NULL,NULL,NULL),(535,7,'0302','number',NULL,NULL,NULL,NULL,NULL,'917823440',NULL,NULL,NULL),(537,7,'0304','number',NULL,NULL,NULL,NULL,NULL,'914476394',NULL,NULL,NULL),(538,7,'0305','number',NULL,NULL,NULL,NULL,NULL,'913082092',NULL,NULL,NULL),(539,7,'0250','number',NULL,NULL,NULL,NULL,NULL,'913511685',NULL,NULL,NULL),(540,7,'0251','number',NULL,NULL,NULL,NULL,NULL,'670913322',NULL,NULL,NULL),(541,7,'0252','number',NULL,NULL,NULL,NULL,NULL,'915048624',NULL,NULL,NULL),(542,7,'0253','number',NULL,NULL,NULL,NULL,NULL,'914448239',NULL,NULL,NULL),(543,7,'0254','number',NULL,NULL,NULL,NULL,NULL,'670919130',NULL,NULL,NULL),(544,7,'0255','number',NULL,NULL,NULL,NULL,NULL,'914112528',NULL,NULL,NULL),(545,7,'0256','number',NULL,NULL,NULL,NULL,NULL,'609543041',NULL,NULL,NULL),(548,7,'0257','number',NULL,NULL,NULL,NULL,NULL,'913458182',NULL,NULL,NULL),(549,7,'0258','number',NULL,NULL,NULL,NULL,NULL,'913458182',NULL,NULL,NULL),(550,7,'013','number',NULL,NULL,NULL,NULL,NULL,'914237403',NULL,NULL,NULL),(551,7,'016','number',NULL,NULL,NULL,NULL,NULL,'913108130',NULL,NULL,NULL),(552,7,'017','number',NULL,NULL,NULL,NULL,NULL,'914326420',NULL,NULL,NULL),(553,7,'018','number',NULL,NULL,NULL,NULL,NULL,'914326435',NULL,NULL,NULL),(554,7,'020','number',NULL,NULL,NULL,NULL,NULL,'917882020',NULL,NULL,NULL),(556,7,'033','number',NULL,NULL,NULL,NULL,NULL,'912752500',NULL,NULL,NULL),(557,7,'034','number',NULL,NULL,NULL,NULL,NULL,'911986801',NULL,NULL,NULL),(558,7,'035','number',NULL,NULL,NULL,NULL,NULL,'915928160',NULL,NULL,NULL),(559,7,'037','number',NULL,NULL,NULL,NULL,NULL,'913826150',NULL,NULL,NULL),(560,7,'039','number',NULL,NULL,NULL,NULL,NULL,'913745315',NULL,NULL,NULL),(561,7,'041','number',NULL,NULL,NULL,NULL,NULL,'0035226052053',NULL,NULL,NULL),(562,7,'042','number',NULL,NULL,NULL,NULL,NULL,'0035227111339',NULL,NULL,NULL),(563,7,'043','number',NULL,NULL,NULL,NULL,NULL,'0019543285796',NULL,NULL,NULL),(564,7,'044','number',NULL,NULL,NULL,NULL,NULL,'0033170916759',NULL,NULL,NULL),(565,7,'045','number',NULL,NULL,NULL,NULL,NULL,'0012127618225',NULL,NULL,NULL),(566,7,'046','number',NULL,NULL,NULL,NULL,NULL,'0033145026606',NULL,NULL,NULL),(567,7,'049','number',NULL,NULL,NULL,NULL,NULL,'917886937',NULL,NULL,NULL),(568,7,'000','number',NULL,NULL,NULL,NULL,NULL,'915965173',NULL,NULL,NULL),(569,7,'008','number',NULL,NULL,NULL,NULL,NULL,'914263820',NULL,NULL,NULL),(570,7,'004','number',NULL,NULL,NULL,NULL,NULL,'915044168',NULL,NULL,NULL),(571,19,'200','user',NULL,NULL,NULL,NULL,333,NULL,NULL,NULL,NULL),(572,19,'201','user',NULL,NULL,NULL,NULL,365,NULL,NULL,NULL,NULL),(573,20,'600','user',NULL,NULL,NULL,NULL,335,NULL,NULL,NULL,NULL),(574,20,'601','user',NULL,NULL,NULL,NULL,336,NULL,NULL,NULL,NULL),(575,20,'602','user',NULL,NULL,NULL,NULL,337,NULL,NULL,NULL,NULL),(576,20,'603','user',NULL,NULL,NULL,NULL,338,NULL,NULL,NULL,NULL),(577,20,'604','user',NULL,NULL,NULL,NULL,342,NULL,NULL,NULL,NULL),(578,20,'605','user',NULL,NULL,NULL,NULL,339,NULL,NULL,NULL,NULL),(579,20,'606','user',NULL,NULL,NULL,NULL,340,NULL,NULL,NULL,NULL),(580,20,'607','user',NULL,NULL,NULL,NULL,343,NULL,NULL,NULL,NULL),(581,20,'608','user',NULL,NULL,NULL,NULL,344,NULL,NULL,NULL,NULL),(582,20,'609','user',NULL,NULL,NULL,NULL,345,NULL,NULL,NULL,NULL),(583,20,'610','user',NULL,NULL,NULL,NULL,346,NULL,NULL,NULL,NULL),(584,20,'611','user',NULL,NULL,NULL,NULL,347,NULL,NULL,NULL,NULL),(585,20,'612','user',NULL,NULL,NULL,NULL,341,NULL,NULL,NULL,NULL),(586,20,'613','user',NULL,NULL,NULL,NULL,348,NULL,NULL,NULL,NULL),(587,20,'614','user',NULL,NULL,NULL,NULL,349,NULL,NULL,NULL,NULL),(588,20,'615','user',NULL,NULL,NULL,NULL,351,NULL,NULL,NULL,NULL),(589,20,'616','user',NULL,NULL,NULL,NULL,352,NULL,NULL,NULL,NULL),(590,20,'617','user',NULL,NULL,NULL,NULL,353,NULL,NULL,NULL,NULL),(591,20,'618','user',NULL,NULL,NULL,NULL,354,NULL,NULL,NULL,NULL),(592,20,'619','user',NULL,NULL,NULL,NULL,355,NULL,NULL,NULL,NULL),(593,20,'620','user',NULL,NULL,NULL,NULL,356,NULL,NULL,NULL,NULL),(594,20,'621','user',NULL,NULL,NULL,NULL,357,NULL,NULL,NULL,NULL),(595,20,'622','user',NULL,NULL,NULL,NULL,358,NULL,NULL,NULL,NULL),(596,20,'623','user',NULL,NULL,NULL,NULL,359,NULL,NULL,NULL,NULL),(597,20,'624','user',NULL,NULL,NULL,NULL,360,NULL,NULL,NULL,NULL),(598,20,'625','user',NULL,NULL,NULL,NULL,361,NULL,NULL,NULL,NULL),(599,20,'626','user',NULL,NULL,NULL,NULL,363,NULL,NULL,NULL,NULL),(600,20,'628','user',NULL,NULL,NULL,NULL,364,NULL,NULL,NULL,NULL),(601,20,'627','user',NULL,NULL,NULL,NULL,350,NULL,NULL,NULL,NULL),(602,20,'635','user',NULL,NULL,NULL,NULL,362,NULL,NULL,NULL,NULL),(603,8,'624','user',NULL,NULL,NULL,NULL,366,NULL,NULL,NULL,NULL),(604,6,'503','user',NULL,NULL,NULL,NULL,304,NULL,NULL,NULL,NULL),(605,10,'300','user',NULL,NULL,NULL,NULL,371,NULL,NULL,NULL,NULL),(606,10,'301','user',NULL,NULL,NULL,NULL,372,NULL,NULL,NULL,NULL);
/*!40000 ALTER TABLE `Extensions` ENABLE KEYS */;
UNLOCK TABLES;

--
-- Table structure for table `ExternalCallFilterBlackLists`
--

DROP TABLE IF EXISTS `ExternalCallFilterBlackLists`;
/*!40101 SET @saved_cs_client     = @@character_set_client */;
/*!40101 SET character_set_client = utf8 */;
CREATE TABLE `ExternalCallFilterBlackLists` (
  `id` int(10) unsigned NOT NULL AUTO_INCREMENT,
  `filterId` int(10) unsigned NOT NULL,
  `matchListId` int(10) unsigned NOT NULL,
  PRIMARY KEY (`id`),
  KEY `filterId` (`filterId`),
  KEY `matchListId` (`matchListId`),
  CONSTRAINT `ExternalCallFilterBlackLists_ibfk_1` FOREIGN KEY (`filterId`) REFERENCES `ExternalCallFilters` (`id`) ON DELETE CASCADE,
  CONSTRAINT `ExternalCallFilterBlackLists_ibfk_2` FOREIGN KEY (`matchListId`) REFERENCES `MatchLists` (`id`) ON DELETE CASCADE
) ENGINE=InnoDB AUTO_INCREMENT=3 DEFAULT CHARSET=utf8 COMMENT='[entity][rest]';
/*!40101 SET character_set_client = @saved_cs_client */;

--
-- Dumping data for table `ExternalCallFilterBlackLists`
--

LOCK TABLES `ExternalCallFilterBlackLists` WRITE;
/*!40000 ALTER TABLE `ExternalCallFilterBlackLists` DISABLE KEYS */;
INSERT INTO `ExternalCallFilterBlackLists` VALUES (1,13,2),(2,14,2);
/*!40000 ALTER TABLE `ExternalCallFilterBlackLists` ENABLE KEYS */;
UNLOCK TABLES;

--
-- Table structure for table `ExternalCallFilterRelCalendars`
--

DROP TABLE IF EXISTS `ExternalCallFilterRelCalendars`;
/*!40101 SET @saved_cs_client     = @@character_set_client */;
/*!40101 SET character_set_client = utf8 */;
CREATE TABLE `ExternalCallFilterRelCalendars` (
  `id` int(10) unsigned NOT NULL AUTO_INCREMENT,
  `filterId` int(10) unsigned NOT NULL,
  `calendarId` int(10) unsigned NOT NULL,
  PRIMARY KEY (`id`),
  KEY `filterId` (`filterId`),
  KEY `calendarId` (`calendarId`),
  CONSTRAINT `ExternalCallFilterRelCalendars_ibfk_1` FOREIGN KEY (`filterId`) REFERENCES `ExternalCallFilters` (`id`) ON DELETE CASCADE,
  CONSTRAINT `ExternalCallFilterRelCalendars_ibfk_2` FOREIGN KEY (`calendarId`) REFERENCES `Calendars` (`id`) ON DELETE CASCADE
) ENGINE=InnoDB AUTO_INCREMENT=3 DEFAULT CHARSET=utf8 COMMENT='[entity][rest]';
/*!40101 SET character_set_client = @saved_cs_client */;

--
-- Dumping data for table `ExternalCallFilterRelCalendars`
--

LOCK TABLES `ExternalCallFilterRelCalendars` WRITE;
/*!40000 ALTER TABLE `ExternalCallFilterRelCalendars` DISABLE KEYS */;
INSERT INTO `ExternalCallFilterRelCalendars` VALUES (1,10,4),(2,8,3);
/*!40000 ALTER TABLE `ExternalCallFilterRelCalendars` ENABLE KEYS */;
UNLOCK TABLES;

--
-- Table structure for table `ExternalCallFilterRelSchedules`
--

DROP TABLE IF EXISTS `ExternalCallFilterRelSchedules`;
/*!40101 SET @saved_cs_client     = @@character_set_client */;
/*!40101 SET character_set_client = utf8 */;
CREATE TABLE `ExternalCallFilterRelSchedules` (
  `id` int(10) unsigned NOT NULL AUTO_INCREMENT,
  `filterId` int(10) unsigned NOT NULL,
  `scheduleId` int(10) unsigned NOT NULL,
  PRIMARY KEY (`id`),
  KEY `filterId` (`filterId`),
  KEY `scheduleId` (`scheduleId`),
  CONSTRAINT `ExternalCallFilterRelSchedules_ibfk_1` FOREIGN KEY (`filterId`) REFERENCES `ExternalCallFilters` (`id`) ON DELETE CASCADE,
  CONSTRAINT `ExternalCallFilterRelSchedules_ibfk_2` FOREIGN KEY (`scheduleId`) REFERENCES `Schedules` (`id`) ON DELETE CASCADE
) ENGINE=InnoDB AUTO_INCREMENT=40 DEFAULT CHARSET=utf8 COMMENT='[entity][rest]';
/*!40101 SET character_set_client = @saved_cs_client */;

--
-- Dumping data for table `ExternalCallFilterRelSchedules`
--

LOCK TABLES `ExternalCallFilterRelSchedules` WRITE;
/*!40000 ALTER TABLE `ExternalCallFilterRelSchedules` DISABLE KEYS */;
INSERT INTO `ExternalCallFilterRelSchedules` VALUES (7,6,7),(16,10,10),(20,8,8),(21,8,9),(30,11,18),(31,11,19),(32,11,20),(33,12,18),(34,12,19),(35,12,20),(36,13,4),(37,13,6),(38,14,4),(39,14,6);
/*!40000 ALTER TABLE `ExternalCallFilterRelSchedules` ENABLE KEYS */;
UNLOCK TABLES;

--
-- Table structure for table `ExternalCallFilterWhiteLists`
--

DROP TABLE IF EXISTS `ExternalCallFilterWhiteLists`;
/*!40101 SET @saved_cs_client     = @@character_set_client */;
/*!40101 SET character_set_client = utf8 */;
CREATE TABLE `ExternalCallFilterWhiteLists` (
  `id` int(10) unsigned NOT NULL AUTO_INCREMENT,
  `filterId` int(10) unsigned NOT NULL,
  `matchListId` int(10) unsigned NOT NULL,
  PRIMARY KEY (`id`),
  KEY `filterId` (`filterId`),
  KEY `matchListId` (`matchListId`),
  CONSTRAINT `ExternalCallFilterWhiteLists_ibfk_1` FOREIGN KEY (`filterId`) REFERENCES `ExternalCallFilters` (`id`) ON DELETE CASCADE,
  CONSTRAINT `ExternalCallFilterWhiteLists_ibfk_2` FOREIGN KEY (`matchListId`) REFERENCES `MatchLists` (`id`) ON DELETE CASCADE
) ENGINE=InnoDB AUTO_INCREMENT=3 DEFAULT CHARSET=utf8 COMMENT='[entity][rest]';
/*!40101 SET character_set_client = @saved_cs_client */;

--
-- Dumping data for table `ExternalCallFilterWhiteLists`
--

LOCK TABLES `ExternalCallFilterWhiteLists` WRITE;
/*!40000 ALTER TABLE `ExternalCallFilterWhiteLists` DISABLE KEYS */;
INSERT INTO `ExternalCallFilterWhiteLists` VALUES (1,13,1),(2,14,3);
/*!40000 ALTER TABLE `ExternalCallFilterWhiteLists` ENABLE KEYS */;
UNLOCK TABLES;

--
-- Table structure for table `ExternalCallFilters`
--

DROP TABLE IF EXISTS `ExternalCallFilters`;
/*!40101 SET @saved_cs_client     = @@character_set_client */;
/*!40101 SET character_set_client = utf8 */;
CREATE TABLE `ExternalCallFilters` (
  `id` int(10) unsigned NOT NULL AUTO_INCREMENT,
  `companyId` int(10) unsigned NOT NULL,
  `name` varchar(50) NOT NULL,
  `welcomeLocutionId` int(10) unsigned DEFAULT NULL,
  `holidayLocutionId` int(10) unsigned DEFAULT NULL,
  `outOfScheduleLocutionId` int(10) unsigned DEFAULT NULL,
  `holidayTargetType` varchar(25) DEFAULT NULL COMMENT '[enum:number|extension|voicemail]',
  `holidayNumberValue` varchar(25) DEFAULT NULL,
  `holidayExtensionId` int(10) unsigned DEFAULT NULL,
  `holidayVoiceMailUserId` int(10) unsigned DEFAULT NULL,
  `outOfScheduleTargetType` varchar(25) DEFAULT NULL COMMENT '[enum:number|extension|voicemail]',
  `outOfScheduleNumberValue` varchar(25) DEFAULT NULL,
  `outOfScheduleExtensionId` int(10) unsigned DEFAULT NULL,
  `outOfScheduleVoiceMailUserId` int(10) unsigned DEFAULT NULL,
  PRIMARY KEY (`id`),
  UNIQUE KEY `nameCompany` (`name`,`companyId`),
  KEY `companyId` (`companyId`),
  KEY `welcomeLocutionId` (`welcomeLocutionId`),
  KEY `holidayLocutionId` (`holidayLocutionId`),
  KEY `outOfScheduleLocutionId` (`outOfScheduleLocutionId`),
  KEY `holidayExtensionId` (`holidayExtensionId`),
  KEY `outOfScheduleExtensionId` (`outOfScheduleExtensionId`),
  KEY `holidayVoiceMailUserId` (`holidayVoiceMailUserId`),
  KEY `outOfScheduleVoiceMailUserId` (`outOfScheduleVoiceMailUserId`),
  CONSTRAINT `ExternalCallFilters_ibfk_1` FOREIGN KEY (`companyId`) REFERENCES `Companies` (`id`) ON DELETE CASCADE,
  CONSTRAINT `ExternalCallFilters_ibfk_2` FOREIGN KEY (`welcomeLocutionId`) REFERENCES `Locutions` (`id`) ON DELETE SET NULL,
  CONSTRAINT `ExternalCallFilters_ibfk_3` FOREIGN KEY (`holidayLocutionId`) REFERENCES `Locutions` (`id`) ON DELETE SET NULL,
  CONSTRAINT `ExternalCallFilters_ibfk_4` FOREIGN KEY (`outOfScheduleLocutionId`) REFERENCES `Locutions` (`id`) ON DELETE SET NULL,
  CONSTRAINT `ExternalCallFilters_ibfk_5` FOREIGN KEY (`holidayExtensionId`) REFERENCES `Extensions` (`id`) ON DELETE SET NULL,
  CONSTRAINT `ExternalCallFilters_ibfk_6` FOREIGN KEY (`outOfScheduleExtensionId`) REFERENCES `Extensions` (`id`) ON DELETE SET NULL,
  CONSTRAINT `ExternalCallFilters_ibfk_7` FOREIGN KEY (`holidayVoiceMailUserId`) REFERENCES `Users` (`id`) ON DELETE SET NULL,
  CONSTRAINT `ExternalCallFilters_ibfk_8` FOREIGN KEY (`outOfScheduleVoiceMailUserId`) REFERENCES `Users` (`id`) ON DELETE SET NULL
) ENGINE=InnoDB AUTO_INCREMENT=15 DEFAULT CHARSET=utf8 COMMENT='[entity][rest]';
/*!40101 SET character_set_client = @saved_cs_client */;

--
-- Dumping data for table `ExternalCallFilters`
--

LOCK TABLES `ExternalCallFilters` WRITE;
/*!40000 ALTER TABLE `ExternalCallFilters` DISABLE KEYS */;
INSERT INTO `ExternalCallFilters` VALUES (3,5,'desviado_siempre',NULL,NULL,NULL,NULL,NULL,NULL,NULL,'number','678645549',NULL,NULL),(6,3,'Desvio siempre',NULL,NULL,NULL,NULL,NULL,NULL,NULL,NULL,NULL,NULL,NULL),(7,3,'locucion y colgar',NULL,NULL,14,NULL,NULL,NULL,NULL,NULL,NULL,NULL,NULL),(8,9,'principal',15,17,18,'voicemail',NULL,NULL,43,'voicemail',NULL,NULL,43),(9,8,'Desvío incondicional a 912900700',NULL,NULL,NULL,NULL,NULL,NULL,NULL,'number','912900700',NULL,NULL),(10,8,'Tratamiento DDIs Madrid',23,21,NULL,'voicemail',NULL,NULL,198,NULL,NULL,NULL,NULL),(11,13,'FB_CONSULTORES',33,34,34,NULL,NULL,NULL,NULL,NULL,NULL,NULL,NULL),(12,13,'COLAB',29,30,30,NULL,NULL,NULL,NULL,NULL,NULL,NULL,NULL),(13,6,'Entrada cabecera',NULL,NULL,NULL,NULL,NULL,NULL,NULL,NULL,NULL,NULL,NULL),(14,6,'Christian',NULL,NULL,NULL,NULL,NULL,NULL,NULL,NULL,NULL,NULL,NULL);
/*!40000 ALTER TABLE `ExternalCallFilters` ENABLE KEYS */;
UNLOCK TABLES;

--
-- Table structure for table `Faxes`
--

DROP TABLE IF EXISTS `Faxes`;
/*!40101 SET @saved_cs_client     = @@character_set_client */;
/*!40101 SET character_set_client = utf8 */;
CREATE TABLE `Faxes` (
  `id` int(10) unsigned NOT NULL AUTO_INCREMENT,
  `companyId` int(10) unsigned NOT NULL,
  `name` varchar(50) NOT NULL,
  `email` varchar(255) DEFAULT NULL,
  `sendByEmail` tinyint(1) unsigned NOT NULL DEFAULT '1',
  `outgoingDDIId` int(10) unsigned DEFAULT NULL,
  PRIMARY KEY (`id`),
  UNIQUE KEY `FaxesUniqueCompanyfaxname` (`companyId`,`name`),
  KEY `companyId` (`companyId`),
  KEY `outgoingDDIId` (`outgoingDDIId`),
  CONSTRAINT `Faxes_ibfk_1` FOREIGN KEY (`companyId`) REFERENCES `Companies` (`id`) ON DELETE CASCADE,
  CONSTRAINT `Faxes_ibfk_2` FOREIGN KEY (`outgoingDDIId`) REFERENCES `DDIs` (`id`) ON DELETE SET NULL
) ENGINE=InnoDB AUTO_INCREMENT=11 DEFAULT CHARSET=utf8 COMMENT='[entity][rest]';
/*!40101 SET character_set_client = @saved_cs_client */;

--
-- Dumping data for table `Faxes`
--

LOCK TABLES `Faxes` WRITE;
/*!40000 ALTER TABLE `Faxes` DISABLE KEYS */;
INSERT INTO `Faxes` VALUES (2,6,'FAX_SISTEMAS','gaizka@irontec.com',1,74),(3,9,'AlvarezFax','infoclinica@alvarezyasociados.com',1,24),(4,5,'Agronovo','info@agronovo.es',1,9),(5,7,'Profit','profit@profitgestion.es',1,203),(6,3,'Fax From Tedra','carlos+tedra@irontec.com',1,16),(7,6,'faxL3','christian.garcia@tedra.es',1,NULL),(8,8,'913107231','recepcion-madrid@altamarcapital.com',1,222),(9,13,'fax_fb','fax@fbconsultores.eu',1,251),(10,8,'FAX_GALDANA','admin@inspirit.net',1,256);
/*!40000 ALTER TABLE `Faxes` ENABLE KEYS */;
UNLOCK TABLES;

--
-- Table structure for table `FaxesInOut`
--

DROP TABLE IF EXISTS `FaxesInOut`;
/*!40101 SET @saved_cs_client     = @@character_set_client */;
/*!40101 SET character_set_client = utf8 */;
CREATE TABLE `FaxesInOut` (
  `id` int(10) unsigned NOT NULL AUTO_INCREMENT,
  `calldate` timestamp NOT NULL DEFAULT '0000-00-00 00:00:00' COMMENT 'Hora de recepcion del fax',
  `faxId` int(10) unsigned NOT NULL,
  `src` varchar(128) DEFAULT NULL,
  `dst` varchar(128) DEFAULT NULL,
  `type` varchar(20) DEFAULT 'Out' COMMENT '[enum:In|Out]',
  `pages` varchar(64) DEFAULT NULL,
  `status` enum('error','pending','inprogress','completed') DEFAULT NULL,
  `fileFileSize` int(11) unsigned DEFAULT NULL COMMENT '[FSO]',
  `fileMimeType` varchar(80) DEFAULT NULL,
  `fileBaseName` varchar(255) DEFAULT NULL,
  PRIMARY KEY (`id`),
  KEY `faxId` (`faxId`),
  CONSTRAINT `FaxesInOut_ibfk_2` FOREIGN KEY (`faxId`) REFERENCES `Faxes` (`id`) ON DELETE CASCADE
) ENGINE=InnoDB AUTO_INCREMENT=298 DEFAULT CHARSET=utf8 COMMENT='[entity][rest]';
/*!40101 SET character_set_client = @saved_cs_client */;

--
-- Dumping data for table `FaxesInOut`
--

LOCK TABLES `FaxesInOut` WRITE;
/*!40000 ALTER TABLE `FaxesInOut` DISABLE KEYS */;
INSERT INTO `FaxesInOut` VALUES (29,'2016-12-14 11:48:16',2,'34810101754','34851000216','In','1','completed',7817,'application/pdf; charset=binary','fax-34851000216-1481716096.pdf'),(30,'2016-12-14 11:49:49',2,NULL,'810101754','Out','1','completed',7743,'application/pdf; charset=binary','fax-34810101754-1480942937 (1).pdf'),(34,'2016-12-14 12:45:37',2,'34810101754','34851000216','In','1','completed',7817,'application/pdf; charset=binary','fax-34851000216-1481719537.pdf'),(45,'2017-02-15 08:25:40',5,'34915762200','34810101959','In',NULL,'error',NULL,NULL,NULL),(46,'2017-02-15 08:34:31',5,'34914322070','34810101959','In','1','completed',6698,'application/pdf; charset=binary','fax-34810101959-1487147671.pdf'),(83,'2017-05-03 09:20:33',2,NULL,'987878355','Out',NULL,'error',121269,'application/pdf; charset=binary','alegaciones.pdf'),(84,'2017-05-03 09:22:49',7,NULL,'987878355','Out','2','completed',121269,'application/pdf; charset=binary','alegaciones.pdf'),(85,'2017-05-03 10:32:09',6,NULL,'946941239','Out','1','completed',7972,'application/pdf; charset=binary','fax-34851000216-1481716096.pdf'),(99,'2017-05-04 10:52:40',6,NULL,'34946941239','Out',NULL,'error',7728,'application/pdf; charset=unknown-8bit','invoice.pdf'),(100,'2017-05-04 10:56:14',6,NULL,'34946941239','Out',NULL,'error',7728,'application/pdf; charset=unknown-8bit','invoice.pdf'),(101,'2017-05-04 11:05:02',6,NULL,'34946941239','Out','1','completed',7728,'application/pdf; charset=unknown-8bit','invoice.pdf'),(102,'2017-05-04 11:17:04',6,'34946946946','34946941176','In','1','completed',8357,'application/pdf; charset=binary','fax-34946941176-1493896624.pdf'),(103,'2017-05-04 11:19:55',6,'34946946946','34946941176','In','1','completed',8357,'application/pdf; charset=binary','fax-34946941176-1493896795.pdf'),(104,'2017-05-04 11:53:04',6,NULL,'946073491','Out','1','completed',7746,'application/pdf; charset=binary','testfax.pdf'),(105,'2017-05-04 11:57:28',7,'34946073491','34911980695','In',NULL,'error',NULL,NULL,NULL),(106,'2017-05-04 11:58:14',7,'34946073491','34911980695','In','1','completed',29698,'application/pdf; charset=binary','fax-34911980695-1493899094.pdf'),(107,'2017-05-04 14:24:45',6,NULL,'946941176','Out',NULL,'error',7728,'application/pdf; charset=unknown-8bit','invoice.pdf'),(109,'2017-05-04 14:49:53',6,NULL,'946941239','Out',NULL,'error',7728,'application/pdf; charset=unknown-8bit','invoice.pdf'),(110,'2017-05-04 14:58:49',6,'34946941239','34946941176','In','1','completed',8357,'application/pdf; charset=binary','fax-34946941176-1493909929.pdf'),(111,'2017-05-04 15:05:12',6,NULL,'946941239','Out',NULL,'error',7728,'application/pdf; charset=unknown-8bit','invoice.pdf'),(112,'2017-05-04 15:50:34',6,NULL,'946941239','Out','1','completed',7728,'application/pdf; charset=unknown-8bit','invoice.pdf'),(113,'2017-05-04 16:07:24',7,NULL,'0034913107231','Out',NULL,'error',537540,'application/pdf; charset=binary','Sophos_UTM_Licensing_dsna.pdf'),(118,'2017-05-08 13:46:09',6,'34946946946','34946941176','In','1','completed',8357,'application/pdf; charset=binary','fax-34946941176-1494251169.pdf'),(119,'2017-05-08 13:51:09',6,'34946946946','34946941176','In','1','completed',8357,'application/pdf; charset=binary','fax-34946941176-1494251469.pdf'),(120,'2017-05-08 13:54:23',6,'34946946946','34946941176','In','1','completed',8357,'application/pdf; charset=binary','fax-34946941176-1494251663.pdf'),(121,'2017-05-08 13:58:32',6,'34946946946','34946941176','In','1','completed',8357,'application/pdf; charset=binary','fax-34946941176-1494251912.pdf'),(122,'2017-05-08 14:01:02',6,'34946946946','34946941176','In','1','completed',8357,'application/pdf; charset=binary','fax-34946941176-1494252062.pdf'),(123,'2017-05-08 14:05:50',6,'34946946946','34946941176','In','1','completed',8357,'application/pdf; charset=binary','fax-34946941176-1494252350.pdf'),(124,'2017-05-08 14:16:41',6,'34946946946','34946941176','In','1','completed',8357,'application/pdf; charset=binary','fax-34946941176-1494253001.pdf'),(125,'2017-05-08 14:17:05',6,'34946946946','34946941176','In','1','completed',8357,'application/pdf; charset=binary','fax-34946941176-1494253025.pdf'),(126,'2017-05-08 14:18:29',6,'34946946946','34946941176','In','1','completed',8357,'application/pdf; charset=binary','fax-34946941176-1494253109.pdf'),(127,'2017-05-08 15:22:53',6,'34946946946','34946941176','In','1','completed',9620,'application/pdf; charset=binary','fax-34946941176-1494256972.pdf'),(128,'2017-05-09 09:55:54',6,'34910770056','34946941176','In',NULL,'error',NULL,NULL,NULL),(129,'2017-05-09 10:02:03',6,'34910770056','34946941176','In',NULL,'error',NULL,NULL,NULL),(130,'2017-05-09 10:03:10',6,'34910770056','34946941176','In',NULL,'error',NULL,NULL,NULL),(131,'2017-05-09 10:06:50',6,'34910770056','34946941176','In','5','completed',216075,'application/pdf; charset=binary','fax-34946941176-1494324410.pdf'),(133,'2017-05-09 11:52:04',7,'34910770000','34911980695','In','5','completed',217103,'application/pdf; charset=binary','fax-34911980695-1494330724.pdf'),(134,'2017-05-09 11:57:11',7,NULL,'910770000','Out',NULL,'error',217764,'application/pdf; charset=binary','fax5pages.pdf'),(136,'2017-05-10 16:40:52',8,'3055395900','34913107231','In',NULL,'error',NULL,NULL,NULL),(137,'2017-05-11 08:05:44',8,'34602214372','34913107231','In',NULL,'error',NULL,NULL,NULL),(138,'2017-05-11 08:15:05',8,'34602214372','34913107231','In',NULL,'error',NULL,NULL,NULL),(139,'2017-05-12 09:58:45',8,'34912860805','34913107231','In',NULL,'error',NULL,NULL,NULL),(140,'2017-05-15 15:11:59',3,'34913344265','34982812629','In','4','completed',134320,'application/pdf; charset=binary','fax-34982812629-1494861119.pdf'),(141,'2017-05-16 09:32:33',8,'34914115778','34913107231','In',NULL,'error',NULL,NULL,NULL),(142,'2017-05-16 09:34:07',8,'34914115778','34913107231','In',NULL,'error',NULL,NULL,NULL),(143,'2017-05-18 10:53:51',8,'34946073491','34913107231','In','1','completed',7887,'application/pdf; charset=binary','fax-34913107231-1495104831.pdf'),(144,'2017-05-18 10:59:20',8,NULL,'914115778','Out',NULL,'pending',7887,'application/pdf; charset=binary','fax-34913107231-1495104831.pdf'),(145,'2017-05-18 10:59:25',8,NULL,'914115778','Out',NULL,'pending',7887,'application/pdf; charset=binary','fax-34913107231-1495104831.pdf'),(146,'2017-05-18 11:00:02',8,NULL,'914115778','Out',NULL,'pending',7887,'application/pdf; charset=binary','fax-34913107231-1495104831.pdf'),(147,'2017-05-18 11:01:02',8,NULL,'914115778','Out',NULL,'pending',7887,'application/pdf; charset=binary','fax-34913107231-1495104831.pdf'),(148,'2017-05-18 11:08:49',8,NULL,'914115778','Out',NULL,'pending',7887,'application/pdf; charset=binary','fax-34913107231-1495104831.pdf'),(149,'2017-05-18 11:09:37',8,NULL,'914115778','Out',NULL,'error',7887,'application/pdf; charset=binary','fax-34913107231-1495104831.pdf'),(150,'2017-05-18 11:43:23',8,'34912860805','34913107231','In',NULL,'error',NULL,NULL,NULL),(151,'2017-05-18 12:05:50',3,'34913344265','34982812629','In','4','completed',34077,'application/pdf; charset=binary','fax-34982812629-1495109150.pdf'),(152,'2017-05-20 21:45:36',3,'anonymous','34982812629','In',NULL,'error',NULL,NULL,NULL),(153,'2017-05-21 13:56:18',8,'anonymous','34913107231','In','1','completed',26616,'application/pdf; charset=binary','fax-34913107231-1495374978.pdf'),(154,'2017-05-22 12:44:02',6,'34917910651','34946941176','In',NULL,'error',NULL,NULL,NULL),(155,'2017-05-24 12:54:14',3,'34913344265','34982812629','In','4','completed',34970,'application/pdf; charset=binary','fax-34982812629-1495630454.pdf'),(156,'2017-05-24 12:56:19',3,'34913344265','34982812629','In','4','completed',34615,'application/pdf; charset=binary','fax-34982812629-1495630579.pdf'),(157,'2017-05-25 13:31:17',10,'anonymous','34933682568','In',NULL,'error',NULL,NULL,NULL),(158,'2017-05-25 14:08:09',6,'34917910651','34946941176','In',NULL,'error',NULL,NULL,NULL),(159,'2017-05-26 07:40:04',10,'anonymous','34933682568','In',NULL,'error',NULL,NULL,NULL),(160,'2017-05-26 11:11:52',10,'anonymous','34933682568','In',NULL,'error',NULL,NULL,NULL),(161,'2017-05-26 11:12:04',10,'anonymous','34933682568','In',NULL,'error',NULL,NULL,NULL),(162,'2017-05-26 16:53:38',8,'19177059613','34913107231','In',NULL,'error',NULL,NULL,NULL),(163,'2017-05-27 17:47:10',8,'34649898333','34913107231','In',NULL,'error',NULL,NULL,NULL),(164,'2017-05-27 19:04:41',8,'34649898333','34913107231','In',NULL,'error',NULL,NULL,NULL),(165,'2017-05-27 19:04:56',8,'34649898333','34913107231','In',NULL,'error',NULL,NULL,NULL),(166,'2017-05-27 19:06:16',8,'34649898333','34913107231','In',NULL,'error',NULL,NULL,NULL),(167,'2017-05-29 06:52:31',8,'34649898333','34913107231','In',NULL,'error',NULL,NULL,NULL),(168,'2017-05-29 14:59:37',8,'34943026595','34913107231','In',NULL,'error',NULL,NULL,NULL),(169,'2017-05-29 16:36:42',6,'34655749416','34946941176','In',NULL,'error',NULL,NULL,NULL),(170,'2017-05-30 07:59:32',10,'anonymous','34933682568','In',NULL,'error',NULL,NULL,NULL),(171,'2017-05-31 02:40:02',10,'34912978200','34933682568','In',NULL,'error',NULL,NULL,NULL),(172,'2017-05-31 03:42:53',10,'34912978200','34933682568','In',NULL,'error',NULL,NULL,NULL),(173,'2017-05-31 03:54:10',10,'34912978200','34933682568','In','2','completed',49048,'application/pdf; charset=binary','fax-34933682568-1496202850.pdf'),(174,'2017-06-01 11:09:37',8,'34638145736','34913107231','In',NULL,'error',NULL,NULL,NULL),(175,'2017-06-02 07:25:26',8,'34917377255','34913107231','In',NULL,'error',NULL,NULL,NULL),(176,'2017-06-02 09:02:01',8,'34669774343','34913107231','In',NULL,'error',NULL,NULL,NULL),(177,'2017-06-02 09:14:13',10,'34917373997','34933682568','In',NULL,'error',NULL,NULL,NULL),(178,'2017-06-02 16:35:01',10,'34928725613','34933682568','In',NULL,'error',NULL,NULL,NULL),(179,'2017-06-06 11:43:33',3,'anonymous','34982812629','In','1','completed',26626,'application/pdf; charset=binary','fax-34982812629-1496749413.pdf'),(180,'2017-06-06 13:36:57',8,'34932402999','34913107231','In',NULL,'error',NULL,NULL,NULL),(181,'2017-06-09 14:38:37',10,'34886318277','34933682568','In',NULL,'error',NULL,NULL,NULL),(182,'2017-06-12 11:43:10',10,'34935222528','34933682568','In',NULL,'error',NULL,NULL,NULL),(183,'2017-06-12 17:25:12',10,'34886318277','34933682568','In',NULL,'error',NULL,NULL,NULL),(184,'2017-06-13 08:07:03',10,'34931999031','34933682568','In',NULL,'error',NULL,NULL,NULL),(185,'2017-06-14 12:27:12',3,'34982229890','34982812629','In',NULL,'error',NULL,NULL,NULL),(186,'2017-06-14 12:27:56',3,'34982229890','34982812629','In',NULL,'error',NULL,NULL,NULL),(187,'2017-06-15 08:32:58',3,'34918298287','34982812629','In',NULL,'error',NULL,NULL,NULL),(188,'2017-06-15 12:28:36',3,'34646517706','34982812629','In',NULL,'error',NULL,NULL,NULL),(189,'2017-06-15 12:29:17',3,'34646517706','34982812629','In',NULL,'error',NULL,NULL,NULL),(190,'2017-06-16 11:24:54',6,'34946073491','34946941176','In','1','completed',14025,'application/pdf; charset=binary','fax-34946941176-1497612294.pdf'),(191,'2017-06-16 11:27:25',6,'34944048141','34946941176','In',NULL,'error',NULL,NULL,NULL),(192,'2017-06-16 11:29:42',6,'34944048141','34946941176','In',NULL,'error',NULL,NULL,NULL),(193,'2017-06-16 11:31:57',6,'34944048141','34946941176','In',NULL,'error',NULL,NULL,NULL),(194,'2017-06-19 14:49:09',8,'34609969230','34913107231','In',NULL,'error',NULL,NULL,NULL),(195,'2017-06-21 08:00:16',8,'34616851518','34913107231','In',NULL,'error',NULL,NULL,NULL),(196,'2017-06-21 08:00:51',8,'34616851518','34913107231','In',NULL,'error',NULL,NULL,NULL),(197,'2017-06-21 11:18:21',8,'34607123000','34913107231','In',NULL,'error',NULL,NULL,NULL),(198,'2017-06-21 14:18:04',8,'anonymous','34913107231','In','1','completed',39015,'application/pdf; charset=binary','fax-34913107231-1498054684.pdf'),(199,'2017-06-22 08:04:21',3,'34982296704','34982812629','In',NULL,'error',NULL,NULL,NULL),(200,'2017-06-25 06:01:40',8,'anonymous','34913107231','In','1','completed',24923,'application/pdf; charset=binary','fax-34913107231-1498370500.pdf'),(201,'2017-06-26 13:57:42',6,'34944048182','34946941176','In',NULL,'error',NULL,NULL,NULL),(202,'2017-06-26 13:59:23',6,NULL,'9466073491','Out',NULL,'pending',7746,'application/pdf; charset=binary','testfax.pdf'),(203,'2017-06-26 14:04:16',6,'34946073491','34946941176','In','1','completed',13849,'application/pdf; charset=binary','fax-34946941176-1498485856.pdf'),(204,'2017-06-26 14:06:59',6,NULL,'946073491','Out',NULL,'pending',7746,'application/pdf; charset=binary','testfax.pdf'),(205,'2017-06-26 14:10:50',6,NULL,'946073491','Out','1','completed',7746,'application/pdf; charset=binary','testfax.pdf'),(206,'2017-06-27 13:08:33',8,'34609245909','34913107231','In',NULL,'error',NULL,NULL,NULL),(207,'2017-06-27 18:47:18',3,'34982818077','34982812629','In',NULL,'error',NULL,NULL,NULL),(208,'2017-06-29 08:06:16',5,'34914322070','34911980695','In','1','completed',5282,'application/pdf; charset=binary','fax-34911980695-1498723576.pdf'),(209,'2017-06-29 18:38:29',6,'34676216531','34946941176','In',NULL,'error',NULL,NULL,NULL),(210,'2017-07-03 07:53:11',8,'34943428132','34913107231','In','1','completed',16605,'application/pdf; charset=binary','fax-34913107231-1499068391.pdf'),(211,'2017-07-05 20:39:01',10,'34912978200','34933682568','In','2','completed',49076,'application/pdf; charset=binary','fax-34933682568-1499287141.pdf'),(212,'2017-07-06 08:23:27',10,'34985346000','34933682568','In',NULL,'error',NULL,NULL,NULL),(213,'2017-07-10 08:37:38',8,'34934046722','34913107231','In','1','completed',10738,'application/pdf; charset=binary','fax-34913107231-1499675858.pdf'),(214,'2017-07-10 10:44:45',8,'34913996000','34913107231','In',NULL,'error',NULL,NULL,NULL),(215,'2017-07-10 11:09:23',8,'34915330024','34913107231','In',NULL,'error',NULL,NULL,NULL),(216,'2017-07-11 06:51:43',8,'34917904810','34913107231','In',NULL,'error',NULL,NULL,NULL),(217,'2017-07-11 13:19:59',8,'34607123000','34913107231','In',NULL,'error',NULL,NULL,NULL),(223,'2017-07-17 11:37:37',10,'34932723840','34933682568','In',NULL,'error',NULL,NULL,NULL),(224,'2017-07-24 08:49:28',8,'34609068283','34913107231','In',NULL,'error',NULL,NULL,NULL),(225,'2017-07-24 08:51:09',8,'34609068283','34913107231','In',NULL,'error',NULL,NULL,NULL),(226,'2017-07-24 08:58:10',8,'34944790900','34913107231','In',NULL,'error',NULL,NULL,NULL),(227,'2017-07-24 14:25:12',3,'34928832657','34982812629','In',NULL,'error',NULL,NULL,NULL),(228,'2017-07-27 12:01:01',8,'34915214419','34913107231','In',NULL,'error',NULL,NULL,NULL),(229,'2017-07-27 12:01:18',8,'34915214419','34913107231','In',NULL,'error',NULL,NULL,NULL),(230,'2017-07-31 07:39:12',10,'34934738084','34933682568','In',NULL,'error',NULL,NULL,NULL),(231,'2017-07-31 07:40:55',8,'447793859372','34913107231','In',NULL,'error',NULL,NULL,NULL),(232,'2017-08-02 10:19:25',8,'34915105966','34913107231','In',NULL,'error',NULL,NULL,NULL),(233,'2017-08-07 13:52:39',3,'34917247400','34982812629','In',NULL,'error',NULL,NULL,NULL),(234,'2017-08-08 08:00:50',10,'34605693279','34933682568','In',NULL,'error',NULL,NULL,NULL),(235,'2017-08-10 15:27:11',8,'34871966103','34913107231','In',NULL,'error',NULL,NULL,NULL),(236,'2017-08-11 11:12:59',5,'34871962571','34911980695','In',NULL,'error',NULL,NULL,NULL),(237,'2017-08-14 14:00:21',8,'34607123000','34913107231','In',NULL,'error',NULL,NULL,NULL),(238,'2017-08-16 08:46:58',5,'34971064801','34911980695','In',NULL,'error',NULL,NULL,NULL),(239,'2017-08-17 09:55:06',5,'34971016065','34911980695','In',NULL,'error',NULL,NULL,NULL),(240,'2017-08-21 10:06:22',5,'34971016105','34911980695','In',NULL,'error',NULL,NULL,NULL),(241,'2017-08-22 09:18:09',10,'34963000060','34933682568','In',NULL,'error',NULL,NULL,NULL),(242,'2017-08-23 07:49:17',10,'34963000060','34933682568','In',NULL,'error',NULL,NULL,NULL),(243,'2017-08-23 09:40:31',10,'34963000060','34933682568','In',NULL,'error',NULL,NULL,NULL),(244,'2017-08-23 10:45:02',10,'34963000060','34933682568','In',NULL,'error',NULL,NULL,NULL),(245,'2017-08-28 09:02:14',10,'34605693279','34933682568','In',NULL,'error',NULL,NULL,NULL),(246,'2017-08-28 11:19:42',10,'34605693279','34933682568','In',NULL,'error',NULL,NULL,NULL),(247,'2017-08-28 13:47:50',10,'34605693279','34933682568','In',NULL,'error',NULL,NULL,NULL),(248,'2017-08-29 07:15:53',8,'34913397900','34913107231','In',NULL,'error',NULL,NULL,NULL),(249,'2017-09-06 08:14:01',8,'34917904810','34913107231','In',NULL,'error',NULL,NULL,NULL),(250,'2017-09-06 08:14:14',8,'34917904810','34913107231','In',NULL,'error',NULL,NULL,NULL),(251,'2017-09-06 13:16:22',10,'34662991273','34933682568','In',NULL,'error',NULL,NULL,NULL),(252,'2017-09-07 08:28:57',8,'34917904810','34913107231','In',NULL,'error',NULL,NULL,NULL),(253,'2017-09-11 16:45:51',8,'34607734783','34913107231','In',NULL,'error',NULL,NULL,NULL),(254,'2017-09-14 15:39:44',8,'34925825060','34913107231','In',NULL,'error',NULL,NULL,NULL),(255,'2017-09-18 11:37:51',8,'34918227999','34913107231','In',NULL,'error',NULL,NULL,NULL),(256,'2017-09-18 17:29:06',8,'34914842089','34913107231','In','1','completed',1347,'application/pdf; charset=binary','fax-34913107231-1505755746.pdf'),(257,'2017-09-19 08:02:40',3,'34982201534','34982812629','In',NULL,'error',NULL,NULL,NULL),(258,'2017-09-19 10:54:52',8,'34918227999','34913107231','In',NULL,'error',NULL,NULL,NULL),(259,'2017-09-21 09:26:25',8,'34934678184','34913107231','In',NULL,'error',NULL,NULL,NULL),(260,'2017-09-22 07:42:29',3,'34914842089','34982812629','In','1','completed',1347,'application/pdf; charset=binary','fax-34982812629-1506066149.pdf'),(261,'2017-09-25 08:25:57',8,'34639753358','34913107231','In',NULL,'error',NULL,NULL,NULL),(262,'2017-09-25 16:46:05',8,'34932425088','34913107231','In',NULL,'error',NULL,NULL,NULL),(263,'2017-09-26 11:21:32',8,'34696150731','34913107231','In',NULL,'error',NULL,NULL,NULL),(264,'2017-09-27 12:00:02',10,'34963000060','34933682568','In',NULL,'error',NULL,NULL,NULL),(265,'2017-09-27 17:40:55',5,'34914621610','34911980695','In',NULL,'error',NULL,NULL,NULL),(266,'2017-09-27 17:41:41',5,'34914621610','34911980695','In',NULL,'error',NULL,NULL,NULL),(267,'2017-09-27 17:41:58',5,'34914621610','34911980695','In',NULL,'error',NULL,NULL,NULL),(268,'2017-09-28 11:08:45',5,NULL,'914322070','Out',NULL,'error',103349,'application/pdf; charset=binary','27092017173642.pdf'),(269,'2017-09-28 11:09:31',5,'34915762200','34810101959','In',NULL,'error',NULL,NULL,NULL),(270,'2017-09-28 11:09:31',10,'34963000060','34933682568','In',NULL,'error',NULL,NULL,NULL),(271,'2017-09-28 11:10:29',5,NULL,'914322070','Out',NULL,'error',103349,'application/pdf; charset=binary','27092017173642.pdf'),(272,'2017-09-28 12:28:41',10,'34910800872','34933682568','In',NULL,'error',NULL,NULL,NULL),(273,'2017-09-28 17:57:14',8,'anonymous','34913107231','In','1','completed',39124,'application/pdf; charset=binary','fax-34913107231-1506621434.pdf'),(274,'2017-09-29 10:11:48',8,'34686918518','34913107231','In',NULL,'error',NULL,NULL,NULL),(275,'2017-09-29 12:25:17',8,'34661240415','34913107231','In',NULL,'error',NULL,NULL,NULL),(276,'2017-10-02 15:30:19',8,'34653825955','34913107231','In',NULL,'error',NULL,NULL,NULL),(277,'2017-10-03 11:25:37',8,'34881898548','34913107231','In',NULL,'error',NULL,NULL,NULL),(278,'2017-10-10 10:07:25',3,'34913840495','34982812629','In','2','completed',27347,'application/pdf; charset=binary','fax-34982812629-1507630045.pdf'),(279,'2017-10-11 11:54:20',10,'34936344892','34933682568','In',NULL,'error',NULL,NULL,NULL),(280,'2017-10-11 18:37:59',10,'34931440311','34933682568','In',NULL,'error',NULL,NULL,NULL),(281,'2017-10-16 07:46:16',8,'34881898548','34913107231','In',NULL,'error',NULL,NULL,NULL),(282,'2017-10-16 09:07:03',10,'34977530101','34933682568','In',NULL,'error',NULL,NULL,NULL),(283,'2017-10-17 11:22:47',10,'34935222245','34933682568','In',NULL,'error',NULL,NULL,NULL),(284,'2017-10-17 12:25:10',10,'34935222245','34933682568','In',NULL,'error',NULL,NULL,NULL),(285,'2017-10-17 14:51:10',10,'34935222245','34933682568','In',NULL,'error',NULL,NULL,NULL),(286,'2017-10-17 15:52:39',10,'34935222245','34933682568','In',NULL,'error',NULL,NULL,NULL),(287,'2017-10-18 10:33:53',10,'34935222245','34933682568','In',NULL,'error',NULL,NULL,NULL),(288,'2017-10-18 12:04:31',10,'34935222245','34933682568','In',NULL,'error',NULL,NULL,NULL),(289,'2017-10-18 13:05:08',10,'34935222245','34933682568','In',NULL,'error',NULL,NULL,NULL),(290,'2017-10-18 14:48:25',10,'34935222245','34933682568','In',NULL,'error',NULL,NULL,NULL),(291,'2017-10-18 14:52:34',8,'34636635432','34913107231','In',NULL,'error',NULL,NULL,NULL),(292,'2017-10-18 14:52:50',8,'34636635432','34913107231','In',NULL,'error',NULL,NULL,NULL),(293,'2017-10-18 16:10:51',10,'34935222245','34933682568','In',NULL,'error',NULL,NULL,NULL),(294,'2017-10-19 08:40:05',10,'34935222245','34933682568','In',NULL,'error',NULL,NULL,NULL),(295,'2017-10-23 10:44:23',3,'34982294231','34982812629','In',NULL,'error',NULL,NULL,NULL),(296,'2017-10-23 10:47:52',8,'34914279850','34913107231','In',NULL,'error',NULL,NULL,NULL),(297,'2017-10-23 15:58:20',8,'34609068283','34913107231','In',NULL,'error',NULL,NULL,NULL);
/*!40000 ALTER TABLE `FaxesInOut` ENABLE KEYS */;
UNLOCK TABLES;

--
-- Table structure for table `Features`
--

DROP TABLE IF EXISTS `Features`;
/*!40101 SET @saved_cs_client     = @@character_set_client */;
/*!40101 SET character_set_client = utf8 */;
CREATE TABLE `Features` (
  `id` int(10) unsigned NOT NULL AUTO_INCREMENT,
  `iden` varchar(100) NOT NULL,
  `name` varchar(50) NOT NULL DEFAULT '' COMMENT '[ml]',
  `name_en` varchar(50) NOT NULL DEFAULT '',
  `name_es` varchar(50) NOT NULL DEFAULT '',
  PRIMARY KEY (`id`),
  UNIQUE KEY `featureIden` (`iden`)
) ENGINE=InnoDB AUTO_INCREMENT=10 DEFAULT CHARSET=utf8 COMMENT='[entity][rest]';
/*!40101 SET character_set_client = @saved_cs_client */;

--
-- Dumping data for table `Features`
--

LOCK TABLES `Features` WRITE;
/*!40000 ALTER TABLE `Features` DISABLE KEYS */;
INSERT INTO `Features` VALUES (1,'queues','','Queues','Colas'),(2,'recordings','','Recordings','Grabaciones'),(3,'faxes','','Faxes','Fax Virtual'),(4,'friends','','Friends','Friends'),(5,'conferences','','Conferences','Conferencias'),(6,'billing','','Billing','Tarificador'),(7,'invoices','','Invoices','Facturador'),(8,'progress','','Voice Notifications','Notificaciones de voz'),(9,'retail','','Retail Clients','Clientes Retail');
/*!40000 ALTER TABLE `Features` ENABLE KEYS */;
UNLOCK TABLES;

--
-- Table structure for table `FeaturesRelBrands`
--

DROP TABLE IF EXISTS `FeaturesRelBrands`;
/*!40101 SET @saved_cs_client     = @@character_set_client */;
/*!40101 SET character_set_client = utf8 */;
CREATE TABLE `FeaturesRelBrands` (
  `id` int(10) unsigned NOT NULL AUTO_INCREMENT,
  `brandId` int(10) unsigned NOT NULL,
  `featureId` int(10) unsigned NOT NULL,
  PRIMARY KEY (`id`),
  KEY `brandId` (`brandId`),
  KEY `featureId` (`featureId`),
  CONSTRAINT `FeaturesRelBrands_ibfk_1` FOREIGN KEY (`brandId`) REFERENCES `Brands` (`id`) ON DELETE CASCADE,
  CONSTRAINT `FeaturesRelBrands_ibfk_2` FOREIGN KEY (`featureId`) REFERENCES `Features` (`id`) ON DELETE CASCADE
) ENGINE=InnoDB AUTO_INCREMENT=20 DEFAULT CHARSET=utf8 COMMENT='[entity][rest]';
/*!40101 SET character_set_client = @saved_cs_client */;

--
-- Dumping data for table `FeaturesRelBrands`
--

LOCK TABLES `FeaturesRelBrands` WRITE;
/*!40000 ALTER TABLE `FeaturesRelBrands` DISABLE KEYS */;
INSERT INTO `FeaturesRelBrands` VALUES (3,1,2),(4,2,2),(5,1,3),(6,2,3),(7,1,4),(8,2,4),(9,1,5),(10,2,5),(11,1,6),(12,2,6),(13,1,7),(14,2,7),(16,1,8),(17,2,8),(18,1,1),(19,1,9);
/*!40000 ALTER TABLE `FeaturesRelBrands` ENABLE KEYS */;
UNLOCK TABLES;

--
-- Table structure for table `FeaturesRelCompanies`
--

DROP TABLE IF EXISTS `FeaturesRelCompanies`;
/*!40101 SET @saved_cs_client     = @@character_set_client */;
/*!40101 SET character_set_client = utf8 */;
CREATE TABLE `FeaturesRelCompanies` (
  `id` int(10) unsigned NOT NULL AUTO_INCREMENT,
  `companyId` int(10) unsigned NOT NULL,
  `featureId` int(10) unsigned NOT NULL,
  PRIMARY KEY (`id`),
  KEY `companyId` (`companyId`),
  KEY `featureId` (`featureId`),
  CONSTRAINT `FeaturesRelCompanies_ibfk_1` FOREIGN KEY (`companyId`) REFERENCES `Companies` (`id`) ON DELETE CASCADE,
  CONSTRAINT `FeaturesRelCompanies_ibfk_2` FOREIGN KEY (`featureId`) REFERENCES `Features` (`id`) ON DELETE CASCADE
) ENGINE=InnoDB AUTO_INCREMENT=67 DEFAULT CHARSET=utf8 COMMENT='[entity][rest]';
/*!40101 SET character_set_client = @saved_cs_client */;

--
-- Dumping data for table `FeaturesRelCompanies`
--

LOCK TABLES `FeaturesRelCompanies` WRITE;
/*!40000 ALTER TABLE `FeaturesRelCompanies` DISABLE KEYS */;
INSERT INTO `FeaturesRelCompanies` VALUES (1,3,5),(2,3,3),(3,3,4),(5,3,2),(6,5,5),(7,5,3),(8,5,4),(10,5,2),(11,6,5),(12,6,3),(13,6,4),(15,6,2),(16,7,5),(17,7,3),(18,7,4),(20,7,2),(21,8,5),(22,8,3),(23,8,4),(25,8,2),(26,9,5),(27,9,3),(28,9,4),(30,9,2),(31,10,5),(32,10,3),(33,10,4),(35,10,2),(36,11,5),(37,11,3),(38,11,4),(40,11,2),(41,12,5),(42,12,3),(43,12,4),(45,12,2),(46,13,5),(47,13,3),(48,13,4),(50,13,2),(56,15,5),(57,15,3),(58,15,4),(60,15,2),(61,19,2),(62,19,3),(63,19,4),(64,19,5),(65,19,8),(66,20,5);
/*!40000 ALTER TABLE `FeaturesRelCompanies` ENABLE KEYS */;
UNLOCK TABLES;

--
-- Table structure for table `FixedCosts`
--

DROP TABLE IF EXISTS `FixedCosts`;
/*!40101 SET @saved_cs_client     = @@character_set_client */;
/*!40101 SET character_set_client = utf8 */;
CREATE TABLE `FixedCosts` (
  `id` int(10) unsigned NOT NULL AUTO_INCREMENT,
  `brandId` int(10) unsigned NOT NULL,
  `name` varchar(255) NOT NULL,
  `description` text,
  `cost` decimal(10,4) DEFAULT NULL,
  PRIMARY KEY (`id`),
  UNIQUE KEY `descBrand` (`brandId`,`name`),
  KEY `brandId` (`brandId`),
  CONSTRAINT `FixedCosts_ibfk_1` FOREIGN KEY (`brandId`) REFERENCES `Brands` (`id`) ON DELETE CASCADE
) ENGINE=InnoDB AUTO_INCREMENT=3 DEFAULT CHARSET=utf8 COMMENT='[entity][rest]';
/*!40101 SET character_set_client = @saved_cs_client */;

--
-- Dumping data for table `FixedCosts`
--

LOCK TABLES `FixedCosts` WRITE;
/*!40000 ALTER TABLE `FixedCosts` DISABLE KEYS */;
INSERT INTO `FixedCosts` VALUES (1,1,'Línea FTTH Simétrica 10Mb/10Mb (con QOS)',NULL,87.0000),(2,1,'Linea Movil Empresa /635900101) Junio 2016',NULL,105.0000);
/*!40000 ALTER TABLE `FixedCosts` ENABLE KEYS */;
UNLOCK TABLES;

--
-- Table structure for table `FixedCostsRelInvoices`
--

DROP TABLE IF EXISTS `FixedCostsRelInvoices`;
/*!40101 SET @saved_cs_client     = @@character_set_client */;
/*!40101 SET character_set_client = utf8 */;
CREATE TABLE `FixedCostsRelInvoices` (
  `id` int(10) unsigned NOT NULL AUTO_INCREMENT,
  `brandId` int(10) unsigned NOT NULL,
  `fixedCostId` int(10) unsigned NOT NULL,
  `invoiceId` int(10) unsigned NOT NULL,
  `quantity` int(10) DEFAULT NULL,
  PRIMARY KEY (`id`),
  KEY `brandId` (`brandId`),
  KEY `fixedCostId` (`fixedCostId`),
  KEY `invoiceId` (`invoiceId`),
  CONSTRAINT `FixedCostsRelInvoices_ibfk_1` FOREIGN KEY (`brandId`) REFERENCES `Brands` (`id`) ON DELETE CASCADE,
  CONSTRAINT `FixedCostsRelInvoices_ibfk_2` FOREIGN KEY (`fixedCostId`) REFERENCES `FixedCosts` (`id`) ON DELETE CASCADE,
  CONSTRAINT `FixedCostsRelInvoices_ibfk_3` FOREIGN KEY (`invoiceId`) REFERENCES `Invoices` (`id`) ON DELETE CASCADE
) ENGINE=InnoDB DEFAULT CHARSET=utf8 COMMENT='[entity][rest]';
/*!40101 SET character_set_client = @saved_cs_client */;

--
-- Dumping data for table `FixedCostsRelInvoices`
--

LOCK TABLES `FixedCostsRelInvoices` WRITE;
/*!40000 ALTER TABLE `FixedCostsRelInvoices` DISABLE KEYS */;
/*!40000 ALTER TABLE `FixedCostsRelInvoices` ENABLE KEYS */;
UNLOCK TABLES;

--
-- Table structure for table `Friends`
--

DROP TABLE IF EXISTS `Friends`;
/*!40101 SET @saved_cs_client     = @@character_set_client */;
/*!40101 SET character_set_client = utf8 */;
CREATE TABLE `Friends` (
  `id` int(10) unsigned NOT NULL AUTO_INCREMENT,
  `companyId` int(10) unsigned NOT NULL,
  `name` varchar(65) NOT NULL,
  `domain` varchar(190) DEFAULT NULL,
  `description` varchar(500) NOT NULL DEFAULT '',
  `transport` varchar(25) NOT NULL COMMENT '[enum:udp|tcp|tls]',
  `ip` varchar(50) DEFAULT NULL,
  `port` smallint(5) unsigned DEFAULT NULL,
  `auth_needed` enum('yes','no') NOT NULL DEFAULT 'yes',
  `password` varchar(64) DEFAULT NULL,
  `callACLId` int(10) unsigned DEFAULT NULL,
  `countryId` int(10) unsigned DEFAULT NULL,
  `areaCode` varchar(10) DEFAULT NULL,
  `outgoingDDIId` int(10) unsigned DEFAULT NULL,
  `priority` smallint(6) NOT NULL DEFAULT '1',
  `disallow` varchar(200) NOT NULL DEFAULT 'all',
  `allow` varchar(200) NOT NULL DEFAULT 'alaw',
  `direct_media_method` enum('invite','update') NOT NULL DEFAULT 'update' COMMENT '[enum:invite|update]',
  `callerid_update_header` enum('pai','rpid') NOT NULL DEFAULT 'pai' COMMENT '[enum:pai|rpid]',
  `update_callerid` enum('yes','no') NOT NULL DEFAULT 'yes' COMMENT '[enum:yes|no]',
  `from_domain` varchar(190) DEFAULT NULL,
  `directConnectivity` enum('yes','no') NOT NULL DEFAULT 'yes' COMMENT '[enum:yes|no]',
  `languageId` int(10) unsigned DEFAULT NULL,
  PRIMARY KEY (`id`),
  UNIQUE KEY `companyPrio` (`companyId`,`priority`),
  KEY `companyId` (`companyId`),
  KEY `countryId` (`countryId`),
  KEY `callACLId` (`callACLId`),
  KEY `outgoingDDIId` (`outgoingDDIId`),
  KEY `languageId` (`languageId`),
  CONSTRAINT `Friends_ibfk_1` FOREIGN KEY (`companyId`) REFERENCES `Companies` (`id`) ON DELETE CASCADE,
  CONSTRAINT `Friends_ibfk_2` FOREIGN KEY (`countryId`) REFERENCES `Countries` (`id`) ON DELETE SET NULL,
  CONSTRAINT `Friends_ibfk_3` FOREIGN KEY (`callACLId`) REFERENCES `CallACL` (`id`) ON DELETE SET NULL,
  CONSTRAINT `Friends_ibfk_4` FOREIGN KEY (`outgoingDDIId`) REFERENCES `DDIs` (`id`) ON DELETE SET NULL,
  CONSTRAINT `Friends_ibfk_5` FOREIGN KEY (`languageId`) REFERENCES `Languages` (`id`) ON DELETE SET NULL
) ENGINE=InnoDB AUTO_INCREMENT=10 DEFAULT CHARSET=utf8 COMMENT='[entity][rest]';
/*!40101 SET character_set_client = @saved_cs_client */;

--
-- Dumping data for table `Friends`
--

LOCK TABLES `Friends` WRITE;
/*!40000 ALTER TABLE `Friends` DISABLE KEYS */;
INSERT INTO `Friends` VALUES (3,8,'altamarpbx','altamar-voz.tedra.es','PBX de Altamar','udp','',5060,'yes','WFWjr458-g',9,NULL,'',63,1,'all','alaw','update','pai','yes','','no',NULL),(4,15,'miramarpbx','miramar-voz.tedra.es','','udp','185.23.36.122',5060,'yes','BDYmer!271',NULL,NULL,'',254,1,'all','alaw','update','pai','yes','','yes',NULL),(9,8,'altamarchile','altamar-voz.tedra.es','','udp','',5060,'yes','PL8Fb5i7$a',14,NULL,'',206,2,'all','alaw','update','pai','yes','','no',NULL);
/*!40000 ALTER TABLE `Friends` ENABLE KEYS */;
UNLOCK TABLES;

--
-- Table structure for table `FriendsPatterns`
--

DROP TABLE IF EXISTS `FriendsPatterns`;
/*!40101 SET @saved_cs_client     = @@character_set_client */;
/*!40101 SET character_set_client = utf8 */;
CREATE TABLE `FriendsPatterns` (
  `id` int(10) unsigned NOT NULL AUTO_INCREMENT,
  `friendId` int(10) unsigned NOT NULL,
  `name` varchar(50) NOT NULL,
  `regExp` varchar(255) NOT NULL,
  PRIMARY KEY (`id`),
  KEY `friendId` (`friendId`),
  CONSTRAINT `FriendsPatterns_ibfk_1` FOREIGN KEY (`friendId`) REFERENCES `Friends` (`id`) ON DELETE CASCADE
) ENGINE=InnoDB AUTO_INCREMENT=5 DEFAULT CHARSET=utf8 COMMENT='[entity][rest]';
/*!40101 SET character_set_client = @saved_cs_client */;

--
-- Dumping data for table `FriendsPatterns`
--

LOCK TABLES `FriendsPatterns` WRITE;
/*!40000 ALTER TABLE `FriendsPatterns` DISABLE KEYS */;
INSERT INTO `FriendsPatterns` VALUES (2,3,'Test','^1234$'),(3,3,'Extensiones','^[675][0-9]{2}$'),(4,9,'Chile','^990$');
/*!40000 ALTER TABLE `FriendsPatterns` ENABLE KEYS */;
UNLOCK TABLES;

--
-- Table structure for table `GenericCallACLPatterns`
--

DROP TABLE IF EXISTS `GenericCallACLPatterns`;
/*!40101 SET @saved_cs_client     = @@character_set_client */;
/*!40101 SET character_set_client = utf8 */;
CREATE TABLE `GenericCallACLPatterns` (
  `id` int(10) unsigned NOT NULL AUTO_INCREMENT,
  `brandId` int(10) unsigned NOT NULL,
  `name` varchar(50) NOT NULL,
  `regExp` varchar(255) NOT NULL,
  PRIMARY KEY (`id`),
  UNIQUE KEY `nameBrand` (`name`,`brandId`),
  KEY `brandId` (`brandId`),
  CONSTRAINT `GenericCallACLPatterns_ibfk_1` FOREIGN KEY (`brandId`) REFERENCES `Brands` (`id`) ON DELETE CASCADE
) ENGINE=InnoDB AUTO_INCREMENT=12 DEFAULT CHARSET=utf8 COMMENT='[entity][rest]';
/*!40101 SET character_set_client = @saved_cs_client */;

--
-- Dumping data for table `GenericCallACLPatterns`
--

LOCK TABLES `GenericCallACLPatterns` WRITE;
/*!40000 ALTER TABLE `GenericCallACLPatterns` DISABLE KEYS */;
INSERT INTO `GenericCallACLPatterns` VALUES (1,1,'España fijos','^34[89][1-9][0-9]{7}$'),(2,1,'España móviles','^34[67][0-9]{8}$'),(3,1,'España Internacionales','^[^3][^4][0-9]+$'),(4,1,'España Servicios Gratuitos','^34800[0-9]+$|^34900[0-9]+$'),(5,1,'Servicios Emergencia','^34091$|^34112$'),(6,2,'España fijos','^34[89][1-9][0-9]{7}$'),(7,2,'España móviles','^34[67][0-9]{8}$'),(8,2,'España Internacionales','^[^3][^4][0-9]+$'),(9,2,'España Servicios Gratuitos','^34800[0-9]+$|^34900[0-9]+$'),(10,2,'Servicios Emergencia','^34091$|^34112$'),(11,2,'España902','^34902[0-9]{6}$');
/*!40000 ALTER TABLE `GenericCallACLPatterns` ENABLE KEYS */;
UNLOCK TABLES;

--
-- Table structure for table `GenericMusicOnHold`
--

DROP TABLE IF EXISTS `GenericMusicOnHold`;
/*!40101 SET @saved_cs_client     = @@character_set_client */;
/*!40101 SET character_set_client = utf8 */;
CREATE TABLE `GenericMusicOnHold` (
  `id` int(10) unsigned NOT NULL AUTO_INCREMENT,
  `name` varchar(80) NOT NULL,
  `originalFileFileSize` int(11) unsigned DEFAULT NULL COMMENT '[FSO:keepExtension]',
  `originalFileMimeType` varchar(80) DEFAULT NULL,
  `originalFileBaseName` varchar(255) DEFAULT NULL,
  `encodedFileFileSize` int(11) unsigned DEFAULT NULL COMMENT '[FSO:keepExtension|storeInBaseFolder]',
  `encodedFileMimeType` varchar(80) DEFAULT NULL,
  `encodedFileBaseName` varchar(255) DEFAULT NULL,
  `status` varchar(20) DEFAULT NULL COMMENT '[enum:pending|encoding|ready|error]',
  `brandId` int(10) unsigned NOT NULL,
  PRIMARY KEY (`id`),
  UNIQUE KEY `nameBrand` (`name`,`brandId`),
  KEY `fGenericMusicOnHold_ibfk_1` (`brandId`),
  CONSTRAINT `fGenericMusicOnHold_ibfk_1` FOREIGN KEY (`brandId`) REFERENCES `Brands` (`id`) ON DELETE CASCADE ON UPDATE CASCADE
) ENGINE=InnoDB AUTO_INCREMENT=5 DEFAULT CHARSET=utf8 COMMENT='[entity][rest]';
/*!40101 SET character_set_client = @saved_cs_client */;

--
-- Dumping data for table `GenericMusicOnHold`
--

LOCK TABLES `GenericMusicOnHold` WRITE;
/*!40000 ALTER TABLE `GenericMusicOnHold` DISABLE KEYS */;
INSERT INTO `GenericMusicOnHold` VALUES (1,'Yiruma - River Flows in you',2953039,'audio/mpeg; charset=binary','Yiruma - River Flows In You.mp3',2952542,'audio/x-wav; charset=binary','Yiruma - River Flows In You.wav','ready',1),(2,'MOH-Groove',4635568,'audio/x-wav; charset=binary','01_303-groove.wav',840956,'audio/x-wav; charset=binary','01_303-groove.wav','ready',2),(3,'MOH-PowerPlant',12189348,'audio/x-wav; charset=binary','02_power-plant-soul.wav',2211258,'audio/x-wav; charset=binary','02_power-plant-soul.wav','ready',2),(4,'MOH-NoMansLand',17661884,'audio/x-wav; charset=binary','04_no-mans-land.wav',3204008,'audio/x-wav; charset=binary','04_no-mans-land.wav','ready',2);
/*!40000 ALTER TABLE `GenericMusicOnHold` ENABLE KEYS */;
UNLOCK TABLES;

--
-- Table structure for table `HolidayDates`
--

DROP TABLE IF EXISTS `HolidayDates`;
/*!40101 SET @saved_cs_client     = @@character_set_client */;
/*!40101 SET character_set_client = utf8 */;
CREATE TABLE `HolidayDates` (
  `id` int(10) unsigned NOT NULL AUTO_INCREMENT,
  `calendarId` int(10) unsigned NOT NULL,
  `name` varchar(50) NOT NULL,
  `eventDate` date NOT NULL,
  `locutionId` int(10) unsigned DEFAULT NULL,
  PRIMARY KEY (`id`),
  UNIQUE KEY `dateCalendar` (`eventDate`,`calendarId`),
  KEY `calendarId` (`calendarId`),
  KEY `locutionId` (`locutionId`),
  CONSTRAINT `HolidayDates_ibfk_1` FOREIGN KEY (`calendarId`) REFERENCES `Calendars` (`id`) ON DELETE CASCADE,
  CONSTRAINT `HolidayDates_ibfk_2` FOREIGN KEY (`locutionId`) REFERENCES `Locutions` (`id`) ON DELETE SET NULL
) ENGINE=InnoDB AUTO_INCREMENT=28 DEFAULT CHARSET=utf8 COMMENT='[entity][rest]';
/*!40101 SET character_set_client = @saved_cs_client */;

--
-- Dumping data for table `HolidayDates`
--

LOCK TABLES `HolidayDates` WRITE;
/*!40000 ALTER TABLE `HolidayDates` DISABLE KEYS */;
INSERT INTO `HolidayDates` VALUES (1,4,'dia_padre','2017-03-20',21),(2,4,'semana santa jueves','2017-04-13',21),(3,4,'semana santa viernes','2017-04-14',21),(4,4,'dia del trabajo','2017-05-01',21),(5,4,'dia de la comunidad de madrid','2017-05-02',21),(6,4,'san isidro','2017-05-15',21),(7,4,'asuncion de la virgen','2017-08-15',21),(8,4,'fiesta nacional española','2017-10-12',21),(9,4,'dia de todos los santos','2017-11-01',21),(10,4,'nuestra señora de la almudea','2017-11-09',21),(11,4,'dia de la constitución española','2017-12-06',21),(12,4,'inmaculada concepcion','2017-12-08',21),(13,4,'natividad del señor','2017-12-25',21),(14,3,'jueves santo','2017-04-13',17),(15,3,'viernes santo','2017-04-14',17),(16,3,'dia del trabajo','2017-05-01',17),(17,3,'dia de la comunidad de madrid','2017-05-02',17),(18,3,'san isidro','2017-05-15',17),(19,3,'asuncion de la virgen','2017-08-15',17),(20,3,'fiesta nacional española','2017-10-12',17),(21,3,'dia de todos los santos','2017-11-01',17),(22,3,'nuestra señora de la almudena','2017-11-09',17),(25,3,'dia de la constitución española','2017-12-06',17),(26,3,'inmaculada concepción','2017-12-08',17),(27,3,'natividad del señor','2017-12-25',17);
/*!40000 ALTER TABLE `HolidayDates` ENABLE KEYS */;
UNLOCK TABLES;

--
-- Table structure for table `HuntGroupCallForwardSettings`
--

DROP TABLE IF EXISTS `HuntGroupCallForwardSettings`;
/*!40101 SET @saved_cs_client     = @@character_set_client */;
/*!40101 SET character_set_client = utf8 */;
CREATE TABLE `HuntGroupCallForwardSettings` (
  `id` int(10) unsigned NOT NULL AUTO_INCREMENT,
  `huntGroupId` int(10) unsigned NOT NULL,
  `callTypeFilter` varchar(25) DEFAULT NULL COMMENT '[enum:internal|external|both]',
  `callTargetType` varchar(25) NOT NULL COMMENT '[enum:number|extension|voicemail]',
  `callNumberValue` varchar(25) DEFAULT NULL,
  `callExtensionId` int(10) unsigned DEFAULT NULL,
  `callVoiceMailUserId` int(10) unsigned DEFAULT NULL,
  PRIMARY KEY (`id`),
  KEY `huntGroupId` (`huntGroupId`),
  KEY `callExtensionId` (`callExtensionId`),
  KEY `callVoiceMailUserId` (`callVoiceMailUserId`),
  CONSTRAINT `HuntGroupCallForwardSettings_ibfk_1` FOREIGN KEY (`huntGroupId`) REFERENCES `HuntGroups` (`id`) ON DELETE CASCADE,
  CONSTRAINT `HuntGroupCallForwardSettings_ibfk_2` FOREIGN KEY (`callExtensionId`) REFERENCES `Extensions` (`id`) ON DELETE CASCADE,
  CONSTRAINT `HuntGroupCallForwardSettings_ibfk_3` FOREIGN KEY (`callVoiceMailUserId`) REFERENCES `Users` (`id`) ON DELETE CASCADE
) ENGINE=InnoDB DEFAULT CHARSET=utf8 COMMENT='[entity][rest]';
/*!40101 SET character_set_client = @saved_cs_client */;

--
-- Dumping data for table `HuntGroupCallForwardSettings`
--

LOCK TABLES `HuntGroupCallForwardSettings` WRITE;
/*!40000 ALTER TABLE `HuntGroupCallForwardSettings` DISABLE KEYS */;
/*!40000 ALTER TABLE `HuntGroupCallForwardSettings` ENABLE KEYS */;
UNLOCK TABLES;

--
-- Table structure for table `HuntGroups`
--

DROP TABLE IF EXISTS `HuntGroups`;
/*!40101 SET @saved_cs_client     = @@character_set_client */;
/*!40101 SET character_set_client = utf8 */;
CREATE TABLE `HuntGroups` (
  `id` int(10) unsigned NOT NULL AUTO_INCREMENT,
  `name` varchar(100) NOT NULL DEFAULT '',
  `description` varchar(500) NOT NULL DEFAULT '',
  `companyId` int(10) unsigned NOT NULL,
  `strategy` varchar(25) NOT NULL COMMENT '[enum:ringAll|linear|roundRobin|random]',
  `ringAllTimeout` smallint(6) NOT NULL,
  `nextUserPosition` smallint(4) unsigned DEFAULT '0',
  `noAnswerLocutionId` int(10) unsigned DEFAULT NULL,
  `noAnswerTargetType` varchar(25) DEFAULT NULL COMMENT '[enum:number|extension|voicemail]',
  `noAnswerNumberValue` varchar(25) DEFAULT NULL,
  `noAnswerExtensionId` int(10) unsigned DEFAULT NULL,
  `noAnswerVoiceMailUserId` int(10) unsigned DEFAULT NULL,
  PRIMARY KEY (`id`),
  UNIQUE KEY `nameCompany` (`name`,`companyId`),
  KEY `companyId` (`companyId`),
  KEY `noAnswerLocutionId` (`noAnswerLocutionId`),
  KEY `noAnswerExtensionId` (`noAnswerExtensionId`),
  KEY `noAnswerVoiceMailUserId` (`noAnswerVoiceMailUserId`),
  CONSTRAINT `HuntGroups_ibfk_1` FOREIGN KEY (`companyId`) REFERENCES `Companies` (`id`) ON DELETE CASCADE,
  CONSTRAINT `HuntGroups_ibfk_2` FOREIGN KEY (`noAnswerLocutionId`) REFERENCES `Locutions` (`id`) ON DELETE SET NULL,
  CONSTRAINT `HuntGroups_ibfk_3` FOREIGN KEY (`noAnswerExtensionId`) REFERENCES `Extensions` (`id`) ON DELETE SET NULL,
  CONSTRAINT `HuntGroups_ibfk_4` FOREIGN KEY (`noAnswerVoiceMailUserId`) REFERENCES `Users` (`id`) ON DELETE SET NULL
) ENGINE=InnoDB AUTO_INCREMENT=60 DEFAULT CHARSET=utf8 COMMENT='[entity][rest]';
/*!40101 SET character_set_client = @saved_cs_client */;

--
-- Dumping data for table `HuntGroups`
--

LOCK TABLES `HuntGroups` WRITE;
/*!40000 ALTER TABLE `HuntGroups` DISABLE KEYS */;
INSERT INTO `HuntGroups` VALUES (4,'entrada_agronovo','',5,'ringAll',60,NULL,NULL,NULL,NULL,NULL,NULL),(5,'llamada_todos','Llamada a todos los miembros',6,'ringAll',60,NULL,NULL,NULL,NULL,NULL,NULL),(6,'Recepción','Llamada a recepción',7,'ringAll',32767,NULL,NULL,NULL,NULL,NULL,NULL),(7,'entrantes_generales','Entrantes',9,'ringAll',40,NULL,16,'voicemail',NULL,NULL,43),(8,'HG_RINGALL','ringall',3,'linear',20,NULL,NULL,'number','676216531',NULL,NULL),(26,'Recepcion','600 y 700',8,'ringAll',300,NULL,NULL,NULL,NULL,NULL,NULL),(27,'Rocio+Recepcion','Rocio Gonzalez y luego recepcion',8,'ringAll',5,NULL,NULL,'extension',NULL,313,NULL),(28,'Sandra+VM708','Sandra y buzón 708',8,'ringAll',5,NULL,NULL,'voicemail',NULL,NULL,137),(29,'Sandra+VM706','Sandra y buzón 706',8,'ringAll',5,NULL,NULL,'voicemail',NULL,NULL,138),(30,'Sandra+Recepción','Sandra y recepción',8,'ringAll',5,NULL,NULL,'extension',NULL,313,NULL),(31,'Eva+Recepción','Eva Carballo y recepción',8,'ringAll',5,NULL,NULL,'extension',NULL,313,NULL),(32,'Pilar+Recepcion','Pilar Drake y luego recepcion',8,'ringAll',5,NULL,NULL,'extension',NULL,313,NULL),(33,'Manuel+Alfonso+Recepción','715+720 y luego recepción',8,'ringAll',5,NULL,NULL,'extension',NULL,313,NULL),(36,'Bea+Altan','bea y luego a todos menos socios',8,'ringAll',30,NULL,NULL,NULL,NULL,NULL,NULL),(42,'Jesus+javier+Recepcion','764 luego a 758 sino a la vez Recepcion',8,'linear',10,NULL,NULL,'extension',NULL,313,NULL),(44,'Prueba','',10,'linear',5,NULL,NULL,NULL,NULL,NULL,NULL),(45,'Javier+Recepcion','Javier y luego a recepcion',8,'ringAll',5,NULL,NULL,'extension',NULL,313,NULL),(46,'Jesus+Recepcion','Jesus y luego recepcion',8,'ringAll',5,NULL,NULL,'extension',NULL,313,NULL),(48,'Recepcion_Jumps','Rocio+Admin+RRHH',10,'linear',0,NULL,NULL,NULL,NULL,NULL,NULL),(52,'Galdana Ventures','200+209+202+contestador',8,'linear',10,NULL,22,NULL,NULL,NULL,NULL),(53,'MIRAMAR_SPAIN','',15,'ringAll',60,NULL,NULL,NULL,NULL,NULL,NULL),(54,'MIRAMAR_FRANCE','',15,'ringAll',15,NULL,NULL,'number','0033658067770',NULL,NULL),(55,'Grupo_Miguel','',6,'ringAll',30,NULL,NULL,'number','0034636794535',NULL,NULL),(56,'DRP','Disaster Recovery Site',8,'ringAll',3,NULL,NULL,'number','917901143',NULL,NULL),(57,'soporte24x7','Soporte24x7 - Llamada a todos',6,'ringAll',40,NULL,NULL,'number','684456456',NULL,NULL),(58,'FB Consultores','',13,'ringAll',300,NULL,NULL,'number','607575959',NULL,NULL),(59,'panphone_fb','Grupo de Salto PanphoneFB',13,'ringAll',60,NULL,NULL,NULL,NULL,NULL,NULL);
/*!40000 ALTER TABLE `HuntGroups` ENABLE KEYS */;
UNLOCK TABLES;

--
-- Table structure for table `HuntGroupsRelUsers`
--

DROP TABLE IF EXISTS `HuntGroupsRelUsers`;
/*!40101 SET @saved_cs_client     = @@character_set_client */;
/*!40101 SET character_set_client = utf8 */;
CREATE TABLE `HuntGroupsRelUsers` (
  `id` int(10) unsigned NOT NULL AUTO_INCREMENT,
  `huntGroupId` int(10) unsigned NOT NULL,
  `userId` int(10) unsigned NOT NULL,
  `timeoutTime` smallint(6) DEFAULT NULL,
  `priority` smallint(6) DEFAULT NULL,
  PRIMARY KEY (`id`),
  UNIQUE KEY `userHuntgroup` (`userId`,`huntGroupId`),
  UNIQUE KEY `prioHuntgroup` (`priority`,`huntGroupId`),
  KEY `huntGroupId` (`huntGroupId`),
  KEY `userId` (`userId`),
  CONSTRAINT `HuntGroupsRelUsers_ibfk_1` FOREIGN KEY (`huntGroupId`) REFERENCES `HuntGroups` (`id`) ON DELETE CASCADE,
  CONSTRAINT `HuntGroupsRelUsers_ibfk_2` FOREIGN KEY (`userId`) REFERENCES `Users` (`id`) ON DELETE CASCADE
) ENGINE=InnoDB AUTO_INCREMENT=142 DEFAULT CHARSET=utf8 COMMENT='[entity][rest]';
/*!40101 SET character_set_client = @saved_cs_client */;

--
-- Dumping data for table `HuntGroupsRelUsers`
--

LOCK TABLES `HuntGroupsRelUsers` WRITE;
/*!40000 ALTER TABLE `HuntGroupsRelUsers` DISABLE KEYS */;
INSERT INTO `HuntGroupsRelUsers` VALUES (8,4,11,0,NULL),(9,4,9,0,NULL),(10,4,13,0,NULL),(11,4,12,0,NULL),(12,4,10,0,NULL),(13,6,28,60,NULL),(14,6,27,60,NULL),(17,7,43,0,NULL),(19,7,45,0,NULL),(50,26,196,NULL,NULL),(51,27,195,NULL,NULL),(52,28,190,NULL,NULL),(53,29,190,NULL,NULL),(54,30,190,NULL,NULL),(55,31,155,NULL,NULL),(56,32,136,NULL,NULL),(57,33,110,NULL,NULL),(58,33,109,NULL,NULL),(60,36,171,NULL,NULL),(61,36,170,NULL,NULL),(62,36,174,NULL,NULL),(63,36,172,NULL,NULL),(65,36,176,NULL,NULL),(66,36,169,NULL,NULL),(69,36,244,NULL,NULL),(74,42,163,6,1),(76,42,164,6,2),(80,44,70,5,1),(82,44,72,5,2),(83,45,164,NULL,NULL),(84,46,163,NULL,NULL),(85,48,72,6,1),(86,48,69,6,2),(87,48,73,6,3),(90,52,216,17,1),(91,52,219,17,2),(92,52,246,17,3),(94,8,3,10,1),(96,53,255,NULL,NULL),(97,53,256,NULL,NULL),(98,53,257,NULL,NULL),(99,53,258,NULL,NULL),(100,53,259,NULL,NULL),(101,53,261,NULL,NULL),(102,53,260,NULL,NULL),(103,54,264,0,0),(104,54,263,NULL,NULL),(105,53,265,NULL,NULL),(106,53,266,NULL,NULL),(107,53,267,NULL,NULL),(108,53,262,NULL,NULL),(111,5,93,NULL,NULL),(112,54,288,NULL,NULL),(114,56,294,NULL,NULL),(115,53,301,NULL,NULL),(116,57,20,NULL,NULL),(117,57,57,NULL,NULL),(118,57,93,NULL,NULL),(119,57,30,NULL,NULL),(120,5,296,NULL,NULL),(121,5,304,NULL,NULL),(123,54,310,NULL,NULL),(124,58,318,NULL,NULL),(125,58,324,NULL,NULL),(126,58,319,NULL,NULL),(127,58,323,NULL,NULL),(128,58,322,NULL,NULL),(130,58,320,NULL,NULL),(133,59,318,NULL,NULL),(134,59,324,NULL,NULL),(135,59,319,NULL,NULL),(137,59,320,NULL,NULL),(138,59,322,NULL,NULL),(139,59,323,NULL,NULL),(140,36,332,NULL,NULL),(141,26,370,NULL,NULL);
/*!40000 ALTER TABLE `HuntGroupsRelUsers` ENABLE KEYS */;
UNLOCK TABLES;

--
-- Table structure for table `IVRCommon`
--

DROP TABLE IF EXISTS `IVRCommon`;
/*!40101 SET @saved_cs_client     = @@character_set_client */;
/*!40101 SET character_set_client = utf8 */;
CREATE TABLE `IVRCommon` (
  `id` int(10) unsigned NOT NULL AUTO_INCREMENT,
  `companyId` int(10) unsigned NOT NULL,
  `name` varchar(50) NOT NULL,
  `blackListRegExp` varchar(255) DEFAULT NULL,
  `welcomeLocutionId` int(10) unsigned DEFAULT NULL,
  `noAnswerLocutionId` int(10) unsigned DEFAULT NULL,
  `errorLocutionId` int(10) unsigned DEFAULT NULL,
  `successLocutionId` int(10) unsigned DEFAULT NULL,
  `timeout` smallint(5) unsigned NOT NULL,
  `maxDigits` smallint(5) unsigned NOT NULL,
  `noAnswerTimeout` mediumint(9) DEFAULT '10',
  `timeoutTargetType` varchar(25) DEFAULT NULL COMMENT '[enum:number|extension|voicemail]',
  `timeoutNumberValue` varchar(25) DEFAULT NULL,
  `timeoutExtensionId` int(10) unsigned DEFAULT NULL,
  `timeoutVoiceMailUserId` int(10) unsigned DEFAULT NULL,
  `errorTargetType` varchar(25) DEFAULT NULL COMMENT '[enum:number|extension|voicemail]',
  `errorNumberValue` varchar(25) DEFAULT NULL,
  `errorExtensionId` int(10) unsigned DEFAULT NULL,
  `errorVoiceMailUserId` int(10) unsigned DEFAULT NULL,
  PRIMARY KEY (`id`),
  UNIQUE KEY `nameCompany` (`name`,`companyId`),
  KEY `companyId` (`companyId`),
  KEY `welcomeLocutionId` (`welcomeLocutionId`),
  KEY `noAnswerLocutionId` (`noAnswerLocutionId`),
  KEY `errorLocutionId` (`errorLocutionId`),
  KEY `successLocutionId` (`successLocutionId`),
  KEY `noAnswerExtensionId` (`timeoutExtensionId`),
  KEY `errorExtensionId` (`errorExtensionId`),
  KEY `noAnswerVoiceMailUserId` (`timeoutVoiceMailUserId`),
  KEY `errorVoiceMailUserId` (`errorVoiceMailUserId`),
  CONSTRAINT `IVRCommon_ibfk_1` FOREIGN KEY (`companyId`) REFERENCES `Companies` (`id`) ON DELETE CASCADE,
  CONSTRAINT `IVRCommon_ibfk_2` FOREIGN KEY (`welcomeLocutionId`) REFERENCES `Locutions` (`id`) ON DELETE SET NULL,
  CONSTRAINT `IVRCommon_ibfk_3` FOREIGN KEY (`noAnswerLocutionId`) REFERENCES `Locutions` (`id`) ON DELETE SET NULL,
  CONSTRAINT `IVRCommon_ibfk_4` FOREIGN KEY (`errorLocutionId`) REFERENCES `Locutions` (`id`) ON DELETE SET NULL,
  CONSTRAINT `IVRCommon_ibfk_5` FOREIGN KEY (`successLocutionId`) REFERENCES `Locutions` (`id`) ON DELETE SET NULL,
  CONSTRAINT `IVRCommon_ibfk_6` FOREIGN KEY (`timeoutExtensionId`) REFERENCES `Extensions` (`id`) ON DELETE SET NULL,
  CONSTRAINT `IVRCommon_ibfk_7` FOREIGN KEY (`errorExtensionId`) REFERENCES `Extensions` (`id`) ON DELETE SET NULL,
  CONSTRAINT `IVRCommon_ibfk_8` FOREIGN KEY (`timeoutVoiceMailUserId`) REFERENCES `Users` (`id`) ON DELETE SET NULL,
  CONSTRAINT `IVRCommon_ibfk_9` FOREIGN KEY (`errorVoiceMailUserId`) REFERENCES `Users` (`id`) ON DELETE SET NULL
) ENGINE=InnoDB DEFAULT CHARSET=utf8 COMMENT='[entity][rest]';
/*!40101 SET character_set_client = @saved_cs_client */;

--
-- Dumping data for table `IVRCommon`
--

LOCK TABLES `IVRCommon` WRITE;
/*!40000 ALTER TABLE `IVRCommon` DISABLE KEYS */;
/*!40000 ALTER TABLE `IVRCommon` ENABLE KEYS */;
UNLOCK TABLES;

--
-- Table structure for table `IVRCustom`
--

DROP TABLE IF EXISTS `IVRCustom`;
/*!40101 SET @saved_cs_client     = @@character_set_client */;
/*!40101 SET character_set_client = utf8 */;
CREATE TABLE `IVRCustom` (
  `id` int(10) unsigned NOT NULL AUTO_INCREMENT,
  `companyId` int(10) unsigned NOT NULL,
  `name` varchar(50) NOT NULL,
  `welcomeLocutionId` int(10) unsigned DEFAULT NULL,
  `noAnswerLocutionId` int(10) unsigned DEFAULT NULL,
  `errorLocutionId` int(10) unsigned DEFAULT NULL,
  `successLocutionId` int(10) unsigned DEFAULT NULL,
  `timeout` smallint(5) unsigned NOT NULL,
  `maxDigits` smallint(5) unsigned NOT NULL,
  `noAnswerTimeout` mediumint(9) DEFAULT '10',
  `timeoutTargetType` varchar(25) DEFAULT NULL COMMENT '[enum:number|extension|voicemail]',
  `timeoutNumberValue` varchar(25) DEFAULT NULL,
  `timeoutExtensionId` int(10) unsigned DEFAULT NULL,
  `timeoutVoiceMailUserId` int(10) unsigned DEFAULT NULL,
  `errorTargetType` varchar(25) DEFAULT NULL COMMENT '[enum:number|extension|voicemail]',
  `errorNumberValue` varchar(25) DEFAULT NULL,
  `errorExtensionId` int(10) unsigned DEFAULT NULL,
  `errorVoiceMailUserId` int(10) unsigned DEFAULT NULL,
  PRIMARY KEY (`id`),
  UNIQUE KEY `nameCompany` (`name`,`companyId`),
  KEY `companyId` (`companyId`),
  KEY `welcomeLocutionId` (`welcomeLocutionId`),
  KEY `noAnswerLocutionId` (`noAnswerLocutionId`),
  KEY `errorLocutionId` (`errorLocutionId`),
  KEY `successLocutionId` (`successLocutionId`),
  KEY `noAnswerExtensionId` (`timeoutExtensionId`),
  KEY `errorExtensionId` (`errorExtensionId`),
  KEY `noAnswerVoiceMailUserId` (`timeoutVoiceMailUserId`),
  KEY `errorVoiceMailUserId` (`errorVoiceMailUserId`),
  CONSTRAINT `IVRCustom_ibfk_1` FOREIGN KEY (`companyId`) REFERENCES `Companies` (`id`) ON DELETE CASCADE,
  CONSTRAINT `IVRCustom_ibfk_2` FOREIGN KEY (`welcomeLocutionId`) REFERENCES `Locutions` (`id`) ON DELETE SET NULL,
  CONSTRAINT `IVRCustom_ibfk_3` FOREIGN KEY (`noAnswerLocutionId`) REFERENCES `Locutions` (`id`) ON DELETE SET NULL,
  CONSTRAINT `IVRCustom_ibfk_4` FOREIGN KEY (`errorLocutionId`) REFERENCES `Locutions` (`id`) ON DELETE SET NULL,
  CONSTRAINT `IVRCustom_ibfk_5` FOREIGN KEY (`successLocutionId`) REFERENCES `Locutions` (`id`) ON DELETE SET NULL,
  CONSTRAINT `IVRCustom_ibfk_6` FOREIGN KEY (`timeoutExtensionId`) REFERENCES `Extensions` (`id`) ON DELETE SET NULL,
  CONSTRAINT `IVRCustom_ibfk_7` FOREIGN KEY (`errorExtensionId`) REFERENCES `Extensions` (`id`) ON DELETE SET NULL,
  CONSTRAINT `IVRCustom_ibfk_8` FOREIGN KEY (`timeoutVoiceMailUserId`) REFERENCES `Users` (`id`) ON DELETE SET NULL,
  CONSTRAINT `IVRCustom_ibfk_9` FOREIGN KEY (`errorVoiceMailUserId`) REFERENCES `Users` (`id`) ON DELETE SET NULL
) ENGINE=InnoDB AUTO_INCREMENT=7 DEFAULT CHARSET=utf8 COMMENT='[entity][rest]';
/*!40101 SET character_set_client = @saved_cs_client */;

--
-- Dumping data for table `IVRCustom`
--

LOCK TABLES `IVRCustom` WRITE;
/*!40000 ALTER TABLE `IVRCustom` DISABLE KEYS */;
INSERT INTO `IVRCustom` VALUES (3,9,'bienvenida',15,NULL,NULL,NULL,0,0,10,NULL,NULL,NULL,NULL,NULL,NULL,NULL,NULL),(5,6,'24x7_empresas',24,NULL,27,28,6,0,10,NULL,NULL,NULL,NULL,NULL,NULL,NULL,NULL),(6,13,'COLAB',32,NULL,NULL,NULL,6,3,10,NULL,NULL,NULL,NULL,NULL,NULL,NULL,NULL);
/*!40000 ALTER TABLE `IVRCustom` ENABLE KEYS */;
UNLOCK TABLES;

--
-- Table structure for table `IVRCustomEntries`
--

DROP TABLE IF EXISTS `IVRCustomEntries`;
/*!40101 SET @saved_cs_client     = @@character_set_client */;
/*!40101 SET character_set_client = utf8 */;
CREATE TABLE `IVRCustomEntries` (
  `id` int(10) unsigned NOT NULL AUTO_INCREMENT,
  `IVRCustomId` int(10) unsigned NOT NULL,
  `entry` varchar(40) NOT NULL,
  `welcomeLocutionId` int(10) unsigned DEFAULT NULL,
  `targetType` varchar(25) NOT NULL COMMENT '[enum:number|extension|voicemail|conditional]',
  `targetNumberValue` varchar(25) DEFAULT NULL,
  `targetExtensionId` int(10) unsigned DEFAULT NULL,
  `targetVoiceMailUserId` int(10) unsigned DEFAULT NULL,
  `targetConditionalRouteId` int(10) unsigned DEFAULT NULL,
  PRIMARY KEY (`id`),
  UNIQUE KEY `UniqueIVRCutomIdAndEntry` (`IVRCustomId`,`entry`),
  KEY `IVRCustomId` (`IVRCustomId`),
  KEY `welcomeLocutionId` (`welcomeLocutionId`),
  KEY `targetExtensionId` (`targetExtensionId`),
  KEY `targetVoiceMailUserId` (`targetVoiceMailUserId`),
  KEY `targetConditionalRouteId` (`targetConditionalRouteId`),
  CONSTRAINT `IVRCustomEntries_ibfk_5` FOREIGN KEY (`targetConditionalRouteId`) REFERENCES `ConditionalRoutes` (`id`) ON DELETE SET NULL,
  CONSTRAINT `IVRCustomEntries_ibfk_1` FOREIGN KEY (`IVRCustomId`) REFERENCES `IVRCustom` (`id`) ON DELETE CASCADE,
  CONSTRAINT `IVRCustomEntries_ibfk_2` FOREIGN KEY (`welcomeLocutionId`) REFERENCES `Locutions` (`id`) ON DELETE SET NULL,
  CONSTRAINT `IVRCustomEntries_ibfk_3` FOREIGN KEY (`targetExtensionId`) REFERENCES `Extensions` (`id`) ON DELETE SET NULL,
  CONSTRAINT `IVRCustomEntries_ibfk_4` FOREIGN KEY (`targetVoiceMailUserId`) REFERENCES `Users` (`id`) ON DELETE SET NULL
) ENGINE=InnoDB AUTO_INCREMENT=12 DEFAULT CHARSET=utf8 COMMENT='[entity][rest]';
/*!40101 SET character_set_client = @saved_cs_client */;

--
-- Dumping data for table `IVRCustomEntries`
--

LOCK TABLES `IVRCustomEntries` WRITE;
/*!40000 ALTER TABLE `IVRCustomEntries` DISABLE KEYS */;
INSERT INTO `IVRCustomEntries` VALUES (1,5,'71442160',NULL,'number','684456456',NULL,NULL,NULL),(2,5,'12341234',NULL,'extension',NULL,410,NULL,NULL),(3,6,'101',NULL,'extension',NULL,420,NULL,NULL),(4,6,'102',NULL,'extension',NULL,421,NULL,NULL),(5,6,'103',NULL,'extension',NULL,422,NULL,NULL),(6,6,'104',NULL,'extension',NULL,423,NULL,NULL),(7,6,'105',NULL,'extension',NULL,424,NULL,NULL),(8,6,'106',NULL,'extension',NULL,440,NULL,NULL),(9,6,'107',NULL,'extension',NULL,441,NULL,NULL),(10,6,'108',NULL,'extension',NULL,442,NULL,NULL),(11,6,'109',NULL,'extension',NULL,425,NULL,NULL);
/*!40000 ALTER TABLE `IVRCustomEntries` ENABLE KEYS */;
UNLOCK TABLES;

--
-- Table structure for table `InvoiceTemplates`
--

DROP TABLE IF EXISTS `InvoiceTemplates`;
/*!40101 SET @saved_cs_client     = @@character_set_client */;
/*!40101 SET character_set_client = utf8 */;
CREATE TABLE `InvoiceTemplates` (
  `id` int(10) unsigned NOT NULL AUTO_INCREMENT,
  `name` varchar(55) NOT NULL,
  `description` varchar(300) DEFAULT NULL,
  `template` text NOT NULL,
  `templateHeader` text,
  `templateFooter` text,
  `brandId` int(10) unsigned NOT NULL,
  PRIMARY KEY (`id`),
  UNIQUE KEY `nameBrand` (`name`,`brandId`),
  KEY `brandId` (`brandId`),
  CONSTRAINT `InvoiceTemplates_ibfk_1` FOREIGN KEY (`brandId`) REFERENCES `Brands` (`id`) ON DELETE CASCADE
) ENGINE=InnoDB AUTO_INCREMENT=11 DEFAULT CHARSET=utf8 COMMENT='[entity][rest]';
/*!40101 SET character_set_client = @saved_cs_client */;

--
-- Dumping data for table `InvoiceTemplates`
--

LOCK TABLES `InvoiceTemplates` WRITE;
/*!40000 ALTER TABLE `InvoiceTemplates` DISABLE KEYS */;
INSERT INTO `InvoiceTemplates` VALUES (6,'Básica','Factura sin detalle de llamadas','<!DOCTYPE HTML>\r\n<html>\r\n<head>\r\n    <style>\r\n        body {\r\n            font-size: 11px;\r\n            font-family: Helvetica Neue,Helvetica,Arial,sans-serif;\r\n        }\r\n        h2 {\r\n            font-size: 15px;\r\n        }\r\n        div{\r\n            page-break-inside: avoid;\r\n        }\r\n        div.theader {\r\n            width: 100%;\r\n            text-align: center;\r\n            margin: 25px 0 0;\r\n            font-weight: bold;\r\n            font-size: 20px;\r\n            border: none;\r\n            padding-bottom: 5px;\r\n            border-bottom: 1px solid black;\r\n        }\r\n        div.table {\r\n            display: table;\r\n            margin-bottom: 5px;\r\n            text-align: center;\r\n            border: none;\r\n            border-collapse: collapse;\r\n            width: 100%;\r\n            table-layout: fixed;\r\n        }\r\n        div.tbody {\r\n            display: table-row-group;\r\n        }\r\n        div.table div.tr {\r\n            display: table-row;\r\n            border: 1px solid black;\r\n            page-break-inside: avoid;\r\n        }\r\n        div.table div.th {\r\n            display: table-cell;\r\n            border-right: 1px solid black;\r\n            background-color: black;\r\n            border-bottom: 1px solid black;\r\n            color: white;\r\n            font-weight: bold;\r\n            padding: 5px 0 2px;\r\n        }\r\n        div.table div.tr:not(:last-child) div.th {\r\n            border-bottom: 1px solid white;\r\n        }\r\n        div.table div.tr div.th:not(:last-child) {\r\n            border-right: 1px solid white;\r\n        }\r\n        div.table div.td {\r\n            display: table-cell;\r\n            width: 50%;\r\n            padding: 5px 0 5px;\r\n            font-weight: normal;\r\n            background-color: white;\r\n            border: 1px solid black;\r\n            color: black;\r\n        }\r\n        .bold {\r\n            font-weight: bold!important;\r\n        }\r\n        .center {\r\n            text-align: center!important;\r\n        }\r\n        .left {\r\n            float: left!important;\r\n        }\r\n        .noBorder {\r\n            border: none!important;\r\n        }\r\n        .clientData {\r\n            width: 60%;\r\n            float: left;\r\n        }\r\n        .clientData h2 {\r\n            margin: 0;\r\n        }\r\n        .clientData p {\r\n            margin: 0px 0px 0px 20px;\r\n            padding: 0;\r\n        }\r\n        .invoiceData {\r\n            width: 30%;\r\n            float: right;\r\n            text-align: right;\r\n        }\r\n        .invoiceData p {\r\n            margin: 0;\r\n            padding: 0;\r\n        }\r\n        .clearFloats {\r\n            clear:both;\r\n        }\r\n        #content {\r\n            margin: 10px 0;\r\n        }\r\n        #subheader .left {\r\n            width: 60%;\r\n            font-weight: bold;\r\n        }\r\n        #subheader .left p {\r\n            font-size: 32px;\r\n            margin-top: 0;\r\n        }\r\n        #subheader .right {\r\n            width: 35%;\r\n            text-align: right;\r\n            float: right;\r\n        }\r\n        #subheader .right p.title {\r\n            margin: 0px;\r\n            padding: 0;\r\n            font-weight: bold;\r\n            font-size: 17px;\r\n        }\r\n        #subheader .right p.date {\r\n            margin: 0;\r\n            padding: 0;\r\n            font-size: 13px;\r\n        }\r\n        #content > div.table {\r\n            text-align: center;\r\n            width: 50%;\r\n            float: right;\r\n            border: none;\r\n            border-collapse: collapse;\r\n        }\r\n        #callsPerTypeSummary > div.table {\r\n            text-align: center;\r\n            width: 100%;\r\n        }\r\n        #content {\r\n            width: 100%;\r\n        }\r\n        #fixedCosts > div.table {\r\n            clear: both;\r\n        }\r\n        #fixedCosts div.table div.td {\r\n            width: 25%;\r\n        }\r\n        #summary {\r\n            width: 50%;\r\n            float: right;\r\n        }\r\n        #callsPerTypeSummary div.td {\r\n            width: 25%;\r\n        }\r\n        #callsPerType div.td {\r\n            width: 20%;\r\n        }\r\n    </style>\r\n    <meta charset=\"UTF-8\">\r\n</head>\r\n<body>\r\n<div id=\"content\">\r\n    <div id=\"subheader\">\r\n        <div class=\"left\">\r\n            <p class=\"left\">Factura</p>\r\n        </div>\r\n        <div class=\"right\">\r\n            <p class=\"title\">Fecha</p>\r\n            <p class=\"date\">{{invoice.invoiceDate}}</p>\r\n        </div>\r\n    </div>\r\n    <div>\r\n        <div class=\"clientData\">\r\n            <h2>Cliente</h2>\r\n            <p>{{company.name}}</p>\r\n            <p>{{company.postalAddress}}</p>\r\n            <p>{{company.postalCode}} {{company.town}}, {{company.province}} </p>\r\n            <p>NIF / CIF: {{company.nif}}</p>\r\n        </div>\r\n        <div class=\"invoiceData\">\r\n            <p class=\"bold\">Nº de factura</p>\r\n            <p>{{invoice.number}}</p>\r\n            <p class=\"bold\">Periodo de facturación</p>\r\n            <p>{{invoice.inDate}} - {{invoice.outDate}}</p>\r\n        </div>\r\n    </div>\r\n    <br class=\"clearFloats\" />\r\n    <div id=\"summary\">\r\n        <div class=\"theader center\">Resumen</div>\r\n        <div class=\"table\">\r\n            <div class=\"tbody\">\r\n                {{#if fixedCostsTotals}}\r\n                <div class=\"tr bold center\">\r\n                    <div class=\"th\">Costes fijos</div>\r\n                    <div class=\"td bold\">\r\n                        {{fixedCostsTotals}} €\r\n                    </div>\r\n                </div>\r\n                {{/if}}\r\n                <div class=\"tr bold center\">\r\n                    <div class=\"th\">Llamadas</div>\r\n                    <div class=\"td bold\">{{callData.callSumaryTotals.totalPrice}} €</div>\r\n                </div>\r\n                <div class=\"tr bold\">\r\n                    <div class=\"th\">Total:</div>\r\n                    <div class=\"td bold\">{{totals.totalPrice}} €</div>\r\n                </div>\r\n                <div class=\"tr bold\">\r\n                    <div class=\"th\">IVA aplicable</div>\r\n                    <div class=\"td bold\">{{invoice.taxRate}} %</div>\r\n                </div>\r\n                <div class=\"tr bold\">\r\n                    <div class=\"th\">IVA</div>\r\n                    <div class=\"td bold\">{{totals.totalTaxes}} €</div>\r\n                </div>\r\n                <div class=\"tr bold\">\r\n                    <div class=\"th\">Total con IVA</div>\r\n                    <div class=\"td bold\">{{totals.totalWithTaxes}} €</div>\r\n                </div>\r\n            </div>\r\n        </div>\r\n    </div>\r\n    <br class=\"clearFloats\" />\r\n\r\n    {{#if fixedCosts.length}}\r\n        <div id=\"fixedCosts\">\r\n            <div class=\"theader\">Costes fijos</div>\r\n            <div class=\"table\">\r\n                <div class=\"tbody\">\r\n                    <div class=\"tr\">\r\n                        <div class=\"th\">Concepto</div>\r\n                        <div class=\"th\">Precio</div>\r\n                        <div class=\"th\">Cantidad</div>\r\n                        <div class=\"th\">Subtotal</div>\r\n                    </div>\r\n                    {{#each fixedCosts}}\r\n                        <div class=\"tr\">\r\n                            <div class=\"td\">\r\n                                {{name}}\r\n                                {{#if description}}\r\n                                    <br />\r\n                                    {{description}}\r\n                                {{/if}}\r\n                            </div>\r\n                            <div class=\"td\">{{cost}} €</div>\r\n                            <div class=\"td\">{{quantity}}</div>\r\n                            <div class=\"td\">{{subTotal}} €</div>\r\n                        </div>\r\n                    {{/each}}\r\n                    <div class=\"tr noBorder\">\r\n                        <div class=\"td noBorder\"></div>\r\n                        <div class=\"td noBorder\"></div>\r\n                        <div class=\"th\" style=\"border-right: 1px solid black;\">Total:</div>\r\n                        <div class=\"td bold\">{{fixedCostsTotals}} €</div>\r\n                    </div>\r\n                </div>\r\n            </div>\r\n        </div>\r\n    {{/if}}\r\n\r\n    <div id=\"callsPerTypeSummary\">\r\n        <div class=\"theader\">Resumen de llamadas por tipo</div>\r\n        <div class=\"table\">\r\n            <div class=\"tbody\">\r\n                <div class=\"tr\">\r\n                    <div class=\"th\">Tipo</div>\r\n                    <div class=\"th\">Nº llamadas</div>\r\n                    <div class=\"th\">Duración total</div>\r\n                    <div class=\"th\">Precio total</div>\r\n                </div>\r\n                {{#each callData.callSumary}}\r\n                <div class=\"tr\">\r\n                    <div class=\"td white\">{{type}}</div>\r\n                    <div class=\"td white\">{{numberOfCalls}}</div>\r\n                    <div class=\"td white\">{{totalCallsDurationFormatted}}</div>\r\n                    <div class=\"td white\">{{totalPrice}} €</div>\r\n                </div>\r\n                {{/each}}\r\n                <div class=\"tr bold\">\r\n                    <div class=\"th\" style=\"border-right: 1px solid black;\">Totales:</div>\r\n                    <div class=\"td bold\" style=\"border-left: 1px solid black;\">{{callData.callSumaryTotals.numberOfCalls}}</div>\r\n                    <div class=\"td bold\">{{callData.callSumaryTotals.totalCallsDurationFormatted}}</div>\r\n                    <div class=\"td bold\">{{callData.callSumaryTotals.totalPrice}} €</div>\r\n                </div>\r\n            </div>\r\n        </div>\r\n    </div>\r\n</body>\r\n</html>','<!DOCTYPE HTML>\r\n<html>\r\n<head>\r\n    <style>\r\n        body {\r\n            font-size: 11px;\r\n            font-family: Helvetica Neue,Helvetica,Arial,sans-serif;\r\n            padding-top: 45px;\r\n            border-bottom: 1px solid red;\r\n            margin: 45px 8px 0;\r\n        }\r\n        .bold {\r\n            font-weight: bold!important;\r\n        }\r\n        .center {\r\n            text-align: center!important;\r\n        }\r\n        .left {\r\n            float: left!important;\r\n        }\r\n        #header {\r\n            text-align: right;\r\n            height: 50px;\r\n        }\r\n        #header img {\r\n            float: left;\r\n            height: 30px;\r\n        }\r\n        #header p {\r\n            margin: 0;\r\n        }\r\n        #header .redLine {\r\n            border-color: red;\r\n            border-width: 0 0 1px 0;\r\n        }\r\n    </style>\r\n    <meta charset=\"UTF-8\">\r\n</head>\r\n<body>\r\n<div id=\"header\">\r\n    <div>\r\n        <img src=\"{{brand.logoPath}}\">\r\n        <div>\r\n            <p class=\"bold\">{{brand.name}}</p>\r\n            <p class=\"bold\">{{brand.postalAddress}}, {{brand.postalCode}} {{brand.town}}, {{brand.province}} </p>\r\n            <p>NIF / CIF: {{brand.nif}}</p>\r\n        </div>\r\n        <div class=\"redLine\">\r\n        </div>\r\n    </div>\r\n</div>\r\n</body>\r\n</html>','<!DOCTYPE HTML>\r\n<html>\r\n   <head>\r\n       <style>\r\n           #registryData {\r\n              border-top: 1px solid red;\r\n         	  border-bottom: 1px solid red;\r\n              line-height: 18px;\r\n              font-size: 8px;\r\n              padding: 3px 0;\r\n              text-align: center;\r\n           }\r\n           #footer {\r\n         	  padding-bottom: 20px;\r\n              text-align: right;\r\n              font-size: 14px;\r\n              font-weith:bold;\r\n           }\r\n       </style>\r\n       <meta charset=\"UTF-8\">\r\n   </head>\r\n   <body>\r\n     <p id=\"registryData\">\r\n        {{brand.registryData}}\r\n     </p>\r\n     <div id=\"footer\">\r\n       <p>\r\n         <span id=\"page\"></span>\r\n         / <span id=\"topage\"></span>\r\n       </p>\r\n     </div>\r\n    <script>\r\n      var vars = {};\r\n      var query_strings_from_url = document.location.search.substring(1).split(\'&\');\r\n      for (var query_string in query_strings_from_url) {\r\n          if (query_strings_from_url.hasOwnProperty(query_string)) {\r\n              var temp_var = query_strings_from_url[query_string].split(\'=\', 2);\r\n              vars[temp_var[0]] = decodeURI(temp_var[1]);\r\n          }\r\n      }\r\n      document.getElementById(\'page\').innerHTML = vars.page;\r\n      document.getElementById(\'topage\').innerHTML = vars.topage;\r\n    </script>\r\n    </body>\r\n</html>',1),(7,'Completa','Factura con detalle de llamadas','<!DOCTYPE HTML>\r\n<html>\r\n<head>\r\n    <style>\r\n        body {\r\n            font-size: 11px;\r\n            font-family: Helvetica Neue,Helvetica,Arial,sans-serif;\r\n        }\r\n        h2 {\r\n            font-size: 15px;\r\n        }\r\n        div{\r\n            page-break-inside: avoid;\r\n        }\r\n        div.theader {\r\n            width: 100%;\r\n            text-align: center;\r\n            margin: 25px 0 0;\r\n            font-weight: bold;\r\n            font-size: 20px;\r\n            border: none;\r\n            padding-bottom: 5px;\r\n            border-bottom: 1px solid black;\r\n        }\r\n        div.table {\r\n            display: table;\r\n            margin-bottom: 5px;\r\n            text-align: center;\r\n            border: none;\r\n            border-collapse: collapse;\r\n            width: 100%;\r\n            table-layout: fixed;\r\n        }\r\n        div.tbody {\r\n            display: table-row-group;\r\n        }\r\n        div.table div.tr {\r\n            display: table-row;\r\n            border: 1px solid black;\r\n            page-break-inside: avoid;\r\n        }\r\n        div.table div.th {\r\n            display: table-cell;\r\n            border-right: 1px solid black;\r\n            background-color: black;\r\n            border-bottom: 1px solid black;\r\n            color: white;\r\n            font-weight: bold;\r\n            padding: 5px 0 2px;\r\n        }\r\n        div.table div.tr:not(:last-child) div.th {\r\n            border-bottom: 1px solid white;\r\n        }\r\n        div.table div.tr div.th:not(:last-child) {\r\n            border-right: 1px solid white;\r\n        }\r\n        div.table div.td {\r\n            display: table-cell;\r\n            width: 50%;\r\n            padding: 5px 0 5px;\r\n            font-weight: normal;\r\n            background-color: white;\r\n            border: 1px solid black;\r\n            color: black;\r\n        }\r\n        .bold {\r\n            font-weight: bold!important;\r\n        }\r\n        .center {\r\n            text-align: center!important;\r\n        }\r\n        .left {\r\n            float: left!important;\r\n        }\r\n        .noBorder {\r\n            border: none!important;\r\n        }\r\n        .clientData {\r\n            width: 60%;\r\n            float: left;\r\n        }\r\n        .clientData h2 {\r\n            margin: 0;\r\n        }\r\n        .clientData p {\r\n            margin: 0px 0px 0px 20px;\r\n            padding: 0;\r\n        }\r\n        .invoiceData {\r\n            width: 30%;\r\n            float: right;\r\n            text-align: right;\r\n        }\r\n        .invoiceData p {\r\n            margin: 0;\r\n            padding: 0;\r\n        }\r\n        .clearFloats {\r\n            clear:both;\r\n        }\r\n        #content {\r\n            margin: 10px 0;\r\n        }\r\n        #subheader .left {\r\n            width: 60%;\r\n            font-weight: bold;\r\n        }\r\n        #subheader .left p {\r\n            font-size: 32px;\r\n            margin-top: 0;\r\n        }\r\n        #subheader .right {\r\n            width: 35%;\r\n            text-align: right;\r\n            float: right;\r\n        }\r\n        #subheader .right p.title {\r\n            margin: 0px;\r\n            padding: 0;\r\n            font-weight: bold;\r\n            font-size: 17px;\r\n        }\r\n        #subheader .right p.date {\r\n            margin: 0;\r\n            padding: 0;\r\n            font-size: 13px;\r\n        }\r\n        #content > div.table {\r\n            text-align: center;\r\n            width: 50%;\r\n            float: right;\r\n            border: none;\r\n            border-collapse: collapse;\r\n        }\r\n        #callsPerTypeSummary > div.table {\r\n            text-align: center;\r\n            width: 100%;\r\n        }\r\n        #content {\r\n            width: 100%;\r\n        }\r\n        #fixedCosts > div.table {\r\n            clear: both;\r\n        }\r\n        #fixedCosts div.table div.td {\r\n            width: 25%;\r\n        }\r\n        #summary {\r\n            width: 50%;\r\n            float: right;\r\n        }\r\n        #callsPerTypeSummary div.td {\r\n            width: 25%;\r\n        }\r\n        #callsPerType div.td {\r\n            width: 20%;\r\n        }\r\n    </style>\r\n    <meta charset=\"UTF-8\">\r\n</head>\r\n<body>\r\n<div id=\"content\">\r\n    <div id=\"subheader\">\r\n        <div class=\"left\">\r\n            <p class=\"left\">Factura</p>\r\n        </div>\r\n        <div class=\"right\">\r\n            <p class=\"title\">Fecha</p>\r\n            <p class=\"date\">{{invoice.invoiceDate}}</p>\r\n        </div>\r\n    </div>\r\n    <div>\r\n        <div class=\"clientData\">\r\n            <h2>Cliente</h2>\r\n            <p>{{company.name}}</p>\r\n            <p>{{company.postalAddress}}</p>\r\n            <p>{{company.postalCode}} {{company.town}}, {{company.province}} </p>\r\n            <p>NIF / CIF: {{company.nif}}</p>\r\n        </div>\r\n        <div class=\"invoiceData\">\r\n            <p class=\"bold\">Nº de factura</p>\r\n            <p>{{invoice.number}}</p>\r\n            <p class=\"bold\">Periodo de facturación</p>\r\n            <p>{{invoice.inDate}} - {{invoice.outDate}}</p>\r\n        </div>\r\n    </div>\r\n    <br class=\"clearFloats\" />\r\n    <div id=\"summary\">\r\n        <div class=\"theader center\">Resumen</div>\r\n        <div class=\"table\">\r\n            <div class=\"tbody\">\r\n                {{#if fixedCostsTotals}}\r\n                <div class=\"tr bold center\">\r\n                    <div class=\"th\">Costes fijos</div>\r\n                    <div class=\"td bold\">\r\n                        {{fixedCostsTotals}} €\r\n                    </div>\r\n                </div>\r\n                {{/if}}\r\n                <div class=\"tr bold center\">\r\n                    <div class=\"th\">Llamadas</div>\r\n                    <div class=\"td bold\">{{callData.callSumaryTotals.totalPrice}} €</div>\r\n                </div>\r\n                <div class=\"tr bold\">\r\n                    <div class=\"th\">Total:</div>\r\n                    <div class=\"td bold\">{{totals.totalPrice}} €</div>\r\n                </div>\r\n                <div class=\"tr bold\">\r\n                    <div class=\"th\">IVA aplicable</div>\r\n                    <div class=\"td bold\">{{invoice.taxRate}} %</div>\r\n                </div>\r\n                <div class=\"tr bold\">\r\n                    <div class=\"th\">IVA</div>\r\n                    <div class=\"td bold\">{{totals.totalTaxes}} €</div>\r\n                </div>\r\n                <div class=\"tr bold\">\r\n                    <div class=\"th\">Total con IVA</div>\r\n                    <div class=\"td bold\">{{totals.totalWithTaxes}} €</div>\r\n                </div>\r\n            </div>\r\n        </div>\r\n    </div>\r\n    <br class=\"clearFloats\" />\r\n\r\n    {{#if fixedCosts.length}}\r\n        <div id=\"fixedCosts\">\r\n            <div class=\"theader\">Costes fijos</div>\r\n            <div class=\"table\">\r\n                <div class=\"tbody\">\r\n                    <div class=\"tr\">\r\n                        <div class=\"th\">Concepto</div>\r\n                        <div class=\"th\">Precio</div>\r\n                        <div class=\"th\">Cantidad</div>\r\n                        <div class=\"th\">Subtotal</div>\r\n                    </div>\r\n                    {{#each fixedCosts}}\r\n                        <div class=\"tr\">\r\n                            <div class=\"td\">\r\n                                {{name}}\r\n                                {{#if description}}\r\n                                    <br />\r\n                                    {{description}}\r\n                                {{/if}}\r\n                            </div>\r\n                            <div class=\"td\">{{cost}} €</div>\r\n                            <div class=\"td\">{{quantity}}</div>\r\n                            <div class=\"td\">{{subTotal}} €</div>\r\n                        </div>\r\n                    {{/each}}\r\n                    <div class=\"tr noBorder\">\r\n                        <div class=\"td noBorder\"></div>\r\n                        <div class=\"td noBorder\"></div>\r\n                        <div class=\"th\" style=\"border-right: 1px solid black;\">Total:</div>\r\n                        <div class=\"td bold\">{{fixedCostsTotals}} €</div>\r\n                    </div>\r\n                </div>\r\n            </div>\r\n        </div>\r\n    {{/if}}\r\n\r\n    <div id=\"callsPerTypeSummary\">\r\n        <div class=\"theader\">Resumen de llamadas por tipo</div>\r\n        <div class=\"table\">\r\n            <div class=\"tbody\">\r\n                <div class=\"tr\">\r\n                    <div class=\"th\">Tipo</div>\r\n                    <div class=\"th\">Nº llamadas</div>\r\n                    <div class=\"th\">Duración total</div>\r\n                    <div class=\"th\">Precio total</div>\r\n                </div>\r\n                {{#each callData.callSumary}}\r\n                <div class=\"tr\">\r\n                    <div class=\"td white\">{{type}}</div>\r\n                    <div class=\"td white\">{{numberOfCalls}}</div>\r\n                    <div class=\"td white\">{{totalCallsDurationFormatted}}</div>\r\n                    <div class=\"td white\">{{totalPrice}} €</div>\r\n                </div>\r\n                {{/each}}\r\n                <div class=\"tr bold\">\r\n                    <div class=\"th\" style=\"border-right: 1px solid black;\">Totales:</div>\r\n                    <div class=\"td bold\" style=\"border-left: 1px solid black;\">{{callData.callSumaryTotals.numberOfCalls}}</div>\r\n                    <div class=\"td bold\">{{callData.callSumaryTotals.totalCallsDurationFormatted}}</div>\r\n                    <div class=\"td bold\">{{callData.callSumaryTotals.totalPrice}} €</div>\r\n                </div>\r\n            </div>\r\n        </div>\r\n    </div>\r\n\r\n    <div id=\"inboundCalls\">\r\n        <div class=\"tr\">\r\n            <div class=\"theader\">Llamadas entrantes</div>\r\n        </div>\r\n        <div class=\"table\">\r\n            <div class=\"tbody\">\r\n                <div class=\"tr\">\r\n                    <div class=\"th\">Fecha</div>\r\n                    <div class=\"th\">Origen</div>\r\n                    <div class=\"th\">Destino</div>\r\n                    <div class=\"th\">Duración</div>\r\n                    <div class=\"th\">Patrón</div>\r\n                    <div class=\"th\">Precio</div>\r\n                </div>\r\n                {{#each callData.inboundCalls.calls}}\r\n                <div class=\"tr\">\r\n                    <div class=\"td white\">{{calldate}}</div>\r\n                    <div class=\"td white\">{{caller}}</div>\r\n                    <div class=\"td white\">{{dst}}</div>\r\n                    <div class=\"td white\">{{durationFormatted}}</div>\r\n                    <div class=\"td white\">{{targetPattern.name}}</div>\r\n                    <div class=\"td white\">{{price}} €</div>\r\n                </div>\r\n                {{/each}}\r\n            </div>\r\n        </div>\r\n    </div>\r\n\r\n    {{#each callData.callsPerType}}\r\n    <div id=\"callsPerType\">\r\n        <div class=\"theader\">{{items.0.targetPattern.name}}</div>\r\n        <div class=\"table\">\r\n            <div class=\"tbody\">\r\n                <div class=\"tr\">\r\n                    <div class=\"th\">Fecha</div>\r\n                    <div class=\"th\">Destino</div>\r\n                    <div class=\"th\">Duración</div>\r\n                    <div class=\"th\">Plan</div>\r\n                    <div class=\"th\">Precio</div>\r\n                </div>\r\n                {{#each items}}\r\n                <div class=\"tr\">\r\n                    <div class=\"td white\">{{calldate}}</div>\r\n                    <div class=\"td white\">{{dst}}</div>\r\n                    <div class=\"td white\">{{durationFormatted}}</div>\r\n                    <div class=\"td white\">{{pricingPlan.name}}</div>\r\n                    <div class=\"td white\">{{price}} €</div>\r\n                </div>\r\n                {{/each}}\r\n            </div>\r\n        </div>\r\n    </div>\r\n    {{/each}}\r\n</body>\r\n</html>','<!DOCTYPE HTML>\r\n<html>\r\n<head>\r\n    <style>\r\n        body {\r\n            font-size: 11px;\r\n            font-family: Helvetica Neue,Helvetica,Arial,sans-serif;\r\n            padding-top: 45px;\r\n            border-bottom: 1px solid red;\r\n            margin: 45px 8px 0;\r\n        }\r\n        .bold {\r\n            font-weight: bold!important;\r\n        }\r\n        .center {\r\n            text-align: center!important;\r\n        }\r\n        .left {\r\n            float: left!important;\r\n        }\r\n        #header {\r\n            text-align: right;\r\n            height: 50px;\r\n        }\r\n        #header img {\r\n            float: left;\r\n            height: 30px;\r\n        }\r\n        #header p {\r\n            margin: 0;\r\n        }\r\n        #header .redLine {\r\n            border-color: red;\r\n            border-width: 0 0 1px 0;\r\n        }\r\n    </style>\r\n    <meta charset=\"UTF-8\">\r\n</head>\r\n<body>\r\n<div id=\"header\">\r\n    <div>\r\n        <img src=\"{{brand.logoPath}}\">\r\n        <div>\r\n            <p class=\"bold\">{{brand.name}}</p>\r\n            <p class=\"bold\">{{brand.postalAddress}}, {{brand.postalCode}} {{brand.town}}, {{brand.province}} </p>\r\n            <p>NIF / CIF: {{brand.nif}}</p>\r\n        </div>\r\n        <div class=\"redLine\">\r\n        </div>\r\n    </div>\r\n</div>\r\n</body>\r\n</html>','<!DOCTYPE HTML>\r\n<html>\r\n   <head>\r\n       <style>\r\n           #registryData {\r\n              border-top: 1px solid red;\r\n         	  border-bottom: 1px solid red;\r\n              line-height: 18px;\r\n              font-size: 8px;\r\n              padding: 3px 0;\r\n              text-align: center;\r\n           }\r\n           #footer {\r\n         	  padding-bottom: 20px;\r\n              text-align: right;\r\n              font-size: 14px;\r\n              font-weith:bold;\r\n           }\r\n       </style>\r\n       <meta charset=\"UTF-8\">\r\n   </head>\r\n   <body>\r\n     <p id=\"registryData\">\r\n        {{brand.registryData}}\r\n     </p>\r\n     <div id=\"footer\">\r\n       <p>\r\n         <span id=\"page\"></span>\r\n         / <span id=\"topage\"></span>\r\n       </p>\r\n     </div>\r\n    <script>\r\n      var vars = {};\r\n      var query_strings_from_url = document.location.search.substring(1).split(\'&\');\r\n      for (var query_string in query_strings_from_url) {\r\n          if (query_strings_from_url.hasOwnProperty(query_string)) {\r\n              var temp_var = query_strings_from_url[query_string].split(\'=\', 2);\r\n              vars[temp_var[0]] = decodeURI(temp_var[1]);\r\n          }\r\n      }\r\n      document.getElementById(\'page\').innerHTML = vars.page;\r\n      document.getElementById(\'topage\').innerHTML = vars.topage;\r\n    </script>\r\n    </body>\r\n</html>',1),(9,'Básica','Factura sin detalle de llamadas','<!DOCTYPE HTML>\r\n<html>\r\n<head>\r\n    <style>\r\n        body {\r\n            font-size: 11px;\r\n            font-family: Helvetica Neue,Helvetica,Arial,sans-serif;\r\n        }\r\n        h2 {\r\n            font-size: 15px;\r\n        }\r\n        div{\r\n            page-break-inside: avoid;\r\n        }\r\n        div.theader {\r\n            width: 100%;\r\n            text-align: center;\r\n            margin: 25px 0 0;\r\n            font-weight: bold;\r\n            font-size: 20px;\r\n            border: none;\r\n            padding-bottom: 5px;\r\n            border-bottom: 1px solid black;\r\n        }\r\n        div.table {\r\n            display: table;\r\n            margin-bottom: 5px;\r\n            text-align: center;\r\n            border: none;\r\n            border-collapse: collapse;\r\n            width: 100%;\r\n            table-layout: fixed;\r\n        }\r\n        div.tbody {\r\n            display: table-row-group;\r\n        }\r\n        div.table div.tr {\r\n            display: table-row;\r\n            border: 1px solid black;\r\n            page-break-inside: avoid;\r\n        }\r\n        div.table div.th {\r\n            display: table-cell;\r\n            border-right: 1px solid black;\r\n            background-color: black;\r\n            border-bottom: 1px solid black;\r\n            color: white;\r\n            font-weight: bold;\r\n            padding: 5px 0 2px;\r\n        }\r\n        div.table div.tr:not(:last-child) div.th {\r\n            border-bottom: 1px solid white;\r\n        }\r\n        div.table div.tr div.th:not(:last-child) {\r\n            border-right: 1px solid white;\r\n        }\r\n        div.table div.td {\r\n            display: table-cell;\r\n            width: 50%;\r\n            padding: 5px 0 5px;\r\n            font-weight: normal;\r\n            background-color: white;\r\n            border: 1px solid black;\r\n            color: black;\r\n        }\r\n        .bold {\r\n            font-weight: bold!important;\r\n        }\r\n        .center {\r\n            text-align: center!important;\r\n        }\r\n        .left {\r\n            float: left!important;\r\n        }\r\n        .noBorder {\r\n            border: none!important;\r\n        }\r\n        .clientData {\r\n            width: 60%;\r\n            float: left;\r\n        }\r\n        .clientData h2 {\r\n            margin: 0;\r\n        }\r\n        .clientData p {\r\n            margin: 0px 0px 0px 20px;\r\n            padding: 0;\r\n        }\r\n        .invoiceData {\r\n            width: 30%;\r\n            float: right;\r\n            text-align: right;\r\n        }\r\n        .invoiceData p {\r\n            margin: 0;\r\n            padding: 0;\r\n        }\r\n        .clearFloats {\r\n            clear:both;\r\n        }\r\n        #content {\r\n            margin: 10px 0;\r\n        }\r\n        #subheader .left {\r\n            width: 60%;\r\n            font-weight: bold;\r\n        }\r\n        #subheader .left p {\r\n            font-size: 32px;\r\n            margin-top: 0;\r\n        }\r\n        #subheader .right {\r\n            width: 35%;\r\n            text-align: right;\r\n            float: right;\r\n        }\r\n        #subheader .right p.title {\r\n            margin: 0px;\r\n            padding: 0;\r\n            font-weight: bold;\r\n            font-size: 17px;\r\n        }\r\n        #subheader .right p.date {\r\n            margin: 0;\r\n            padding: 0;\r\n            font-size: 13px;\r\n        }\r\n        #content > div.table {\r\n            text-align: center;\r\n            width: 50%;\r\n            float: right;\r\n            border: none;\r\n            border-collapse: collapse;\r\n        }\r\n        #callsPerTypeSummary > div.table {\r\n            text-align: center;\r\n            width: 100%;\r\n        }\r\n        #content {\r\n            width: 100%;\r\n        }\r\n        #fixedCosts > div.table {\r\n            clear: both;\r\n        }\r\n        #fixedCosts div.table div.td {\r\n            width: 25%;\r\n        }\r\n        #summary {\r\n            width: 50%;\r\n            float: right;\r\n        }\r\n        #callsPerTypeSummary div.td {\r\n            width: 25%;\r\n        }\r\n        #callsPerType div.td {\r\n            width: 20%;\r\n        }\r\n    </style>\r\n    <meta charset=\"UTF-8\">\r\n</head>\r\n<body>\r\n<div id=\"content\">\r\n    <div id=\"subheader\">\r\n        <div class=\"left\">\r\n            <p class=\"left\">Factura</p>\r\n        </div>\r\n        <div class=\"right\">\r\n            <p class=\"title\">Fecha</p>\r\n            <p class=\"date\">{{invoice.invoiceDate}}</p>\r\n        </div>\r\n    </div>\r\n    <div>\r\n        <div class=\"clientData\">\r\n            <h2>Cliente</h2>\r\n            <p>{{company.name}}</p>\r\n            <p>{{company.postalAddress}}</p>\r\n            <p>{{company.postalCode}} {{company.town}}, {{company.province}} </p>\r\n            <p>NIF / CIF: {{company.nif}}</p>\r\n        </div>\r\n        <div class=\"invoiceData\">\r\n            <p class=\"bold\">Nº de factura</p>\r\n            <p>{{invoice.number}}</p>\r\n            <p class=\"bold\">Periodo de facturación</p>\r\n            <p>{{invoice.inDate}} - {{invoice.outDate}}</p>\r\n        </div>\r\n    </div>\r\n    <br class=\"clearFloats\" />\r\n    <div id=\"summary\">\r\n        <div class=\"theader center\">Resumen</div>\r\n        <div class=\"table\">\r\n            <div class=\"tbody\">\r\n                {{#if fixedCostsTotals}}\r\n                <div class=\"tr bold center\">\r\n                    <div class=\"th\">Costes fijos</div>\r\n                    <div class=\"td bold\">\r\n                        {{fixedCostsTotals}} €\r\n                    </div>\r\n                </div>\r\n                {{/if}}\r\n                <div class=\"tr bold center\">\r\n                    <div class=\"th\">Llamadas</div>\r\n                    <div class=\"td bold\">{{callData.callSumaryTotals.totalPrice}} €</div>\r\n                </div>\r\n                <div class=\"tr bold\">\r\n                    <div class=\"th\">Total:</div>\r\n                    <div class=\"td bold\">{{totals.totalPrice}} €</div>\r\n                </div>\r\n                <div class=\"tr bold\">\r\n                    <div class=\"th\">IVA aplicable</div>\r\n                    <div class=\"td bold\">{{invoice.taxRate}} %</div>\r\n                </div>\r\n                <div class=\"tr bold\">\r\n                    <div class=\"th\">IVA</div>\r\n                    <div class=\"td bold\">{{totals.totalTaxes}} €</div>\r\n                </div>\r\n                <div class=\"tr bold\">\r\n                    <div class=\"th\">Total con IVA</div>\r\n                    <div class=\"td bold\">{{totals.totalWithTaxes}} €</div>\r\n                </div>\r\n            </div>\r\n        </div>\r\n    </div>\r\n    <br class=\"clearFloats\" />\r\n\r\n    {{#if fixedCosts.length}}\r\n        <div id=\"fixedCosts\">\r\n            <div class=\"theader\">Costes fijos</div>\r\n            <div class=\"table\">\r\n                <div class=\"tbody\">\r\n                    <div class=\"tr\">\r\n                        <div class=\"th\">Concepto</div>\r\n                        <div class=\"th\">Precio</div>\r\n                        <div class=\"th\">Cantidad</div>\r\n                        <div class=\"th\">Subtotal</div>\r\n                    </div>\r\n                    {{#each fixedCosts}}\r\n                        <div class=\"tr\">\r\n                            <div class=\"td\">\r\n                                {{name}}\r\n                                {{#if description}}\r\n                                    <br />\r\n                                    {{description}}\r\n                                {{/if}}\r\n                            </div>\r\n                            <div class=\"td\">{{cost}} €</div>\r\n                            <div class=\"td\">{{quantity}}</div>\r\n                            <div class=\"td\">{{subTotal}} €</div>\r\n                        </div>\r\n                    {{/each}}\r\n                    <div class=\"tr noBorder\">\r\n                        <div class=\"td noBorder\"></div>\r\n                        <div class=\"td noBorder\"></div>\r\n                        <div class=\"th\" style=\"border-right: 1px solid black;\">Total:</div>\r\n                        <div class=\"td bold\">{{fixedCostsTotals}} €</div>\r\n                    </div>\r\n                </div>\r\n            </div>\r\n        </div>\r\n    {{/if}}\r\n\r\n    <div id=\"callsPerTypeSummary\">\r\n        <div class=\"theader\">Resumen de llamadas por tipo</div>\r\n        <div class=\"table\">\r\n            <div class=\"tbody\">\r\n                <div class=\"tr\">\r\n                    <div class=\"th\">Tipo</div>\r\n                    <div class=\"th\">Nº llamadas</div>\r\n                    <div class=\"th\">Duración total</div>\r\n                    <div class=\"th\">Precio total</div>\r\n                </div>\r\n                <div class=\"tr\">\r\n                    <div class=\"td white\">Llamadas entrantes</div>\r\n                    <div class=\"td white\">{{callData.inboundCalls.summary.numberOfCalls}}</div>\r\n                    <div class=\"td white\">{{callData.inboundCalls.summary.totalCallsDurationFormatted}}</div>\r\n                    <div class=\"td white\">{{callData.inboundCalls.summary.totalPrice}} €</div>\r\n                </div>\r\n                {{#each callData.callSumary}}\r\n                <div class=\"tr\">\r\n                    <div class=\"td white\">{{type}}</div>\r\n                    <div class=\"td white\">{{numberOfCalls}}</div>\r\n                    <div class=\"td white\">{{totalCallsDurationFormatted}}</div>\r\n                    <div class=\"td white\">{{totalPrice}} €</div>\r\n                </div>\r\n                {{/each}}\r\n                <div class=\"tr bold\">\r\n                    <div class=\"th\" style=\"border-right: 1px solid black;\">Totales:</div>\r\n                    <div class=\"td bold\" style=\"border-left: 1px solid black;\">{{callData.callSumaryTotals.numberOfCalls}}</div>\r\n                    <div class=\"td bold\">{{callData.callSumaryTotals.totalCallsDurationFormatted}}</div>\r\n                    <div class=\"td bold\">{{callData.callSumaryTotals.totalPrice}} €</div>\r\n                </div>\r\n            </div>\r\n        </div>\r\n    </div>\r\n</body>\r\n</html>','<!DOCTYPE HTML>\r\n<html>\r\n<head>\r\n    <style>\r\n        body {\r\n            font-size: 11px;\r\n            font-family: Helvetica Neue,Helvetica,Arial,sans-serif;\r\n            padding-top: 45px;\r\n            border-bottom: 1px solid red;\r\n            margin: 45px 8px 0;\r\n        }\r\n        .bold {\r\n            font-weight: bold!important;\r\n        }\r\n        .center {\r\n            text-align: center!important;\r\n        }\r\n        .left {\r\n            float: left!important;\r\n        }\r\n        #header {\r\n            text-align: right;\r\n            height: 50px;\r\n        }\r\n        #header img {\r\n            float: left;\r\n            height: 30px;\r\n        }\r\n        #header p {\r\n            margin: 0;\r\n        }\r\n        #header .redLine {\r\n            border-color: red;\r\n            border-width: 0 0 1px 0;\r\n        }\r\n    </style>\r\n    <meta charset=\"UTF-8\">\r\n</head>\r\n<body>\r\n<div id=\"header\">\r\n    <div>\r\n        <img src=\"{{brand.logoPath}}\">\r\n        <div>\r\n            <p class=\"bold\">{{brand.name}}</p>\r\n            <p class=\"bold\">{{brand.postalAddress}}, {{brand.postalCode}} {{brand.town}}, {{brand.province}} </p>\r\n            <p>NIF / CIF: {{brand.nif}}</p>\r\n        </div>\r\n        <div class=\"redLine\">\r\n        </div>\r\n    </div>\r\n</div>\r\n</body>\r\n</html>','<!DOCTYPE HTML>\r\n<html>\r\n   <head>\r\n       <style>\r\n           #registryData {\r\n              border-top: 1px solid red;\r\n         	  border-bottom: 1px solid red;\r\n              line-height: 18px;\r\n              font-size: 8px;\r\n              padding: 3px 0;\r\n              text-align: center;\r\n           }\r\n           #footer {\r\n         	  padding-bottom: 20px;\r\n              text-align: right;\r\n              font-size: 14px;\r\n              font-weith:bold;\r\n           }\r\n       </style>\r\n       <meta charset=\"UTF-8\">\r\n   </head>\r\n   <body>\r\n     <p id=\"registryData\">\r\n        {{brand.registryData}}\r\n     </p>\r\n     <div id=\"footer\">\r\n       <p>\r\n         <span id=\"page\"></span>\r\n         / <span id=\"topage\"></span>\r\n       </p>\r\n     </div>\r\n    <script>\r\n      var vars = {};\r\n      var query_strings_from_url = document.location.search.substring(1).split(\'&\');\r\n      for (var query_string in query_strings_from_url) {\r\n          if (query_strings_from_url.hasOwnProperty(query_string)) {\r\n              var temp_var = query_strings_from_url[query_string].split(\'=\', 2);\r\n              vars[temp_var[0]] = decodeURI(temp_var[1]);\r\n          }\r\n      }\r\n      document.getElementById(\'page\').innerHTML = vars.page;\r\n      document.getElementById(\'topage\').innerHTML = vars.topage;\r\n    </script>\r\n    </body>\r\n</html>',2),(10,'Completa','Factura con detalle de llamadas','<!DOCTYPE HTML>\r\n<html>\r\n<head>\r\n    <style>\r\n        body {\r\n            font-size: 11px;\r\n            font-family: Helvetica Neue,Helvetica,Arial,sans-serif;\r\n        }\r\n        h2 {\r\n            font-size: 15px;\r\n        }\r\n        div{\r\n            page-break-inside: avoid;\r\n        }\r\n        div.theader {\r\n            width: 100%;\r\n            text-align: center;\r\n            margin: 25px 0 0;\r\n            font-weight: bold;\r\n            font-size: 20px;\r\n            border: none;\r\n            padding-bottom: 5px;\r\n            border-bottom: 1px solid black;\r\n        }\r\n        div.table {\r\n            display: table;\r\n            margin-bottom: 5px;\r\n            text-align: center;\r\n            border: none;\r\n            border-collapse: collapse;\r\n            width: 100%;\r\n            table-layout: fixed;\r\n        }\r\n        div.tbody {\r\n            display: table-row-group;\r\n        }\r\n        div.table div.tr {\r\n            display: table-row;\r\n            border: 1px solid black;\r\n            page-break-inside: avoid;\r\n        }\r\n        div.table div.th {\r\n            display: table-cell;\r\n            border-right: 1px solid black;\r\n            background-color: black;\r\n            border-bottom: 1px solid black;\r\n            color: white;\r\n            font-weight: bold;\r\n            padding: 5px 0 2px;\r\n        }\r\n        div.table div.tr:not(:last-child) div.th {\r\n            border-bottom: 1px solid white;\r\n        }\r\n        div.table div.tr div.th:not(:last-child) {\r\n            border-right: 1px solid white;\r\n        }\r\n        div.table div.td {\r\n            display: table-cell;\r\n            width: 50%;\r\n            padding: 5px 0 5px;\r\n            font-weight: normal;\r\n            background-color: white;\r\n            border: 1px solid black;\r\n            color: black;\r\n        }\r\n        .bold {\r\n            font-weight: bold!important;\r\n        }\r\n        .center {\r\n            text-align: center!important;\r\n        }\r\n        .left {\r\n            float: left!important;\r\n        }\r\n        .noBorder {\r\n            border: none!important;\r\n        }\r\n        .clientData {\r\n            width: 60%;\r\n            float: left;\r\n        }\r\n        .clientData h2 {\r\n            margin: 0;\r\n        }\r\n        .clientData p {\r\n            margin: 0px 0px 0px 20px;\r\n            padding: 0;\r\n        }\r\n        .invoiceData {\r\n            width: 30%;\r\n            float: right;\r\n            text-align: right;\r\n        }\r\n        .invoiceData p {\r\n            margin: 0;\r\n            padding: 0;\r\n        }\r\n        .clearFloats {\r\n            clear:both;\r\n        }\r\n        #content {\r\n            margin: 10px 0;\r\n        }\r\n        #subheader .left {\r\n            width: 60%;\r\n            font-weight: bold;\r\n        }\r\n        #subheader .left p {\r\n            font-size: 32px;\r\n            margin-top: 0;\r\n        }\r\n        #subheader .right {\r\n            width: 35%;\r\n            text-align: right;\r\n            float: right;\r\n        }\r\n        #subheader .right p.title {\r\n            margin: 0px;\r\n            padding: 0;\r\n            font-weight: bold;\r\n            font-size: 17px;\r\n        }\r\n        #subheader .right p.date {\r\n            margin: 0;\r\n            padding: 0;\r\n            font-size: 13px;\r\n        }\r\n        #content > div.table {\r\n            text-align: center;\r\n            width: 50%;\r\n            float: right;\r\n            border: none;\r\n            border-collapse: collapse;\r\n        }\r\n        #callsPerTypeSummary > div.table {\r\n            text-align: center;\r\n            width: 100%;\r\n        }\r\n        #content {\r\n            width: 100%;\r\n        }\r\n        #fixedCosts > div.table {\r\n            clear: both;\r\n        }\r\n        #fixedCosts div.table div.td {\r\n            width: 25%;\r\n        }\r\n        #summary {\r\n            width: 50%;\r\n            float: right;\r\n        }\r\n        #callsPerTypeSummary div.td {\r\n            width: 25%;\r\n        }\r\n        #callsPerType div.td {\r\n            width: 20%;\r\n        }\r\n    </style>\r\n    <meta charset=\"UTF-8\">\r\n</head>\r\n<body>\r\n<div id=\"content\">\r\n    <div id=\"subheader\">\r\n        <div class=\"left\">\r\n            <p class=\"left\">Factura</p>\r\n        </div>\r\n        <div class=\"right\">\r\n            <p class=\"title\">Fecha</p>\r\n            <p class=\"date\">{{invoice.invoiceDate}}</p>\r\n        </div>\r\n    </div>\r\n    <div>\r\n        <div class=\"clientData\">\r\n            <h2>Cliente</h2>\r\n            <p>{{company.name}}</p>\r\n            <p>{{company.postalAddress}}</p>\r\n            <p>{{company.postalCode}} {{company.town}}, {{company.province}} </p>\r\n            <p>NIF / CIF: {{company.nif}}</p>\r\n        </div>\r\n        <div class=\"invoiceData\">\r\n            <p class=\"bold\">Nº de factura</p>\r\n            <p>{{invoice.number}}</p>\r\n            <p class=\"bold\">Periodo de facturación</p>\r\n            <p>{{invoice.inDate}} - {{invoice.outDate}}</p>\r\n        </div>\r\n    </div>\r\n    <br class=\"clearFloats\" />\r\n    <div id=\"summary\">\r\n        <div class=\"theader center\">Resumen</div>\r\n        <div class=\"table\">\r\n            <div class=\"tbody\">\r\n                {{#if fixedCostsTotals}}\r\n                <div class=\"tr bold center\">\r\n                    <div class=\"th\">Costes fijos</div>\r\n                    <div class=\"td bold\">\r\n                        {{fixedCostsTotals}} €\r\n                    </div>\r\n                </div>\r\n                {{/if}}\r\n                <div class=\"tr bold center\">\r\n                    <div class=\"th\">Llamadas</div>\r\n                    <div class=\"td bold\">{{callData.callSumaryTotals.totalPrice}} €</div>\r\n                </div>\r\n                <div class=\"tr bold\">\r\n                    <div class=\"th\">Total:</div>\r\n                    <div class=\"td bold\">{{totals.totalPrice}} €</div>\r\n                </div>\r\n                <div class=\"tr bold\">\r\n                    <div class=\"th\">IVA aplicable</div>\r\n                    <div class=\"td bold\">{{invoice.taxRate}} %</div>\r\n                </div>\r\n                <div class=\"tr bold\">\r\n                    <div class=\"th\">IVA</div>\r\n                    <div class=\"td bold\">{{totals.totalTaxes}} €</div>\r\n                </div>\r\n                <div class=\"tr bold\">\r\n                    <div class=\"th\">Total con IVA</div>\r\n                    <div class=\"td bold\">{{totals.totalWithTaxes}} €</div>\r\n                </div>\r\n            </div>\r\n        </div>\r\n    </div>\r\n    <br class=\"clearFloats\" />\r\n\r\n    {{#if fixedCosts.length}}\r\n        <div id=\"fixedCosts\">\r\n            <div class=\"theader\">Costes fijos</div>\r\n            <div class=\"table\">\r\n                <div class=\"tbody\">\r\n                    <div class=\"tr\">\r\n                        <div class=\"th\">Concepto</div>\r\n                        <div class=\"th\">Precio</div>\r\n                        <div class=\"th\">Cantidad</div>\r\n                        <div class=\"th\">Subtotal</div>\r\n                    </div>\r\n                    {{#each fixedCosts}}\r\n                        <div class=\"tr\">\r\n                            <div class=\"td\">\r\n                                {{name}}\r\n                                {{#if description}}\r\n                                    <br />\r\n                                    {{description}}\r\n                                {{/if}}\r\n                            </div>\r\n                            <div class=\"td\">{{cost}} €</div>\r\n                            <div class=\"td\">{{quantity}}</div>\r\n                            <div class=\"td\">{{subTotal}} €</div>\r\n                        </div>\r\n                    {{/each}}\r\n                    <div class=\"tr noBorder\">\r\n                        <div class=\"td noBorder\"></div>\r\n                        <div class=\"td noBorder\"></div>\r\n                        <div class=\"th\" style=\"border-right: 1px solid black;\">Total:</div>\r\n                        <div class=\"td bold\">{{fixedCostsTotals}} €</div>\r\n                    </div>\r\n                </div>\r\n            </div>\r\n        </div>\r\n    {{/if}}\r\n\r\n    <div id=\"callsPerTypeSummary\">\r\n        <div class=\"theader\">Resumen de llamadas por tipo</div>\r\n        <div class=\"table\">\r\n            <div class=\"tbody\">\r\n                <div class=\"tr\">\r\n                    <div class=\"th\">Tipo</div>\r\n                    <div class=\"th\">Nº llamadas</div>\r\n                    <div class=\"th\">Duración total</div>\r\n                    <div class=\"th\">Precio total</div>\r\n                </div>\r\n                <div class=\"tr\">\r\n                    <div class=\"td white\">Llamadas entrantes</div>\r\n                    <div class=\"td white\">{{callData.inboundCalls.summary.numberOfCalls}}</div>\r\n                    <div class=\"td white\">{{callData.inboundCalls.summary.totalCallsDurationFormatted}}</div>\r\n                    <div class=\"td white\">{{callData.inboundCalls.summary.totalPrice}} €</div>\r\n                </div>\r\n                {{#each callData.callSumary}}\r\n                <div class=\"tr\">\r\n                    <div class=\"td white\">{{type}}</div>\r\n                    <div class=\"td white\">{{numberOfCalls}}</div>\r\n                    <div class=\"td white\">{{totalCallsDurationFormatted}}</div>\r\n                    <div class=\"td white\">{{totalPrice}} €</div>\r\n                </div>\r\n                {{/each}}\r\n                <div class=\"tr bold\">\r\n                    <div class=\"th\" style=\"border-right: 1px solid black;\">Totales:</div>\r\n                    <div class=\"td bold\" style=\"border-left: 1px solid black;\">{{callData.callSumaryTotals.numberOfCalls}}</div>\r\n                    <div class=\"td bold\">{{callData.callSumaryTotals.totalCallsDurationFormatted}}</div>\r\n                    <div class=\"td bold\">{{callData.callSumaryTotals.totalPrice}} €</div>\r\n                </div>\r\n            </div>\r\n        </div>\r\n    </div>\r\n\r\n    <div id=\"inboundCalls\">\r\n        <div class=\"tr\">\r\n            <div class=\"theader\">Llamadas entrantes</div>\r\n        </div>\r\n        <div class=\"table\">\r\n            <div class=\"tbody\">\r\n                <div class=\"tr\">\r\n                    <div class=\"th\">Fecha</div>\r\n                    <div class=\"th\">Origen</div>\r\n                    <div class=\"th\">Destino</div>\r\n                    <div class=\"th\">Duración</div>\r\n                    <div class=\"th\">Patrón</div>\r\n                    <div class=\"th\">Precio</div>\r\n                </div>\r\n                {{#each callData.inboundCalls.calls}}\r\n                <div class=\"tr\">\r\n                    <div class=\"td white\">{{calldate}}</div>\r\n                    <div class=\"td white\">{{caller}}</div>\r\n                    <div class=\"td white\">{{dst}}</div>\r\n                    <div class=\"td white\">{{durationFormatted}}</div>\r\n                    <div class=\"td white\">{{targetPattern.name}}</div>\r\n                    <div class=\"td white\">{{price}} €</div>\r\n                </div>\r\n                {{/each}}\r\n            </div>\r\n        </div>\r\n    </div>\r\n\r\n    {{#each callData.callsPerType}}\r\n    <div id=\"callsPerType\">\r\n        <div class=\"theader\">{{items.0.targetPattern.name}}</div>\r\n        <div class=\"table\">\r\n            <div class=\"tbody\">\r\n                <div class=\"tr\">\r\n                    <div class=\"th\">Fecha</div>\r\n                    <div class=\"th\">Destino</div>\r\n                    <div class=\"th\">Duración</div>\r\n                    <div class=\"th\">Plan</div>\r\n                    <div class=\"th\">Precio</div>\r\n                </div>\r\n                {{#each items}}\r\n                <div class=\"tr\">\r\n                    <div class=\"td white\">{{calldate}}</div>\r\n                    <div class=\"td white\">{{dst}}</div>\r\n                    <div class=\"td white\">{{durationFormatted}}</div>\r\n                    <div class=\"td white\">{{pricingPlan.name}}</div>\r\n                    <div class=\"td white\">{{price}} €</div>\r\n                </div>\r\n                {{/each}}\r\n            </div>\r\n        </div>\r\n    </div>\r\n    {{/each}}\r\n</body>\r\n</html>','<!DOCTYPE HTML>\r\n<html>\r\n<head>\r\n    <style>\r\n        body {\r\n            font-size: 11px;\r\n            font-family: Helvetica Neue,Helvetica,Arial,sans-serif;\r\n            padding-top: 45px;\r\n            border-bottom: 1px solid red;\r\n            margin: 45px 8px 0;\r\n        }\r\n        .bold {\r\n            font-weight: bold!important;\r\n        }\r\n        .center {\r\n            text-align: center!important;\r\n        }\r\n        .left {\r\n            float: left!important;\r\n        }\r\n        #header {\r\n            text-align: right;\r\n            height: 50px;\r\n        }\r\n        #header img {\r\n            float: left;\r\n            height: 30px;\r\n        }\r\n        #header p {\r\n            margin: 0;\r\n        }\r\n        #header .redLine {\r\n            border-color: red;\r\n            border-width: 0 0 1px 0;\r\n        }\r\n    </style>\r\n    <meta charset=\"UTF-8\">\r\n</head>\r\n<body>\r\n<div id=\"header\">\r\n    <div>\r\n        <img src=\"{{brand.logoPath}}\">\r\n        <div>\r\n            <p class=\"bold\">{{brand.name}}</p>\r\n            <p class=\"bold\">{{brand.postalAddress}}, {{brand.postalCode}} {{brand.town}}, {{brand.province}} </p>\r\n            <p>NIF / CIF: {{brand.nif}}</p>\r\n        </div>\r\n        <div class=\"redLine\">\r\n        </div>\r\n    </div>\r\n</div>\r\n</body>\r\n</html>','<!DOCTYPE HTML>\r\n<html>\r\n   <head>\r\n       <style>\r\n           #registryData {\r\n              border-top: 1px solid red;\r\n         	  border-bottom: 1px solid red;\r\n              line-height: 18px;\r\n              font-size: 8px;\r\n              padding: 3px 0;\r\n              text-align: center;\r\n           }\r\n           #footer {\r\n         	  padding-bottom: 20px;\r\n              text-align: right;\r\n              font-size: 14px;\r\n              font-weith:bold;\r\n           }\r\n       </style>\r\n       <meta charset=\"UTF-8\">\r\n   </head>\r\n   <body>\r\n     <p id=\"registryData\">\r\n        {{brand.registryData}}\r\n     </p>\r\n     <div id=\"footer\">\r\n       <p>\r\n         <span id=\"page\"></span>\r\n         / <span id=\"topage\"></span>\r\n       </p>\r\n     </div>\r\n    <script>\r\n      var vars = {};\r\n      var query_strings_from_url = document.location.search.substring(1).split(\'&\');\r\n      for (var query_string in query_strings_from_url) {\r\n          if (query_strings_from_url.hasOwnProperty(query_string)) {\r\n              var temp_var = query_strings_from_url[query_string].split(\'=\', 2);\r\n              vars[temp_var[0]] = decodeURI(temp_var[1]);\r\n          }\r\n      }\r\n      document.getElementById(\'page\').innerHTML = vars.page;\r\n      document.getElementById(\'topage\').innerHTML = vars.topage;\r\n    </script>\r\n    </body>\r\n</html>',2);
/*!40000 ALTER TABLE `InvoiceTemplates` ENABLE KEYS */;
UNLOCK TABLES;

--
-- Table structure for table `Invoices`
--

DROP TABLE IF EXISTS `Invoices`;
/*!40101 SET @saved_cs_client     = @@character_set_client */;
/*!40101 SET character_set_client = utf8 */;
CREATE TABLE `Invoices` (
  `id` int(10) unsigned NOT NULL AUTO_INCREMENT,
  `number` varchar(30) NOT NULL,
  `inDate` datetime DEFAULT NULL,
  `outDate` datetime DEFAULT NULL,
  `total` decimal(10,3) DEFAULT NULL,
  `taxRate` decimal(10,3) DEFAULT NULL,
  `totalWithTax` decimal(10,3) DEFAULT NULL,
  `status` varchar(25) DEFAULT NULL COMMENT '[enum:waiting|processing|created|error]',
  `companyId` int(10) unsigned NOT NULL,
  `brandId` int(10) unsigned NOT NULL,
  `pdfFileFileSize` int(11) unsigned DEFAULT NULL COMMENT '[FSO]',
  `pdfFileMimeType` varchar(80) DEFAULT NULL,
  `pdfFileBaseName` varchar(255) DEFAULT NULL,
  `invoiceTemplateId` int(10) unsigned DEFAULT NULL,
  PRIMARY KEY (`id`),
  UNIQUE KEY `numberBrand` (`number`,`brandId`),
  KEY `brandId` (`brandId`),
  KEY `companyId` (`companyId`),
  KEY `invoiceTemplateId` (`invoiceTemplateId`),
  CONSTRAINT `Invoices_ibfk_1` FOREIGN KEY (`brandId`) REFERENCES `Brands` (`id`) ON DELETE CASCADE,
  CONSTRAINT `Invoices_ibfk_2` FOREIGN KEY (`companyId`) REFERENCES `Companies` (`id`) ON DELETE CASCADE,
  CONSTRAINT `Invoices_ibfk_4` FOREIGN KEY (`invoiceTemplateId`) REFERENCES `InvoiceTemplates` (`id`) ON DELETE SET NULL
) ENGINE=InnoDB AUTO_INCREMENT=75 DEFAULT CHARSET=utf8 COMMENT='[entity][rest]';
/*!40101 SET character_set_client = @saved_cs_client */;

--
-- Dumping data for table `Invoices`
--

LOCK TABLES `Invoices` WRITE;
/*!40000 ALTER TABLE `Invoices` DISABLE KEYS */;
INSERT INTO `Invoices` VALUES (10,'NOFACT0132','2016-07-05 00:00:00','2016-08-31 00:00:00',14.639,21.000,17.720,'created',5,1,437579,'application/pdf; charset=binary','invoice.pdf',NULL),(11,'0001519375','2016-09-01 00:00:00','2016-10-31 00:00:00',20.762,21.000,25.130,'created',5,1,588217,'application/pdf; charset=binary','invoice.pdf',NULL),(12,'TEST','2016-08-01 00:00:00','2016-11-30 00:00:00',10.532,21.000,12.750,'created',9,1,319143,'application/pdf; charset=binary','invoice.pdf',NULL),(14,'Irontec','2016-05-01 00:00:00','2016-12-08 00:00:00',1.763,21.000,2.140,'created',3,1,119953,'application/pdf; charset=binary','invoice.pdf',NULL),(15,'AGRONOVO_CONSUMOS','2016-11-01 00:00:00','2016-11-30 00:00:00',8.194,21.000,9.920,'created',5,1,222832,'application/pdf; charset=binary','invoice.pdf',NULL),(18,'NOVA_NOV2','2016-10-24 00:00:00','2016-11-30 00:00:00',35.074,21.000,42.440,'created',10,2,301386,'application/pdf; charset=binary','invoice.pdf',NULL),(19,'NOVA_DIC','2016-12-01 00:00:00','2016-12-31 00:00:00',26.981,21.000,32.650,'created',10,2,340104,'application/pdf; charset=binary','invoice.pdf',NULL),(20,'AGRO_DIC','2016-12-01 00:00:00','2016-12-31 00:00:00',4.042,21.000,4.900,'created',5,1,172782,'application/pdf; charset=binary','invoice.pdf',NULL),(21,'AGRO_ENE','2017-01-01 00:00:00','2017-01-31 00:00:00',21.818,21.000,26.410,'created',5,1,800974,'application/pdf; charset=binary','invoice.pdf',NULL),(22,'NOVA_ENE','2017-01-01 00:00:00','2017-01-31 00:00:00',44.288,21.000,53.590,'created',10,2,499715,'application/pdf; charset=binary','invoice.pdf',NULL),(23,'NOVA_FEB','2017-02-01 00:00:00','2017-02-28 00:00:00',33.370,21.000,40.380,'created',10,2,474443,'application/pdf; charset=binary','invoice.pdf',NULL),(24,'ALVAREZ_FEB','2016-12-01 00:00:00','2017-02-28 00:00:00',6.131,21.000,7.420,'created',9,1,230922,'application/pdf; charset=binary','invoice.pdf',NULL),(25,'AGRONOVO_FEB','2017-02-01 00:00:00','2017-02-28 00:00:00',16.459,21.000,19.920,'created',5,1,529309,'application/pdf; charset=binary','invoice.pdf',NULL),(27,'ALTAMAR_FEB','2016-10-01 00:00:00','2017-02-28 00:00:00',328.388,21.000,397.350,'created',8,1,2774379,'application/pdf; charset=binary','invoice.pdf',NULL),(28,'NOVA_MAR','2017-03-01 00:00:00','2017-03-31 00:00:00',28.500,21.000,34.490,'created',10,2,417025,'application/pdf; charset=binary','invoice.pdf',NULL),(29,'ALTAMAR_MAR','2017-03-01 00:00:00','2017-03-31 00:00:00',357.786,21.000,432.930,'created',8,1,3148298,'application/pdf; charset=binary','invoice.pdf',NULL),(30,'AGRONOVO_MAR','2017-03-01 00:00:00','2017-03-31 00:00:00',30.188,21.000,36.530,'created',5,1,1085739,'application/pdf; charset=binary','invoice.pdf',NULL),(31,'ALVAREZ_MARZO','2017-03-01 00:00:00','2017-03-31 00:00:00',3.525,21.000,4.270,'created',9,1,137189,'application/pdf; charset=binary','invoice.pdf',NULL),(32,'ALVAREZ_ABRIL','2017-04-01 00:00:00','2017-04-30 00:00:00',1.631,21.000,1.980,'created',9,1,90210,'application/pdf; charset=binary','invoice.pdf',NULL),(33,'NOVA_ABRIL','2017-04-01 00:00:00','2017-04-30 00:00:00',17.339,21.000,20.990,'created',10,2,320019,'application/pdf; charset=binary','invoice.pdf',NULL),(34,'AGRO_ABRIL','2017-04-01 00:00:00','2017-04-30 00:00:00',26.808,21.000,32.440,'created',5,1,895165,'application/pdf; charset=binary','invoice.pdf',NULL),(35,'ALTAMAR_ABRIL','2017-04-01 00:00:00','2017-04-30 00:00:00',348.945,21.000,422.230,'created',8,1,2761136,'application/pdf; charset=binary','invoice.pdf',NULL),(36,'1234','2015-12-01 00:00:00','2017-04-01 00:00:00',42.511,21.000,51.440,'created',6,1,22522,'application/pdf; charset=binary','invoice.pdf',NULL),(37,'ALTAMAR_MAYO','2017-05-01 00:00:00','2017-05-31 00:00:00',412.894,21.000,499.610,'created',8,1,51298,'application/pdf; charset=binary','invoice.pdf',NULL),(38,'MIRAMAR_MAYO','2017-05-01 00:00:00','2017-05-31 00:00:00',209.982,21.000,254.080,'created',15,1,36866,'application/pdf; charset=binary','invoice.pdf',NULL),(39,'AGRONOVO_MAYO','2017-05-01 00:00:00','2017-05-31 00:00:00',23.059,21.000,27.910,'created',5,1,983839,'application/pdf; charset=binary','invoice.pdf',NULL),(40,'ALVAREZ_MAYO','2017-05-01 00:00:00','2017-05-31 00:00:00',2.057,21.000,2.490,'created',9,1,17615,'application/pdf; charset=binary','invoice.pdf',NULL),(41,'NOVA_MAYO','2017-05-01 00:00:00','2017-05-31 00:00:00',23.509,21.000,28.450,'created',10,2,386665,'application/pdf; charset=binary','invoice.pdf',NULL),(43,'ALTAMAR_JUNIO','2017-06-01 00:00:00','2017-06-30 00:00:00',445.996,21.000,539.660,'created',8,1,37348,'application/pdf; charset=binary','invoice-ALTAMAR_JUNIO.pdf',6),(44,'ALVAREZ_JUNIO','2017-06-01 00:00:00','2017-06-30 00:00:00',1.724,21.000,2.090,'created',9,1,42594,'application/pdf; charset=binary','invoice-ALVAREZ_JUNIO.pdf',7),(45,'AGRO_JUNIO','2017-06-01 00:00:00','2017-06-30 00:00:00',5.645,21.000,6.830,'created',5,1,61630,'application/pdf; charset=binary','invoice-AGRO_JUNIO.pdf',7),(46,'SERRANO_JUNIO','2016-01-01 00:00:00','2017-06-30 00:00:00',44.467,21.000,53.810,'created',7,1,112925,'application/pdf; charset=binary','invoice-SERRANO_JUNIO.pdf',7),(47,'NOVA_JUNIO','2017-06-01 00:00:00','2017-06-30 00:00:00',32.894,21.000,39.810,'created',10,2,22561,'application/pdf; charset=binary','invoice-NOVA_JUNIO.pdf',9),(48,'MIRA_JUN_DETAIL','2017-06-01 00:00:00','2017-06-30 00:00:00',1025.656,21.000,1241.050,'created',15,1,1563539,'application/pdf; charset=binary','invoice-MIRA_JUN_DETAIL.pdf',7),(49,'ALTAMAR_JULIO','2017-07-01 00:00:00','2017-07-31 00:00:00',476.692,21.000,576.800,'created',8,1,36975,'application/pdf; charset=binary','invoice-ALTAMAR_JULIO.pdf',6),(50,'MIRAMAR_JULIO','2017-07-01 00:00:00','2017-07-31 00:00:00',1015.559,21.000,1228.830,'created',15,1,1597357,'application/pdf; charset=binary','invoice-MIRAMAR_JULIO.pdf',7),(51,'AGRO_JULIO','2017-07-01 00:00:00','2017-07-31 00:00:00',3.392,21.000,4.110,'created',5,1,49847,'application/pdf; charset=binary','invoice-AGRO_JULIO.pdf',7),(52,'ALVAREZ_JULIO','2017-07-01 00:00:00','2017-07-31 00:00:00',0.953,21.000,1.160,'created',9,1,38953,'application/pdf; charset=binary','invoice-ALVAREZ_JULIO.pdf',7),(53,'NOVA_JULIO','2017-07-01 00:00:00','2017-07-31 00:00:00',31.533,21.000,38.160,'created',10,2,114039,'application/pdf; charset=binary','invoice-NOVA_JULIO.pdf',10),(54,'MIRAMAR_AGOSTO','2017-08-01 00:00:00','2017-08-31 00:00:00',990.309,21.000,1198.280,'created',15,1,1666058,'application/pdf; charset=binary','invoice-MIRAMAR_AGOSTO.pdf',7),(55,'AGRONOVO_AGOSTO','2017-08-01 00:00:00','2017-08-31 00:00:00',4.031,21.000,4.880,'created',5,1,52292,'application/pdf; charset=binary','invoice-AGRONOVO_AGOSTO.pdf',7),(56,'ALTAMAR_AGOSTO','2017-08-01 00:00:00','2017-08-31 00:00:00',226.552,21.000,274.130,'created',8,1,345872,'application/pdf; charset=binary','invoice-ALTAMAR_AGOSTO.pdf',7),(57,'CLINICAERAS_AGOSTO','2017-08-01 00:00:00','2017-08-31 00:00:00',2.182,21.000,2.650,'created',18,1,50478,'application/pdf; charset=binary','invoice-CLINICAERAS_AGOSTO.pdf',7),(58,'DUO_AGOSTO','2017-08-01 00:00:00','2017-08-31 00:00:00',0.000,21.000,0.000,'created',17,1,26188,'application/pdf; charset=binary','invoice-DUO_AGOSTO.pdf',7),(59,'RAFAEL_AGOSTO','2017-08-01 00:00:00','2017-08-31 00:00:00',0.000,21.000,0.000,'created',16,1,26238,'application/pdf; charset=binary','invoice-RAFAEL_AGOSTO.pdf',7),(60,'GESPROFIT_AGOSTO','2017-07-01 00:00:00','2017-08-31 00:00:00',50.449,21.000,61.050,'created',7,1,89880,'application/pdf; charset=binary','invoice-GESPROFIT_AGOSTO.pdf',7),(61,'TEDRA_AGOSTO','2016-01-01 00:00:00','2017-08-31 00:00:00',112.522,21.000,136.160,'created',6,1,253455,'application/pdf; charset=binary','invoice-TEDRA_AGOSTO.pdf',7),(62,'ALVAREZ_AGOSTO','2017-08-01 00:00:00','2017-08-31 00:00:00',0.280,21.000,0.340,'created',9,1,32578,'application/pdf; charset=binary','invoice-ALVAREZ_AGOSTO.pdf',7),(63,'NOVA_AGOSTO','2017-08-01 00:00:00','2017-08-31 00:00:00',22.716,21.000,27.490,'created',10,2,22356,'application/pdf; charset=binary','invoice-NOVA_AGOSTO.pdf',9),(64,'NOVA_SEPT','2017-09-01 00:00:00','2017-09-30 00:00:00',35.221,21.000,42.620,'created',10,2,115107,'application/pdf; charset=binary','invoice-NOVA_SEPT.pdf',10),(65,'MIRAMAR_SEPTIEMBRE','2017-09-01 00:00:00','2017-09-30 00:00:00',873.477,21.000,1056.910,'created',15,1,1350508,'application/pdf; charset=binary','invoice-MIRAMAR_SEPTIEMBRE.pdf',7),(66,'AGRONOVO_SEPTIEMBRE','2017-09-01 00:00:00','2017-09-30 00:00:00',3.932,21.000,4.760,'created',5,1,45016,'application/pdf; charset=binary','invoice-AGRONOVO_SEPTIEMBRE.pdf',7),(67,'ALTAMAR_SEPTIEMBRE','2017-09-01 00:00:00','2017-09-30 00:00:00',365.849,21.000,442.680,'created',8,1,703079,'application/pdf; charset=binary','invoice-ALTAMAR_SEPTIEMBRE.pdf',7),(68,'CLINICAERAS_SEPTIEMBRE','2017-09-01 00:00:00','2017-09-30 00:00:00',4.352,21.000,5.270,'created',18,1,60494,'application/pdf; charset=binary','invoice-CLINICAERAS_SEPTIEMBRE.pdf',7),(69,'DUO_SEPTIEMBRE','2017-09-01 00:00:00','2017-09-30 00:00:00',0.000,21.000,0.000,'created',17,1,26041,'application/pdf; charset=binary','invoice-DUO_SEPTIEMBRE.pdf',7),(70,'RAFAEL_SEPTIEMBRE','2017-09-01 00:00:00','2017-09-30 00:00:00',0.000,21.000,0.000,'created',16,1,26115,'application/pdf; charset=binary','invoice-RAFAEL_SEPTIEMBRE.pdf',7),(71,'GESPROFIT_SEPTIEMBRE','2017-09-01 00:00:00','2017-09-30 00:00:00',48.911,21.000,59.190,'created',7,1,138766,'application/pdf; charset=binary','invoice-GESPROFIT_SEPTIEMBRE.pdf',7),(72,'TEDRA_SEPTIEMBRE','2017-09-01 00:00:00','2017-09-30 00:00:00',10.570,21.000,12.790,'created',6,1,64886,'application/pdf; charset=binary','invoice-TEDRA_SEPTIEMBRE.pdf',7),(73,'ALVAREZ_SEPTIEMBRE','2017-09-01 00:00:00','2017-09-30 00:00:00',2.333,21.000,2.830,'created',9,1,43093,'application/pdf; charset=binary','invoice-ALVAREZ_SEPTIEMBRE.pdf',7),(74,'FBCONSULTORES_SEPTIEMBRE','2017-09-01 00:00:00','2017-09-30 00:00:00',4.568,21.000,5.530,'created',13,1,50636,'application/pdf; charset=binary','invoice-FBCONSULTORES_SEPTIEMBRE.pdf',7);
/*!40000 ALTER TABLE `Invoices` ENABLE KEYS */;
UNLOCK TABLES;

--
-- Table structure for table `Languages`
--

DROP TABLE IF EXISTS `Languages`;
/*!40101 SET @saved_cs_client     = @@character_set_client */;
/*!40101 SET character_set_client = utf8 */;
CREATE TABLE `Languages` (
  `id` int(10) unsigned NOT NULL AUTO_INCREMENT,
  `iden` varchar(100) NOT NULL,
  `name` varchar(100) NOT NULL DEFAULT '' COMMENT '[ml]',
  `name_en` varchar(100) NOT NULL DEFAULT '',
  `name_es` varchar(100) NOT NULL DEFAULT '',
  PRIMARY KEY (`id`),
  UNIQUE KEY `languageIden` (`iden`)
) ENGINE=InnoDB AUTO_INCREMENT=3 DEFAULT CHARSET=utf8 COMMENT='[entity][rest]';
/*!40101 SET character_set_client = @saved_cs_client */;

--
-- Dumping data for table `Languages`
--

LOCK TABLES `Languages` WRITE;
/*!40000 ALTER TABLE `Languages` DISABLE KEYS */;
INSERT INTO `Languages` VALUES (1,'es','','Spanish','Español'),(2,'en','','English','Inglés');
/*!40000 ALTER TABLE `Languages` ENABLE KEYS */;
UNLOCK TABLES;

--
-- Table structure for table `LcrGateways`
--

DROP TABLE IF EXISTS `LcrGateways`;
/*!40101 SET @saved_cs_client     = @@character_set_client */;
/*!40101 SET character_set_client = utf8 */;
CREATE TABLE `LcrGateways` (
  `id` int(10) unsigned NOT NULL AUTO_INCREMENT,
  `lcr_id` int(10) unsigned NOT NULL DEFAULT '1',
  `gw_name` varchar(200) NOT NULL,
  `ip` varchar(50) DEFAULT NULL,
  `hostname` varchar(64) DEFAULT NULL,
  `port` smallint(5) unsigned DEFAULT NULL,
  `params` varchar(64) DEFAULT NULL,
  `uri_scheme` tinyint(3) unsigned DEFAULT NULL,
  `transport` tinyint(3) unsigned DEFAULT NULL,
  `strip` tinyint(3) unsigned DEFAULT NULL,
  `prefix` varchar(16) DEFAULT NULL,
  `tag` varchar(64) DEFAULT NULL,
  `flags` int(10) unsigned NOT NULL DEFAULT '0',
  `defunct` int(10) unsigned DEFAULT NULL,
  `peerServerId` int(10) unsigned NOT NULL,
  PRIMARY KEY (`id`),
  UNIQUE KEY `peerServerIdUnique` (`peerServerId`),
  KEY `lcr_id` (`lcr_id`),
  CONSTRAINT `LcrGateways_ibfk_2` FOREIGN KEY (`peerServerId`) REFERENCES `PeerServers` (`id`) ON DELETE CASCADE
) ENGINE=InnoDB AUTO_INCREMENT=139 DEFAULT CHARSET=utf8 COMMENT='[entity][rest]';
/*!40101 SET character_set_client = @saved_cs_client */;

--
-- Dumping data for table `LcrGateways`
--

LOCK TABLES `LcrGateways` WRITE;
/*!40000 ALTER TABLE `LcrGateways` DISABLE KEYS */;
INSERT INTO `LcrGateways` VALUES (111,1,'b1p1s1','194.30.6.32','sarevoz.com',5060,'',1,1,NULL,NULL,'1',1,NULL,1),(112,1,'b1p2s2','185.23.36.139','sip01.duotelecom.es',5060,'',1,1,NULL,NULL,'2',1,NULL,2),(113,1,'b1p6s6','194.30.6.32','sarevoz.com',5060,'',1,1,NULL,NULL,'6',1,NULL,6),(114,1,'b1p7s7','194.30.6.32','sarevoz.com',5060,'',1,1,NULL,NULL,'7',1,NULL,7),(115,1,'b1p5s5','194.30.6.32','sarevoz.com',5060,'',1,1,NULL,NULL,'5',1,NULL,5),(116,1,'b1p3s3',NULL,'84.232.7.245',5060,'',1,1,NULL,NULL,'3',1,NULL,3),(117,1,'b1p8s8',NULL,'84.232.7.245',5060,'',1,1,NULL,NULL,'8',1,NULL,8),(118,1,'b2p9s9','194.30.6.32','sarevoz.com',5060,'',1,1,NULL,NULL,'9',1,NULL,9),(119,1,'b1p10s10',NULL,'46.19.210.10',5060,'',1,1,NULL,NULL,'10',1,NULL,10),(120,1,'b1p10s11',NULL,'46.19.210.11',5060,'',1,1,NULL,NULL,'11',1,NULL,11),(121,1,'b1p10s12',NULL,'46.19.210.12',5060,'',1,1,NULL,NULL,'12',1,NULL,12),(122,1,'b1p10s13',NULL,'46.19.210.13',5060,'',1,1,NULL,NULL,'13',1,NULL,13),(123,1,'b1p10s14',NULL,'46.19.210.14',5060,'',1,1,NULL,NULL,'14',1,NULL,14),(124,1,'b1p10s15',NULL,'46.19.210.15',5060,'',1,1,NULL,NULL,'15',1,NULL,15),(125,1,'b1p10s16',NULL,'46.19.210.42',5060,'',1,1,NULL,NULL,'16',1,NULL,16),(126,1,'b1p10s17',NULL,'46.19.210.75',5060,'',1,1,NULL,NULL,'17',1,NULL,17),(127,1,'b1p10s18',NULL,'46.19.210.76',5060,'',1,1,NULL,NULL,'18',1,NULL,18),(128,1,'b1p10s19',NULL,'46.19.210.77',5060,'',1,1,NULL,NULL,'19',1,NULL,19),(129,1,'b1p10s20',NULL,'46.19.210.78',5060,'',1,1,NULL,NULL,'20',1,NULL,20),(130,1,'b1p10s21',NULL,'46.19.210.79',5060,'',1,1,NULL,NULL,'21',1,NULL,21),(131,1,'b1p10s22',NULL,'46.19.210.80',5060,'',1,1,NULL,NULL,'22',1,NULL,22),(132,1,'b1p11s23','194.140.135.80','sip.netelip.com',5060,'',1,1,NULL,NULL,'23',1,NULL,23),(133,1,'b1p12s24',NULL,'8.45.207.93',5060,'',1,1,NULL,NULL,'24',1,NULL,24),(134,1,'b1p12s25',NULL,'8.45.225.109',5060,'',1,1,NULL,NULL,'25',1,NULL,25),(135,1,'b1p13s26',NULL,'159.63.244.165',5060,'',1,1,NULL,NULL,'26',1,NULL,26),(136,1,'b1p14s27',NULL,'213.27.162.81',5060,'',1,1,NULL,NULL,'27',1,NULL,27),(137,1,'b1p14s28',NULL,'213.215.176.143',5060,'',1,1,NULL,NULL,'28',1,NULL,28),(138,1,'b1p15s29','194.30.6.32','sarevoz.com',5060,'',1,1,NULL,NULL,'29',1,NULL,29);
/*!40000 ALTER TABLE `LcrGateways` ENABLE KEYS */;
UNLOCK TABLES;

--
-- Table structure for table `LcrRuleTargets`
--

DROP TABLE IF EXISTS `LcrRuleTargets`;
/*!40101 SET @saved_cs_client     = @@character_set_client */;
/*!40101 SET character_set_client = utf8 */;
CREATE TABLE `LcrRuleTargets` (
  `id` int(10) unsigned NOT NULL AUTO_INCREMENT,
  `lcr_id` int(10) unsigned NOT NULL DEFAULT '1',
  `rule_id` int(10) unsigned NOT NULL,
  `gw_id` int(10) unsigned NOT NULL,
  `priority` tinyint(3) unsigned NOT NULL,
  `weight` int(10) unsigned NOT NULL DEFAULT '1',
  `outgoingRoutingId` int(10) unsigned NOT NULL,
  PRIMARY KEY (`id`),
  KEY `rule_id` (`rule_id`),
  KEY `gw_id` (`gw_id`),
  KEY `outgoingRoutingId` (`outgoingRoutingId`),
  KEY `lcr_id` (`lcr_id`),
  CONSTRAINT `LcrRuleTargets_ibfk_2` FOREIGN KEY (`rule_id`) REFERENCES `LcrRules` (`id`) ON DELETE CASCADE,
  CONSTRAINT `LcrRuleTargets_ibfk_3` FOREIGN KEY (`gw_id`) REFERENCES `LcrGateways` (`id`) ON DELETE CASCADE,
  CONSTRAINT `LcrRuleTargets_ibfk_4` FOREIGN KEY (`outgoingRoutingId`) REFERENCES `OutgoingRouting` (`id`) ON DELETE CASCADE
) ENGINE=InnoDB AUTO_INCREMENT=22042 DEFAULT CHARSET=utf8 COMMENT='[entity][rest]';
/*!40101 SET character_set_client = @saved_cs_client */;

--
-- Dumping data for table `LcrRuleTargets`
--

LOCK TABLES `LcrRuleTargets` WRITE;
/*!40000 ALTER TABLE `LcrRuleTargets` DISABLE KEYS */;
INSERT INTO `LcrRuleTargets` VALUES (18401,1,26012,111,1,1,19),(18402,1,26013,111,1,1,19),(18403,1,26014,111,1,1,19),(18404,1,26015,111,1,1,19),(18405,1,26016,111,1,1,19),(18406,1,26017,111,1,1,19),(18407,1,26018,111,1,1,19),(18408,1,26019,111,1,1,19),(18409,1,26020,111,1,1,19),(18410,1,26021,111,1,1,19),(18411,1,26022,111,1,1,19),(18412,1,26023,111,1,1,19),(18413,1,26024,111,1,1,19),(18414,1,26025,111,1,1,19),(18415,1,26026,111,1,1,19),(18416,1,26027,111,1,1,19),(18417,1,26028,111,1,1,19),(18418,1,26029,111,1,1,19),(18419,1,26030,111,1,1,19),(18420,1,26031,111,1,1,19),(18421,1,26032,111,1,1,19),(18422,1,26033,111,1,1,19),(18423,1,26034,111,1,1,19),(18424,1,26035,111,1,1,19),(18425,1,26036,111,1,1,19),(18426,1,26037,111,1,1,19),(18427,1,26038,111,1,1,19),(18428,1,26039,111,1,1,19),(18429,1,26040,111,1,1,19),(18430,1,26041,111,1,1,19),(18431,1,26042,111,1,1,19),(18432,1,26043,111,1,1,19),(18433,1,26044,111,1,1,19),(18434,1,26045,111,1,1,19),(18435,1,26046,111,1,1,19),(18436,1,26047,111,1,1,19),(18437,1,26048,111,1,1,19),(18438,1,26049,111,1,1,19),(18439,1,26050,111,1,1,19),(18440,1,26051,111,1,1,19),(18441,1,26052,111,1,1,19),(18442,1,26053,111,1,1,19),(18443,1,26054,111,1,1,19),(18444,1,26055,111,1,1,19),(18445,1,26056,111,1,1,19),(18446,1,26057,111,1,1,19),(18447,1,26058,111,1,1,19),(18448,1,26059,111,1,1,19),(18449,1,26060,111,1,1,19),(18450,1,26061,111,1,1,19),(18451,1,26062,111,1,1,19),(18452,1,26063,111,1,1,19),(18613,1,26224,111,1,1,23),(18614,1,26225,111,1,1,29),(18615,1,26226,111,1,1,29),(18616,1,26227,111,1,1,29),(18617,1,26228,111,1,1,29),(18618,1,26229,111,1,1,29),(18619,1,26230,111,1,1,29),(18620,1,26231,111,1,1,29),(18621,1,26232,111,1,1,29),(18622,1,26234,111,1,1,29),(18623,1,26236,111,1,1,29),(18624,1,26238,111,1,1,29),(18626,1,26240,111,1,1,29),(18628,1,26242,111,1,1,29),(18630,1,26244,111,1,1,29),(18632,1,26246,111,1,1,29),(18634,1,26248,111,1,1,29),(18636,1,26250,111,1,1,29),(18638,1,26252,111,1,1,29),(18640,1,26254,111,1,1,29),(18642,1,26256,111,1,1,29),(18644,1,26258,111,1,1,29),(18646,1,26260,111,1,1,29),(18648,1,26262,111,1,1,29),(18650,1,26264,111,1,1,29),(18652,1,26266,111,1,1,29),(18654,1,26268,111,1,1,29),(18656,1,26270,111,1,1,29),(18658,1,26272,111,1,1,29),(18660,1,26274,111,1,1,29),(18662,1,26276,111,1,1,29),(18664,1,26278,111,1,1,29),(18666,1,26280,111,1,1,29),(18668,1,26282,111,1,1,29),(18670,1,26284,111,1,1,29),(18672,1,26286,111,1,1,29),(18674,1,26288,111,1,1,29),(18676,1,26290,111,1,1,29),(18678,1,26292,111,1,1,29),(18680,1,26294,111,1,1,29),(18682,1,26296,111,1,1,29),(18684,1,26298,111,1,1,29),(18686,1,26300,111,1,1,29),(18688,1,26302,111,1,1,29),(18690,1,26304,111,1,1,29),(18692,1,26306,111,1,1,29),(18694,1,26308,111,1,1,29),(18696,1,26310,111,1,1,29),(18698,1,26312,111,1,1,29),(18700,1,26314,111,1,1,29),(18702,1,26316,111,1,1,29),(18704,1,26318,111,1,1,29),(18706,1,26320,111,1,1,29),(18719,1,26330,111,1,1,30),(18720,1,26331,111,1,1,30),(18721,1,26332,111,1,1,30),(18722,1,26333,111,1,1,30),(18723,1,26334,111,1,1,30),(18724,1,26335,111,1,1,30),(18725,1,26336,111,1,1,30),(18726,1,26337,111,1,1,30),(18727,1,26338,111,1,1,30),(18728,1,26339,111,1,1,30),(18729,1,26340,111,1,1,30),(18730,1,26341,111,1,1,30),(18731,1,26342,111,1,1,30),(18732,1,26343,111,1,1,30),(18733,1,26344,111,1,1,30),(18734,1,26345,111,1,1,30),(18735,1,26346,111,1,1,30),(18736,1,26347,111,1,1,30),(18737,1,26348,111,1,1,30),(18738,1,26349,111,1,1,30),(18739,1,26350,111,1,1,30),(18740,1,26351,111,1,1,30),(18741,1,26352,111,1,1,30),(18742,1,26353,111,1,1,30),(18743,1,26354,111,1,1,30),(18744,1,26355,111,1,1,30),(18745,1,26356,111,1,1,30),(18746,1,26357,111,1,1,30),(18747,1,26358,111,1,1,30),(18748,1,26359,111,1,1,30),(18749,1,26360,111,1,1,30),(18750,1,26361,111,1,1,30),(18751,1,26362,111,1,1,30),(18752,1,26363,111,1,1,30),(18753,1,26364,111,1,1,30),(18754,1,26365,111,1,1,30),(18755,1,26366,111,1,1,30),(18756,1,26367,111,1,1,30),(18757,1,26368,111,1,1,30),(18758,1,26369,111,1,1,31),(18759,1,26370,111,1,1,31),(18760,1,26371,111,1,1,31),(18761,1,26372,111,1,1,31),(18762,1,26373,111,1,1,31),(18763,1,26374,111,1,1,31),(18764,1,26375,111,1,1,31),(18765,1,26376,111,1,1,31),(18766,1,26377,111,1,1,31),(18767,1,26378,111,1,1,31),(18768,1,26379,111,1,1,31),(18769,1,26380,111,1,1,31),(18770,1,26381,111,1,1,31),(18771,1,26382,111,1,1,31),(18772,1,26383,111,1,1,31),(18773,1,26384,111,1,1,31),(18774,1,26385,111,1,1,32),(18775,1,26386,111,1,1,32),(18776,1,26387,111,1,1,32),(18777,1,26388,111,1,1,32),(18778,1,26389,111,1,1,32),(18779,1,26390,111,1,1,32),(18780,1,26391,111,1,1,32),(18781,1,26392,111,1,1,32),(18782,1,26393,111,1,1,32),(18783,1,26394,111,1,1,32),(18784,1,26395,111,1,1,32),(18785,1,26396,111,1,1,32),(18786,1,26397,111,1,1,32),(18787,1,26398,111,1,1,32),(18788,1,26399,111,1,1,32),(18789,1,26400,111,1,1,32),(18790,1,26401,111,1,1,32),(18791,1,26402,111,1,1,32),(18792,1,26403,111,1,1,32),(18793,1,26404,111,1,1,32),(18794,1,26405,111,1,1,32),(18795,1,26406,111,1,1,32),(18796,1,26407,111,1,1,32),(18797,1,26408,111,1,1,32),(18798,1,26409,111,1,1,32),(18799,1,26410,111,1,1,32),(18800,1,26411,111,1,1,32),(18801,1,26412,111,1,1,32),(18802,1,26413,111,1,1,32),(18803,1,26414,111,1,1,32),(18804,1,26415,111,1,1,32),(18805,1,26416,111,1,1,32),(18806,1,26417,111,1,1,32),(18807,1,26418,111,1,1,32),(18808,1,26419,111,1,1,32),(18809,1,26420,111,1,1,32),(18810,1,26421,111,1,1,32),(18811,1,26422,111,1,1,32),(18812,1,26423,111,1,1,32),(18813,1,26424,111,1,1,32),(18814,1,26425,111,1,1,32),(18815,1,26426,111,1,1,32),(18816,1,26427,111,1,1,32),(18817,1,26428,111,1,1,32),(18818,1,26429,111,1,1,32),(18819,1,26430,111,1,1,32),(18820,1,26431,111,1,1,32),(18821,1,26432,111,1,1,32),(18822,1,26433,111,1,1,32),(18823,1,26434,111,1,1,32),(18824,1,26435,111,1,1,32),(18825,1,26436,111,1,1,32),(18826,1,26437,111,1,1,32),(18879,1,26490,118,1,1,24),(18880,1,26491,118,1,1,24),(18881,1,26492,118,1,1,24),(18882,1,26493,118,1,1,24),(18883,1,26494,118,1,1,24),(18884,1,26495,118,1,1,24),(18885,1,26496,118,1,1,24),(18886,1,26497,118,1,1,24),(18887,1,26498,118,1,1,24),(18888,1,26499,118,1,1,24),(18889,1,26500,118,1,1,24),(18890,1,26501,118,1,1,24),(18891,1,26502,118,1,1,24),(18892,1,26503,118,1,1,24),(18893,1,26504,118,1,1,24),(18894,1,26505,118,1,1,24),(18895,1,26506,118,1,1,24),(18896,1,26507,118,1,1,24),(18897,1,26508,118,1,1,24),(18898,1,26509,118,1,1,24),(18899,1,26510,118,1,1,24),(18900,1,26511,118,1,1,24),(18901,1,26512,118,1,1,24),(18902,1,26513,118,1,1,24),(18903,1,26514,118,1,1,24),(18904,1,26515,118,1,1,24),(18905,1,26516,118,1,1,24),(18906,1,26517,118,1,1,24),(18907,1,26518,118,1,1,24),(18908,1,26519,118,1,1,24),(18909,1,26520,118,1,1,24),(18910,1,26521,118,1,1,24),(18911,1,26522,118,1,1,24),(18912,1,26523,118,1,1,24),(18913,1,26524,118,1,1,24),(18914,1,26525,118,1,1,24),(18915,1,26526,118,1,1,24),(18916,1,26527,118,1,1,24),(18917,1,26528,118,1,1,24),(18918,1,26529,118,1,1,24),(18919,1,26530,118,1,1,24),(18920,1,26531,118,1,1,24),(18921,1,26532,118,1,1,24),(18922,1,26533,118,1,1,24),(18923,1,26534,118,1,1,24),(18924,1,26535,118,1,1,24),(18925,1,26536,118,1,1,24),(18926,1,26537,118,1,1,24),(18927,1,26538,118,1,1,24),(18928,1,26539,118,1,1,24),(18929,1,26540,118,1,1,24),(18930,1,26541,118,1,1,24),(18931,1,26542,118,1,1,26),(18932,1,26543,118,1,1,26),(18933,1,26544,118,1,1,26),(18934,1,26545,118,1,1,26),(18935,1,26546,118,1,1,26),(18936,1,26547,118,1,1,26),(18937,1,26548,118,1,1,26),(18938,1,26549,118,1,1,26),(18939,1,26550,118,1,1,26),(18940,1,26551,118,1,1,26),(18941,1,26552,118,1,1,26),(18942,1,26553,118,1,1,26),(18943,1,26554,118,1,1,26),(18944,1,26555,118,1,1,26),(18945,1,26556,118,1,1,26),(18946,1,26557,118,1,1,26),(18947,1,26558,118,1,1,26),(18948,1,26559,118,1,1,26),(18949,1,26560,118,1,1,26),(18950,1,26561,118,1,1,26),(18951,1,26562,118,1,1,26),(18952,1,26563,118,1,1,26),(18953,1,26564,118,1,1,26),(18954,1,26565,118,1,1,26),(18955,1,26566,118,1,1,26),(18956,1,26567,118,1,1,26),(18957,1,26568,118,1,1,26),(18958,1,26569,118,1,1,26),(18959,1,26570,118,1,1,26),(18960,1,26571,118,1,1,26),(18961,1,26572,118,1,1,26),(18962,1,26573,118,1,1,26),(18963,1,26574,118,1,1,26),(18964,1,26575,118,1,1,26),(18965,1,26576,118,1,1,26),(18966,1,26577,118,1,1,26),(18967,1,26578,118,1,1,26),(18968,1,26579,118,1,1,26),(18969,1,26580,118,1,1,26),(18970,1,26581,118,1,1,27),(18971,1,26582,118,1,1,27),(18972,1,26583,118,1,1,27),(18973,1,26584,118,1,1,27),(18974,1,26585,118,1,1,27),(18975,1,26586,118,1,1,27),(18976,1,26587,118,1,1,27),(18977,1,26588,118,1,1,27),(18978,1,26589,118,1,1,27),(18979,1,26590,118,1,1,27),(18980,1,26591,118,1,1,27),(18981,1,26592,118,1,1,27),(18982,1,26593,118,1,1,27),(18983,1,26594,118,1,1,27),(18984,1,26595,118,1,1,27),(18985,1,26596,118,1,1,27),(18986,1,26597,118,1,1,28),(18987,1,26598,118,1,1,28),(18988,1,26599,118,1,1,28),(18989,1,26600,118,1,1,28),(18990,1,26601,118,1,1,28),(18991,1,26602,118,1,1,28),(18992,1,26603,118,1,1,28),(18993,1,26604,118,1,1,28),(18994,1,26605,118,1,1,28),(18995,1,26606,118,1,1,28),(18996,1,26607,118,1,1,28),(18997,1,26608,118,1,1,28),(18998,1,26609,118,1,1,28),(18999,1,26610,118,1,1,28),(19000,1,26611,118,1,1,28),(19001,1,26612,118,1,1,28),(19002,1,26613,118,1,1,28),(19003,1,26614,118,1,1,28),(19004,1,26615,118,1,1,28),(19005,1,26616,118,1,1,28),(19006,1,26617,118,1,1,28),(19007,1,26618,118,1,1,28),(19008,1,26619,118,1,1,28),(19009,1,26620,118,1,1,28),(19010,1,26621,118,1,1,28),(19011,1,26622,118,1,1,28),(19012,1,26623,118,1,1,28),(19013,1,26624,118,1,1,28),(19014,1,26625,118,1,1,28),(19015,1,26626,118,1,1,28),(19016,1,26627,118,1,1,28),(19017,1,26628,118,1,1,28),(19018,1,26629,118,1,1,28),(19019,1,26630,118,1,1,28),(19020,1,26631,118,1,1,28),(19021,1,26632,118,1,1,28),(19022,1,26633,118,1,1,28),(19023,1,26634,118,1,1,28),(19024,1,26635,118,1,1,28),(19025,1,26636,118,1,1,28),(19026,1,26637,118,1,1,28),(19027,1,26638,118,1,1,28),(19028,1,26639,118,1,1,28),(19029,1,26640,118,1,1,28),(19030,1,26641,118,1,1,28),(19031,1,26642,118,1,1,28),(19032,1,26643,118,1,1,28),(19033,1,26644,118,1,1,28),(19034,1,26645,118,1,1,28),(19035,1,26646,118,1,1,28),(19036,1,26647,118,1,1,28),(19037,1,26648,118,1,1,28),(19038,1,26649,118,1,1,28),(19144,1,26755,111,1,1,34),(19145,1,26756,111,1,1,34),(19146,1,26757,111,1,1,34),(19147,1,26758,111,1,1,34),(19148,1,26759,111,1,1,34),(19149,1,26760,111,1,1,34),(19150,1,26761,111,1,1,34),(19151,1,26762,111,1,1,34),(19152,1,26763,111,1,1,34),(19153,1,26764,111,1,1,34),(19154,1,26765,111,1,1,34),(19155,1,26766,111,1,1,34),(19156,1,26767,111,1,1,34),(19157,1,26768,111,1,1,34),(19158,1,26769,111,1,1,34),(19159,1,26770,111,1,1,34),(19199,1,26810,116,1,1,36),(19200,1,26811,116,2,1,37),(19201,1,26812,116,2,1,38),(19345,1,26956,116,2,1,41),(19346,1,26957,116,2,1,41),(19347,1,26958,116,2,1,41),(19348,1,26959,116,2,1,41),(19349,1,26960,116,2,1,41),(19350,1,26961,116,2,1,41),(19351,1,26962,116,2,1,41),(19352,1,26963,116,2,1,41),(19353,1,26964,116,2,1,41),(19354,1,26965,116,2,1,41),(19355,1,26966,116,2,1,41),(19356,1,26967,116,2,1,41),(19357,1,26968,116,2,1,41),(19358,1,26969,116,2,1,41),(19359,1,26970,116,2,1,41),(19360,1,26971,116,2,1,41),(19361,1,26972,116,2,1,41),(19362,1,26973,116,2,1,41),(19363,1,26974,116,2,1,41),(19364,1,26975,116,2,1,41),(19365,1,26976,116,2,1,41),(19366,1,26977,116,2,1,41),(19367,1,26978,116,2,1,41),(19368,1,26979,116,2,1,41),(19369,1,26980,116,2,1,41),(19370,1,26981,116,2,1,41),(19371,1,26982,116,2,1,41),(19372,1,26983,116,2,1,41),(19373,1,26984,116,2,1,41),(19374,1,26985,116,2,1,41),(19375,1,26986,116,2,1,41),(19376,1,26987,116,2,1,41),(19377,1,26988,116,2,1,41),(19378,1,26989,116,2,1,41),(19379,1,26990,116,2,1,41),(19380,1,26991,116,2,1,41),(19381,1,26992,116,2,1,41),(19382,1,26993,116,2,1,41),(19383,1,26994,116,2,1,41),(19384,1,26995,116,2,1,41),(19385,1,26996,116,2,1,41),(19386,1,26997,116,2,1,41),(19387,1,26998,116,2,1,41),(19388,1,26999,116,2,1,41),(19389,1,27000,116,2,1,41),(19390,1,27001,116,2,1,41),(19391,1,27002,116,2,1,41),(19392,1,27003,116,2,1,41),(19393,1,27004,116,2,1,41),(19394,1,27005,116,2,1,41),(19395,1,27006,116,2,1,41),(19396,1,27007,116,2,1,41),(19397,1,27008,116,2,1,41),(19398,1,27009,116,2,1,41),(19399,1,27010,116,2,1,41),(19400,1,27011,116,2,1,41),(19401,1,27012,116,2,1,41),(19402,1,27013,116,2,1,41),(19403,1,27014,116,2,1,40),(19404,1,27015,116,2,1,40),(19405,1,27016,116,2,1,40),(19406,1,27017,116,2,1,40),(19407,1,27018,116,2,1,40),(19408,1,27019,116,2,1,40),(19409,1,27020,116,2,1,40),(19410,1,27021,116,2,1,40),(19411,1,27022,116,2,1,40),(19412,1,27023,116,2,1,40),(19413,1,27024,116,2,1,40),(19414,1,27025,116,2,1,40),(19415,1,27026,116,2,1,40),(19416,1,27027,116,2,1,40),(19417,1,27028,116,2,1,40),(19418,1,27029,116,2,1,40),(19419,1,27030,116,2,1,40),(19420,1,27031,116,2,1,40),(19421,1,27032,116,2,1,40),(19422,1,27033,116,2,1,40),(19423,1,27034,116,2,1,40),(19424,1,27035,116,2,1,40),(19425,1,27036,116,2,1,40),(19426,1,27037,116,2,1,40),(19427,1,27038,116,2,1,40),(19428,1,27039,116,2,1,40),(19429,1,27040,116,2,1,40),(19430,1,27041,116,2,1,40),(19431,1,27042,116,2,1,40),(19432,1,27043,116,2,1,40),(19433,1,27044,116,2,1,40),(19434,1,27045,116,2,1,40),(19435,1,27046,116,2,1,40),(19436,1,27047,116,2,1,40),(19437,1,27048,116,2,1,40),(19438,1,27049,116,2,1,40),(19439,1,27050,116,2,1,40),(19440,1,27051,116,2,1,40),(19441,1,27052,116,2,1,40),(19442,1,27053,116,2,1,39),(19443,1,27054,116,2,1,39),(19444,1,27055,116,2,1,39),(19445,1,27056,116,2,1,39),(19446,1,27057,116,2,1,39),(19447,1,27058,116,2,1,39),(19448,1,27059,116,2,1,39),(19449,1,27060,116,2,1,39),(19450,1,27061,116,2,1,39),(19451,1,27062,116,2,1,39),(19452,1,27063,116,2,1,39),(19453,1,27064,116,2,1,39),(19454,1,27065,116,2,1,39),(19455,1,27066,116,2,1,39),(19456,1,27067,116,2,1,39),(19457,1,27068,116,2,1,39),(19458,1,27069,116,2,1,39),(19459,1,27070,116,2,1,39),(19460,1,27071,116,2,1,39),(19461,1,27072,116,2,1,39),(19462,1,27073,116,2,1,39),(19463,1,27074,116,2,1,39),(19464,1,27075,116,2,1,39),(19465,1,27076,116,2,1,39),(19466,1,27077,116,2,1,39),(19467,1,27078,116,2,1,39),(19468,1,27079,116,2,1,39),(19469,1,27080,116,2,1,39),(19470,1,27081,116,2,1,39),(19471,1,27082,116,2,1,39),(19472,1,27083,116,2,1,39),(19473,1,27084,116,2,1,39),(19474,1,27085,116,2,1,39),(19475,1,27086,116,2,1,39),(19476,1,27087,116,2,1,39),(19477,1,27088,116,2,1,39),(19478,1,27089,116,2,1,39),(19479,1,27090,116,2,1,39),(19480,1,27091,116,2,1,39),(19481,1,27092,116,2,1,39),(19482,1,27093,116,2,1,39),(19483,1,27094,116,2,1,39),(19484,1,27095,116,2,1,39),(19485,1,27096,116,2,1,39),(19486,1,27097,116,2,1,39),(19487,1,27098,116,2,1,39),(19488,1,27099,116,2,1,39),(19489,1,27100,116,2,1,39),(19490,1,27101,116,2,1,39),(19491,1,27102,116,2,1,39),(19492,1,27103,116,2,1,39),(19493,1,27104,116,2,1,39),(19494,1,27105,116,2,1,42),(19495,1,27106,116,2,1,42),(19496,1,27107,116,2,1,42),(19497,1,27108,116,2,1,42),(19498,1,27109,116,2,1,42),(19499,1,27110,116,2,1,42),(19500,1,27111,116,2,1,42),(19501,1,27112,116,2,1,42),(19502,1,27113,116,2,1,42),(19503,1,27114,116,2,1,42),(19504,1,27115,116,2,1,42),(19505,1,27116,116,2,1,42),(19506,1,27117,116,2,1,42),(19507,1,27118,116,2,1,42),(19508,1,27119,116,2,1,42),(19509,1,27120,116,2,1,42),(19510,1,27121,116,2,1,43),(19511,1,27122,116,2,1,43),(19512,1,27123,116,2,1,43),(19513,1,27124,116,2,1,43),(19514,1,27125,116,2,1,43),(19515,1,27126,116,2,1,43),(19516,1,27127,116,2,1,43),(19517,1,27128,116,2,1,43),(19518,1,27129,116,2,1,43),(19519,1,27130,116,2,1,43),(19520,1,27131,116,2,1,43),(19521,1,27132,116,2,1,43),(19522,1,27133,116,2,1,43),(19523,1,27134,116,2,1,43),(19524,1,27135,116,2,1,43),(19525,1,27136,116,2,1,43),(19526,1,27137,116,2,1,43),(19527,1,27138,116,2,1,43),(19528,1,27139,116,2,1,43),(19529,1,27140,116,2,1,43),(19530,1,27141,116,2,1,43),(19531,1,27142,116,2,1,43),(19532,1,27143,116,2,1,43),(19533,1,27144,116,2,1,43),(19534,1,27145,116,2,1,43),(19535,1,27146,116,2,1,43),(19536,1,27147,116,2,1,43),(19537,1,27148,116,2,1,43),(19538,1,27149,116,2,1,43),(19539,1,27150,116,2,1,43),(19540,1,27151,116,2,1,43),(19541,1,27152,116,2,1,43),(19542,1,27153,116,2,1,43),(19543,1,27154,116,2,1,43),(19544,1,27155,116,2,1,43),(19545,1,27156,116,2,1,43),(19546,1,27157,116,2,1,43),(19547,1,27158,116,2,1,43),(19548,1,27159,116,2,1,43),(19549,1,27160,116,2,1,43),(19550,1,27161,116,2,1,43),(19551,1,27162,116,2,1,43),(19552,1,27163,116,2,1,43),(19553,1,27164,116,2,1,43),(19554,1,27165,116,2,1,43),(19555,1,27166,116,2,1,43),(19556,1,27167,116,2,1,43),(19557,1,27168,116,2,1,43),(19558,1,27169,116,2,1,43),(19559,1,27170,116,2,1,43),(19560,1,27171,116,2,1,43),(19561,1,27172,116,2,1,43),(19562,1,27173,116,2,1,43),(19563,1,27174,116,2,1,44),(19564,1,27175,116,2,1,44),(19565,1,27176,116,2,1,44),(19566,1,27177,116,2,1,44),(19567,1,27178,116,2,1,44),(19568,1,27179,116,2,1,44),(19569,1,27180,116,2,1,44),(19570,1,27181,116,2,1,44),(19571,1,27182,116,2,1,44),(19572,1,27183,116,2,1,44),(19573,1,27184,116,2,1,44),(19574,1,27185,116,2,1,44),(19575,1,27186,116,2,1,44),(19576,1,27187,116,2,1,44),(19577,1,27188,116,2,1,44),(19578,1,27189,116,2,1,44),(19579,1,27190,116,2,1,44),(19580,1,27191,116,2,1,44),(19581,1,27192,116,2,1,44),(19582,1,27193,116,2,1,44),(19583,1,27194,116,2,1,44),(19584,1,27195,116,2,1,44),(19585,1,27196,116,2,1,44),(19586,1,27197,116,2,1,44),(19587,1,27198,116,2,1,44),(19588,1,27199,116,2,1,44),(19797,1,27356,133,1,1,35),(19798,1,27356,134,1,1,35),(19799,1,27357,133,1,1,35),(19800,1,27357,134,1,1,35),(19801,1,27358,133,1,1,35),(19802,1,27358,134,1,1,35),(19803,1,27359,133,1,1,35),(19804,1,27359,134,1,1,35),(19805,1,27360,133,1,1,35),(19806,1,27360,134,1,1,35),(19807,1,27361,133,1,1,35),(19808,1,27361,134,1,1,35),(19809,1,27362,133,1,1,35),(19810,1,27362,134,1,1,35),(19811,1,27363,133,1,1,35),(19812,1,27363,134,1,1,35),(19813,1,27364,133,1,1,35),(19814,1,27364,134,1,1,35),(19815,1,27365,133,1,1,35),(19816,1,27365,134,1,1,35),(19817,1,27366,133,1,1,35),(19818,1,27366,134,1,1,35),(19819,1,27367,133,1,1,35),(19820,1,27367,134,1,1,35),(19821,1,27368,133,1,1,35),(19822,1,27368,134,1,1,35),(19823,1,27369,133,1,1,35),(19824,1,27369,134,1,1,35),(19825,1,27370,133,1,1,35),(19826,1,27370,134,1,1,35),(19827,1,27371,133,1,1,35),(19828,1,27371,134,1,1,35),(19829,1,27372,133,1,1,35),(19830,1,27372,134,1,1,35),(19831,1,27373,133,1,1,35),(19832,1,27373,134,1,1,35),(19833,1,27374,133,1,1,35),(19834,1,27374,134,1,1,35),(19835,1,27375,133,1,1,35),(19836,1,27375,134,1,1,35),(19837,1,27376,133,1,1,35),(19838,1,27376,134,1,1,35),(19839,1,27377,133,1,1,35),(19840,1,27377,134,1,1,35),(19841,1,27378,133,1,1,35),(19842,1,27378,134,1,1,35),(19843,1,27379,133,1,1,35),(19844,1,27379,134,1,1,35),(19845,1,27380,133,1,1,35),(19846,1,27380,134,1,1,35),(19847,1,27381,133,1,1,35),(19848,1,27381,134,1,1,35),(19849,1,27382,133,1,1,35),(19850,1,27382,134,1,1,35),(19851,1,27383,133,1,1,35),(19852,1,27383,134,1,1,35),(19853,1,27384,133,1,1,35),(19854,1,27384,134,1,1,35),(19855,1,27385,133,1,1,35),(19856,1,27385,134,1,1,35),(19857,1,27386,133,1,1,35),(19858,1,27386,134,1,1,35),(19859,1,27387,133,1,1,35),(19860,1,27387,134,1,1,35),(19861,1,27388,133,1,1,35),(19862,1,27388,134,1,1,35),(19863,1,27389,133,1,1,35),(19864,1,27389,134,1,1,35),(19865,1,27390,133,1,1,35),(19866,1,27390,134,1,1,35),(19867,1,27391,133,1,1,35),(19868,1,27391,134,1,1,35),(19869,1,27392,133,1,1,35),(19870,1,27392,134,1,1,35),(19871,1,27393,133,1,1,35),(19872,1,27393,134,1,1,35),(19873,1,27394,133,1,1,35),(19874,1,27394,134,1,1,35),(19876,1,27396,115,1,1,45),(19877,1,27397,135,1,1,33),(19878,1,27398,111,1,1,46),(19879,1,27399,111,1,1,47),(19880,1,27400,111,1,1,47),(19881,1,27401,111,1,1,47),(19882,1,27402,111,1,1,47),(19883,1,27403,111,1,1,47),(19884,1,27404,111,1,1,47),(19885,1,27405,111,1,1,47),(19886,1,27406,111,1,1,47),(19887,1,27407,111,1,1,47),(19888,1,27408,111,1,1,47),(19889,1,27409,111,1,1,47),(19890,1,27410,111,1,1,47),(19891,1,27411,111,1,1,47),(19892,1,27412,111,1,1,47),(19893,1,27413,111,1,1,47),(19894,1,27414,111,1,1,47),(19895,1,27415,111,1,1,47),(19896,1,27416,111,1,1,47),(19897,1,27417,111,1,1,47),(19898,1,27418,111,1,1,47),(19899,1,27419,111,1,1,47),(19900,1,27420,111,1,1,47),(19901,1,27421,111,1,1,47),(19902,1,27422,111,1,1,47),(19903,1,27423,111,1,1,47),(19904,1,27424,111,1,1,47),(19905,1,27425,111,1,1,47),(19906,1,27426,111,1,1,47),(19907,1,27427,111,1,1,47),(19908,1,27428,111,1,1,47),(19909,1,27429,111,1,1,47),(19910,1,27430,111,1,1,47),(19911,1,27431,111,1,1,47),(19912,1,27432,111,1,1,47),(19913,1,27433,111,1,1,47),(19914,1,27434,111,1,1,47),(19915,1,27435,111,1,1,47),(19916,1,27436,111,1,1,47),(19917,1,27437,111,1,1,47),(19918,1,27438,111,1,1,47),(19919,1,27439,111,1,1,47),(19920,1,27440,111,1,1,47),(19921,1,27441,111,1,1,47),(19922,1,27442,111,1,1,47),(19923,1,27443,111,1,1,47),(19924,1,27444,111,1,1,47),(19925,1,27445,111,1,1,47),(19926,1,27446,111,1,1,47),(19927,1,27447,111,1,1,47),(19928,1,27448,111,1,1,47),(19929,1,27449,111,1,1,47),(19930,1,27450,111,1,1,47),(19931,1,27451,111,1,1,48),(19932,1,27452,111,1,1,48),(19933,1,27453,111,1,1,48),(19934,1,27454,111,1,1,48),(19935,1,27455,111,1,1,48),(19936,1,27456,111,1,1,48),(19937,1,27457,111,1,1,48),(19938,1,27458,111,1,1,48),(19939,1,27459,111,1,1,48),(19940,1,27460,111,1,1,48),(19941,1,27461,111,1,1,48),(19942,1,27462,111,1,1,48),(19943,1,27463,111,1,1,48),(19944,1,27464,111,1,1,48),(19945,1,27465,111,1,1,48),(19946,1,27466,111,1,1,48),(19947,1,27467,111,1,1,48),(19948,1,27468,111,1,1,48),(19949,1,27469,111,1,1,48),(19950,1,27470,111,1,1,48),(19951,1,27471,111,1,1,48),(19952,1,27472,111,1,1,48),(19953,1,27473,111,1,1,48),(19954,1,27474,111,1,1,48),(19955,1,27475,111,1,1,48),(19956,1,27476,111,1,1,48),(19957,1,27477,111,1,1,48),(19958,1,27478,111,1,1,48),(19959,1,27479,111,1,1,48),(19960,1,27480,111,1,1,48),(19961,1,27481,111,1,1,48),(19962,1,27482,111,1,1,48),(19963,1,27483,111,1,1,48),(19964,1,27484,111,1,1,48),(19965,1,27485,111,1,1,48),(19966,1,27486,111,1,1,48),(19967,1,27487,111,1,1,48),(19968,1,27488,111,1,1,48),(19969,1,27489,111,1,1,48),(19970,1,27490,111,1,1,48),(19971,1,27491,111,1,1,48),(19972,1,27492,111,1,1,48),(19973,1,27493,111,1,1,48),(19974,1,27494,111,1,1,48),(19975,1,27495,111,1,1,48),(19976,1,27496,111,1,1,48),(19977,1,27497,111,1,1,48),(19978,1,27498,111,1,1,48),(19979,1,27499,111,1,1,48),(19980,1,27500,111,1,1,48),(19981,1,27501,111,1,1,48),(19982,1,27502,111,1,1,48),(19983,1,27503,111,1,1,48),(19984,1,27504,111,1,1,48),(19985,1,27505,111,1,1,48),(19986,1,27506,111,1,1,48),(19987,1,27507,111,1,1,48),(19988,1,27508,111,1,1,48),(19989,1,27509,111,1,1,49),(19990,1,27510,111,1,1,49),(19991,1,27511,111,1,1,49),(19992,1,27512,111,1,1,49),(19993,1,27513,111,1,1,49),(19994,1,27514,111,1,1,49),(19995,1,27515,111,1,1,49),(19996,1,27516,111,1,1,49),(19997,1,27517,111,1,1,49),(19998,1,27518,111,1,1,49),(19999,1,27519,111,1,1,49),(20000,1,27520,111,1,1,49),(20001,1,27521,111,1,1,49),(20002,1,27522,111,1,1,49),(20003,1,27523,111,1,1,49),(20004,1,27524,111,1,1,49),(20005,1,27525,111,1,1,49),(20006,1,27526,111,1,1,49),(20007,1,27527,111,1,1,49),(20008,1,27528,111,1,1,49),(20009,1,27529,111,1,1,49),(20010,1,27530,111,1,1,49),(20011,1,27531,111,1,1,49),(20012,1,27532,111,1,1,49),(20013,1,27533,111,1,1,49),(20014,1,27534,111,1,1,49),(20015,1,27535,111,1,1,49),(20016,1,27536,111,1,1,49),(20017,1,27537,111,1,1,49),(20018,1,27538,111,1,1,49),(20019,1,27539,111,1,1,49),(20020,1,27540,111,1,1,49),(20021,1,27541,111,1,1,49),(20022,1,27542,111,1,1,49),(20023,1,27543,111,1,1,49),(20024,1,27544,111,1,1,49),(20025,1,27545,111,1,1,49),(20026,1,27546,111,1,1,49),(20027,1,27547,111,1,1,49),(20028,1,27548,111,1,1,50),(20029,1,27549,111,1,1,50),(20030,1,27550,111,1,1,50),(20031,1,27551,111,1,1,50),(20032,1,27552,111,1,1,50),(20033,1,27553,111,1,1,50),(20034,1,27554,111,1,1,50),(20035,1,27555,111,1,1,50),(20036,1,27556,111,1,1,50),(20037,1,27557,111,1,1,50),(20038,1,27558,111,1,1,50),(20039,1,27559,111,1,1,50),(20040,1,27560,111,1,1,50),(20041,1,27561,111,1,1,50),(20042,1,27562,111,1,1,50),(20043,1,27563,111,1,1,50),(20044,1,27564,111,1,1,51),(20045,1,27565,111,1,1,51),(20046,1,27566,111,1,1,51),(20047,1,27567,111,1,1,51),(20048,1,27568,111,1,1,51),(20049,1,27569,111,1,1,51),(20050,1,27570,111,1,1,51),(20051,1,27571,111,1,1,51),(20052,1,27572,111,1,1,51),(20053,1,27573,111,1,1,51),(20054,1,27574,111,1,1,51),(20055,1,27575,111,1,1,51),(20056,1,27576,111,1,1,51),(20057,1,27577,111,1,1,51),(20058,1,27578,111,1,1,51),(20059,1,27579,111,1,1,51),(20060,1,27580,111,1,1,51),(20061,1,27581,111,1,1,51),(20062,1,27582,111,1,1,51),(20063,1,27583,111,1,1,51),(20064,1,27584,111,1,1,51),(20065,1,27585,111,1,1,51),(20066,1,27586,111,1,1,51),(20067,1,27587,111,1,1,51),(20068,1,27588,111,1,1,51),(20069,1,27589,111,1,1,51),(20070,1,27590,111,1,1,51),(20071,1,27591,111,1,1,51),(20072,1,27592,111,1,1,51),(20073,1,27593,111,1,1,51),(20074,1,27594,111,1,1,51),(20075,1,27595,111,1,1,51),(20076,1,27596,111,1,1,51),(20077,1,27597,111,1,1,51),(20078,1,27598,111,1,1,51),(20079,1,27599,111,1,1,51),(20080,1,27600,111,1,1,51),(20081,1,27601,111,1,1,51),(20082,1,27602,111,1,1,51),(20083,1,27603,111,1,1,51),(20084,1,27604,111,1,1,51),(20085,1,27605,111,1,1,51),(20086,1,27606,111,1,1,51),(20087,1,27607,111,1,1,51),(20088,1,27608,111,1,1,51),(20089,1,27609,111,1,1,51),(20090,1,27610,111,1,1,51),(20091,1,27611,111,1,1,51),(20092,1,27612,111,1,1,51),(20093,1,27613,111,1,1,51),(20094,1,27614,111,1,1,51),(20095,1,27615,111,1,1,51),(20096,1,27616,111,1,1,51),(20097,1,27617,116,2,1,52),(20098,1,27618,116,2,1,52),(20099,1,27619,116,2,1,52),(20100,1,27620,116,2,1,52),(20101,1,27621,116,2,1,52),(20102,1,27622,116,2,1,52),(20103,1,27623,116,2,1,52),(20104,1,27624,116,2,1,52),(20105,1,27625,116,2,1,52),(20106,1,27626,116,2,1,52),(20107,1,27627,116,2,1,52),(20108,1,27628,116,2,1,52),(20109,1,27629,116,2,1,52),(20110,1,27630,116,2,1,52),(20111,1,27631,116,2,1,52),(20112,1,27632,116,2,1,52),(20113,1,27633,116,2,1,52),(20114,1,27634,116,2,1,52),(20115,1,27635,116,2,1,52),(20116,1,27636,116,2,1,52),(20117,1,27637,116,2,1,52),(20118,1,27638,116,2,1,52),(20119,1,27639,116,2,1,52),(20120,1,27640,116,2,1,52),(20121,1,27641,116,2,1,52),(20122,1,27642,116,2,1,52),(20123,1,27643,116,2,1,52),(20124,1,27644,116,2,1,52),(20125,1,27645,116,2,1,52),(20126,1,27646,116,2,1,52),(20127,1,27647,116,2,1,52),(20128,1,27648,116,2,1,52),(20129,1,27649,116,2,1,52),(20130,1,27650,116,2,1,52),(20131,1,27651,116,2,1,52),(20132,1,27652,116,2,1,52),(20133,1,27653,116,2,1,52),(20134,1,27654,116,2,1,52),(20135,1,27655,116,2,1,52),(20136,1,27656,116,2,1,52),(20137,1,27657,116,2,1,52),(20138,1,27658,116,2,1,52),(20139,1,27659,116,2,1,52),(20140,1,27660,116,2,1,52),(20141,1,27661,116,2,1,52),(20142,1,27662,116,2,1,52),(20143,1,27663,116,2,1,52),(20144,1,27664,116,2,1,52),(20145,1,27665,116,2,1,52),(20146,1,27666,116,2,1,52),(20147,1,27667,116,2,1,52),(20148,1,27668,116,2,1,52),(20149,1,27669,116,2,1,53),(20150,1,27670,116,2,1,53),(20151,1,27671,116,2,1,53),(20152,1,27672,116,2,1,53),(20153,1,27673,116,2,1,53),(20154,1,27674,116,2,1,53),(20155,1,27675,116,2,1,53),(20156,1,27676,116,2,1,53),(20157,1,27677,116,2,1,53),(20158,1,27678,116,2,1,53),(20159,1,27679,116,2,1,53),(20160,1,27680,116,2,1,53),(20161,1,27681,116,2,1,53),(20162,1,27682,116,2,1,53),(20163,1,27683,116,2,1,53),(20164,1,27684,116,2,1,53),(20165,1,27685,116,2,1,53),(20166,1,27686,116,2,1,53),(20167,1,27687,116,2,1,53),(20168,1,27688,116,2,1,53),(20169,1,27689,116,2,1,53),(20170,1,27690,116,2,1,53),(20171,1,27691,116,2,1,53),(20172,1,27692,116,2,1,53),(20173,1,27693,116,2,1,53),(20174,1,27694,116,2,1,53),(20175,1,27695,116,2,1,53),(20176,1,27696,116,2,1,53),(20177,1,27697,116,2,1,53),(20178,1,27698,116,2,1,53),(20179,1,27699,116,2,1,53),(20180,1,27700,116,2,1,53),(20181,1,27701,116,2,1,53),(20182,1,27702,116,2,1,53),(20183,1,27703,116,2,1,53),(20184,1,27704,116,2,1,53),(20185,1,27705,116,2,1,53),(20186,1,27706,116,2,1,53),(20187,1,27707,116,2,1,53),(20188,1,27708,116,2,1,53),(20189,1,27709,116,2,1,53),(20190,1,27710,116,2,1,53),(20191,1,27711,116,2,1,53),(20192,1,27712,116,2,1,53),(20193,1,27713,116,2,1,53),(20194,1,27714,116,2,1,53),(20195,1,27715,116,2,1,53),(20196,1,27716,116,2,1,53),(20197,1,27717,116,2,1,53),(20198,1,27718,116,2,1,53),(20199,1,27719,116,2,1,53),(20200,1,27720,116,2,1,53),(20253,1,27773,116,2,1,54),(20254,1,27774,116,2,1,54),(20255,1,27775,116,2,1,54),(20256,1,27776,116,2,1,54),(20257,1,27777,116,2,1,54),(20258,1,27778,116,2,1,54),(20259,1,27779,116,2,1,54),(20260,1,27780,116,2,1,54),(20261,1,27781,116,2,1,54),(20262,1,27782,116,2,1,54),(20263,1,27783,116,2,1,54),(20264,1,27784,116,2,1,54),(20265,1,27785,116,2,1,54),(20266,1,27786,116,2,1,54),(20267,1,27787,116,2,1,54),(20268,1,27788,116,2,1,54),(20947,1,28206,111,1,1,55),(20948,1,28207,111,1,1,55),(20949,1,28208,111,1,1,55),(20950,1,28209,111,1,1,55),(20951,1,28210,111,1,1,55),(20952,1,28211,111,1,1,55),(20953,1,28212,111,1,1,55),(20954,1,28213,111,1,1,55),(20955,1,28214,111,1,1,55),(20956,1,28215,111,1,1,55),(20957,1,28216,111,1,1,55),(20958,1,28217,111,1,1,55),(20959,1,28218,111,1,1,55),(20960,1,28219,111,1,1,55),(20961,1,28220,111,1,1,55),(20962,1,28221,111,1,1,55),(20963,1,28222,111,1,1,55),(20964,1,28223,111,1,1,55),(20965,1,28224,111,1,1,55),(20966,1,28225,111,1,1,55),(20967,1,28226,111,1,1,55),(20968,1,28227,111,1,1,55),(20969,1,28228,111,1,1,55),(20970,1,28229,111,1,1,55),(20971,1,28230,111,1,1,55),(20972,1,28231,111,1,1,55),(20973,1,28232,111,1,1,55),(20974,1,28233,111,1,1,55),(20975,1,28234,111,1,1,55),(20976,1,28235,111,1,1,55),(20977,1,28236,111,1,1,55),(20978,1,28237,111,1,1,55),(20979,1,28238,111,1,1,55),(20980,1,28239,111,1,1,55),(20981,1,28240,111,1,1,55),(20982,1,28241,111,1,1,55),(20983,1,28242,111,1,1,55),(20984,1,28243,111,1,1,55),(20985,1,28244,111,1,1,55),(20986,1,28245,111,1,1,55),(20987,1,28246,111,1,1,55),(20988,1,28247,111,1,1,55),(20989,1,28248,111,1,1,55),(20990,1,28249,111,1,1,55),(20991,1,28250,111,1,1,55),(20992,1,28251,111,1,1,55),(20993,1,28252,111,1,1,55),(20994,1,28253,111,1,1,55),(20995,1,28254,111,1,1,55),(20996,1,28255,111,1,1,55),(20997,1,28256,111,1,1,55),(20998,1,28257,111,1,1,55),(20999,1,28258,111,1,1,20),(21000,1,28259,111,1,1,20),(21001,1,28260,111,1,1,20),(21002,1,28261,111,1,1,20),(21003,1,28262,111,1,1,20),(21004,1,28263,111,1,1,20),(21005,1,28264,111,1,1,20),(21006,1,28265,111,1,1,20),(21007,1,28266,111,1,1,20),(21008,1,28267,111,1,1,20),(21009,1,28268,111,1,1,20),(21010,1,28269,111,1,1,20),(21011,1,28270,111,1,1,20),(21012,1,28271,111,1,1,20),(21013,1,28272,111,1,1,20),(21014,1,28273,111,1,1,20),(21015,1,28274,111,1,1,20),(21016,1,28275,111,1,1,20),(21017,1,28276,111,1,1,20),(21018,1,28277,111,1,1,20),(21019,1,28278,111,1,1,20),(21020,1,28279,111,1,1,20),(21021,1,28280,111,1,1,20),(21022,1,28281,111,1,1,20),(21023,1,28282,111,1,1,20),(21024,1,28283,111,1,1,20),(21025,1,28284,111,1,1,20),(21026,1,28285,111,1,1,20),(21027,1,28286,111,1,1,20),(21028,1,28287,111,1,1,20),(21029,1,28288,111,1,1,20),(21030,1,28289,111,1,1,20),(21031,1,28290,111,1,1,20),(21032,1,28291,111,1,1,20),(21033,1,28292,111,1,1,20),(21034,1,28293,111,1,1,20),(21035,1,28294,111,1,1,20),(21036,1,28295,111,1,1,20),(21037,1,28296,111,1,1,20),(21038,1,28297,111,1,1,20),(21039,1,28298,111,1,1,20),(21040,1,28299,111,1,1,20),(21041,1,28300,111,1,1,20),(21042,1,28301,111,1,1,20),(21043,1,28302,111,1,1,20),(21044,1,28303,111,1,1,20),(21045,1,28304,111,1,1,20),(21046,1,28305,111,1,1,20),(21047,1,28306,111,1,1,20),(21048,1,28307,111,1,1,20),(21049,1,28308,111,1,1,20),(21050,1,28309,111,1,1,20),(21103,1,28362,116,1,1,21),(21104,1,28363,116,1,1,21),(21105,1,28364,116,1,1,21),(21106,1,28365,116,1,1,21),(21107,1,28366,116,1,1,21),(21108,1,28367,116,1,1,21),(21109,1,28368,116,1,1,21),(21110,1,28369,116,1,1,21),(21111,1,28370,116,1,1,21),(21112,1,28371,116,1,1,21),(21113,1,28372,116,1,1,21),(21114,1,28373,116,1,1,21),(21115,1,28374,116,1,1,21),(21116,1,28375,116,1,1,21),(21117,1,28376,116,1,1,21),(21118,1,28377,116,1,1,21),(21119,1,28378,116,1,1,21),(21120,1,28379,116,1,1,21),(21121,1,28380,116,1,1,21),(21122,1,28381,116,1,1,21),(21123,1,28382,116,1,1,21),(21124,1,28383,116,1,1,21),(21125,1,28384,116,1,1,21),(21126,1,28385,116,1,1,21),(21127,1,28386,116,1,1,21),(21128,1,28387,116,1,1,21),(21129,1,28388,116,1,1,21),(21130,1,28389,116,1,1,21),(21131,1,28390,116,1,1,21),(21132,1,28391,116,1,1,21),(21133,1,28392,116,1,1,21),(21134,1,28393,116,1,1,21),(21135,1,28394,116,1,1,21),(21136,1,28395,116,1,1,21),(21137,1,28396,116,1,1,21),(21138,1,28397,116,1,1,21),(21139,1,28398,116,1,1,21),(21140,1,28399,116,1,1,21),(21141,1,28400,116,1,1,21),(21142,1,28401,116,1,1,21),(21143,1,28402,116,1,1,21),(21144,1,28403,116,1,1,21),(21145,1,28404,116,1,1,21),(21146,1,28405,116,1,1,21),(21147,1,28406,116,1,1,21),(21148,1,28407,116,1,1,21),(21149,1,28408,116,1,1,21),(21150,1,28409,116,1,1,21),(21151,1,28410,116,1,1,21),(21152,1,28411,116,1,1,21),(21153,1,28412,116,1,1,21),(21154,1,28413,116,1,1,21),(21155,1,28414,111,2,1,57),(21156,1,28415,111,2,1,57),(21157,1,28416,111,2,1,57),(21158,1,28417,111,2,1,57),(21159,1,28418,111,2,1,57),(21160,1,28419,111,2,1,57),(21161,1,28420,111,2,1,57),(21162,1,28421,111,2,1,57),(21163,1,28422,111,2,1,57),(21164,1,28423,111,2,1,57),(21165,1,28424,111,2,1,57),(21166,1,28425,111,2,1,57),(21167,1,28426,111,2,1,57),(21168,1,28427,111,2,1,57),(21169,1,28428,111,2,1,57),(21170,1,28429,111,2,1,57),(21171,1,28430,111,2,1,57),(21172,1,28431,111,2,1,57),(21173,1,28432,111,2,1,57),(21174,1,28433,111,2,1,57),(21175,1,28434,111,2,1,57),(21176,1,28435,111,2,1,57),(21177,1,28436,111,2,1,57),(21178,1,28437,111,2,1,57),(21179,1,28438,111,2,1,57),(21180,1,28439,111,2,1,57),(21181,1,28440,111,2,1,57),(21182,1,28441,111,2,1,57),(21183,1,28442,111,2,1,57),(21184,1,28443,111,2,1,57),(21185,1,28444,111,2,1,57),(21186,1,28445,111,2,1,57),(21187,1,28446,111,2,1,57),(21188,1,28447,111,2,1,57),(21189,1,28448,111,2,1,57),(21190,1,28449,111,2,1,57),(21191,1,28450,111,2,1,57),(21192,1,28451,111,2,1,57),(21193,1,28452,111,2,1,57),(21194,1,28453,111,2,1,57),(21195,1,28454,111,2,1,57),(21196,1,28455,111,2,1,57),(21197,1,28456,111,2,1,57),(21198,1,28457,111,2,1,57),(21199,1,28458,111,2,1,57),(21200,1,28459,111,2,1,57),(21201,1,28460,111,2,1,57),(21202,1,28461,111,2,1,57),(21203,1,28462,111,2,1,57),(21204,1,28463,111,2,1,57),(21205,1,28464,111,2,1,57),(21206,1,28465,111,2,1,57),(21207,1,28466,111,1,1,58),(21208,1,28467,111,1,1,58),(21209,1,28468,111,1,1,58),(21210,1,28469,111,1,1,58),(21211,1,28470,111,1,1,58),(21212,1,28471,111,1,1,58),(21213,1,28472,111,1,1,58),(21214,1,28473,111,1,1,58),(21215,1,28474,111,1,1,58),(21216,1,28475,111,1,1,58),(21217,1,28476,111,1,1,58),(21218,1,28477,111,1,1,58),(21219,1,28478,111,1,1,58),(21220,1,28479,111,1,1,58),(21221,1,28480,111,1,1,58),(21222,1,28481,111,1,1,58),(21223,1,28482,111,1,1,58),(21224,1,28483,111,1,1,58),(21225,1,28484,111,1,1,58),(21226,1,28485,111,1,1,58),(21227,1,28486,111,1,1,58),(21228,1,28487,111,1,1,58),(21229,1,28488,111,1,1,58),(21230,1,28489,111,1,1,58),(21231,1,28490,111,1,1,58),(21232,1,28491,111,1,1,58),(21233,1,28492,111,1,1,58),(21234,1,28493,111,1,1,58),(21235,1,28494,111,1,1,58),(21236,1,28495,111,1,1,58),(21237,1,28496,111,1,1,58),(21238,1,28497,111,1,1,58),(21239,1,28498,111,1,1,58),(21240,1,28499,111,1,1,58),(21241,1,28500,111,1,1,58),(21242,1,28501,111,1,1,58),(21243,1,28502,111,1,1,58),(21244,1,28503,111,1,1,58),(21245,1,28504,111,1,1,58),(21246,1,28505,111,1,1,58),(21247,1,28506,111,1,1,58),(21248,1,28507,111,1,1,58),(21249,1,28508,111,1,1,58),(21250,1,28509,111,1,1,58),(21251,1,28510,111,1,1,58),(21252,1,28511,111,1,1,58),(21253,1,28512,111,1,1,58),(21254,1,28513,111,1,1,58),(21255,1,28514,111,1,1,58),(21256,1,28515,111,1,1,58),(21257,1,28516,111,1,1,58),(21258,1,28517,111,1,1,58),(21259,1,28518,116,1,1,59),(21260,1,28519,116,1,1,59),(21261,1,28520,116,1,1,59),(21262,1,28521,116,1,1,59),(21263,1,28522,116,1,1,59),(21264,1,28523,116,1,1,59),(21265,1,28524,116,1,1,59),(21266,1,28525,116,1,1,59),(21267,1,28526,116,1,1,59),(21268,1,28527,116,1,1,59),(21269,1,28528,116,1,1,59),(21270,1,28529,116,1,1,59),(21271,1,28530,116,1,1,59),(21272,1,28531,116,1,1,59),(21273,1,28532,116,1,1,59),(21274,1,28533,116,1,1,59),(21275,1,28534,116,1,1,59),(21276,1,28535,116,1,1,59),(21277,1,28536,116,1,1,59),(21278,1,28537,116,1,1,59),(21279,1,28538,116,1,1,59),(21280,1,28539,116,1,1,59),(21281,1,28540,116,1,1,59),(21282,1,28541,116,1,1,59),(21283,1,28542,116,1,1,59),(21284,1,28543,116,1,1,59),(21285,1,28544,116,1,1,59),(21286,1,28545,116,1,1,59),(21287,1,28546,116,1,1,59),(21288,1,28547,116,1,1,59),(21289,1,28548,116,1,1,59),(21290,1,28549,116,1,1,59),(21291,1,28550,116,1,1,59),(21292,1,28551,116,1,1,59),(21293,1,28552,116,1,1,59),(21294,1,28553,116,1,1,59),(21295,1,28554,116,1,1,59),(21296,1,28555,116,1,1,59),(21297,1,28556,116,1,1,59),(21298,1,28557,116,1,1,59),(21299,1,28558,116,1,1,59),(21300,1,28559,116,1,1,59),(21301,1,28560,116,1,1,59),(21302,1,28561,116,1,1,59),(21303,1,28562,116,1,1,59),(21304,1,28563,116,1,1,59),(21305,1,28564,116,1,1,59),(21306,1,28565,116,1,1,59),(21307,1,28566,116,1,1,59),(21308,1,28567,116,1,1,59),(21309,1,28568,116,1,1,59),(21310,1,28569,116,1,1,59),(21311,1,28570,111,2,1,60),(21312,1,28571,111,2,1,60),(21313,1,28572,111,2,1,60),(21314,1,28573,111,2,1,60),(21315,1,28574,111,2,1,60),(21316,1,28575,111,2,1,60),(21317,1,28576,111,2,1,60),(21318,1,28577,111,2,1,60),(21319,1,28578,111,2,1,60),(21320,1,28579,111,2,1,60),(21321,1,28580,111,2,1,60),(21322,1,28581,111,2,1,60),(21323,1,28582,111,2,1,60),(21324,1,28583,111,2,1,60),(21325,1,28584,111,2,1,60),(21326,1,28585,111,2,1,60),(21327,1,28586,111,2,1,60),(21328,1,28587,111,2,1,60),(21329,1,28588,111,2,1,60),(21330,1,28589,111,2,1,60),(21331,1,28590,111,2,1,60),(21332,1,28591,111,2,1,60),(21333,1,28592,111,2,1,60),(21334,1,28593,111,2,1,60),(21335,1,28594,111,2,1,60),(21336,1,28595,111,2,1,60),(21337,1,28596,111,2,1,60),(21338,1,28597,111,2,1,60),(21339,1,28598,111,2,1,60),(21340,1,28599,111,2,1,60),(21341,1,28600,111,2,1,60),(21342,1,28601,111,2,1,60),(21343,1,28602,111,2,1,60),(21344,1,28603,111,2,1,60),(21345,1,28604,111,2,1,60),(21346,1,28605,111,2,1,60),(21347,1,28606,111,2,1,60),(21348,1,28607,111,2,1,60),(21349,1,28608,111,2,1,60),(21350,1,28609,111,2,1,60),(21351,1,28610,111,2,1,60),(21352,1,28611,111,2,1,60),(21353,1,28612,111,2,1,60),(21354,1,28613,111,2,1,60),(21355,1,28614,111,2,1,60),(21356,1,28615,111,2,1,60),(21357,1,28616,111,2,1,60),(21358,1,28617,111,2,1,60),(21359,1,28618,111,2,1,60),(21360,1,28619,111,2,1,60),(21361,1,28620,111,2,1,60),(21362,1,28621,111,2,1,60),(21363,1,28622,111,1,1,61),(21364,1,28623,111,1,1,61),(21365,1,28624,111,1,1,61),(21366,1,28625,111,1,1,61),(21367,1,28626,111,1,1,61),(21368,1,28627,111,1,1,61),(21369,1,28628,111,1,1,61),(21370,1,28629,111,1,1,61),(21371,1,28630,111,1,1,61),(21372,1,28631,111,1,1,61),(21373,1,28632,111,1,1,61),(21374,1,28633,111,1,1,61),(21375,1,28634,111,1,1,61),(21376,1,28635,111,1,1,61),(21377,1,28636,111,1,1,61),(21378,1,28637,111,1,1,61),(21379,1,28638,111,1,1,61),(21380,1,28639,111,1,1,61),(21381,1,28640,111,1,1,61),(21382,1,28641,111,1,1,61),(21383,1,28642,111,1,1,61),(21384,1,28643,111,1,1,61),(21385,1,28644,111,1,1,61),(21386,1,28645,111,1,1,61),(21387,1,28646,111,1,1,61),(21388,1,28647,111,1,1,61),(21389,1,28648,111,1,1,61),(21390,1,28649,111,1,1,61),(21391,1,28650,111,1,1,61),(21392,1,28651,111,1,1,61),(21393,1,28652,111,1,1,61),(21394,1,28653,111,1,1,61),(21395,1,28654,111,1,1,61),(21396,1,28655,111,1,1,61),(21397,1,28656,111,1,1,61),(21398,1,28657,111,1,1,61),(21399,1,28658,111,1,1,61),(21400,1,28659,111,1,1,61),(21401,1,28660,111,1,1,61),(21402,1,28661,111,1,1,62),(21403,1,28662,111,1,1,62),(21404,1,28663,111,1,1,62),(21405,1,28664,111,1,1,62),(21406,1,28665,111,1,1,62),(21407,1,28666,111,1,1,62),(21408,1,28667,111,1,1,62),(21409,1,28668,111,1,1,62),(21410,1,28669,111,1,1,62),(21411,1,28670,111,1,1,62),(21412,1,28671,111,1,1,62),(21413,1,28672,111,1,1,62),(21414,1,28673,111,1,1,62),(21415,1,28674,111,1,1,62),(21416,1,28675,111,1,1,62),(21417,1,28676,111,1,1,62),(21418,1,28677,111,1,1,62),(21419,1,28678,111,1,1,62),(21420,1,28679,111,1,1,62),(21421,1,28680,111,1,1,62),(21422,1,28681,111,1,1,62),(21423,1,28682,111,1,1,62),(21424,1,28683,111,1,1,62),(21425,1,28684,111,1,1,62),(21426,1,28685,111,1,1,62),(21427,1,28686,111,1,1,62),(21428,1,28687,111,1,1,62),(21429,1,28688,111,1,1,62),(21430,1,28689,111,1,1,62),(21431,1,28690,111,1,1,62),(21432,1,28691,111,1,1,62),(21433,1,28692,111,1,1,62),(21434,1,28693,111,1,1,62),(21435,1,28694,111,1,1,62),(21436,1,28695,111,1,1,62),(21437,1,28696,111,1,1,62),(21438,1,28697,111,1,1,62),(21439,1,28698,111,1,1,62),(21440,1,28699,111,1,1,62),(21441,1,28700,111,1,1,62),(21442,1,28701,111,1,1,62),(21443,1,28702,111,1,1,62),(21444,1,28703,111,1,1,62),(21445,1,28704,111,1,1,62),(21446,1,28705,111,1,1,62),(21447,1,28706,111,1,1,62),(21448,1,28707,111,1,1,62),(21449,1,28708,111,1,1,62),(21450,1,28709,111,1,1,62),(21451,1,28710,111,1,1,62),(21452,1,28711,111,1,1,62),(21453,1,28712,111,1,1,62),(21454,1,28713,111,1,1,62),(21455,1,28714,111,1,1,63),(21456,1,28715,111,1,1,63),(21457,1,28716,111,1,1,63),(21458,1,28717,111,1,1,63),(21459,1,28718,111,1,1,63),(21460,1,28719,111,1,1,63),(21461,1,28720,111,1,1,63),(21462,1,28721,111,1,1,63),(21463,1,28722,111,1,1,63),(21464,1,28723,111,1,1,63),(21465,1,28724,111,1,1,63),(21466,1,28725,111,1,1,63),(21467,1,28726,111,1,1,63),(21468,1,28727,111,1,1,63),(21469,1,28728,111,1,1,63),(21470,1,28729,111,1,1,63),(21471,1,28730,116,1,1,64),(21472,1,28731,116,1,1,64),(21473,1,28732,116,1,1,64),(21474,1,28733,116,1,1,64),(21475,1,28734,116,1,1,64),(21476,1,28735,116,1,1,64),(21477,1,28736,116,1,1,64),(21478,1,28737,116,1,1,64),(21479,1,28738,116,1,1,64),(21480,1,28739,116,1,1,64),(21481,1,28740,116,1,1,64),(21482,1,28741,116,1,1,64),(21483,1,28742,116,1,1,64),(21484,1,28743,116,1,1,64),(21485,1,28744,116,1,1,64),(21486,1,28745,116,1,1,64),(21487,1,28746,116,1,1,64),(21488,1,28747,116,1,1,64),(21489,1,28748,116,1,1,64),(21490,1,28749,116,1,1,64),(21491,1,28750,116,1,1,64),(21492,1,28751,116,1,1,64),(21493,1,28752,116,1,1,64),(21494,1,28753,116,1,1,64),(21495,1,28754,116,1,1,64),(21496,1,28755,116,1,1,64),(21497,1,28756,116,1,1,64),(21498,1,28757,116,1,1,64),(21499,1,28758,116,1,1,64),(21500,1,28759,116,1,1,64),(21501,1,28760,116,1,1,64),(21502,1,28761,116,1,1,64),(21503,1,28762,116,1,1,64),(21504,1,28763,116,1,1,64),(21505,1,28764,116,1,1,64),(21506,1,28765,116,1,1,64),(21507,1,28766,116,1,1,64),(21508,1,28767,116,1,1,64),(21509,1,28768,116,1,1,64),(21510,1,28769,116,1,1,64),(21511,1,28770,116,1,1,64),(21512,1,28771,116,1,1,64),(21513,1,28772,116,1,1,64),(21514,1,28773,116,1,1,64),(21515,1,28774,116,1,1,64),(21516,1,28775,116,1,1,64),(21517,1,28776,116,1,1,64),(21518,1,28777,116,1,1,64),(21519,1,28778,116,1,1,64),(21520,1,28779,116,1,1,64),(21521,1,28780,116,1,1,64),(21522,1,28781,116,1,1,64),(21523,1,28782,118,1,1,65),(21524,1,28783,118,1,1,65),(21525,1,28784,118,1,1,65),(21526,1,28785,118,1,1,65),(21527,1,28786,118,1,1,65),(21528,1,28787,118,1,1,65),(21529,1,28788,118,1,1,65),(21530,1,28789,118,1,1,65),(21531,1,28790,118,1,1,65),(21532,1,28791,118,1,1,65),(21533,1,28792,118,1,1,65),(21534,1,28793,118,1,1,65),(21535,1,28794,118,1,1,65),(21536,1,28795,118,1,1,65),(21537,1,28796,118,1,1,65),(21538,1,28797,118,1,1,65),(21539,1,28798,118,1,1,65),(21540,1,28799,118,1,1,65),(21541,1,28800,118,1,1,65),(21542,1,28801,118,1,1,65),(21543,1,28802,118,1,1,65),(21544,1,28803,118,1,1,65),(21545,1,28804,118,1,1,65),(21546,1,28805,118,1,1,65),(21547,1,28806,118,1,1,65),(21548,1,28807,118,1,1,65),(21549,1,28808,118,1,1,65),(21550,1,28809,118,1,1,65),(21551,1,28810,118,1,1,65),(21552,1,28811,118,1,1,65),(21553,1,28812,118,1,1,65),(21554,1,28813,118,1,1,65),(21555,1,28814,118,1,1,65),(21556,1,28815,118,1,1,65),(21557,1,28816,118,1,1,65),(21558,1,28817,118,1,1,65),(21559,1,28818,118,1,1,65),(21560,1,28819,118,1,1,65),(21561,1,28820,118,1,1,65),(21562,1,28821,118,1,1,65),(21563,1,28822,118,1,1,65),(21564,1,28823,118,1,1,65),(21565,1,28824,118,1,1,65),(21566,1,28825,118,1,1,65),(21567,1,28826,118,1,1,65),(21568,1,28827,118,1,1,65),(21569,1,28828,118,1,1,65),(21570,1,28829,118,1,1,65),(21571,1,28830,118,1,1,65),(21572,1,28831,118,1,1,65),(21573,1,28832,118,1,1,65),(21574,1,28833,118,1,1,65),(21575,1,28834,118,1,1,66),(21576,1,28835,118,1,1,66),(21577,1,28836,118,1,1,66),(21578,1,28837,118,1,1,66),(21579,1,28838,118,1,1,66),(21580,1,28839,118,1,1,66),(21581,1,28840,118,1,1,66),(21582,1,28841,118,1,1,66),(21583,1,28842,118,1,1,66),(21584,1,28843,118,1,1,66),(21585,1,28844,118,1,1,66),(21586,1,28845,118,1,1,66),(21587,1,28846,118,1,1,66),(21588,1,28847,118,1,1,66),(21589,1,28848,118,1,1,66),(21590,1,28849,118,1,1,66),(21591,1,28850,118,1,1,66),(21592,1,28851,118,1,1,66),(21593,1,28852,118,1,1,66),(21594,1,28853,118,1,1,66),(21595,1,28854,118,1,1,66),(21596,1,28855,118,1,1,66),(21597,1,28856,118,1,1,66),(21598,1,28857,118,1,1,66),(21599,1,28858,118,1,1,66),(21600,1,28859,118,1,1,66),(21601,1,28860,118,1,1,66),(21602,1,28861,118,1,1,66),(21603,1,28862,118,1,1,66),(21604,1,28863,118,1,1,66),(21605,1,28864,118,1,1,66),(21606,1,28865,118,1,1,66),(21607,1,28866,118,1,1,66),(21608,1,28867,118,1,1,66),(21609,1,28868,118,1,1,66),(21610,1,28869,118,1,1,66),(21611,1,28870,118,1,1,66),(21612,1,28871,118,1,1,66),(21613,1,28872,118,1,1,66),(21614,1,28873,118,1,1,66),(21615,1,28874,118,1,1,66),(21616,1,28875,118,1,1,66),(21617,1,28876,118,1,1,66),(21618,1,28877,118,1,1,66),(21619,1,28878,118,1,1,66),(21620,1,28879,118,1,1,66),(21621,1,28880,118,1,1,66),(21622,1,28881,118,1,1,66),(21623,1,28882,118,1,1,66),(21624,1,28883,118,1,1,66),(21625,1,28884,118,1,1,66),(21626,1,28885,118,1,1,66),(21627,1,28886,118,1,1,67),(21628,1,28887,118,1,1,67),(21629,1,28888,118,1,1,67),(21630,1,28889,118,1,1,67),(21631,1,28890,118,1,1,67),(21632,1,28891,118,1,1,67),(21633,1,28892,118,1,1,67),(21634,1,28893,118,1,1,67),(21635,1,28894,118,1,1,67),(21636,1,28895,118,1,1,67),(21637,1,28896,118,1,1,67),(21638,1,28897,118,1,1,67),(21639,1,28898,118,1,1,67),(21640,1,28899,118,1,1,67),(21641,1,28900,118,1,1,67),(21642,1,28901,118,1,1,67),(21643,1,28902,118,1,1,67),(21644,1,28903,118,1,1,67),(21645,1,28904,118,1,1,67),(21646,1,28905,118,1,1,67),(21647,1,28906,118,1,1,67),(21648,1,28907,118,1,1,67),(21649,1,28908,118,1,1,67),(21650,1,28909,118,1,1,67),(21651,1,28910,118,1,1,67),(21652,1,28911,118,1,1,67),(21653,1,28912,118,1,1,67),(21654,1,28913,118,1,1,67),(21655,1,28914,118,1,1,67),(21656,1,28915,118,1,1,67),(21657,1,28916,118,1,1,67),(21658,1,28917,118,1,1,67),(21659,1,28918,118,1,1,67),(21660,1,28919,118,1,1,67),(21661,1,28920,118,1,1,67),(21662,1,28921,118,1,1,67),(21663,1,28922,118,1,1,67),(21664,1,28923,118,1,1,67),(21665,1,28924,118,1,1,67),(21666,1,28925,118,1,1,67),(21667,1,28926,118,1,1,67),(21668,1,28927,118,1,1,67),(21669,1,28928,118,1,1,67),(21670,1,28929,118,1,1,67),(21671,1,28930,118,1,1,67),(21672,1,28931,118,1,1,67),(21673,1,28932,118,1,1,67),(21674,1,28933,118,1,1,67),(21675,1,28934,118,1,1,67),(21676,1,28935,118,1,1,67),(21677,1,28936,118,1,1,67),(21678,1,28937,118,1,1,67),(21679,1,28938,118,1,1,67),(21680,1,28939,118,1,1,67),(21681,1,28940,118,1,1,67),(21682,1,28941,118,1,1,67),(21683,1,28942,118,1,1,67),(21684,1,28943,118,1,1,67),(21685,1,28944,118,1,1,68),(21686,1,28945,118,1,1,68),(21687,1,28946,118,1,1,68),(21688,1,28947,118,1,1,68),(21689,1,28948,118,1,1,68),(21690,1,28949,118,1,1,68),(21691,1,28950,118,1,1,68),(21692,1,28951,118,1,1,68),(21693,1,28952,118,1,1,68),(21694,1,28953,118,1,1,68),(21695,1,28954,118,1,1,68),(21696,1,28955,118,1,1,68),(21697,1,28956,118,1,1,68),(21698,1,28957,118,1,1,68),(21699,1,28958,118,1,1,68),(21700,1,28959,118,1,1,68),(21701,1,28960,118,1,1,68),(21702,1,28961,118,1,1,68),(21703,1,28962,118,1,1,68),(21704,1,28963,118,1,1,68),(21705,1,28964,118,1,1,68),(21706,1,28965,118,1,1,68),(21707,1,28966,118,1,1,68),(21708,1,28967,118,1,1,68),(21709,1,28968,118,1,1,68),(21710,1,28969,118,1,1,68),(21711,1,28970,118,1,1,68),(21712,1,28971,118,1,1,68),(21713,1,28972,118,1,1,68),(21714,1,28973,118,1,1,68),(21715,1,28974,118,1,1,68),(21716,1,28975,118,1,1,68),(21717,1,28976,118,1,1,68),(21718,1,28977,118,1,1,68),(21719,1,28978,118,1,1,68),(21720,1,28979,118,1,1,68),(21721,1,28980,118,1,1,68),(21722,1,28981,118,1,1,68),(21723,1,28982,118,1,1,68),(21724,1,28983,118,1,1,69),(21725,1,28984,118,1,1,69),(21726,1,28985,118,1,1,69),(21727,1,28986,118,1,1,69),(21728,1,28987,118,1,1,69),(21729,1,28988,118,1,1,69),(21730,1,28989,118,1,1,69),(21731,1,28990,118,1,1,69),(21732,1,28991,118,1,1,69),(21733,1,28992,118,1,1,69),(21734,1,28993,118,1,1,69),(21735,1,28994,118,1,1,69),(21736,1,28995,118,1,1,69),(21737,1,28996,118,1,1,69),(21738,1,28997,118,1,1,69),(21739,1,28998,118,1,1,69),(21740,1,28999,118,1,1,70),(21741,1,29000,118,1,1,70),(21742,1,29001,118,1,1,70),(21743,1,29002,118,1,1,70),(21744,1,29003,118,1,1,70),(21745,1,29004,118,1,1,71),(21746,1,29005,118,1,1,71),(21747,1,29006,118,1,1,71),(21748,1,29007,118,1,1,71),(21749,1,29008,118,1,1,71),(21750,1,29009,118,1,1,71),(21751,1,29010,118,1,1,71),(21752,1,29011,118,1,1,71),(21753,1,29012,118,1,1,71),(21754,1,29013,118,1,1,71),(21755,1,29014,118,1,1,71),(21756,1,29015,118,1,1,71),(21757,1,29016,118,1,1,71),(21758,1,29017,118,1,1,71),(21759,1,29018,118,1,1,71),(21760,1,29019,118,1,1,71),(21761,1,29020,118,1,1,71),(21762,1,29021,118,1,1,71),(21763,1,29022,118,1,1,71),(21764,1,29023,118,1,1,71),(21765,1,29024,118,1,1,71),(21766,1,29025,118,1,1,71),(21767,1,29026,118,1,1,71),(21768,1,29027,118,1,1,71),(21769,1,29028,118,1,1,71),(21770,1,29029,118,1,1,71),(21771,1,29030,118,1,1,71),(21772,1,29031,118,1,1,71),(21773,1,29032,118,1,1,71),(21774,1,29033,118,1,1,71),(21775,1,29034,118,1,1,71),(21776,1,29035,118,1,1,71),(21777,1,29036,118,1,1,71),(21778,1,29037,118,1,1,71),(21779,1,29038,118,1,1,71),(21780,1,29039,118,1,1,71),(21781,1,29040,118,1,1,71),(21782,1,29041,118,1,1,71),(21783,1,29042,118,1,1,71),(21784,1,29043,118,1,1,71),(21785,1,29044,118,1,1,71),(21786,1,29045,118,1,1,71),(21787,1,29046,118,1,1,71),(21788,1,29047,118,1,1,71),(21789,1,29048,118,1,1,71),(21790,1,29049,118,1,1,71),(21791,1,29050,118,1,1,71),(21792,1,29051,118,1,1,71),(21793,1,29052,118,1,1,71),(21794,1,29053,118,1,1,71),(21795,1,29054,118,1,1,71),(21796,1,29055,118,1,1,71),(21797,1,29056,118,1,1,71),(21798,1,29057,118,1,1,72),(21799,1,29058,118,1,1,72),(21800,1,29059,118,1,1,72),(21801,1,29060,118,1,1,72),(21802,1,29061,118,1,1,72),(21803,1,29062,118,1,1,72),(21804,1,29063,118,1,1,72),(21805,1,29064,118,1,1,72),(21806,1,29065,118,1,1,72),(21807,1,29066,118,1,1,72),(21808,1,29067,118,1,1,72),(21809,1,29068,118,1,1,72),(21810,1,29069,118,1,1,72),(21811,1,29070,118,1,1,72),(21812,1,29071,118,1,1,72),(21813,1,29072,118,1,1,72),(21814,1,29073,118,1,1,72),(21815,1,29074,118,1,1,72),(21816,1,29075,118,1,1,72),(21817,1,29076,118,1,1,72),(21818,1,29077,118,1,1,72),(21819,1,29078,118,1,1,72),(21820,1,29079,118,1,1,72),(21821,1,29080,118,1,1,72),(21822,1,29081,118,1,1,72),(21823,1,29082,118,1,1,72),(21824,1,29083,138,1,1,73),(21825,1,29084,138,1,1,73),(21826,1,29085,138,1,1,73),(21827,1,29086,138,1,1,73),(21828,1,29087,138,1,1,73),(21829,1,29088,138,1,1,73),(21830,1,29089,138,1,1,73),(21831,1,29090,138,1,1,73),(21832,1,29091,138,1,1,73),(21833,1,29092,138,1,1,73),(21834,1,29093,138,1,1,73),(21835,1,29094,138,1,1,73),(21836,1,29095,138,1,1,73),(21837,1,29096,138,1,1,73),(21838,1,29097,138,1,1,73),(21839,1,29098,138,1,1,73),(21840,1,29099,138,1,1,73),(21841,1,29100,138,1,1,73),(21842,1,29101,138,1,1,73),(21843,1,29102,138,1,1,73),(21844,1,29103,138,1,1,73),(21845,1,29104,138,1,1,73),(21846,1,29105,138,1,1,73),(21847,1,29106,138,1,1,73),(21848,1,29107,138,1,1,73),(21849,1,29108,138,1,1,73),(21850,1,29109,138,1,1,73),(21851,1,29110,138,1,1,73),(21852,1,29111,138,1,1,73),(21853,1,29112,138,1,1,73),(21854,1,29113,138,1,1,73),(21855,1,29114,138,1,1,73),(21856,1,29115,138,1,1,73),(21857,1,29116,138,1,1,73),(21858,1,29117,138,1,1,73),(21859,1,29118,138,1,1,73),(21860,1,29119,138,1,1,73),(21861,1,29120,138,1,1,73),(21862,1,29121,138,1,1,73),(21863,1,29122,138,1,1,73),(21864,1,29123,138,1,1,73),(21865,1,29124,138,1,1,73),(21866,1,29125,138,1,1,73),(21867,1,29126,138,1,1,73),(21868,1,29127,138,1,1,73),(21869,1,29128,138,1,1,73),(21870,1,29129,138,1,1,73),(21871,1,29130,138,1,1,73),(21872,1,29131,138,1,1,73),(21873,1,29132,138,1,1,73),(21874,1,29133,138,1,1,73),(21875,1,29134,138,1,1,73),(21876,1,29135,138,1,1,73),(21877,1,29136,138,1,1,73),(21878,1,29137,138,1,1,73),(21879,1,29138,138,1,1,73),(21880,1,29139,138,1,1,73),(21881,1,29140,138,1,1,73),(21882,1,29141,138,1,1,74),(21883,1,29142,138,1,1,74),(21884,1,29143,138,1,1,74),(21885,1,29144,138,1,1,74),(21886,1,29145,138,1,1,74),(21887,1,29146,138,1,1,74),(21888,1,29147,138,1,1,74),(21889,1,29148,138,1,1,74),(21890,1,29149,138,1,1,74),(21891,1,29150,138,1,1,74),(21892,1,29151,138,1,1,74),(21893,1,29152,138,1,1,74),(21894,1,29153,138,1,1,74),(21895,1,29154,138,1,1,74),(21896,1,29155,138,1,1,74),(21897,1,29156,138,1,1,74),(21898,1,29157,138,1,1,74),(21899,1,29158,138,1,1,74),(21900,1,29159,138,1,1,74),(21901,1,29160,138,1,1,74),(21902,1,29161,138,1,1,74),(21903,1,29162,138,1,1,74),(21904,1,29163,138,1,1,74),(21905,1,29164,138,1,1,74),(21906,1,29165,138,1,1,74),(21907,1,29166,138,1,1,74),(21908,1,29167,138,1,1,74),(21909,1,29168,138,1,1,74),(21910,1,29169,138,1,1,74),(21911,1,29170,138,1,1,74),(21912,1,29171,138,1,1,74),(21913,1,29172,138,1,1,74),(21914,1,29173,138,1,1,74),(21915,1,29174,138,1,1,74),(21916,1,29175,138,1,1,74),(21917,1,29176,138,1,1,74),(21918,1,29177,138,1,1,74),(21919,1,29178,138,1,1,74),(21920,1,29179,138,1,1,74),(21921,1,29180,138,1,1,74),(21922,1,29181,138,1,1,74),(21923,1,29182,138,1,1,74),(21924,1,29183,138,1,1,74),(21925,1,29184,138,1,1,74),(21926,1,29185,138,1,1,74),(21927,1,29186,138,1,1,74),(21928,1,29187,138,1,1,74),(21929,1,29188,138,1,1,74),(21930,1,29189,138,1,1,74),(21931,1,29190,138,1,1,74),(21932,1,29191,138,1,1,74),(21933,1,29192,138,1,1,74),(21934,1,29193,138,1,1,75),(21935,1,29194,138,1,1,75),(21936,1,29195,138,1,1,75),(21937,1,29196,138,1,1,75),(21938,1,29197,138,1,1,75),(21939,1,29198,138,1,1,75),(21940,1,29199,138,1,1,75),(21941,1,29200,138,1,1,75),(21942,1,29201,138,1,1,75),(21943,1,29202,138,1,1,75),(21944,1,29203,138,1,1,75),(21945,1,29204,138,1,1,75),(21946,1,29205,138,1,1,75),(21947,1,29206,138,1,1,75),(21948,1,29207,138,1,1,75),(21949,1,29208,138,1,1,75),(21950,1,29209,138,1,1,75),(21951,1,29210,138,1,1,75),(21952,1,29211,138,1,1,75),(21953,1,29212,138,1,1,75),(21954,1,29213,138,1,1,75),(21955,1,29214,138,1,1,75),(21956,1,29215,138,1,1,75),(21957,1,29216,138,1,1,75),(21958,1,29217,138,1,1,75),(21959,1,29218,138,1,1,75),(21960,1,29219,138,1,1,75),(21961,1,29220,138,1,1,75),(21962,1,29221,138,1,1,75),(21963,1,29222,138,1,1,75),(21964,1,29223,138,1,1,75),(21965,1,29224,138,1,1,75),(21966,1,29225,138,1,1,75),(21967,1,29226,138,1,1,75),(21968,1,29227,138,1,1,75),(21969,1,29228,138,1,1,75),(21970,1,29229,138,1,1,75),(21971,1,29230,138,1,1,75),(21972,1,29231,138,1,1,75),(21973,1,29232,138,1,1,76),(21974,1,29233,138,1,1,76),(21975,1,29234,138,1,1,76),(21976,1,29235,138,1,1,76),(21977,1,29236,138,1,1,76),(21978,1,29237,138,1,1,76),(21979,1,29238,138,1,1,76),(21980,1,29239,138,1,1,76),(21981,1,29240,138,1,1,76),(21982,1,29241,138,1,1,76),(21983,1,29242,138,1,1,76),(21984,1,29243,138,1,1,76),(21985,1,29244,138,1,1,76),(21986,1,29245,138,1,1,76),(21987,1,29246,138,1,1,76),(21988,1,29247,138,1,1,76),(21989,1,29248,138,1,1,77),(21990,1,29249,138,1,1,77),(21991,1,29250,138,1,1,77),(21992,1,29251,138,1,1,77),(21993,1,29252,138,1,1,77),(21994,1,29253,138,1,1,77),(21995,1,29254,138,1,1,77),(21996,1,29255,138,1,1,77),(21997,1,29256,138,1,1,77),(21998,1,29257,138,1,1,77),(21999,1,29258,138,1,1,77),(22000,1,29259,138,1,1,77),(22001,1,29260,138,1,1,77),(22002,1,29261,138,1,1,77),(22003,1,29262,138,1,1,77),(22004,1,29263,138,1,1,77),(22005,1,29264,138,1,1,77),(22006,1,29265,138,1,1,77),(22007,1,29266,138,1,1,77),(22008,1,29267,138,1,1,77),(22009,1,29268,138,1,1,77),(22010,1,29269,138,1,1,77),(22011,1,29270,138,1,1,77),(22012,1,29271,138,1,1,77),(22013,1,29272,138,1,1,77),(22014,1,29273,138,1,1,77),(22015,1,29274,138,1,1,77),(22016,1,29275,138,1,1,77),(22017,1,29276,138,1,1,77),(22018,1,29277,138,1,1,77),(22019,1,29278,138,1,1,77),(22020,1,29279,138,1,1,77),(22021,1,29280,138,1,1,77),(22022,1,29281,138,1,1,77),(22023,1,29282,138,1,1,77),(22024,1,29283,138,1,1,77),(22025,1,29284,138,1,1,77),(22026,1,29285,138,1,1,77),(22027,1,29286,138,1,1,77),(22028,1,29287,138,1,1,77),(22029,1,29288,138,1,1,77),(22030,1,29289,138,1,1,77),(22031,1,29290,138,1,1,77),(22032,1,29291,138,1,1,77),(22033,1,29292,138,1,1,77),(22034,1,29293,138,1,1,77),(22035,1,29294,138,1,1,77),(22036,1,29295,138,1,1,77),(22037,1,29296,138,1,1,77),(22038,1,29297,138,1,1,77),(22039,1,29298,138,1,1,77),(22040,1,29299,138,1,1,77),(22041,1,29300,138,1,1,77);
/*!40000 ALTER TABLE `LcrRuleTargets` ENABLE KEYS */;
UNLOCK TABLES;

--
-- Table structure for table `LcrRules`
--

DROP TABLE IF EXISTS `LcrRules`;
/*!40101 SET @saved_cs_client     = @@character_set_client */;
/*!40101 SET character_set_client = utf8 */;
CREATE TABLE `LcrRules` (
  `id` int(10) unsigned NOT NULL AUTO_INCREMENT,
  `lcr_id` int(10) unsigned NOT NULL DEFAULT '1',
  `prefix` varchar(100) DEFAULT NULL,
  `from_uri` varchar(255) DEFAULT NULL,
  `request_uri` varchar(100) DEFAULT NULL,
  `stopper` int(10) unsigned NOT NULL DEFAULT '0',
  `enabled` int(10) unsigned NOT NULL DEFAULT '1',
  `tag` varchar(55) NOT NULL,
  `description` varchar(500) NOT NULL DEFAULT '',
  `routingPatternId` int(10) unsigned DEFAULT NULL,
  `outgoingRoutingId` int(10) unsigned NOT NULL,
  PRIMARY KEY (`id`),
  KEY `routingPatternId` (`routingPatternId`),
  KEY `lcr_id` (`lcr_id`),
  KEY `outgoingRoutingId` (`outgoingRoutingId`),
  CONSTRAINT `LcrRules_ibfk_4` FOREIGN KEY (`routingPatternId`) REFERENCES `RoutingPatterns` (`id`) ON DELETE CASCADE,
  CONSTRAINT `LcrRules_ibfk_5` FOREIGN KEY (`outgoingRoutingId`) REFERENCES `OutgoingRouting` (`id`) ON DELETE CASCADE
) ENGINE=InnoDB AUTO_INCREMENT=29301 DEFAULT CHARSET=utf8 COMMENT='[entity][rest]';
/*!40101 SET character_set_client = @saved_cs_client */;

--
-- Dumping data for table `LcrRules`
--

LOCK TABLES `LcrRules` WRITE;
/*!40000 ALTER TABLE `LcrRules` DISABLE KEYS */;
/*!40000 ALTER TABLE `LcrRules` ENABLE KEYS */;
UNLOCK TABLES;

--
-- Table structure for table `Locutions`
--

DROP TABLE IF EXISTS `Locutions`;
/*!40101 SET @saved_cs_client     = @@character_set_client */;
/*!40101 SET character_set_client = utf8 */;
CREATE TABLE `Locutions` (
  `id` int(10) unsigned NOT NULL AUTO_INCREMENT,
  `companyId` int(10) unsigned NOT NULL,
  `name` varchar(50) NOT NULL,
  `originalFileFileSize` int(11) unsigned DEFAULT NULL COMMENT '[FSO:keepExtension]',
  `originalFileMimeType` varchar(80) DEFAULT NULL,
  `originalFileBaseName` varchar(255) DEFAULT NULL,
  `encodedFileFileSize` int(11) unsigned DEFAULT NULL COMMENT '[FSO:keepExtension]',
  `encodedFileMimeType` varchar(80) DEFAULT NULL,
  `encodedFileBaseName` varchar(255) DEFAULT NULL,
  `status` varchar(20) DEFAULT NULL COMMENT '[enum:pending|encoding|ready|error]',
  PRIMARY KEY (`id`),
  UNIQUE KEY `nameCompany` (`name`,`companyId`),
  KEY `companyId` (`companyId`),
  CONSTRAINT `Locutions_ibfk_1` FOREIGN KEY (`companyId`) REFERENCES `Companies` (`id`) ON DELETE CASCADE
) ENGINE=InnoDB AUTO_INCREMENT=36 DEFAULT CHARSET=utf8 COMMENT='[entity][rest]';
/*!40101 SET character_set_client = @saved_cs_client */;

--
-- Dumping data for table `Locutions`
--

LOCK TABLES `Locutions` WRITE;
/*!40000 ALTER TABLE `Locutions` DISABLE KEYS */;
INSERT INTO `Locutions` VALUES (14,3,'festivo',17285,'audio/mpeg; charset=binary','festivo.mp3',41842,'audio/x-wav; charset=binary','festivo.wav','ready'),(15,9,'bienvenido',81886,'audio/x-wav; charset=binary','bienvenido.wav',81886,'audio/x-wav; charset=binary','bienvenido.wav','ready'),(16,9,'contestador_laboral',135686,'audio/x-wav; charset=binary','contestadorlaboral.wav',135686,'audio/x-wav; charset=binary','contestadorlaboral.wav','ready'),(17,9,'festivo',126026,'audio/x-wav; charset=binary','festivo.wav',126026,'audio/x-wav; charset=binary','festivo.wav','ready'),(18,9,'laboral_invierno',155678,'audio/x-wav; charset=binary','laboralinvierno.wav',155678,'audio/x-wav; charset=binary','laboralinvierno.wav','ready'),(19,9,'laboral_verano',143870,'audio/x-wav; charset=binary','laboralverano.wav',143870,'audio/x-wav; charset=binary','laboralverano.wav','ready'),(20,9,'musica',1100164,'audio/x-wav; charset=binary','musica.wav',1100164,'audio/x-wav; charset=binary','musica.wav','ready'),(21,8,'festivo',2554924,'audio/x-wav; charset=binary','festivo-1.wav',231780,'audio/x-wav; charset=binary','festivo-1.wav','ready'),(22,8,'contestador_galdana',2348410,'audio/x-wav; charset=binary','contestador_galdana.wav',212524,'audio/x-wav; charset=binary','contestador_galdana.wav','ready'),(23,8,'bienvenida_acp',5837922,'audio/x-wav; charset=binary','bienvenida_acp_mezcla.wav',242786,'audio/x-wav; charset=binary','bienvenida_acp_mezcla.wav','ready'),(24,6,'bienvenida_24x7_empresas',60858,'audio/mpeg; charset=binary','bienvenida_24x7_empresas.mp3',162214,'audio/x-wav; charset=binary','bienvenida_24x7_empresas.wav','ready'),(27,6,'24x7_empresas_ko',80293,'audio/mpeg; charset=binary','24x7_empresas_ko.mp3',214040,'audio/x-wav; charset=binary','24x7_empresas_ko.wav','ready'),(28,6,'24x7_empresas_ok',63209,'audio/mpeg; charset=binary','24x7_empresas_ok.mp3',168482,'audio/x-wav; charset=binary','24x7_empresas_ok.wav','ready'),(29,13,'colab_bienvenido_abierto',53062,'audio/x-wav; charset=binary','colab_bienvenido_abierto.wav',105804,'audio/x-wav; charset=binary','colab_bienvenido_abierto.wav','ready'),(30,13,'colab_cerrado_invierno',103542,'audio/x-wav; charset=binary','colab_cerrado_invierno.wav',206764,'audio/x-wav; charset=binary','colab_cerrado_invierno.wav','ready'),(31,13,'colab_cerrado_verano',76902,'audio/x-wav; charset=binary','colab_cerrado_verano.wav',153484,'audio/x-wav; charset=binary','colab_cerrado_verano.wav','ready'),(32,13,'colab_seleccion',400204,'audio/x-wav; charset=binary','colab_seleccion.wav',400204,'audio/x-wav; charset=binary','colab_seleccion.wav','ready'),(33,13,'fb_bienvenido_abierto',62502,'audio/x-wav; charset=binary','fb_bienvenido_abierto.wav',124684,'audio/x-wav; charset=binary','fb_bienvenido_abierto.wav','ready'),(34,13,'fb_cerrado_invierno',112342,'audio/x-wav; charset=binary','fb_cerrado_invierno.wav',224364,'audio/x-wav; charset=binary','fb_cerrado_invierno.wav','ready'),(35,13,'fb_cerrado_verano',88422,'audio/x-wav; charset=binary','fb_cerrado_verano.wav',176524,'audio/x-wav; charset=binary','fb_cerrado_verano.wav','ready');
/*!40000 ALTER TABLE `Locutions` ENABLE KEYS */;
UNLOCK TABLES;

--
-- Table structure for table `MainOperators`
--

DROP TABLE IF EXISTS `MainOperators`;
/*!40101 SET @saved_cs_client     = @@character_set_client */;
/*!40101 SET character_set_client = utf8 */;
CREATE TABLE `MainOperators` (
  `id` int(10) unsigned NOT NULL AUTO_INCREMENT,
  `username` varchar(65) NOT NULL,
  `pass` varchar(80) NOT NULL COMMENT '[password]',
  `email` varchar(100) NOT NULL DEFAULT '',
  `active` tinyint(1) NOT NULL DEFAULT '1',
  `timezoneId` int(10) unsigned DEFAULT NULL,
  `name` varchar(100) DEFAULT NULL,
  `lastname` varchar(100) DEFAULT NULL,
  PRIMARY KEY (`id`),
  UNIQUE KEY `username` (`username`),
  KEY `timezoneId` (`timezoneId`),
  CONSTRAINT `MainOperators_ibfk_1` FOREIGN KEY (`timezoneId`) REFERENCES `Timezones` (`id`) ON DELETE SET NULL
) ENGINE=InnoDB AUTO_INCREMENT=7 DEFAULT CHARSET=utf8 COMMENT='[entity][rest]';
/*!40101 SET character_set_client = @saved_cs_client */;

--
-- Dumping data for table `MainOperators`
--

LOCK TABLES `MainOperators` WRITE;
/*!40000 ALTER TABLE `MainOperators` DISABLE KEYS */;
INSERT INTO `MainOperators` VALUES (1,'admin','$2a$08$uACHCxK9JCo6eeRdGpDjuuZM7IQWZqiyqpw16Z6mhW4OkACZ.oZKa','admin@example.com',1,145,'admin','ivozprovider'),(2,'christian.garcia','$2a$08$TwRXhcPlkiR2wpo.N4WWkel9OFK5bCQJ2GzM0yk9IZS6Hm28Tj6h2','christian.garcia@tedra.es',1,145,'Christian','Garcia'),(3,'api','$2a$08$XjpSufKR0FGMSSiQyDoPC.cnQRpQn9NJ3FCj8/KFv22v9yIBn2PPe','',1,145,'',''),(4,'diego.vega','$2a$08$.ME61zKynbn0ChQLdEQkfu.YqDVjUF.PktJnyUnD7tQVaKs6HKZ5a','diego.vega@tedra.es',1,145,'Diego','Vega'),(5,'patricia.huerga','$2a$08$BfSR21/mzyxfgrmYLWdBzeUZ5rRETeQet56RVPtbl4kdJSIdRZgQi','',1,145,'',''),(6,'irontec','$2a$08$VrU79OYS/J6t3Rw7UBwEmunE93/DDWIJR76VbvvSJTst7H/WhFREy','',1,145,'','');
/*!40000 ALTER TABLE `MainOperators` ENABLE KEYS */;
UNLOCK TABLES;

--
-- Table structure for table `MatchListPatterns`
--

DROP TABLE IF EXISTS `MatchListPatterns`;
/*!40101 SET @saved_cs_client     = @@character_set_client */;
/*!40101 SET character_set_client = utf8 */;
CREATE TABLE `MatchListPatterns` (
  `id` int(10) unsigned NOT NULL AUTO_INCREMENT,
  `matchListId` int(10) unsigned NOT NULL,
  `description` varchar(55) DEFAULT NULL,
  `type` varchar(10) NOT NULL COMMENT '[enum:number|regexp]',
  `regExp` varchar(255) DEFAULT NULL,
  `numberCountryId` int(10) unsigned DEFAULT NULL,
  `numberValue` varchar(25) DEFAULT NULL,
  PRIMARY KEY (`id`),
  KEY `matchListId` (`matchListId`),
  KEY `MatchListPatterns_ibfk_2` (`numberCountryId`),
  CONSTRAINT `MatchListPatterns_ibfk_1` FOREIGN KEY (`matchListId`) REFERENCES `MatchLists` (`id`) ON DELETE CASCADE,
  CONSTRAINT `MatchListPatterns_ibfk_2` FOREIGN KEY (`numberCountryId`) REFERENCES `Countries` (`id`) ON DELETE SET NULL
) ENGINE=InnoDB AUTO_INCREMENT=4 DEFAULT CHARSET=utf8 COMMENT='[entity][rest]';
/*!40101 SET character_set_client = @saved_cs_client */;

--
-- Dumping data for table `MatchListPatterns`
--

LOCK TABLES `MatchListPatterns` WRITE;
/*!40000 ALTER TABLE `MatchListPatterns` DISABLE KEYS */;
INSERT INTO `MatchListPatterns` VALUES (1,1,'Miguel_Herrero_Movil','number',NULL,70,'636794535'),(2,2,'Olivier Sibone','number',NULL,77,'146731020'),(3,3,'Christian Trabajo','number',NULL,70,'644149783');
/*!40000 ALTER TABLE `MatchListPatterns` ENABLE KEYS */;
UNLOCK TABLES;

--
-- Table structure for table `MatchLists`
--

DROP TABLE IF EXISTS `MatchLists`;
/*!40101 SET @saved_cs_client     = @@character_set_client */;
/*!40101 SET character_set_client = utf8 */;
CREATE TABLE `MatchLists` (
  `id` int(10) unsigned NOT NULL AUTO_INCREMENT,
  `companyId` int(10) unsigned NOT NULL,
  `name` varchar(50) NOT NULL,
  PRIMARY KEY (`id`),
  UNIQUE KEY `matchName` (`companyId`,`name`),
  KEY `companyId` (`companyId`),
  CONSTRAINT `MatchList_ibfk_1` FOREIGN KEY (`companyId`) REFERENCES `Companies` (`id`) ON DELETE CASCADE
) ENGINE=InnoDB AUTO_INCREMENT=4 DEFAULT CHARSET=utf8 COMMENT='[entity][rest]';
/*!40101 SET character_set_client = @saved_cs_client */;

--
-- Dumping data for table `MatchLists`
--

LOCK TABLES `MatchLists` WRITE;
/*!40000 ALTER TABLE `MatchLists` DISABLE KEYS */;
INSERT INTO `MatchLists` VALUES (3,6,'autorizados_christian'),(2,6,'blacklist'),(1,6,'numeros_ext_general');
/*!40000 ALTER TABLE `MatchLists` ENABLE KEYS */;
UNLOCK TABLES;

--
-- Table structure for table `MediaRelaySets`
--

DROP TABLE IF EXISTS `MediaRelaySets`;
/*!40101 SET @saved_cs_client     = @@character_set_client */;
/*!40101 SET character_set_client = utf8 */;
CREATE TABLE `MediaRelaySets` (
  `id` int(10) unsigned NOT NULL AUTO_INCREMENT,
  `name` varchar(32) NOT NULL DEFAULT '0',
  `description` varchar(200) DEFAULT NULL,
  PRIMARY KEY (`id`),
  UNIQUE KEY `name` (`name`)
) ENGINE=InnoDB AUTO_INCREMENT=4 DEFAULT CHARSET=utf8 COMMENT='[entity][rest]';
/*!40101 SET character_set_client = @saved_cs_client */;

--
-- Dumping data for table `MediaRelaySets`
--

LOCK TABLES `MediaRelaySets` WRITE;
/*!40000 ALTER TABLE `MediaRelaySets` DISABLE KEYS */;
INSERT INTO `MediaRelaySets` VALUES (0,'Default','Default media relay set'),(1,'JustProxy001',''),(2,'JustProxy002',''),(3,'JustProxy003','');
/*!40000 ALTER TABLE `MediaRelaySets` ENABLE KEYS */;
UNLOCK TABLES;

--
-- Table structure for table `MusicOnHold`
--

DROP TABLE IF EXISTS `MusicOnHold`;
/*!40101 SET @saved_cs_client     = @@character_set_client */;
/*!40101 SET character_set_client = utf8 */;
CREATE TABLE `MusicOnHold` (
  `id` int(10) unsigned NOT NULL AUTO_INCREMENT,
  `companyId` int(10) unsigned NOT NULL,
  `name` varchar(50) NOT NULL,
  `originalFileFileSize` int(11) unsigned DEFAULT NULL COMMENT '[FSO:keepExtension]',
  `originalFileMimeType` varchar(80) DEFAULT NULL,
  `originalFileBaseName` varchar(255) DEFAULT NULL,
  `encodedFileFileSize` int(11) unsigned DEFAULT NULL COMMENT '[FSO:keepExtension|storeInBaseFolder]',
  `encodedFileMimeType` varchar(80) DEFAULT NULL,
  `encodedFileBaseName` varchar(255) DEFAULT NULL,
  `status` varchar(20) DEFAULT NULL COMMENT '[enum:pending|encoding|ready|error]',
  PRIMARY KEY (`id`),
  UNIQUE KEY `nameCompany` (`name`,`companyId`),
  KEY `companyId` (`companyId`),
  CONSTRAINT `MusicOnHold_ibfk_1` FOREIGN KEY (`companyId`) REFERENCES `Companies` (`id`) ON DELETE CASCADE
) ENGINE=InnoDB AUTO_INCREMENT=7 DEFAULT CHARSET=utf8 COMMENT='[entity][rest]';
/*!40101 SET character_set_client = @saved_cs_client */;

--
-- Dumping data for table `MusicOnHold`
--

LOCK TABLES `MusicOnHold` WRITE;
/*!40000 ALTER TABLE `MusicOnHold` DISABLE KEYS */;
INSERT INTO `MusicOnHold` VALUES (4,9,'musica_rock',1100164,'audio/x-wav; charset=binary','musica.wav',1100164,'audio/x-wav; charset=binary','musica.wav','ready'),(5,6,'inspiration',5495616,'audio/mpeg; charset=binary','Inspiration Corporate Technology.mp3',2200182,'audio/x-wav; charset=binary','Inspiration Corporate Technology.wav','ready'),(6,6,'motivational',5046856,'audio/mpeg; charset=binary','kornev_music_-_inspiring_motivational_ambient_(full_version).mp3',2018370,'audio/x-wav; charset=binary','kornev_music_-_inspiring_motivational_ambient_(full_version).wav','ready');
/*!40000 ALTER TABLE `MusicOnHold` ENABLE KEYS */;
UNLOCK TABLES;

--
-- Table structure for table `OutgoingDDIRules`
--

DROP TABLE IF EXISTS `OutgoingDDIRules`;
/*!40101 SET @saved_cs_client     = @@character_set_client */;
/*!40101 SET character_set_client = utf8 */;
CREATE TABLE `OutgoingDDIRules` (
  `id` int(10) unsigned NOT NULL AUTO_INCREMENT,
  `companyId` int(10) unsigned NOT NULL,
  `name` varchar(50) NOT NULL,
  `defaultAction` varchar(10) NOT NULL COMMENT '[enum:keep|force]',
  `forcedDDIId` int(10) unsigned DEFAULT NULL,
  PRIMARY KEY (`id`),
  UNIQUE KEY `ruleName` (`companyId`,`name`),
  KEY `companyId` (`companyId`),
  KEY `OutgoingDDIRules_ibfk_2` (`forcedDDIId`),
  CONSTRAINT `OutgoingDDIRules_ibfk_1` FOREIGN KEY (`companyId`) REFERENCES `Companies` (`id`) ON DELETE CASCADE,
  CONSTRAINT `OutgoingDDIRules_ibfk_2` FOREIGN KEY (`forcedDDIId`) REFERENCES `DDIs` (`id`) ON DELETE SET NULL
) ENGINE=InnoDB DEFAULT CHARSET=utf8 COMMENT='[entity][rest]';
/*!40101 SET character_set_client = @saved_cs_client */;

--
-- Dumping data for table `OutgoingDDIRules`
--

LOCK TABLES `OutgoingDDIRules` WRITE;
/*!40000 ALTER TABLE `OutgoingDDIRules` DISABLE KEYS */;
/*!40000 ALTER TABLE `OutgoingDDIRules` ENABLE KEYS */;
UNLOCK TABLES;

--
-- Table structure for table `OutgoingDDIRulesPatterns`
--

DROP TABLE IF EXISTS `OutgoingDDIRulesPatterns`;
/*!40101 SET @saved_cs_client     = @@character_set_client */;
/*!40101 SET character_set_client = utf8 */;
CREATE TABLE `OutgoingDDIRulesPatterns` (
  `id` int(10) unsigned NOT NULL AUTO_INCREMENT,
  `outgoingDDIRuleId` int(10) unsigned NOT NULL,
  `matchListId` int(10) unsigned NOT NULL,
  `action` varchar(10) NOT NULL COMMENT '[enum:keep|force]',
  `forcedDDIId` int(10) unsigned DEFAULT NULL,
  `priority` smallint(6) NOT NULL DEFAULT '1',
  PRIMARY KEY (`id`),
  UNIQUE KEY `patternPriority` (`outgoingDDIRuleId`,`priority`),
  KEY `OutgoingDDIRulesPatterns_ibfk_2` (`matchListId`),
  KEY `OutgoingDDIRulesPatterns_ibfk_3` (`forcedDDIId`),
  CONSTRAINT `OutgoingDDIRulesPatterns_ibfk_1` FOREIGN KEY (`outgoingDDIRuleId`) REFERENCES `OutgoingDDIRules` (`id`) ON DELETE CASCADE,
  CONSTRAINT `OutgoingDDIRulesPatterns_ibfk_2` FOREIGN KEY (`matchListId`) REFERENCES `MatchLists` (`id`) ON DELETE CASCADE,
  CONSTRAINT `OutgoingDDIRulesPatterns_ibfk_3` FOREIGN KEY (`forcedDDIId`) REFERENCES `DDIs` (`id`) ON DELETE SET NULL
) ENGINE=InnoDB DEFAULT CHARSET=utf8 COMMENT='[entity][rest]';
/*!40101 SET character_set_client = @saved_cs_client */;

--
-- Dumping data for table `OutgoingDDIRulesPatterns`
--

LOCK TABLES `OutgoingDDIRulesPatterns` WRITE;
/*!40000 ALTER TABLE `OutgoingDDIRulesPatterns` DISABLE KEYS */;
/*!40000 ALTER TABLE `OutgoingDDIRulesPatterns` ENABLE KEYS */;
UNLOCK TABLES;

--
-- Table structure for table `OutgoingRouting`
--

DROP TABLE IF EXISTS `OutgoingRouting`;
/*!40101 SET @saved_cs_client     = @@character_set_client */;
/*!40101 SET character_set_client = utf8 */;
CREATE TABLE `OutgoingRouting` (
  `id` int(10) unsigned NOT NULL AUTO_INCREMENT,
  `type` enum('pattern','group','fax') DEFAULT 'group',
  `routingPatternId` int(10) unsigned DEFAULT NULL,
  `routingPatternGroupId` int(10) unsigned DEFAULT NULL,
  `peeringContractId` int(10) unsigned NOT NULL,
  `priority` tinyint(3) unsigned NOT NULL,
  `weight` int(10) unsigned NOT NULL DEFAULT '1',
  `companyId` int(10) unsigned DEFAULT NULL,
  `brandId` int(10) unsigned NOT NULL,
  PRIMARY KEY (`id`),
  KEY `companyId` (`companyId`),
  KEY `brandId` (`brandId`),
  KEY `peeringContractId` (`peeringContractId`),
  KEY `routingPatternId` (`routingPatternId`),
  KEY `routingPatternGroupId` (`routingPatternGroupId`),
  CONSTRAINT `OutgoingRouting_ibfk_1` FOREIGN KEY (`brandId`) REFERENCES `Brands` (`id`) ON DELETE CASCADE,
  CONSTRAINT `OutgoingRouting_ibfk_2` FOREIGN KEY (`companyId`) REFERENCES `Companies` (`id`) ON DELETE CASCADE,
  CONSTRAINT `OutgoingRouting_ibfk_5` FOREIGN KEY (`peeringContractId`) REFERENCES `PeeringContracts` (`id`) ON DELETE CASCADE,
  CONSTRAINT `OutgoingRouting_ibfk_6` FOREIGN KEY (`routingPatternId`) REFERENCES `RoutingPatterns` (`id`) ON DELETE CASCADE,
  CONSTRAINT `OutgoingRouting_ibfk_7` FOREIGN KEY (`routingPatternGroupId`) REFERENCES `RoutingPatternGroups` (`id`) ON DELETE CASCADE
) ENGINE=InnoDB AUTO_INCREMENT=78 DEFAULT CHARSET=utf8 COMMENT='[entity][rest]';
/*!40101 SET character_set_client = @saved_cs_client */;

--
-- Dumping data for table `OutgoingRouting`
--

LOCK TABLES `OutgoingRouting` WRITE;
/*!40000 ALTER TABLE `OutgoingRouting` DISABLE KEYS */;
INSERT INTO `OutgoingRouting` VALUES (19,'group',NULL,7,1,1,1,5,1),(20,'group',NULL,7,1,1,1,3,1),(21,'group',NULL,7,3,1,1,6,1),(23,'pattern',68,NULL,1,1,1,9,1),(24,'group',NULL,21,9,1,1,NULL,2),(26,'group',NULL,23,9,1,1,NULL,2),(27,'group',NULL,26,9,1,1,NULL,2),(28,'group',NULL,22,9,1,1,NULL,2),(29,'group',NULL,7,1,1,1,8,1),(30,'group',NULL,9,1,1,1,8,1),(31,'group',NULL,12,1,1,1,8,1),(32,'group',NULL,8,1,1,1,8,1),(33,'fax',NULL,NULL,13,1,1,6,1),(34,'group',NULL,12,1,1,1,6,1),(35,'group',NULL,9,12,1,1,6,1),(36,'pattern',68,NULL,3,1,1,12,1),(37,'pattern',102,NULL,3,2,1,8,1),(38,'pattern',68,NULL,3,2,1,8,1),(39,'group',NULL,7,3,2,1,NULL,1),(40,'group',NULL,9,3,2,1,NULL,1),(41,'group',NULL,10,3,2,1,NULL,1),(42,'group',NULL,12,3,2,1,NULL,1),(43,'group',NULL,8,3,2,1,NULL,1),(44,'group',NULL,13,3,2,1,NULL,1),(45,'fax',NULL,NULL,5,1,1,3,1),(46,'fax',NULL,NULL,1,1,1,8,1),(47,'group',NULL,7,1,1,1,15,1),(48,'group',NULL,10,1,1,1,15,1),(49,'group',NULL,9,1,1,1,15,1),(50,'group',NULL,12,1,1,1,15,1),(51,'group',NULL,8,1,1,1,15,1),(52,'group',NULL,7,3,2,1,15,1),(53,'group',NULL,7,3,2,1,8,1),(54,'group',NULL,12,3,2,1,15,1),(55,'group',NULL,7,1,1,1,16,1),(57,'group',NULL,7,1,2,1,6,1),(58,'group',NULL,7,1,1,1,18,1),(59,'group',NULL,7,3,1,1,7,1),(60,'group',NULL,7,1,2,1,7,1),(61,'group',NULL,9,1,1,1,7,1),(62,'group',NULL,8,1,1,1,7,1),(63,'group',NULL,12,1,1,1,7,1),(64,'group',NULL,7,3,1,1,13,1),(65,'group',NULL,21,9,1,1,19,2),(66,'group',NULL,21,9,1,1,20,2),(67,'group',NULL,24,9,1,1,20,2),(68,'group',NULL,23,9,1,1,20,2),(69,'group',NULL,26,9,1,1,20,2),(70,'group',NULL,25,9,1,1,20,2),(71,'group',NULL,22,9,1,1,20,2),(72,'group',NULL,27,9,1,1,20,2),(73,'group',NULL,10,15,1,1,21,1),(74,'group',NULL,7,15,1,1,21,1),(75,'group',NULL,9,15,1,1,21,1),(76,'group',NULL,12,15,1,1,21,1),(77,'group',NULL,8,15,1,1,21,1);
/*!40000 ALTER TABLE `OutgoingRouting` ENABLE KEYS */;
UNLOCK TABLES;

--
-- Table structure for table `ParsedCDRs`
--

DROP TABLE IF EXISTS `ParsedCDRs`;
/*!40101 SET @saved_cs_client     = @@character_set_client */;
/*!40101 SET character_set_client = utf8 */;
CREATE TABLE `ParsedCDRs` (
  `id` int(10) unsigned NOT NULL AUTO_INCREMENT,
  `statId` int(10) unsigned DEFAULT NULL,
  `xstatId` int(10) unsigned DEFAULT NULL,
  `statType` varchar(256) DEFAULT NULL,
  `initialLeg` varchar(255) DEFAULT NULL,
  `initialLegHash` varchar(128) DEFAULT NULL,
  `cid` varchar(255) DEFAULT NULL,
  `cidHash` varchar(128) DEFAULT NULL,
  `xcid` varchar(255) DEFAULT NULL,
  `xcidHash` varchar(128) DEFAULT NULL,
  `proxies` varchar(32) DEFAULT NULL,
  `type` varchar(32) DEFAULT NULL,
  `subtype` varchar(64) DEFAULT NULL,
  `calldate` timestamp NOT NULL DEFAULT CURRENT_TIMESTAMP ON UPDATE CURRENT_TIMESTAMP,
  `duration` int(10) unsigned DEFAULT NULL,
  `aParty` varchar(128) DEFAULT NULL,
  `bParty` varchar(128) DEFAULT NULL,
  `caller` varchar(128) DEFAULT NULL,
  `callee` varchar(128) DEFAULT NULL,
  `xCaller` varchar(128) DEFAULT NULL,
  `xCallee` varchar(128) DEFAULT NULL,
  `initialReferrer` varchar(128) DEFAULT NULL,
  `referrer` varchar(128) DEFAULT NULL,
  `referee` varchar(128) DEFAULT NULL,
  `lastForwarder` varchar(32) DEFAULT NULL,
  `brandId` int(10) unsigned DEFAULT NULL,
  `companyId` int(10) unsigned DEFAULT NULL,
  `peeringContractId` int(10) unsigned DEFAULT NULL,
  PRIMARY KEY (`id`),
  UNIQUE KEY `cid` (`cid`),
  KEY `brandId` (`brandId`),
  KEY `companyId` (`companyId`),
  KEY `peeringContractId` (`peeringContractId`),
  CONSTRAINT `ParsedCDRs_ibfk_1` FOREIGN KEY (`brandId`) REFERENCES `Brands` (`id`) ON DELETE CASCADE ON UPDATE CASCADE,
  CONSTRAINT `ParsedCDRs_ibfk_2` FOREIGN KEY (`companyId`) REFERENCES `Companies` (`id`) ON DELETE CASCADE ON UPDATE CASCADE,
  CONSTRAINT `parsedCDRs_ibfk_6` FOREIGN KEY (`peeringContractId`) REFERENCES `PeeringContracts` (`id`) ON DELETE SET NULL ON UPDATE CASCADE
) ENGINE=InnoDB AUTO_INCREMENT=205618 DEFAULT CHARSET=utf8 COMMENT='[entity][rest]';
/*!40101 SET character_set_client = @saved_cs_client */;

--
-- Dumping data for table `ParsedCDRs`
--

LOCK TABLES `ParsedCDRs` WRITE;
/*!40000 ALTER TABLE `ParsedCDRs` DISABLE KEYS */;
/*!40000 ALTER TABLE `ParsedCDRs` ENABLE KEYS */;
UNLOCK TABLES;

--
-- Table structure for table `PeerServers`
--

DROP TABLE IF EXISTS `PeerServers`;
/*!40101 SET @saved_cs_client     = @@character_set_client */;
/*!40101 SET character_set_client = utf8 */;
CREATE TABLE `PeerServers` (
  `id` int(10) unsigned NOT NULL AUTO_INCREMENT,
  `peeringContractId` int(10) unsigned NOT NULL,
  `ip` varchar(50) DEFAULT NULL,
  `brandId` int(10) unsigned NOT NULL,
  `hostname` varchar(64) DEFAULT NULL,
  `port` smallint(5) unsigned DEFAULT NULL,
  `params` varchar(64) DEFAULT NULL,
  `uri_scheme` tinyint(3) unsigned DEFAULT NULL,
  `transport` tinyint(3) unsigned DEFAULT NULL,
  `strip` tinyint(3) unsigned DEFAULT NULL,
  `prefix` varchar(16) DEFAULT NULL,
  `sendPAI` tinyint(1) unsigned DEFAULT '0',
  `sendRPID` tinyint(1) unsigned DEFAULT '0',
  `auth_needed` enum('yes','no') NOT NULL DEFAULT 'no',
  `auth_user` varchar(64) DEFAULT NULL,
  `auth_password` varchar(64) DEFAULT NULL,
  `sip_proxy` varchar(128) DEFAULT NULL,
  `outbound_proxy` varchar(128) DEFAULT NULL,
  `from_user` varchar(64) DEFAULT NULL,
  `from_domain` varchar(190) DEFAULT NULL,
  PRIMARY KEY (`id`),
  KEY `peeringContractId` (`peeringContractId`),
  KEY `brandId` (`brandId`),
  CONSTRAINT `PeerServers_ibfk_1` FOREIGN KEY (`peeringContractId`) REFERENCES `PeeringContracts` (`id`) ON DELETE CASCADE,
  CONSTRAINT `PeerServers_ibfk_2` FOREIGN KEY (`brandId`) REFERENCES `Brands` (`id`) ON DELETE CASCADE
) ENGINE=InnoDB AUTO_INCREMENT=30 DEFAULT CHARSET=utf8 COMMENT='[entity][rest]';
/*!40101 SET character_set_client = @saved_cs_client */;

--
-- Dumping data for table `PeerServers`
--

LOCK TABLES `PeerServers` WRITE;
/*!40000 ALTER TABLE `PeerServers` DISABLE KEYS */;
INSERT INTO `PeerServers` VALUES (1,1,'194.30.6.32',1,'sarevoz.com',5060,'',1,1,0,'',1,0,'yes','26007','_jzNo8gowT','sarevoz.com','194.30.6.32','26007','sarevoz.com'),(2,2,'185.23.36.139',1,'sip01.duotelecom.es',5060,'',1,1,0,'',1,0,'yes','trk-tedra-2','jujh87-6tr65gbv','sip01.duotelecom.es','185.23.36.139','',''),(3,3,NULL,1,'84.232.7.245',5060,'',1,1,0,'',1,0,'no',NULL,NULL,'84.232.7.245',NULL,'',''),(5,5,'194.30.6.32',1,'sarevoz.com',5060,'',1,1,0,'',1,0,'yes','24014','VTQjxDFWq','sarevoz.com','194.30.6.32','24014','sarevoz.com'),(6,6,'194.30.6.32',1,'sarevoz.com',5060,'',1,1,0,'',1,0,'yes','24209','0BDjX7prCB19Rsn','sarevoz.com','194.30.6.32','24209','sarevoz.com'),(7,7,'194.30.6.32',1,'sarevoz.com',5060,'',1,1,0,'',1,0,'yes','25115','PnKZardSvQ','sarevoz.com','194.30.6.32','25115','sarevoz.com'),(8,8,NULL,1,'84.232.7.245',5060,'',1,1,0,'',1,0,'no',NULL,NULL,'84.232.7.245',NULL,'',''),(9,9,'194.30.6.32',2,'sarevoz.com',5060,'',1,1,0,'',1,0,'yes','26215','45Rl9XJXDx','sarevoz.com','194.30.6.32','26215','sarevoz.com'),(10,10,NULL,1,'46.19.210.10',5060,'',1,1,0,'',1,0,'no',NULL,NULL,'46.19.210.10',NULL,'',''),(11,10,NULL,1,'46.19.210.11',5060,'',1,1,0,'',1,0,'no',NULL,NULL,'46.19.210.11',NULL,'',''),(12,10,NULL,1,'46.19.210.12',5060,'',1,1,0,'',1,0,'no',NULL,NULL,'46.19.210.12',NULL,'',''),(13,10,NULL,1,'46.19.210.13',5060,'',1,1,0,'',1,0,'no',NULL,NULL,'46.19.210.13',NULL,'',''),(14,10,NULL,1,'46.19.210.14',5060,'',1,1,0,'',1,0,'no',NULL,NULL,'46.19.210.14',NULL,'',''),(15,10,NULL,1,'46.19.210.15',5060,'',1,1,0,'',1,0,'no',NULL,NULL,'46.19.210.15',NULL,'',''),(16,10,NULL,1,'46.19.210.42',5060,'',1,1,0,'',1,0,'no',NULL,NULL,'46.19.210.42',NULL,'',''),(17,10,NULL,1,'46.19.210.75',5060,'',1,1,0,'',1,0,'no',NULL,NULL,'46.19.210.75',NULL,'',''),(18,10,NULL,1,'46.19.210.76',5060,'',1,1,0,'',1,0,'no',NULL,NULL,'46.19.210.76',NULL,'',''),(19,10,NULL,1,'46.19.210.77',5060,'',1,1,0,'',1,0,'no',NULL,NULL,'46.19.210.77',NULL,'',''),(20,10,NULL,1,'46.19.210.78',5060,'',1,1,0,'',1,0,'no',NULL,NULL,'46.19.210.78',NULL,'',''),(21,10,NULL,1,'46.19.210.79',5060,'',1,1,0,'',1,0,'no',NULL,NULL,'46.19.210.79',NULL,'',''),(22,10,NULL,1,'46.19.210.80',5060,'',1,1,0,'',1,0,'no',NULL,NULL,'46.19.210.80',NULL,'',''),(23,11,'194.140.135.80',1,'sip.netelip.com',5060,'',1,1,0,'',1,0,'no',NULL,NULL,'sip.netelip.com','194.140.135.80','',''),(24,12,NULL,1,'8.45.207.93',5060,'',1,1,0,'',1,0,'no',NULL,NULL,'8.45.207.93',NULL,'',''),(25,12,NULL,1,'8.45.225.109',5060,'',1,1,0,'',1,0,'no',NULL,NULL,'8.45.225.109',NULL,'',''),(26,13,NULL,1,'159.63.244.165',5060,'',1,1,0,'',1,0,'no',NULL,NULL,'159.63.244.165',NULL,'',''),(27,14,NULL,1,'213.27.162.81',5060,'',1,1,NULL,'',1,0,'no',NULL,NULL,'213.27.162.81',NULL,'',''),(28,14,NULL,1,'213.215.176.143',5060,'',1,1,NULL,'',1,0,'no',NULL,NULL,'213.215.176.143',NULL,'',''),(29,15,'194.30.6.32',1,'sarevoz.com',5060,'',1,1,NULL,'',1,0,'yes','23920','TC3um8BZv3','sarevoz.com','194.30.6.32','23920','sarevoz.com');
/*!40000 ALTER TABLE `PeerServers` ENABLE KEYS */;
UNLOCK TABLES;

--
-- Table structure for table `PeeringContracts`
--

DROP TABLE IF EXISTS `PeeringContracts`;
/*!40101 SET @saved_cs_client     = @@character_set_client */;
/*!40101 SET character_set_client = utf8 */;
CREATE TABLE `PeeringContracts` (
  `id` int(10) unsigned NOT NULL AUTO_INCREMENT,
  `brandId` int(10) unsigned NOT NULL,
  `description` varchar(500) NOT NULL DEFAULT '',
  `name` varchar(200) NOT NULL,
  `transformationRulesetGroupsTrunksId` int(10) unsigned DEFAULT NULL,
  `externallyRated` tinyint(1) DEFAULT '0',
  PRIMARY KEY (`id`),
  UNIQUE KEY `name_per_brand` (`name`,`brandId`),
  KEY `brandId` (`brandId`),
  KEY `PeeringContracts_ibfk_2` (`transformationRulesetGroupsTrunksId`),
  CONSTRAINT `PeeringContracts_ibfk_1` FOREIGN KEY (`brandId`) REFERENCES `Brands` (`id`) ON DELETE CASCADE,
  CONSTRAINT `PeeringContracts_ibfk_2` FOREIGN KEY (`transformationRulesetGroupsTrunksId`) REFERENCES `TransformationRulesetGroupsTrunks` (`id`) ON DELETE SET NULL
) ENGINE=InnoDB AUTO_INCREMENT=16 DEFAULT CHARSET=utf8 COMMENT='[entity][rest]';
/*!40101 SET character_set_client = @saved_cs_client */;

--
-- Dumping data for table `PeeringContracts`
--

LOCK TABLES `PeeringContracts` WRITE;
/*!40000 ALTER TABLE `PeeringContracts` DISABLE KEYS */;
INSERT INTO `PeeringContracts` VALUES (1,1,'Cuenta SIP Sarevoz 26007','trunk01s26007',6,0),(2,1,'Duotelecom','Duotelecom',2,0),(3,1,'TrunkClientes02','trunk02a16005',6,0),(5,1,'Cuenta 24014 para pruebas de Irontec (no utilizar)','Irontec-solopruebas',6,0),(6,1,'Trunk provisional Clínica Álvarez [HAY QUE MIGRAR]','Sarenet-Alvarez',6,0),(7,1,'Cuenta 25115 [HAY QUE MIGRAR]','Sarenet-Altamar',6,0),(8,1,'Airenetworks-Altamar','Airenetworks-Altamar',6,0),(9,2,'','MGI_MAIN',7,0),(10,1,'DIDWW','DIDWW',5,0),(11,1,'Netelip for faxing','Netelip',6,0),(12,1,'Level 3 US','LEVEL3-US',8,0),(13,1,'Level 3 EU','LEVEL3-EU',8,0),(14,1,'Colt Trunk Europa','COLT-EU',8,0),(15,1,'Sarenet Grupo OH','Sarenet-GrupoOH',6,0);
/*!40000 ALTER TABLE `PeeringContracts` ENABLE KEYS */;
UNLOCK TABLES;

--
-- Table structure for table `PickUpGroups`
--

DROP TABLE IF EXISTS `PickUpGroups`;
/*!40101 SET @saved_cs_client     = @@character_set_client */;
/*!40101 SET character_set_client = utf8 */;
CREATE TABLE `PickUpGroups` (
  `id` int(10) unsigned NOT NULL AUTO_INCREMENT,
  `name` varchar(50) NOT NULL,
  `companyId` int(10) unsigned NOT NULL,
  PRIMARY KEY (`id`),
  UNIQUE KEY `nameCompany` (`name`,`companyId`),
  KEY `companyId` (`companyId`),
  CONSTRAINT `PickUpGroups_ibfk_1` FOREIGN KEY (`companyId`) REFERENCES `Companies` (`id`) ON DELETE CASCADE
) ENGINE=InnoDB AUTO_INCREMENT=24 DEFAULT CHARSET=utf8 COMMENT='[entity][rest]';
/*!40101 SET character_set_client = @saved_cs_client */;

--
-- Dumping data for table `PickUpGroups`
--

LOCK TABLES `PickUpGroups` WRITE;
/*!40000 ALTER TABLE `PickUpGroups` DISABLE KEYS */;
INSERT INTO `PickUpGroups` VALUES (19,'Administracion / recepcion',8),(9,'Advisory',8),(10,'Altamar Chile',8),(14,'Altamar NY',8),(5,'Altan',8),(23,'Credit',8),(11,'Finanzas',8),(17,'Galdana',8),(3,'general',10),(15,'Global Investments',8),(2,'HG prueba',3),(8,'Infraestructuras',8),(16,'Inversiones',8),(6,'IRBD',8),(12,'IT',8),(21,'Legal',8),(4,'Operaciones',8),(7,'Portfolio Management',8),(20,'Rocio_capturas',8),(18,'todos',7);
/*!40000 ALTER TABLE `PickUpGroups` ENABLE KEYS */;
UNLOCK TABLES;

--
-- Table structure for table `PickUpRelUsers`
--

DROP TABLE IF EXISTS `PickUpRelUsers`;
/*!40101 SET @saved_cs_client     = @@character_set_client */;
/*!40101 SET character_set_client = utf8 */;
CREATE TABLE `PickUpRelUsers` (
  `id` int(10) unsigned NOT NULL AUTO_INCREMENT,
  `pickUpGroupId` int(10) unsigned NOT NULL,
  `userId` int(10) unsigned NOT NULL,
  PRIMARY KEY (`id`),
  KEY `pickUpGroupId` (`pickUpGroupId`),
  KEY `userId` (`userId`),
  CONSTRAINT `PickUpRelUsers_ibfk_1` FOREIGN KEY (`pickUpGroupId`) REFERENCES `PickUpGroups` (`id`) ON DELETE CASCADE,
  CONSTRAINT `PickUpRelUsers_ibfk_2` FOREIGN KEY (`userId`) REFERENCES `Users` (`id`) ON DELETE CASCADE
) ENGINE=InnoDB AUTO_INCREMENT=199 DEFAULT CHARSET=utf8 COMMENT='[entity][rest]';
/*!40101 SET character_set_client = @saved_cs_client */;

--
-- Dumping data for table `PickUpRelUsers`
--

LOCK TABLES `PickUpRelUsers` WRITE;
/*!40000 ALTER TABLE `PickUpRelUsers` DISABLE KEYS */;
INSERT INTO `PickUpRelUsers` VALUES (4,2,3),(5,2,29),(6,2,31),(7,3,69),(8,3,70),(9,3,58),(10,3,67),(11,3,74),(12,3,59),(13,3,60),(14,3,61),(15,3,62),(16,3,63),(17,3,64),(18,3,65),(19,3,66),(20,3,71),(21,3,76),(22,3,68),(23,3,73),(24,3,72),(25,3,75),(26,3,77),(27,3,97),(28,4,102),(29,7,131),(32,7,134),(34,4,100),(36,4,105),(37,4,106),(38,4,107),(40,4,109),(41,4,110),(42,6,119),(43,6,120),(44,6,121),(45,6,122),(46,6,123),(47,6,124),(53,6,136),(56,5,168),(57,5,169),(58,5,170),(59,5,171),(60,5,172),(61,5,173),(62,5,174),(63,5,175),(64,5,176),(65,8,149),(66,8,150),(67,8,151),(68,8,152),(69,8,153),(70,8,154),(71,8,166),(72,8,167),(73,9,177),(74,9,178),(75,9,179),(76,9,180),(77,9,181),(78,9,182),(79,9,189),(82,10,184),(83,10,185),(84,10,186),(85,10,187),(86,11,111),(87,11,112),(88,11,188),(89,12,115),(90,12,116),(91,12,117),(92,12,118),(99,12,214),(100,15,163),(101,15,164),(103,16,142),(104,16,144),(108,16,137),(109,16,138),(110,16,139),(111,16,140),(112,16,141),(113,16,143),(114,16,145),(115,16,146),(116,16,147),(117,16,148),(118,16,156),(120,17,215),(121,17,216),(122,17,217),(124,17,219),(125,17,220),(126,17,221),(127,17,222),(128,14,82),(129,14,83),(131,14,86),(132,14,92),(133,12,193),(134,11,113),(135,4,103),(136,4,101),(137,11,227),(138,18,24),(139,18,25),(140,18,26),(141,18,27),(142,18,28),(143,18,33),(144,18,34),(145,18,35),(146,18,36),(147,18,37),(148,18,38),(149,18,39),(150,18,40),(151,18,41),(152,8,155),(153,16,190),(154,16,155),(155,8,190),(156,19,136),(157,19,155),(158,19,190),(159,19,195),(160,19,196),(161,19,198),(162,20,157),(163,20,159),(164,20,194),(165,20,195),(166,15,234),(167,11,114),(168,10,236),(169,10,239),(170,10,237),(171,10,238),(172,4,104),(174,5,244),(175,14,80),(176,21,199),(177,21,248),(179,23,158),(180,23,229),(181,23,251),(184,4,278),(185,7,277),(187,6,160),(188,16,274),(190,4,290),(191,4,295),(192,7,298),(193,11,299),(194,6,302),(195,10,305),(196,18,311),(197,10,284),(198,23,280);
/*!40000 ALTER TABLE `PickUpRelUsers` ENABLE KEYS */;
UNLOCK TABLES;

--
-- Table structure for table `PricingPlans`
--

DROP TABLE IF EXISTS `PricingPlans`;
/*!40101 SET @saved_cs_client     = @@character_set_client */;
/*!40101 SET character_set_client = utf8 */;
CREATE TABLE `PricingPlans` (
  `id` int(10) unsigned NOT NULL AUTO_INCREMENT,
  `name` varchar(55) NOT NULL COMMENT '[ml]',
  `name_en` varchar(55) NOT NULL,
  `name_es` varchar(55) NOT NULL,
  `description` varchar(55) NOT NULL COMMENT '[ml]',
  `description_en` varchar(55) NOT NULL,
  `description_es` varchar(55) NOT NULL,
  `createdOn` timestamp NOT NULL DEFAULT CURRENT_TIMESTAMP,
  `brandId` int(10) unsigned NOT NULL,
  PRIMARY KEY (`id`),
  UNIQUE KEY `nameEsBrand` (`name_es`,`brandId`),
  UNIQUE KEY `nameEnBrand` (`name_en`,`brandId`),
  KEY `brandId` (`brandId`),
  CONSTRAINT `PricingPlans_ibfk_1` FOREIGN KEY (`brandId`) REFERENCES `Brands` (`id`) ON DELETE CASCADE
) ENGINE=InnoDB AUTO_INCREMENT=7 DEFAULT CHARSET=utf8 COMMENT='[entity][rest]';
/*!40101 SET character_set_client = @saved_cs_client */;

--
-- Dumping data for table `PricingPlans`
--

LOCK TABLES `PricingPlans` WRITE;
/*!40000 ALTER TABLE `PricingPlans` DISABLE KEYS */;
INSERT INTO `PricingPlans` VALUES (5,'','tedra pyme','tedra pyme','','Plan de precios Sarenet','Plan de precios Sarenet','2016-07-22 12:01:28',1),(6,'','MGI_CONSULTORES','MGI_CONSULTORES','','Plan de precios principal','Plan de precios principal','2016-10-27 09:51:15',2);
/*!40000 ALTER TABLE `PricingPlans` ENABLE KEYS */;
UNLOCK TABLES;

--
-- Table structure for table `PricingPlansRelCompanies`
--

DROP TABLE IF EXISTS `PricingPlansRelCompanies`;
/*!40101 SET @saved_cs_client     = @@character_set_client */;
/*!40101 SET character_set_client = utf8 */;
CREATE TABLE `PricingPlansRelCompanies` (
  `id` int(10) unsigned NOT NULL AUTO_INCREMENT,
  `pricingPlanId` int(10) unsigned NOT NULL,
  `companyId` int(10) unsigned NOT NULL,
  `validFrom` datetime NOT NULL,
  `validTo` datetime NOT NULL,
  `metric` int(10) NOT NULL DEFAULT '10',
  `brandId` int(10) unsigned NOT NULL,
  PRIMARY KEY (`id`),
  UNIQUE KEY `pricingPlanIdCompanyId` (`pricingPlanId`,`companyId`),
  UNIQUE KEY `metricCompanyId` (`companyId`,`metric`),
  KEY `brandId` (`brandId`),
  CONSTRAINT `PricingPlansRelCompanies_ibfk_1` FOREIGN KEY (`pricingPlanId`) REFERENCES `PricingPlans` (`id`) ON DELETE CASCADE ON UPDATE CASCADE,
  CONSTRAINT `PricingPlansRelCompanies_ibfk_2` FOREIGN KEY (`companyId`) REFERENCES `Companies` (`id`) ON DELETE CASCADE ON UPDATE CASCADE,
  CONSTRAINT `PricingPlansRelCompanies_ibfk_3` FOREIGN KEY (`brandId`) REFERENCES `Brands` (`id`) ON DELETE CASCADE
) ENGINE=InnoDB AUTO_INCREMENT=27 DEFAULT CHARSET=utf8 COMMENT='[entity][rest]';
/*!40101 SET character_set_client = @saved_cs_client */;

--
-- Dumping data for table `PricingPlansRelCompanies`
--

LOCK TABLES `PricingPlansRelCompanies` WRITE;
/*!40000 ALTER TABLE `PricingPlansRelCompanies` DISABLE KEYS */;
INSERT INTO `PricingPlansRelCompanies` VALUES (8,5,6,'2015-06-30 22:00:00','2020-07-30 22:00:00',20,1),(9,5,5,'2016-06-27 22:00:00','2020-09-29 22:00:00',20,1),(10,5,7,'2016-07-18 22:00:00','2037-04-29 22:00:00',20,1),(13,5,3,'2016-06-30 22:00:00','2025-06-30 22:00:00',10,1),(15,5,9,'2016-09-14 22:00:00','2020-12-30 23:00:00',10,1),(16,6,10,'2016-10-26 22:00:00','2020-12-26 23:00:00',10,2),(17,5,8,'2016-11-09 23:00:00','2020-03-30 22:00:00',10,1),(18,6,11,'2016-11-27 23:00:00','2017-12-30 23:00:00',10,2),(19,5,12,'2017-01-01 23:00:00','2019-05-30 22:00:00',10,1),(21,5,15,'2017-05-23 22:00:00','2019-05-30 22:00:00',10,1),(22,5,13,'2017-07-30 22:00:00','2020-07-30 22:00:00',10,1),(23,5,16,'2017-07-30 22:00:00','2020-07-30 22:00:00',10,1),(24,5,18,'2017-08-03 22:00:00','2020-08-03 22:00:00',10,1),(25,6,19,'2017-09-30 22:00:00','2018-12-31 23:00:00',10,2),(26,6,20,'2017-09-30 22:00:00','2019-10-03 22:00:00',10,2);
/*!40000 ALTER TABLE `PricingPlansRelCompanies` ENABLE KEYS */;
UNLOCK TABLES;

--
-- Table structure for table `PricingPlansRelTargetPatterns`
--

DROP TABLE IF EXISTS `PricingPlansRelTargetPatterns`;
/*!40101 SET @saved_cs_client     = @@character_set_client */;
/*!40101 SET character_set_client = utf8 */;
CREATE TABLE `PricingPlansRelTargetPatterns` (
  `id` int(10) unsigned NOT NULL AUTO_INCREMENT,
  `connectionCharge` decimal(10,4) NOT NULL,
  `periodTime` mediumint(8) NOT NULL,
  `perPeriodCharge` decimal(10,4) NOT NULL,
  `pricingPlanId` int(10) unsigned NOT NULL,
  `targetPatternId` int(10) unsigned NOT NULL,
  `brandId` int(10) unsigned NOT NULL,
  PRIMARY KEY (`id`),
  UNIQUE KEY `pricingPlanId` (`pricingPlanId`,`targetPatternId`),
  KEY `targetPatternId` (`targetPatternId`),
  KEY `brandId` (`brandId`),
  CONSTRAINT `PricingPlansRelTargetPatterns_ibfk_1` FOREIGN KEY (`pricingPlanId`) REFERENCES `PricingPlans` (`id`) ON DELETE CASCADE ON UPDATE CASCADE,
  CONSTRAINT `PricingPlansRelTargetPatterns_ibfk_2` FOREIGN KEY (`targetPatternId`) REFERENCES `TargetPatterns` (`id`) ON DELETE CASCADE ON UPDATE CASCADE,
  CONSTRAINT `PricingPlansRelTargetPatterns_ibfk_3` FOREIGN KEY (`brandId`) REFERENCES `Brands` (`id`) ON DELETE CASCADE
) ENGINE=InnoDB AUTO_INCREMENT=85644 DEFAULT CHARSET=utf8 COMMENT='[entity][rest]';
/*!40101 SET character_set_client = @saved_cs_client */;

--
-- Dumping data for table `PricingPlansRelTargetPatterns`
--

LOCK TABLES `PricingPlansRelTargetPatterns` WRITE;
/*!40000 ALTER TABLE `PricingPlansRelTargetPatterns` DISABLE KEYS */;
/*!40000 ALTER TABLE `PricingPlansRelTargetPatterns` ENABLE KEYS */;
UNLOCK TABLES;

--
-- Table structure for table `ProxyTrunks`
--

DROP TABLE IF EXISTS `ProxyTrunks`;
/*!40101 SET @saved_cs_client     = @@character_set_client */;
/*!40101 SET character_set_client = utf8 */;
CREATE TABLE `ProxyTrunks` (
  `id` int(10) unsigned NOT NULL AUTO_INCREMENT,
  `name` varchar(100) DEFAULT NULL,
  `ip` varchar(50) NOT NULL,
  PRIMARY KEY (`id`),
  UNIQUE KEY `ip` (`ip`)
) ENGINE=InnoDB AUTO_INCREMENT=2 DEFAULT CHARSET=utf8 COMMENT='[entity][rest]';
/*!40101 SET character_set_client = @saved_cs_client */;

--
-- Dumping data for table `ProxyTrunks`
--

LOCK TABLES `ProxyTrunks` WRITE;
/*!40000 ALTER TABLE `ProxyTrunks` DISABLE KEYS */;
INSERT INTO `ProxyTrunks` VALUES (1,'proxytrunks','185.23.37.204');
/*!40000 ALTER TABLE `ProxyTrunks` ENABLE KEYS */;
UNLOCK TABLES;

--
-- Table structure for table `ProxyUsers`
--

DROP TABLE IF EXISTS `ProxyUsers`;
/*!40101 SET @saved_cs_client     = @@character_set_client */;
/*!40101 SET character_set_client = utf8 */;
CREATE TABLE `ProxyUsers` (
  `id` int(10) unsigned NOT NULL AUTO_INCREMENT,
  `name` varchar(100) DEFAULT NULL,
  `ip` varchar(50) DEFAULT NULL,
  PRIMARY KEY (`id`),
  UNIQUE KEY `ip` (`ip`)
) ENGINE=InnoDB AUTO_INCREMENT=2 DEFAULT CHARSET=utf8 COMMENT='[entity][rest]';
/*!40101 SET character_set_client = @saved_cs_client */;

--
-- Dumping data for table `ProxyUsers`
--

LOCK TABLES `ProxyUsers` WRITE;
/*!40000 ALTER TABLE `ProxyUsers` DISABLE KEYS */;
INSERT INTO `ProxyUsers` VALUES (1,'proxyusers','185.23.37.205');
/*!40000 ALTER TABLE `ProxyUsers` ENABLE KEYS */;
UNLOCK TABLES;

--
-- Table structure for table `QueueMembers`
--

DROP TABLE IF EXISTS `QueueMembers`;
/*!40101 SET @saved_cs_client     = @@character_set_client */;
/*!40101 SET character_set_client = utf8 */;
CREATE TABLE `QueueMembers` (
  `id` int(10) unsigned NOT NULL AUTO_INCREMENT,
  `queueId` int(10) unsigned DEFAULT NULL,
  `userId` int(10) unsigned DEFAULT NULL,
  `penalty` int(11) DEFAULT NULL,
  PRIMARY KEY (`id`),
  KEY `queueId` (`queueId`),
  KEY `userId` (`userId`),
  CONSTRAINT `QueueMembers_ibfk_1` FOREIGN KEY (`queueId`) REFERENCES `Queues` (`id`) ON DELETE CASCADE,
  CONSTRAINT `QueueMembers_ibfk_2` FOREIGN KEY (`userId`) REFERENCES `Users` (`id`) ON DELETE CASCADE
) ENGINE=InnoDB DEFAULT CHARSET=utf8 COMMENT='[entity][rest]';
/*!40101 SET character_set_client = @saved_cs_client */;

--
-- Dumping data for table `QueueMembers`
--

LOCK TABLES `QueueMembers` WRITE;
/*!40000 ALTER TABLE `QueueMembers` DISABLE KEYS */;
/*!40000 ALTER TABLE `QueueMembers` ENABLE KEYS */;
UNLOCK TABLES;

--
-- Table structure for table `Queues`
--

DROP TABLE IF EXISTS `Queues`;
/*!40101 SET @saved_cs_client     = @@character_set_client */;
/*!40101 SET character_set_client = utf8 */;
CREATE TABLE `Queues` (
  `id` int(10) unsigned NOT NULL AUTO_INCREMENT,
  `companyId` int(10) unsigned NOT NULL,
  `name` varchar(128) DEFAULT NULL,
  `maxWaitTime` int(11) DEFAULT NULL,
  `timeoutLocutionId` int(10) unsigned DEFAULT NULL,
  `timeoutTargetType` varchar(25) DEFAULT NULL COMMENT '[enum:number|extension|voicemail]',
  `timeoutNumberValue` varchar(25) DEFAULT NULL,
  `timeoutExtensionId` int(10) unsigned DEFAULT NULL,
  `timeoutVoiceMailUserId` int(10) unsigned DEFAULT NULL,
  `maxlen` int(11) DEFAULT NULL,
  `fullLocutionId` int(10) unsigned DEFAULT NULL,
  `fullTargetType` varchar(25) DEFAULT NULL COMMENT '[enum:number|extension|voicemail]',
  `fullNumberValue` varchar(25) DEFAULT NULL,
  `fullExtensionId` int(10) unsigned DEFAULT NULL,
  `fullVoiceMailUserId` int(10) unsigned DEFAULT NULL,
  `periodicAnnounceLocutionId` int(10) unsigned DEFAULT NULL,
  `periodicAnnounceFrequency` int(11) DEFAULT NULL,
  `memberCallRest` int(11) DEFAULT NULL,
  `memberCallTimeout` int(11) DEFAULT NULL,
  `strategy` enum('ringall','leastrecent','fewestcalls','random','rrmemory','linear','wrandom','rrordered') DEFAULT NULL,
  `weight` int(11) DEFAULT NULL,
  PRIMARY KEY (`id`),
  UNIQUE KEY `company_queuename` (`companyId`,`name`),
  KEY `companyId` (`companyId`),
  KEY `periodicAnnounceLocutionId` (`periodicAnnounceLocutionId`),
  KEY `timeoutLocutionId` (`timeoutLocutionId`),
  KEY `timeoutExtensionId` (`timeoutExtensionId`),
  KEY `timeoutVoiceMailUserId` (`timeoutVoiceMailUserId`),
  KEY `fullLocutionId` (`fullLocutionId`),
  KEY `fullExtensionId` (`fullExtensionId`),
  KEY `fullVoiceMailUserId` (`fullVoiceMailUserId`),
  CONSTRAINT `Queues_ibfk_1` FOREIGN KEY (`companyId`) REFERENCES `Companies` (`id`) ON DELETE CASCADE,
  CONSTRAINT `Queues_ibfk_2` FOREIGN KEY (`periodicAnnounceLocutionId`) REFERENCES `Locutions` (`id`) ON DELETE SET NULL,
  CONSTRAINT `Queues_ibfk_3` FOREIGN KEY (`timeoutLocutionId`) REFERENCES `Locutions` (`id`) ON DELETE SET NULL,
  CONSTRAINT `Queues_ibfk_4` FOREIGN KEY (`timeoutExtensionId`) REFERENCES `Extensions` (`id`) ON DELETE SET NULL,
  CONSTRAINT `Queues_ibfk_5` FOREIGN KEY (`timeoutVoiceMailUserId`) REFERENCES `Users` (`id`) ON DELETE SET NULL,
  CONSTRAINT `Queues_ibfk_6` FOREIGN KEY (`fullLocutionId`) REFERENCES `Locutions` (`id`) ON DELETE SET NULL,
  CONSTRAINT `Queues_ibfk_7` FOREIGN KEY (`fullExtensionId`) REFERENCES `Extensions` (`id`) ON DELETE SET NULL,
  CONSTRAINT `Queues_ibfk_8` FOREIGN KEY (`fullVoiceMailUserId`) REFERENCES `Users` (`id`) ON DELETE SET NULL
) ENGINE=InnoDB DEFAULT CHARSET=utf8 COMMENT='[entity][rest]';
/*!40101 SET character_set_client = @saved_cs_client */;

--
-- Dumping data for table `Queues`
--

LOCK TABLES `Queues` WRITE;
/*!40000 ALTER TABLE `Queues` DISABLE KEYS */;
/*!40000 ALTER TABLE `Queues` ENABLE KEYS */;
UNLOCK TABLES;

--
-- Table structure for table `Recordings`
--

DROP TABLE IF EXISTS `Recordings`;
/*!40101 SET @saved_cs_client     = @@character_set_client */;
/*!40101 SET character_set_client = utf8 */;
CREATE TABLE `Recordings` (
  `id` int(10) unsigned NOT NULL AUTO_INCREMENT,
  `companyId` int(10) unsigned NOT NULL,
  `callid` varchar(255) DEFAULT NULL,
  `calldate` timestamp NOT NULL DEFAULT CURRENT_TIMESTAMP,
  `type` enum('ondemand','ddi') NOT NULL DEFAULT 'ddi' COMMENT '[enum:ondemand|ddi]',
  `duration` float(10,3) NOT NULL DEFAULT '0.000',
  `caller` varchar(128) DEFAULT NULL,
  `callee` varchar(128) DEFAULT NULL,
  `recorder` varchar(128) DEFAULT NULL,
  `recordedFileFileSize` int(11) unsigned DEFAULT NULL COMMENT '[FSO:keepExtension]',
  `recordedFileMimeType` varchar(80) DEFAULT NULL,
  `recordedFileBaseName` varchar(255) DEFAULT NULL,
  PRIMARY KEY (`id`),
  KEY `companyId` (`companyId`),
  CONSTRAINT `Recordings_ibfk_1` FOREIGN KEY (`companyId`) REFERENCES `Companies` (`id`) ON DELETE CASCADE
) ENGINE=InnoDB AUTO_INCREMENT=538 DEFAULT CHARSET=utf8 COMMENT='[entity][rest]';
/*!40101 SET character_set_client = @saved_cs_client */;

--
-- Dumping data for table `Recordings`
--

LOCK TABLES `Recordings` WRITE;
/*!40000 ALTER TABLE `Recordings` DISABLE KEYS */;
INSERT INTO `Recordings` VALUES (1,3,'141a24ee-792a-4b79-9841-36a35a6a4b18','2016-11-24 19:04:14','ondemand',38.000,'1001','1007','1007',86576,'audio/mpeg; charset=binary','141a24ee-792a-4b79-9841-36a35a6a4b18.0.mp3'),(2,3,'141a24ee-792a-4b79-9841-36a35a6a4b18','2016-11-24 19:05:10','ondemand',34.000,'1001','1007','1007',93488,'audio/mpeg; charset=binary','141a24ee-792a-4b79-9841-36a35a6a4b18.1.mp3'),(3,3,'8c110e18-d4594b21@10.10.1.123','2017-01-18 15:48:15','ondemand',26.000,'1007','676216531','1007',67136,'audio/mpeg; charset=binary','8c110e18-d4594b21@10.10.1.123.0.mp3'),(4,7,'b7700e04-b5e0bda4@192.168.56.67','2017-02-06 09:36:10','ondemand',8.000,'213','915578204','213',24368,'audio/mpeg; charset=binary','b7700e04-b5e0bda4@192.168.56.67.0.mp3'),(5,7,'1c10ba40-c0101b88@192.168.56.67','2017-02-06 09:41:29','ondemand',0.000,'213','915578204','213',11624,'audio/mpeg; charset=binary','1c10ba40-c0101b88@192.168.56.67.0.mp3'),(6,7,'1c10ba40-c0101b88@192.168.56.67','2017-02-06 09:42:16','ondemand',191.000,'213','915578204','213',574736,'audio/mpeg; charset=binary','1c10ba40-c0101b88@192.168.56.67.1.mp3'),(7,7,'d8a7f6f0-905c063b@192.168.56.87','2017-02-10 11:02:34','ondemand',10.000,'213','917911283','213',29768,'audio/mpeg; charset=binary','d8a7f6f0-905c063b@192.168.56.87.0.mp3'),(8,7,'c9e974ba-96a6b5d6@192.168.56.87','2017-02-10 11:04:02','ondemand',40.000,'213','917911283','213',119408,'audio/mpeg; charset=binary','c9e974ba-96a6b5d6@192.168.56.87.0.mp3'),(9,7,'c9e974ba-96a6b5d6@192.168.56.87','2017-02-10 11:05:11','ondemand',21.000,'213','917911283','213',64328,'audio/mpeg; charset=binary','c9e974ba-96a6b5d6@192.168.56.87.1.mp3'),(10,7,'365f0dd5-fd9f2b28@192.168.56.87','2017-02-10 11:06:14','ondemand',8.000,'213','917911283','213',24584,'audio/mpeg; charset=binary','365f0dd5-fd9f2b28@192.168.56.87.0.mp3'),(11,7,'f03ca23-7fb4e57f@192.168.56.87','2017-02-24 11:04:02','ondemand',0.000,'213','917911283','213',13568,'audio/mpeg; charset=binary','f03ca23-7fb4e57f@192.168.56.87.0.mp3'),(12,7,'4f0d615a-1838a3b0@192.168.56.87','2017-02-27 11:01:06','ondemand',10.000,'213','917911283','213',30632,'audio/mpeg; charset=binary','4f0d615a-1838a3b0@192.168.56.87.0.mp3'),(36,3,'57d942ca5155b09c542018ac4b44f2c9@sarevoz.com','2017-04-10 09:47:52','ddi',14.000,'34944048182','34946941176',NULL,40136,'audio/mpeg; charset=binary','57d942ca5155b09c542018ac4b44f2c9@sarevoz.com.0.mp3'),(48,3,'0d54cd04-a94b-41b2-9ba3-41ba4c1652e0','2017-04-11 09:51:00','ddi',22.000,'34946941176','34676216531',NULL,66920,'audio/mpeg; charset=binary','0d54cd04-a94b-41b2-9ba3-41ba4c1652e0.0.mp3'),(49,3,'df20mi1eme443mbxgb14efd22e31ffdb@SoftX3000','2017-04-11 09:51:34','ddi',21.000,'34676216531','34946941176',NULL,63248,'audio/mpeg; charset=binary','df20mi1eme443mbxgb14efd22e31ffdb@SoftX3000.0.mp3'),(50,3,'be45a80d-de4f-4d32-8d64-24eb84b443c5','2017-04-11 09:57:48','ondemand',15.000,'1001','1007','1007',43376,'audio/mpeg; charset=binary','be45a80d-de4f-4d32-8d64-24eb84b443c5.0.mp3'),(57,3,'3x02c3gbgkcicacm1fe12x0dcm20ge3i@SoftX3000','2017-04-11 17:11:22','ddi',548.000,'34655749416','34946941176',NULL,548168,'audio/mpeg; charset=binary','3x02c3gbgkcicacm1fe12x0dcm20ge3i@SoftX3000.0.mp3'),(60,6,'d2c80236-ae46-48ac-8e61-e7b8f190f151','2017-04-12 09:22:38','ddi',4841.000,'34902042800','34912900757',NULL,4840880,'audio/mpeg; charset=binary','d2c80236-ae46-48ac-8e61-e7b8f190f151.0.mp3'),(61,7,'5a352ce5-436f7852@192.168.56.64','2017-04-19 13:27:01','ondemand',0.000,'209','649888709','209',5864,'audio/mpeg; charset=binary','5a352ce5-436f7852@192.168.56.64.0.mp3'),(62,3,'43494241-de1b-4e95-9ba5-b33eed50c173','2017-04-19 16:59:38','ddi',0.000,'34946941176','34946941176',NULL,3056,'audio/mpeg; charset=binary','43494241-de1b-4e95-9ba5-b33eed50c173.0.mp3'),(63,3,'a7666a59-27e4-4e8d-b96d-2d205cbafb5f','2017-04-19 16:59:39','ddi',0.000,'34946941176','34946941176',NULL,4208,'audio/mpeg; charset=binary','a7666a59-27e4-4e8d-b96d-2d205cbafb5f.0.mp3'),(64,3,'510649be-7de0-4f6f-bc19-551749c3154d','2017-04-19 17:27:51','ddi',0.000,'34946941176','34946941176',NULL,3128,'audio/mpeg; charset=binary','510649be-7de0-4f6f-bc19-551749c3154d.0.mp3'),(65,3,'b6a3b69b-4cd8-454a-b631-fdff5c0b3ae6','2017-04-19 17:27:51','ddi',0.000,'34946941176','34946941176',NULL,3344,'audio/mpeg; charset=binary','b6a3b69b-4cd8-454a-b631-fdff5c0b3ae6.0.mp3'),(66,3,'6d28f545-ffb5-4ae0-becc-593c4b43c7f1','2017-04-19 17:29:40','ddi',14.000,'34946941176','34946941176',NULL,13784,'audio/mpeg; charset=binary','6d28f545-ffb5-4ae0-becc-593c4b43c7f1.0.mp3'),(67,3,'002a2093-76a6-4868-91af-7a4892ca5442','2017-04-19 17:29:40','ddi',15.000,'34946941176','34946941176',NULL,14864,'audio/mpeg; charset=binary','002a2093-76a6-4868-91af-7a4892ca5442.0.mp3'),(68,3,'e64f31f1-ee36-49f1-98cd-1f4e196e1bc1','2017-04-20 09:41:24','ddi',39.000,'34946941176','34931870316',NULL,38984,'audio/mpeg; charset=binary','e64f31f1-ee36-49f1-98cd-1f4e196e1bc1.0.mp3'),(69,3,'6ff652ae-cec8-486e-928e-156d6de75a69','2017-04-20 09:42:15','ddi',0.000,'34946941176','34931870316',NULL,4064,'audio/mpeg; charset=binary','6ff652ae-cec8-486e-928e-156d6de75a69.0.mp3'),(70,3,'c3dae7dc-3f0f-471a-8538-3aa44737b3ea','2017-04-20 10:31:50','ddi',14.000,'34946941176','34946941176',NULL,13640,'audio/mpeg; charset=binary','c3dae7dc-3f0f-471a-8538-3aa44737b3ea.0.mp3'),(71,3,'5b1f209a-d015-43ad-a853-c1472eb46d0f','2017-04-20 10:31:50','ddi',14.000,'34946941176','34946941176',NULL,13856,'audio/mpeg; charset=binary','5b1f209a-d015-43ad-a853-c1472eb46d0f.0.mp3'),(72,3,'2182c8845a5529916ec51a4320a4a56e@sarevoz.com','2017-04-20 14:00:03','ddi',0.000,'34944048182','34946941176',NULL,6080,'audio/mpeg; charset=binary','2182c8845a5529916ec51a4320a4a56e@sarevoz.com.0.mp3'),(73,3,'16db9e950806df5d7ce7ac9b69c1b46f@sarevoz.com','2017-04-20 14:00:40','ddi',0.000,'34944048182','34946941176',NULL,3056,'audio/mpeg; charset=binary','16db9e950806df5d7ce7ac9b69c1b46f@sarevoz.com.0.mp3'),(74,3,'2798d07966ba52920a5df37a387bb25a@sarevoz.com','2017-04-20 14:00:53','ddi',24.000,'34944048182','34946941176',NULL,24296,'audio/mpeg; charset=binary','2798d07966ba52920a5df37a387bb25a@sarevoz.com.0.mp3'),(75,3,'7ca645c27e0e53872b5ceac306d923cc@sarevoz.com','2017-04-20 14:17:49','ddi',34.000,'34944048182','34946941176',NULL,33944,'audio/mpeg; charset=binary','7ca645c27e0e53872b5ceac306d923cc@sarevoz.com.0.mp3'),(76,3,'0dafb9185c12a5792c281b7306523720@sarevoz.com','2017-04-20 16:37:46','ddi',17.000,'34944048182','34946941176',NULL,16376,'audio/mpeg; charset=binary','0dafb9185c12a5792c281b7306523720@sarevoz.com.0.mp3'),(77,7,'836abc76-12cd7f0c@192.168.56.64','2017-04-21 11:32:51','ondemand',14.000,'209','649888709','209',14504,'audio/mpeg; charset=binary','836abc76-12cd7f0c@192.168.56.64.0.mp3'),(78,7,'836abc76-12cd7f0c@192.168.56.64','2017-04-21 11:33:20','ondemand',0.000,'209','649888709','209',4208,'audio/mpeg; charset=binary','836abc76-12cd7f0c@192.168.56.64.1.mp3'),(79,7,'141351_rel51YmYwYmVjMTkxMGMxMzdlNjI0OGViMjJiYjg0OTc2Nzk','2017-04-21 11:37:08','ondemand',11.000,'208','915762200','208',11912,'audio/mpeg; charset=binary','141351_rel51YmYwYmVjMTkxMGMxMzdlNjI0OGViMjJiYjg0OTc2Nzk.0.mp3'),(80,3,'869629d7-1313-43bd-87d2-3770e2792fe9','2017-04-24 10:15:02','ddi',678.000,'34946941176','34981129080',NULL,679136,'audio/mpeg; charset=binary','869629d7-1313-43bd-87d2-3770e2792fe9.0.mp3'),(81,3,'4a7800e7-e98f-4874-b1ad-303d6481ecd0','2017-05-02 17:32:24','ddi',0.000,'34946941176','34676216531',NULL,2912,'audio/mpeg; charset=binary','4a7800e7-e98f-4874-b1ad-303d6481ecd0.0.mp3'),(82,3,'x21ammxkk3cee0m1xig4dmmdiba3242g@SoftX3000','2017-05-02 17:32:36','ddi',0.000,'34676216531','34946941176',NULL,3056,'audio/mpeg; charset=binary','x21ammxkk3cee0m1xig4dmmdiba3242g@SoftX3000.0.mp3'),(83,3,'92729e1a-0cf5-445c-81bd-10e96ed00fc4','2017-05-02 17:32:47','ddi',0.000,'34946941176','34946941176',NULL,2480,'audio/mpeg; charset=binary','92729e1a-0cf5-445c-81bd-10e96ed00fc4.0.mp3'),(84,3,'3b8a17ed-1bed-4f20-9a47-987ea77bc240','2017-05-02 17:32:48','ddi',0.000,'34946941176','34946941176',NULL,2768,'audio/mpeg; charset=binary','3b8a17ed-1bed-4f20-9a47-987ea77bc240.0.mp3'),(85,3,'22c25f2c5b1ecabd022b323965381a8a@sarevoz.com','2017-05-03 17:22:49','ddi',0.000,'34944048182','34946941176',NULL,3416,'audio/mpeg; charset=binary','22c25f2c5b1ecabd022b323965381a8a@sarevoz.com.0.mp3'),(86,3,'00d7d75b4ab8a3f811921d2d338cd892@sarevoz.com','2017-05-03 17:23:06','ddi',0.000,'34944048182','34946941176',NULL,3416,'audio/mpeg; charset=binary','00d7d75b4ab8a3f811921d2d338cd892@sarevoz.com.0.mp3'),(87,3,'21a95d7531dfd9c2663c0f33580f9335@sarevoz.com','2017-05-03 17:24:02','ddi',0.000,'34944048182','34946941176',NULL,3416,'audio/mpeg; charset=binary','21a95d7531dfd9c2663c0f33580f9335@sarevoz.com.0.mp3'),(88,3,'03cc4202-3e24-440e-9cf8-416fa03d3c78','2017-05-04 11:17:30','ddi',0.000,'34946946946','34946941176',NULL,4496,'audio/mpeg; charset=binary','03cc4202-3e24-440e-9cf8-416fa03d3c78.0.mp3'),(89,3,'0e3d1a48-1e68-48f5-bae1-2db8cc3070a6','2017-05-04 11:20:21','ddi',0.000,'34946946946','34946941176',NULL,4496,'audio/mpeg; charset=binary','0e3d1a48-1e68-48f5-bae1-2db8cc3070a6.0.mp3'),(90,3,'xedd033kmk2agd4cxde43efbgakdce4m@SoftX3000','2017-05-04 14:24:51','ddi',0.000,'34946941176','34946941176',NULL,3416,'audio/mpeg; charset=binary','xedd033kmk2agd4cxde43efbgakdce4m@SoftX3000.0.mp3'),(91,3,'36bd1031-6faf-41f4-ba15-f07c759bc1c5','2017-05-04 14:59:15','ddi',0.000,'34946941239','34946941176',NULL,4496,'audio/mpeg; charset=binary','36bd1031-6faf-41f4-ba15-f07c759bc1c5.0.mp3'),(92,3,'c9cb109c-51b6-4f4e-a3c1-f71aea565131','2017-05-08 13:46:35','ddi',0.000,'34946946946','34946941176',NULL,4496,'audio/mpeg; charset=binary','c9cb109c-51b6-4f4e-a3c1-f71aea565131.0.mp3'),(93,3,'6981d12a-eaba-403e-ad62-8ae2903eca9d','2017-05-08 13:51:35','ddi',0.000,'34946946946','34946941176',NULL,4496,'audio/mpeg; charset=binary','6981d12a-eaba-403e-ad62-8ae2903eca9d.0.mp3'),(94,3,'167d0fda-dd76-4c39-bca8-650a69e2ffed','2017-05-08 13:54:49','ddi',0.000,'34946946946','34946941176',NULL,4496,'audio/mpeg; charset=binary','167d0fda-dd76-4c39-bca8-650a69e2ffed.0.mp3'),(95,3,'b29138fc-de13-43dc-8460-b62e2fd18ce9','2017-05-08 13:58:58','ddi',0.000,'34946946946','34946941176',NULL,4496,'audio/mpeg; charset=binary','b29138fc-de13-43dc-8460-b62e2fd18ce9.0.mp3'),(96,3,'9b02e3ee-ba00-4a73-81d4-01b4b42154df','2017-05-08 14:01:28','ddi',0.000,'34946946946','34946941176',NULL,4496,'audio/mpeg; charset=binary','9b02e3ee-ba00-4a73-81d4-01b4b42154df.0.mp3'),(97,3,'4728fcf2-1f34-4f2a-8959-cb3ffdda9632','2017-05-08 14:06:16','ddi',0.000,'34946946946','34946941176',NULL,4496,'audio/mpeg; charset=binary','4728fcf2-1f34-4f2a-8959-cb3ffdda9632.0.mp3'),(98,3,'8e1d5764-7d92-4f85-8a7c-919560577c2a','2017-05-08 14:17:07','ddi',0.000,'34946946946','34946941176',NULL,4496,'audio/mpeg; charset=binary','8e1d5764-7d92-4f85-8a7c-919560577c2a.0.mp3'),(99,3,'3be98764-69b2-4269-b67b-7f48bb45b589','2017-05-08 14:17:31','ddi',0.000,'34946946946','34946941176',NULL,4496,'audio/mpeg; charset=binary','3be98764-69b2-4269-b67b-7f48bb45b589.0.mp3'),(100,3,'505db2a9-c80f-436a-a715-94fdcb427c86','2017-05-08 14:18:55','ddi',0.000,'34946946946','34946941176',NULL,4496,'audio/mpeg; charset=binary','505db2a9-c80f-436a-a715-94fdcb427c86.0.mp3'),(101,3,'258275c8-98fc-4592-911d-1b41c92219a1','2017-05-08 15:23:19','ddi',0.000,'34946946946','34946941176',NULL,4568,'audio/mpeg; charset=binary','258275c8-98fc-4592-911d-1b41c92219a1.0.mp3'),(103,3,'5d9c4ee3-812a-4933-850f-6f03f3195c5e','2017-05-09 09:57:27','ddi',0.000,'34910770056','34946941176',NULL,4496,'audio/mpeg; charset=binary','5d9c4ee3-812a-4933-850f-6f03f3195c5e.0.mp3'),(104,3,'b89f9160-fa8c-4fb8-999c-64cae0f71a88','2017-05-09 10:02:24','ddi',0.000,'34910770056','34946941176',NULL,4496,'audio/mpeg; charset=binary','b89f9160-fa8c-4fb8-999c-64cae0f71a88.0.mp3'),(106,3,'dddc305c-3c69-40de-8fcf-f4958203c2ef','2017-05-09 10:06:14','ddi',0.000,'34910770056','34946941176',NULL,4496,'audio/mpeg; charset=binary','dddc305c-3c69-40de-8fcf-f4958203c2ef.0.mp3'),(107,3,'7447a980-190f-4342-802c-b15dec90acaf','2017-05-09 10:09:51','ddi',0.000,'34910770056','34946941176',NULL,4496,'audio/mpeg; charset=binary','7447a980-190f-4342-802c-b15dec90acaf.0.mp3'),(110,7,'141351_rel51NzU2ZDI0N2U1MDVmODA2YmE0YzM3NDQzMzcxNjg1YjA','2017-05-17 12:07:20','ondemand',13.000,'208','200','208',12632,'audio/mpeg; charset=binary','141351_rel51NzU2ZDI0N2U1MDVmODA2YmE0YzM3NDQzMzcxNjg1YjA.0.mp3'),(111,7,'141351_rel51Y2UxNmEwMzg0ZGIzOGJiYTAwNDM0OWM4ZTllN2Y1YTM','2017-05-17 12:07:50','ondemand',9.000,'208','200','208',9104,'audio/mpeg; charset=binary','141351_rel51Y2UxNmEwMzg0ZGIzOGJiYTAwNDM0OWM4ZTllN2Y1YTM.0.mp3'),(112,7,'141351_rel51NTM2N2ZkNzJhZjgxYWI4MWM1MWU0YTEwNWFhZWNkODY','2017-05-17 12:09:19','ondemand',9.000,'208','201','208',9968,'audio/mpeg; charset=binary','141351_rel51NTM2N2ZkNzJhZjgxYWI4MWM1MWU0YTEwNWFhZWNkODY.0.mp3'),(113,7,'141351_rel51ZmZjMWUyOTQ4YzUyMDYzZGFhZWJkZTMyZDZmYmQ5YTk','2017-05-17 12:10:14','ondemand',0.000,'208','201','208',2840,'audio/mpeg; charset=binary','141351_rel51ZmZjMWUyOTQ4YzUyMDYzZGFhZWJkZTMyZDZmYmQ5YTk.0.mp3'),(114,7,'53c84358-be204150@192.168.56.81','2017-05-17 13:20:59','ondemand',0.000,'202','**','202',3704,'audio/mpeg; charset=binary','53c84358-be204150@192.168.56.81.0.mp3'),(116,3,'cmciaak0031bggbdfgfge3dika0imfa4@SoftX3000','2017-05-22 12:44:27','ddi',0.000,'34917910651','34946941176',NULL,3488,'audio/mpeg; charset=binary','cmciaak0031bggbdfgfge3dika0imfa4@SoftX3000.0.mp3'),(328,3,'iam123c11f10gmbfg43aba4mfc0fgbe2@SoftX3000','2017-05-25 14:08:14','ddi',0.000,'34917910651','34946941176',NULL,3488,'audio/mpeg; charset=binary','iam123c11f10gmbfg43aba4mfc0fgbe2@SoftX3000.0.mp3'),(355,11,'fkg3gc1ddx3m3mifbefxmc1cim43xf30@SoftX3000','2017-05-26 12:05:54','ddi',226.000,'33481923000','34910770078',NULL,226472,'audio/mpeg; charset=binary','fkg3gc1ddx3m3mifbefxmc1cim43xf30@SoftX3000.0.mp3'),(356,3,'fgce2bx3cd023m431ke23f2embmmcada@SoftX3000','2017-05-29 16:36:51','ddi',0.000,'34655749416','34946941176',NULL,3488,'audio/mpeg; charset=binary','fgce2bx3cd023m431ke23f2embmmcada@SoftX3000.0.mp3'),(357,3,'ac5f5aed-d295-4089-827d-d9f84c68a8b0','2017-05-29 16:37:46','ddi',462.000,'34946941176','34655749416',NULL,463280,'audio/mpeg; charset=binary','ac5f5aed-d295-4089-827d-d9f84c68a8b0.0.mp3'),(358,3,'20570290-f84f-4920-8c7d-4480a55e367c','2017-05-29 17:01:23','ddi',528.000,'34946941176','34655749416',NULL,528224,'audio/mpeg; charset=binary','20570290-f84f-4920-8c7d-4480a55e367c.0.mp3'),(359,3,'f6a5fe91-9a7b-43c5-86c1-7a97a9145673','2017-05-30 07:18:20','ddi',571.000,'34946941176','34655749416',NULL,571136,'audio/mpeg; charset=binary','f6a5fe91-9a7b-43c5-86c1-7a97a9145673.0.mp3'),(360,3,'86140c8c-8592-45b6-ac28-b3f8ce72a81f','2017-05-30 07:46:11','ddi',117.000,'34946941176','34655749416',NULL,117536,'audio/mpeg; charset=binary','86140c8c-8592-45b6-ac28-b3f8ce72a81f.0.mp3'),(361,3,'e29e55fa-0f89-4182-887f-c23413b276db','2017-05-30 08:08:21','ddi',67.000,'34946941176','34655749416',NULL,67784,'audio/mpeg; charset=binary','e29e55fa-0f89-4182-887f-c23413b276db.0.mp3'),(362,3,'4ba21992-f69c-4480-9ce8-76d43cad78e2','2017-05-31 10:31:51','ddi',491.000,'34946941176','34655749416',NULL,490856,'audio/mpeg; charset=binary','4ba21992-f69c-4480-9ce8-76d43cad78e2.0.mp3'),(364,3,'b0207693-f454-4d4c-a1a5-6282fe02181f','2017-06-06 15:40:39','ddi',8.000,'34946941176','34676216531',NULL,7880,'audio/mpeg; charset=binary','b0207693-f454-4d4c-a1a5-6282fe02181f.0.mp3'),(365,3,'e456a583-876d0b34@10.10.1.123','2017-06-27 08:37:01','ondemand',6.000,'1007','676216531','1007',6008,'audio/mpeg; charset=binary','e456a583-876d0b34@10.10.1.123.0.mp3'),(367,3,'497858f54808dc0531c3378952b866a5@sarevoz.com','2017-06-26 13:57:42','ddi',2.000,'34944048182','34946941176',NULL,2048,'audio/mpeg; charset=binary','497858f54808dc0531c3378952b866a5@sarevoz.com.0.mp3'),(368,3,'g1bxcfk141kkeexf3m41kf32aidc4kkx@SoftX3000','2017-06-26 14:04:16','ddi',31.000,'34946073491','34946941176',NULL,31352,'audio/mpeg; charset=binary','g1bxcfk141kkeexf3m41kf32aidc4kkx@SoftX3000.0.mp3'),(369,3,'7cc4cb91-c375-40e1-9f99-0511278f7c77','2017-06-26 15:15:09','ondemand',3.000,'1002','1001','1001',3416,'audio/mpeg; charset=binary','7cc4cb91-c375-40e1-9f99-0511278f7c77.0.mp3'),(370,3,'2413226806@10.10.1.238','2017-06-27 08:35:09','ondemand',8.000,'1001','676216531','1001',8240,'audio/mpeg; charset=binary','2413226806@10.10.1.238.0.mp3'),(371,3,'3ee96674-2f7e-4822-a0e9-088faf449713','2017-06-12 18:12:09','ddi',4.000,'34946941176','34676216531',NULL,3704,'audio/mpeg; charset=binary','3ee96674-2f7e-4822-a0e9-088faf449713.0.mp3'),(372,3,'dc4afd022kk10g11x3b24dcicbccba1k@SoftX3000','2017-06-12 18:12:48','ddi',3.000,'34676216531','34946941176',NULL,3128,'audio/mpeg; charset=binary','dc4afd022kk10g11x3b24dcicbccba1k@SoftX3000.0.mp3'),(373,3,'06689035-8d2d-4657-9f35-0438cbc3d611','2017-06-12 18:13:04','ddi',3.000,'34946941176','34946941176',NULL,2768,'audio/mpeg; charset=binary','06689035-8d2d-4657-9f35-0438cbc3d611.0.mp3'),(374,3,'b0320105-d419-409f-8ec5-d1648a882beb','2017-06-12 18:13:04','ddi',3.000,'34946941176','34946941176',NULL,2768,'audio/mpeg; charset=binary','b0320105-d419-409f-8ec5-d1648a882beb.0.mp3'),(375,3,'15211f89-6c6b-4efb-882f-b47b4422d2ec','2017-06-14 15:50:00','ddi',453.000,'34946941176','34655749416',NULL,452624,'audio/mpeg; charset=binary','15211f89-6c6b-4efb-882f-b47b4422d2ec.0.mp3'),(378,3,'2f21ex11xf30gabax2dmka4f34f3ixim@SoftX3000','2017-06-16 11:24:54','ddi',33.000,'34946073491','34946941176',NULL,32720,'audio/mpeg; charset=binary','2f21ex11xf30gabax2dmka4f34f3ixim@SoftX3000.0.mp3'),(379,3,'683f6e8335e5b1f903d5baa4126d92af@sarevoz.com','2017-06-16 11:27:26','ddi',62.000,'34944048141','34946941176',NULL,62888,'audio/mpeg; charset=binary','683f6e8335e5b1f903d5baa4126d92af@sarevoz.com.0.mp3'),(380,3,'40a0cbbe0c7cbb9035edaa236b7494dd@sarevoz.com','2017-06-16 11:29:43','ddi',65.000,'34944048141','34946941176',NULL,69440,'audio/mpeg; charset=binary','40a0cbbe0c7cbb9035edaa236b7494dd@sarevoz.com.0.mp3'),(381,3,'2f9e6de04b1206683cb3e8d132f27e7b@sarevoz.com','2017-06-16 11:31:57','ddi',59.000,'34944048141','34946941176',NULL,58784,'audio/mpeg; charset=binary','2f9e6de04b1206683cb3e8d132f27e7b@sarevoz.com.0.mp3'),(382,3,'03c46a7b-8277-4c49-a678-733c60975dfc','2017-06-20 09:26:39','ddi',13.000,'34946941176','34655749416',NULL,13136,'audio/mpeg; charset=binary','03c46a7b-8277-4c49-a678-733c60975dfc.0.mp3'),(383,7,'6d2dbabf-2bab685b@192.168.56.52','2017-06-23 11:27:01','ondemand',23.000,'208','649888709','208',23144,'audio/mpeg; charset=binary','6d2dbabf-2bab685b@192.168.56.52.0.mp3'),(384,3,'b443d4a9-d3eb-4629-8cde-798b927c55ea','2017-06-23 16:13:36','ddi',24.000,'34946941176','34676216531',NULL,24008,'audio/mpeg; charset=binary','b443d4a9-d3eb-4629-8cde-798b927c55ea.0.mp3'),(386,3,'838ad7e9-0cdb-4f08-88de-fb9648a71397','2017-06-27 08:35:04','ddi',18.000,'34946941176','34676216531',NULL,18032,'audio/mpeg; charset=binary','838ad7e9-0cdb-4f08-88de-fb9648a71397.0.mp3'),(387,3,'1295398130@10.10.1.238','2017-06-27 08:36:32','ondemand',8.000,'1001','676216531','1001',8744,'audio/mpeg; charset=binary','1295398130@10.10.1.238.0.mp3'),(388,3,'2770450a-50cf-4435-9087-4d9be53c2bb7','2017-06-27 08:36:27','ddi',17.000,'34946941176','34676216531',NULL,17168,'audio/mpeg; charset=binary','2770450a-50cf-4435-9087-4d9be53c2bb7.0.mp3'),(389,3,'70e8d1b1-8df9-4b42-bfce-649d538df725','2017-06-27 08:38:11','ddi',32.000,'34946941176','34676216531',NULL,32360,'audio/mpeg; charset=binary','70e8d1b1-8df9-4b42-bfce-649d538df725.0.mp3'),(390,3,'89b167f3-3613dea2@10.10.1.123','2017-06-27 08:39:07','ondemand',5.000,'1007','1001','1007',5288,'audio/mpeg; charset=binary','89b167f3-3613dea2@10.10.1.123.0.mp3'),(391,3,'1cc25ec8-002a-4554-a776-1c9f4a390970','2017-06-27 08:39:46','ondemand',7.000,'1007','1001','1001',6728,'audio/mpeg; charset=binary','1cc25ec8-002a-4554-a776-1c9f4a390970.0.mp3'),(392,3,'1cc25ec8-002a-4554-a776-1c9f4a390970','2017-06-27 08:39:46','ondemand',7.000,'1007','1001','1001',6728,'audio/mpeg; charset=binary','1cc25ec8-002a-4554-a776-1c9f4a390970.1.mp3'),(393,3,'1cc25ec8-002a-4554-a776-1c9f4a390970','2017-06-27 08:40:18','ondemand',27.000,'1007','1001','1001',27248,'audio/mpeg; charset=binary','1cc25ec8-002a-4554-a776-1c9f4a390970.2.mp3'),(394,7,'79c3e30c-5038d3e@192.168.56.52','2017-06-28 12:58:26','ondemand',9.000,'208','207','208',8672,'audio/mpeg; charset=binary','79c3e30c-5038d3e@192.168.56.52.0.mp3'),(395,3,'1639396147@10.10.0.139','2017-06-28 13:13:05','ondemand',10.000,'1009','1001','1009',10328,'audio/mpeg; charset=binary','1639396147@10.10.0.139.0.mp3'),(396,3,'976775904@10.10.0.139','2017-06-28 13:18:38','ondemand',40.000,'1009','1001','1009',39704,'audio/mpeg; charset=binary','976775904@10.10.0.139.0.mp3'),(397,3,'962e4f2a-f642-444a-b735-9c711225e9d6','2017-06-28 14:50:48','ondemand',30.000,'1007','1001','1001',30056,'audio/mpeg; charset=binary','962e4f2a-f642-444a-b735-9c711225e9d6.0.mp3'),(398,7,'41af16b9-90be1720@192.168.56.52','2017-06-29 09:04:56','ondemand',8.000,'208','207','208',9032,'audio/mpeg; charset=binary','41af16b9-90be1720@192.168.56.52.0.mp3'),(399,7,'db28109a-a6421bca@192.168.56.52','2017-06-29 09:06:13','ondemand',10.000,'208','649888709','208',10616,'audio/mpeg; charset=binary','db28109a-a6421bca@192.168.56.52.0.mp3'),(400,3,'c3fd306e-1160-4a6e-8a69-62f8b72549e2','2017-06-29 18:38:19','ddi',0.000,'34946941176','34676216531',NULL,2984,'audio/mpeg; charset=binary','c3fd306e-1160-4a6e-8a69-62f8b72549e2.0.mp3'),(401,3,'mg30f3ffkbdx3eede1mb3f40f3m1mbeb@SoftX3000','2017-06-29 18:38:34','ddi',0.000,'34676216531','34946941176',NULL,3488,'audio/mpeg; charset=binary','mg30f3ffkbdx3eede1mb3f40f3m1mbeb@SoftX3000.0.mp3'),(402,3,'g1fd4xge31cd2afi13b314k4e2i02eck@SoftX3000','2017-06-29 18:39:44','ddi',0.000,'34676216531','34946941176',NULL,3776,'audio/mpeg; charset=binary','g1fd4xge31cd2afi13b314k4e2i02eck@SoftX3000.0.mp3'),(404,3,'410372200@10.10.1.238','2017-06-30 14:37:13','ondemand',12.000,'1001','1007','1001',12128,'audio/mpeg; charset=binary','410372200@10.10.1.238.0.mp3'),(405,3,'410372200@10.10.1.238','2017-06-30 14:37:46','ondemand',13.000,'1001','1007','1001',13136,'audio/mpeg; charset=binary','410372200@10.10.1.238.1.mp3'),(406,3,'4232673130@10.10.0.139','2017-06-30 14:41:41','ondemand',12.000,'1009','1001','1009',11480,'audio/mpeg; charset=binary','4232673130@10.10.0.139.0.mp3'),(407,3,'0cd71a7b-6959-46a7-bb0b-6a4466d0bfea','2017-06-27 08:37:01','ddi',9.000,'34946941176','34676216531',NULL,9392,'audio/mpeg; charset=binary','0cd71a7b-6959-46a7-bb0b-6a4466d0bfea.0.mp3'),(408,3,'1001577717@10.10.0.139','2017-06-28 11:35:38','ondemand',5.000,'1009','1001','1009',5216,'audio/mpeg; charset=binary','1001577717@10.10.0.139.0.mp3'),(409,7,'141351_rel51YWE4MjI3YWQzMmM2YzBlMzE4NDU3OGZlY2FlYzg0YWU','2017-04-21 11:35:51','ondemand',13.000,'208','915762200','208',13208,'audio/mpeg; charset=binary','141351_rel51YWE4MjI3YWQzMmM2YzBlMzE4NDU3OGZlY2FlYzg0YWU.0.mp3'),(410,3,'1620269654@10.10.1.238','2017-06-26 15:15:09','ondemand',5.000,'1002','1001','1002',5360,'audio/mpeg; charset=binary','1620269654@10.10.1.238.0.mp3'),(411,7,'6b04b874-8755b05@192.168.56.52','2017-06-29 14:59:18','ondemand',5.000,'208','649888709','208',5360,'audio/mpeg; charset=binary','6b04b874-8755b05@192.168.56.52.0.mp3'),(412,3,'749705413@10.10.1.238','2017-06-26 15:08:27','ondemand',15.000,'1002','1001','1002',14792,'audio/mpeg; charset=binary','749705413@10.10.1.238.0.mp3'),(413,7,'9743ca88-8ad1ebc8@192.168.56.52','2017-06-28 14:20:27','ondemand',9.000,'208','205','208',9968,'audio/mpeg; charset=binary','9743ca88-8ad1ebc8@192.168.56.52.0.mp3'),(414,3,'9d90b312-d30c85a5@10.10.1.123','2017-06-27 08:39:46','ondemand',5.000,'1007','1001','1007',5504,'audio/mpeg; charset=binary','9d90b312-d30c85a5@10.10.1.123.0.mp3'),(415,7,'bd6a7c00-5b38-472b-87cf-1158d26d8105','2017-06-26 15:08:28','ondemand',14.000,'208','200','200',14648,'audio/mpeg; charset=binary','bd6a7c00-5b38-472b-87cf-1158d26d8105.0.mp3'),(416,7,'c30af339-53114b50@192.168.56.52','2017-06-28 12:56:47','ondemand',16.000,'208','649888709','208',15872,'audio/mpeg; charset=binary','c30af339-53114b50@192.168.56.52.0.mp3'),(417,3,'d0c58587-b693-49ce-a6ff-b78606fa5d9f','2017-06-30 14:33:41','ondemand',14.000,'1007','1001','1001',13928,'audio/mpeg; charset=binary','d0c58587-b693-49ce-a6ff-b78606fa5d9f.0.mp3'),(418,7,'e2cd9452-a9ecea11@192.168.56.52','2017-06-23 11:19:17','ondemand',7.000,'208','649888709','208',7304,'audio/mpeg; charset=binary','e2cd9452-a9ecea11@192.168.56.52.0.mp3'),(419,3,'eeed4c76-4e37f480@10.10.1.123','2017-06-27 08:38:12','ondemand',6.000,'1007','676216531','1007',6008,'audio/mpeg; charset=binary','eeed4c76-4e37f480@10.10.1.123.0.mp3'),(420,7,'f5dc898d-9331a56e@192.168.56.52','2017-06-23 11:53:35','ondemand',7.000,'208','915762200','208',7664,'audio/mpeg; charset=binary','f5dc898d-9331a56e@192.168.56.52.0.mp3'),(421,3,'3896234142@10.10.0.139','2017-06-30 14:47:06','ondemand',3.000,'1009','1001','1009',3560,'audio/mpeg; charset=binary','3896234142@10.10.0.139.0.mp3'),(422,3,'307729788@10.10.1.238','2017-06-30 14:48:51','ondemand',0.000,'1001','1007','1001',5360,'audio/mpeg; charset=binary','307729788@10.10.1.238.0.mp3'),(423,3,'3687007678@10.10.0.139','2017-06-30 14:51:48','ondemand',6.000,'1009','1001','1009',6368,'audio/mpeg; charset=binary','3687007678@10.10.0.139.0.mp3'),(424,3,'804540184@10.10.0.139','2017-07-03 13:45:38','ondemand',0.000,'1009','1001','1009',6728,'audio/mpeg; charset=binary','804540184@10.10.0.139.0.mp3'),(425,3,'804540184@10.10.0.139','2017-07-03 13:45:49','ondemand',0.000,'1009','1001','1009',5360,'audio/mpeg; charset=binary','804540184@10.10.0.139.1.mp3'),(426,3,'1709020140@10.10.0.139','2017-07-03 14:20:26','ondemand',5.000,'1009','1001','1009',4928,'audio/mpeg; charset=binary','1709020140@10.10.0.139.0.mp3'),(427,3,'2221293736@10.10.0.139','2017-07-03 14:21:46','ondemand',0.000,'1009','1001','1009',5504,'audio/mpeg; charset=binary','2221293736@10.10.0.139.0.mp3'),(428,3,'2221293736@10.10.0.139','2017-07-03 14:22:07','ondemand',0.000,'1009','1001','1009',6080,'audio/mpeg; charset=binary','2221293736@10.10.0.139.1.mp3'),(429,3,'2221293736@10.10.0.139','2017-07-03 14:22:18','ondemand',0.000,'1009','1001','1009',5000,'audio/mpeg; charset=binary','2221293736@10.10.0.139.2.mp3'),(430,3,'2221293736@10.10.0.139','2017-07-03 14:22:27','ondemand',0.000,'1009','1001','1009',4136,'audio/mpeg; charset=binary','2221293736@10.10.0.139.3.mp3'),(431,3,'0e80cc9d49bbc0180d248b5548a714b3@sarevoz.com','2017-07-03 14:47:05','ddi',0.000,'34944048182','34946941176',NULL,6368,'audio/mpeg; charset=binary','0e80cc9d49bbc0180d248b5548a714b3@sarevoz.com.0.mp3'),(432,3,'43fc7afa0a95ede03b3af10f0659a65d@sarevoz.com','2017-07-03 14:47:24','ddi',0.000,'34944048182','34946941176',NULL,2264,'audio/mpeg; charset=binary','43fc7afa0a95ede03b3af10f0659a65d@sarevoz.com.0.mp3'),(433,3,'017a8b8506aecd8840fe0c6e012484a7@sarevoz.com','2017-07-03 14:47:48','ddi',0.000,'34944048182','34946941176',NULL,1976,'audio/mpeg; charset=binary','017a8b8506aecd8840fe0c6e012484a7@sarevoz.com.0.mp3'),(434,3,'2022032703@10.10.0.139','2017-07-03 15:19:16','ondemand',0.000,'1009','1001','1009',3848,'audio/mpeg; charset=binary','2022032703@10.10.0.139.0.mp3'),(435,3,'649820957@10.10.0.139','2017-07-03 15:24:15','ondemand',0.000,'1009','1001','1009',3488,'audio/mpeg; charset=binary','649820957@10.10.0.139.0.mp3'),(436,3,'1201162396@10.10.0.139','2017-07-03 15:24:49','ondemand',2.000,'1009','1001','1009',1976,'audio/mpeg; charset=binary','1201162396@10.10.0.139.0.mp3'),(437,3,'1201162396@10.10.0.139','2017-07-03 15:24:53','ondemand',2.000,'1009','1001','1009',1904,'audio/mpeg; charset=binary','1201162396@10.10.0.139.1.mp3'),(438,3,'1201162396@10.10.0.139','2017-07-03 15:24:57','ondemand',0.000,'1009','1001','1009',1472,'audio/mpeg; charset=binary','1201162396@10.10.0.139.2.mp3'),(439,3,'1201162396@10.10.0.139','2017-07-03 15:25:01','ondemand',0.000,'1009','1001','1009',1544,'audio/mpeg; charset=binary','1201162396@10.10.0.139.3.mp3'),(440,3,'1201162396@10.10.0.139','2017-07-03 15:25:02','ondemand',1.000,'1009','1001','1009',1256,'audio/mpeg; charset=binary','1201162396@10.10.0.139.4.mp3'),(441,3,'1201162396@10.10.0.139','2017-07-03 15:25:04','ondemand',1.000,'1009','1001','1009',1256,'audio/mpeg; charset=binary','1201162396@10.10.0.139.5.mp3'),(442,3,'1201162396@10.10.0.139','2017-07-03 15:25:08','ondemand',0.000,'1009','1001','1009',2336,'audio/mpeg; charset=binary','1201162396@10.10.0.139.6.mp3'),(443,3,'405623743@10.10.1.238','2017-07-03 15:25:38','ondemand',0.000,'1002','1001','1002',5360,'audio/mpeg; charset=binary','405623743@10.10.1.238.0.mp3'),(444,3,'870668b2-b8a4-48d2-9168-110c19a7cf95','2017-07-03 15:28:01','ondemand',11.000,'1002','1001','1001',11480,'audio/mpeg; charset=binary','870668b2-b8a4-48d2-9168-110c19a7cf95.0.mp3'),(445,3,'870668b2-b8a4-48d2-9168-110c19a7cf95','2017-07-03 15:28:35','ondemand',0.000,'1002','1001','1001',5648,'audio/mpeg; charset=binary','870668b2-b8a4-48d2-9168-110c19a7cf95.1.mp3'),(446,3,'870668b2-b8a4-48d2-9168-110c19a7cf95','2017-07-03 15:28:52','ondemand',12.000,'1002','1001','1001',11696,'audio/mpeg; charset=binary','870668b2-b8a4-48d2-9168-110c19a7cf95.2.mp3'),(447,3,'2009830887@10.10.1.238','2017-07-03 15:28:07','ondemand',72.000,'1002','1001','1002',71960,'audio/mpeg; charset=binary','2009830887@10.10.1.238.0.mp3'),(448,3,'870668b2-b8a4-48d2-9168-110c19a7cf95','2017-07-03 15:29:12','ondemand',17.000,'1002','1001','1001',17528,'audio/mpeg; charset=binary','870668b2-b8a4-48d2-9168-110c19a7cf95.3.mp3'),(449,3,'2009830887@10.10.1.238','2017-07-03 15:29:29','ondemand',8.000,'1002','1001','1002',9608,'audio/mpeg; charset=binary','2009830887@10.10.1.238.1.mp3'),(450,3,'2163aa86-71dc-48a3-9c62-b67d83ad075c','2017-07-03 15:30:49','ondemand',0.000,'1002','1001','1001',6728,'audio/mpeg; charset=binary','2163aa86-71dc-48a3-9c62-b67d83ad075c.0.mp3'),(451,3,'8e5b9cfe-4977-4eb6-b4c7-37a5aa781d56','2017-07-03 15:32:35','ondemand',0.000,'1002','1001','1001',6584,'audio/mpeg; charset=binary','8e5b9cfe-4977-4eb6-b4c7-37a5aa781d56.0.mp3'),(452,3,'1398692136@10.10.1.238','2017-07-03 16:41:58','ondemand',6.000,'1001','1002','1001',6584,'audio/mpeg; charset=binary','1398692136@10.10.1.238.0.mp3'),(453,3,'1398692136@10.10.1.238','2017-07-03 16:42:20','ondemand',9.000,'1001','1002','1001',9464,'audio/mpeg; charset=binary','1398692136@10.10.1.238.1.mp3'),(454,3,'ea1bbe20-f432-40ef-855f-28338929fb87','2017-07-03 16:46:05','ondemand',4.000,'1001','1002','1002',3488,'audio/mpeg; charset=binary','ea1bbe20-f432-40ef-855f-28338929fb87.0.mp3'),(455,3,'ea1bbe20-f432-40ef-855f-28338929fb87','2017-07-03 16:46:11','ondemand',10.000,'1001','1002','1002',9968,'audio/mpeg; charset=binary','ea1bbe20-f432-40ef-855f-28338929fb87.1.mp3'),(456,3,'1361986101@10.10.1.238','2017-07-03 16:47:46','ondemand',48.000,'1001','1002','1001',49280,'audio/mpeg; charset=binary','1361986101@10.10.1.238.0.mp3'),(457,3,'847160971@10.10.1.238','2017-07-04 13:40:25','ondemand',8.000,'1001','1002','1001',7664,'audio/mpeg; charset=binary','847160971@10.10.1.238.0.mp3'),(458,3,'847160971@10.10.1.238','2017-07-04 13:40:41','ondemand',0.000,'1001','1002','1001',4784,'audio/mpeg; charset=binary','847160971@10.10.1.238.1.mp3'),(459,3,'847160971@10.10.1.238','2017-07-04 13:40:48','ondemand',0.000,'1001','1002','1001',3488,'audio/mpeg; charset=binary','847160971@10.10.1.238.2.mp3'),(460,3,'847160971@10.10.1.238','2017-07-04 13:40:51','ondemand',15.000,'1001','1002','1001',14720,'audio/mpeg; charset=binary','847160971@10.10.1.238.3.mp3'),(461,3,'02f96931-9d1d-4ba3-a1d4-429a8e2131c2','2017-07-04 13:40:54','ondemand',18.000,'1001','1002','1002',18896,'audio/mpeg; charset=binary','02f96931-9d1d-4ba3-a1d4-429a8e2131c2.0.mp3'),(462,3,'02f96931-9d1d-4ba3-a1d4-429a8e2131c2','2017-07-04 13:41:24','ondemand',0.000,'1001','1002','1002',5072,'audio/mpeg; charset=binary','02f96931-9d1d-4ba3-a1d4-429a8e2131c2.1.mp3'),(463,3,'847160971@10.10.1.238','2017-07-04 13:41:25','ondemand',0.000,'1001','1002','1001',5216,'audio/mpeg; charset=binary','847160971@10.10.1.238.4.mp3'),(464,3,'847160971@10.10.1.238','2017-07-04 13:41:36','ondemand',0.000,'1001','1002','1001',6872,'audio/mpeg; charset=binary','847160971@10.10.1.238.5.mp3'),(465,3,'02f96931-9d1d-4ba3-a1d4-429a8e2131c2','2017-07-04 13:41:30','ondemand',6.000,'1001','1002','1002',6944,'audio/mpeg; charset=binary','02f96931-9d1d-4ba3-a1d4-429a8e2131c2.2.mp3'),(466,3,'02f96931-9d1d-4ba3-a1d4-429a8e2131c2','2017-07-04 13:41:48','ondemand',0.000,'1001','1002','1002',5936,'audio/mpeg; charset=binary','02f96931-9d1d-4ba3-a1d4-429a8e2131c2.3.mp3'),(467,3,'847160971@10.10.1.238','2017-07-04 13:41:48','ondemand',0.000,'1001','1002','1001',5936,'audio/mpeg; charset=binary','847160971@10.10.1.238.6.mp3'),(468,3,'847160971@10.10.1.238','2017-07-04 13:41:59','ondemand',0.000,'1001','1002','1001',3560,'audio/mpeg; charset=binary','847160971@10.10.1.238.7.mp3'),(469,3,'02f96931-9d1d-4ba3-a1d4-429a8e2131c2','2017-07-04 13:41:59','ondemand',0.000,'1001','1002','1002',3560,'audio/mpeg; charset=binary','02f96931-9d1d-4ba3-a1d4-429a8e2131c2.4.mp3'),(470,3,'3436885022@10.10.1.238','2017-07-04 16:22:19','ondemand',0.000,'1002','1001','1002',5216,'audio/mpeg; charset=binary','3436885022@10.10.1.238.0.mp3'),(471,3,'3436885022@10.10.1.238','2017-07-04 16:22:28','ondemand',0.000,'1002','1001','1002',5648,'audio/mpeg; charset=binary','3436885022@10.10.1.238.1.mp3'),(472,3,'3436885022@10.10.1.238','2017-07-04 16:22:35','ondemand',0.000,'1002','1001','1002',4064,'audio/mpeg; charset=binary','3436885022@10.10.1.238.2.mp3'),(473,3,'3436885022@10.10.1.238','2017-07-04 16:22:42','ondemand',8.000,'1002','1001','1002',8528,'audio/mpeg; charset=binary','3436885022@10.10.1.238.3.mp3'),(474,3,'3436885022@10.10.1.238','2017-07-04 16:23:00','ondemand',0.000,'1002','1001','1002',5072,'audio/mpeg; charset=binary','3436885022@10.10.1.238.4.mp3'),(475,7,'e3d5384f-258a24aa@192.168.56.52','2017-07-05 13:43:02','ondemand',8.000,'208','649888709','208',8672,'audio/mpeg; charset=binary','e3d5384f-258a24aa@192.168.56.52.0.mp3'),(476,7,'2cfcd8b-be8050be@192.168.56.52','2017-07-05 13:44:21','ondemand',7.000,'208','649888709','208',7088,'audio/mpeg; charset=binary','2cfcd8b-be8050be@192.168.56.52.0.mp3'),(477,3,'f1984bd0-4f6e-4b38-8d3a-1039cb1d6f14','2017-07-05 16:07:30','ddi',0.000,'34946941176','34676216531',NULL,2624,'audio/mpeg; charset=binary','f1984bd0-4f6e-4b38-8d3a-1039cb1d6f14.0.mp3'),(478,3,'g4b44abk44aag0d0mx0ixabm3a3aexak@SoftX3000','2017-07-05 16:08:25','ddi',0.000,'34676216531','34946941176',NULL,2336,'audio/mpeg; charset=binary','g4b44abk44aag0d0mx0ixabm3a3aexak@SoftX3000.0.mp3'),(479,3,'37dff85d-c184-4ec9-b6be-5d357184039d','2017-07-05 17:12:09','ddi',169.000,'34946941176','34676216531',NULL,169664,'audio/mpeg; charset=binary','37dff85d-c184-4ec9-b6be-5d357184039d.0.mp3'),(480,3,'40bc1bebcf334ee331kxme3k0cf2dd3k@SoftX3000','2017-07-05 17:15:09','ddi',0.000,'34676216531','34946941176',NULL,2840,'audio/mpeg; charset=binary','40bc1bebcf334ee331kxme3k0cf2dd3k@SoftX3000.0.mp3'),(481,7,'7ec8db-91b41dd5@192.168.56.72','2017-08-07 10:14:49','ondemand',8.000,'212','*95200','212',8096,'audio/mpeg; charset=binary','7ec8db-91b41dd5@192.168.56.72.0.mp3'),(482,7,'8c17a4bc-3fec61e3@192.168.56.55','2017-08-07 16:36:13','ondemand',33.000,'206','917882020','206',32648,'audio/mpeg; charset=binary','8c17a4bc-3fec61e3@192.168.56.55.0.mp3'),(483,3,'fd3acc15-53e8-4bd6-ae1e-eb1d4f058263','2017-08-07 17:45:26','ddi',3.747,'34946941176','34676216531',NULL,3704,'audio/mpeg; charset=binary','fd3acc15-53e8-4bd6-ae1e-eb1d4f058263.0.mp3'),(484,3,'012fae3kc13dgcbdixb1cdbeacda1cxg@SoftX3000','2017-08-07 17:45:48','ddi',3.675,'34676216531','34946941176',NULL,3632,'audio/mpeg; charset=binary','012fae3kc13dgcbdixb1cdbeacda1cxg@SoftX3000.0.mp3'),(485,7,'57ed7468-c960-47f8-b5d4-49c282d8085e','2017-08-10 11:48:59','ondemand',17.222,'200','212','212',17168,'audio/mpeg; charset=binary','57ed7468-c960-47f8-b5d4-49c282d8085e.0.mp3'),(486,3,'64d900b1-a1d5-45f6-b439-64c0d485c640','2017-09-01 09:22:49','ddi',4.826,'34946941176','34676216531',NULL,4784,'audio/mpeg; charset=binary','64d900b1-a1d5-45f6-b439-64c0d485c640.0.mp3'),(487,7,'5b262bfd-f829f637@192.168.50.193','2017-09-05 08:36:38','ondemand',39.653,'207','915561242','207',39488,'audio/mpeg; charset=binary','5b262bfd-f829f637@192.168.50.193.0.mp3'),(488,7,'31ff6606-689b91e4@192.168.50.193','2017-09-05 08:49:56','ondemand',304.491,'207','913745315','207',303008,'audio/mpeg; charset=binary','31ff6606-689b91e4@192.168.50.193.0.mp3'),(492,7,'cb29967d-f3e8d56a@192.168.50.194','2017-09-12 15:09:13','ondemand',538.431,'206','913108130','206',535784,'audio/mpeg; charset=binary','cb29967d-f3e8d56a@192.168.50.194.0.mp3'),(493,7,'e07d3a3b-2229caf8@192.168.50.193','2017-09-13 08:10:20','ondemand',42.909,'207','913745315','207',42728,'audio/mpeg; charset=binary','e07d3a3b-2229caf8@192.168.50.193.0.mp3'),(494,7,'349ca9ec-b51dc6bb@192.168.50.193','2017-09-13 08:16:20','ondemand',107.020,'207','915561242','207',106520,'audio/mpeg; charset=binary','349ca9ec-b51dc6bb@192.168.50.193.0.mp3'),(495,7,'c6e47336-3a125355@192.168.50.194','2017-09-14 14:49:45','ondemand',104.560,'206','0035226055221','206',104072,'audio/mpeg; charset=binary','c6e47336-3a125355@192.168.50.194.0.mp3'),(496,7,'cd5663cc-354d037@192.168.50.193','2017-09-14 14:56:43','ondemand',62.664,'207','915561242','207',62384,'audio/mpeg; charset=binary','cd5663cc-354d037@192.168.50.193.0.mp3'),(497,7,'2028f4d6-cfd17cf2@192.168.50.194','2017-09-15 11:12:26','ondemand',177.282,'206','917691149','206',176432,'audio/mpeg; charset=binary','2028f4d6-cfd17cf2@192.168.50.194.0.mp3'),(498,7,'3a0af8c2-14bbad88@192.168.50.184','2017-09-21 08:00:51','ondemand',8.497,'209','649888709','209',8456,'audio/mpeg; charset=binary','3a0af8c2-14bbad88@192.168.50.184.0.mp3'),(499,7,'f7a765ac-d2c34d3a@192.168.50.184','2017-09-21 08:03:12','ondemand',8.569,'209','649888709','209',8528,'audio/mpeg; charset=binary','f7a765ac-d2c34d3a@192.168.50.184.0.mp3'),(500,7,'e3654e62-37830672@192.168.50.192','2017-09-21 08:05:04','ondemand',4.466,'208','649888709','208',4424,'audio/mpeg; charset=binary','e3654e62-37830672@192.168.50.192.0.mp3'),(501,7,'eeb7edac-edeb-42bd-95df-50a4c4a8d11b','2017-09-21 13:57:22','ondemand',79.668,'201','206','206',79304,'audio/mpeg; charset=binary','eeb7edac-edeb-42bd-95df-50a4c4a8d11b.0.mp3'),(502,3,'d2416288-11aa-4c4b-8dac-3b0347b976f9','2017-09-21 14:02:42','ddi',3.603,'34946941176','34676216531',NULL,3560,'audio/mpeg; charset=binary','d2416288-11aa-4c4b-8dac-3b0347b976f9.0.mp3'),(503,3,'b9ea6c92-1bc1-4c86-846a-8670de936a0c','2017-09-24 20:53:43','ddi',7.993,'34946941176','34676216531',NULL,7952,'audio/mpeg; charset=binary','b9ea6c92-1bc1-4c86-846a-8670de936a0c.0.mp3'),(504,3,'c020efeeec2fi0bf0bicea4mbxdfdi0f@SoftX3000','2017-09-24 20:54:06','ddi',5.258,'34676216531','34946941176',NULL,5216,'audio/mpeg; charset=binary','c020efeeec2fi0bf0bicea4mbxdfdi0f@SoftX3000.0.mp3'),(505,3,'090bb1e3-5f09-4c80-9680-57328a2bc2c5','2017-09-24 21:07:05','ddi',6.482,'34946941176','34676216531',NULL,6440,'audio/mpeg; charset=binary','090bb1e3-5f09-4c80-9680-57328a2bc2c5.0.mp3'),(506,3,'ddkd4gmf13130g0mfcibdf1dd0gamd0k@SoftX3000','2017-09-24 21:07:24','ddi',5.042,'34676216531','34946941176',NULL,5000,'audio/mpeg; charset=binary','ddkd4gmf13130g0mfcibdf1dd0gamd0k@SoftX3000.0.mp3'),(507,3,'d943f682-ad3f-4ca9-96fd-37df9a0dbd06','2017-09-24 21:15:41','ddi',4.682,'34946941176','34676216531',NULL,4640,'audio/mpeg; charset=binary','d943f682-ad3f-4ca9-96fd-37df9a0dbd06.0.mp3'),(508,3,'bf44e02ece2f1i3dim03cka3g04m041k@SoftX3000','2017-09-24 21:15:59','ddi',5.186,'34676216531','34946941176',NULL,5144,'audio/mpeg; charset=binary','bf44e02ece2f1i3dim03cka3g04m041k@SoftX3000.0.mp3'),(509,7,'8ac3900e-8b142ff1@192.168.50.184','2017-09-25 10:52:42','ondemand',372.437,'209','019','209',370616,'audio/mpeg; charset=binary','8ac3900e-8b142ff1@192.168.50.184.0.mp3'),(510,3,'5b6d6894-0a18-44bd-aabf-11e163e49d39','2017-09-25 16:18:02','ddi',9.577,'34946941176','34944048182',NULL,9536,'audio/mpeg; charset=binary','5b6d6894-0a18-44bd-aabf-11e163e49d39.0.mp3'),(511,3,'84a42fde-dda4-48c5-9c59-d610dafb0aa2','2017-09-25 16:19:14','ddi',9.145,'34946941176','34944048182',NULL,9104,'audio/mpeg; charset=binary','84a42fde-dda4-48c5-9c59-d610dafb0aa2.0.mp3'),(512,3,'b31a8bc9-bb93-4245-af7e-c9b56dca0da3','2017-09-25 16:21:10','ddi',8.065,'34946941176','34944048182',NULL,8024,'audio/mpeg; charset=binary','b31a8bc9-bb93-4245-af7e-c9b56dca0da3.0.mp3'),(513,3,'00389e25-4257-4c98-9193-36bec05c0168','2017-09-25 16:21:43','ddi',5.978,'34946941176','34944048182',NULL,5936,'audio/mpeg; charset=binary','00389e25-4257-4c98-9193-36bec05c0168.0.mp3'),(514,3,'13041085-f3f1-439c-b148-bb2c2be48faa','2017-09-25 16:23:35','ddi',5.258,'34946941176','34902240070',NULL,5216,'audio/mpeg; charset=binary','13041085-f3f1-439c-b148-bb2c2be48faa.0.mp3'),(515,3,'1e179e65-c894-401a-983b-f9f7583bc382','2017-09-26 13:07:57','ddi',20.984,'34946941176','34932703705',NULL,20912,'audio/mpeg; charset=binary','1e179e65-c894-401a-983b-f9f7583bc382.0.mp3'),(516,3,'5b732d39-8398-47a7-9727-e80b9ef2bb98','2017-09-26 13:12:16','ddi',14.041,'34946941176','34981569080',NULL,14000,'audio/mpeg; charset=binary','5b732d39-8398-47a7-9727-e80b9ef2bb98.0.mp3'),(517,3,'01cb0fd9-fdf6-4107-9670-140ab93f4f5a','2017-09-26 13:12:35','ddi',12.745,'34946941176','34981569080',NULL,12704,'audio/mpeg; charset=binary','01cb0fd9-fdf6-4107-9670-140ab93f4f5a.0.mp3'),(518,3,'8fbe0386-b9ab-4bea-bc91-ea4c99147fb4','2017-09-27 11:51:39','ddi',3.028,'34946941176','34944048182',NULL,2984,'audio/mpeg; charset=binary','8fbe0386-b9ab-4bea-bc91-ea4c99147fb4.0.mp3'),(519,3,'2a924a02-0bbf-408f-925c-d263e6da7c32','2017-09-27 15:09:57','ddi',25.615,'34946941176','34932703705',NULL,25520,'audio/mpeg; charset=binary','2a924a02-0bbf-408f-925c-d263e6da7c32.0.mp3'),(520,3,'b03a09a9-574e-4533-b7ef-9ff6f3134152','2017-09-27 18:07:01','ddi',7.130,'34946941176','34981573481',NULL,7088,'audio/mpeg; charset=binary','b03a09a9-574e-4533-b7ef-9ff6f3134152.0.mp3'),(521,7,'8ffc367b-d97eeabb@192.168.50.184','2017-09-28 12:17:26','ondemand',61.651,'209','029','209',61376,'audio/mpeg; charset=binary','8ffc367b-d97eeabb@192.168.50.184.0.mp3'),(522,7,'66a7d8ab-c13492ef@192.168.50.184','2017-09-28 15:16:27','ondemand',180.538,'209','025','209',179672,'audio/mpeg; charset=binary','66a7d8ab-c13492ef@192.168.50.184.0.mp3'),(524,7,'ea922da0-5135-4291-83db-0cebd57d88e8','2017-10-02 10:39:20','ondemand',6.410,'200','208','208',6368,'audio/mpeg; charset=binary','ea922da0-5135-4291-83db-0cebd57d88e8.0.mp3'),(525,19,'228e82c8-20f7-49f0-b390-dbb56df19cd1','2017-10-17 15:28:27','ddi',11.449,'34910770149','34609175650',NULL,11408,'audio/mpeg; charset=binary','228e82c8-20f7-49f0-b390-dbb56df19cd1.0.mp3'),(526,19,'1be291a5-e3c3-4c01-9f1b-cb1b841f6bb5','2017-10-17 15:29:05','ddi',19.175,'34910770149','34609175650',NULL,19112,'audio/mpeg; charset=binary','1be291a5-e3c3-4c01-9f1b-cb1b841f6bb5.0.mp3'),(527,19,'kak3b1abifi1cix2be0mx40cgbbimxde@SoftX3000','2017-10-17 15:29:54','ddi',9.361,'34609175650','34910770149',NULL,9320,'audio/mpeg; charset=binary','kak3b1abifi1cix2be0mx40cgbbimxde@SoftX3000.0.mp3'),(528,19,'5bf35534-5f2a-4bee-ae6d-9e1b2b8f61fd','2017-10-17 15:30:34','ddi',5.330,'34910770148','34699059581',NULL,5288,'audio/mpeg; charset=binary','5bf35534-5f2a-4bee-ae6d-9e1b2b8f61fd.0.mp3'),(529,19,'2gcammadic2d01kx4fcemaf3ckekd2bb@SoftX3000','2017-10-18 15:49:57','ddi',341.539,'34917015705','34910770149',NULL,339872,'audio/mpeg; charset=binary','2gcammadic2d01kx4fcemaf3ckekd2bb@SoftX3000.0.mp3'),(530,3,'6176beeb-9926-4e21-9bf5-502b400f2784','2017-10-19 15:02:39','ddi',6.266,'34946941176','376872000',NULL,6224,'audio/mpeg; charset=binary','6176beeb-9926-4e21-9bf5-502b400f2784.0.mp3'),(531,3,'538859a3-4ab6-44c1-8966-40fc42e560b6','2017-10-19 15:03:04','ddi',4.610,'34946941176','34944048182',NULL,4568,'audio/mpeg; charset=binary','538859a3-4ab6-44c1-8966-40fc42e560b6.0.mp3'),(532,19,'2fimkadbf300cxbbf4fkffmecdg0b1bf@SoftX3000','2017-10-23 07:38:51','ddi',21.563,'34950250665','34910770149',NULL,21488,'audio/mpeg; charset=binary','2fimkadbf300cxbbf4fkffmecdg0b1bf@SoftX3000.0.mp3'),(533,19,'k23gfdb1k4mcixxa4112x4ib14bfe2mg@SoftX3000','2017-10-23 09:25:55','ddi',4.323,'85229776000','34910770149',NULL,4280,'audio/mpeg; charset=binary','k23gfdb1k4mcixxa4112x4ib14bfe2mg@SoftX3000.0.mp3'),(534,19,'gf11ikc3emgbk0g1cag2433i41ficg0x@SoftX3000','2017-10-23 09:26:16','ddi',298.630,'85229776000','34910770149',NULL,297176,'audio/mpeg; charset=binary','gf11ikc3emgbk0g1cag2433i41ficg0x@SoftX3000.0.mp3'),(535,19,'0e3d258b-4a83-4ec1-be53-100fe7093bab','2017-10-23 13:55:21','ddi',488.213,'34910770148','442035257571',NULL,485816,'audio/mpeg; charset=binary','0e3d258b-4a83-4ec1-be53-100fe7093bab.0.mp3'),(536,7,'af1ba22a-72e807da@192.168.50.184','2017-10-24 15:26:14','ondemand',127.426,'209','021','209',126824,'audio/mpeg; charset=binary','af1ba22a-72e807da@192.168.50.184.0.mp3'),(537,7,'57b50dd5-67465ae0@192.168.50.184','2017-10-24 15:50:56','ondemand',90.378,'209','021','209',89960,'audio/mpeg; charset=binary','57b50dd5-67465ae0@192.168.50.184.0.mp3');
/*!40000 ALTER TABLE `Recordings` ENABLE KEYS */;
UNLOCK TABLES;

--
-- Table structure for table `RetailAccounts`
--

DROP TABLE IF EXISTS `RetailAccounts`;
/*!40101 SET @saved_cs_client     = @@character_set_client */;
/*!40101 SET character_set_client = utf8 */;
CREATE TABLE `RetailAccounts` (
  `id` int(10) unsigned NOT NULL AUTO_INCREMENT,
  `brandId` int(10) unsigned NOT NULL,
  `companyId` int(10) unsigned NOT NULL,
  `name` varchar(65) NOT NULL,
  `domain` varchar(190) DEFAULT NULL,
  `description` varchar(500) NOT NULL DEFAULT '',
  `transport` varchar(25) NOT NULL COMMENT '[enum:udp|tcp|tls]',
  `ip` varchar(50) DEFAULT NULL,
  `port` smallint(5) unsigned DEFAULT NULL,
  `auth_needed` enum('yes','no') NOT NULL DEFAULT 'yes',
  `password` varchar(64) DEFAULT NULL,
  `countryId` int(10) unsigned DEFAULT NULL,
  `areaCode` varchar(10) DEFAULT NULL,
  `outgoingDDIId` int(10) unsigned DEFAULT NULL,
  `disallow` varchar(200) NOT NULL DEFAULT 'all',
  `allow` varchar(200) NOT NULL DEFAULT 'alaw',
  `direct_media_method` enum('invite','update') NOT NULL DEFAULT 'update' COMMENT '[enum:invite|update]',
  `callerid_update_header` enum('pai','rpid') NOT NULL DEFAULT 'pai' COMMENT '[enum:pai|rpid]',
  `update_callerid` enum('yes','no') NOT NULL DEFAULT 'yes' COMMENT '[enum:yes|no]',
  `from_domain` varchar(190) DEFAULT NULL,
  `directConnectivity` enum('yes','no') NOT NULL DEFAULT 'yes' COMMENT '[enum:yes|no]',
  `languageId` int(10) unsigned DEFAULT NULL,
  PRIMARY KEY (`id`),
  UNIQUE KEY `nameBrand` (`name`,`brandId`),
  KEY `brandId` (`brandId`),
  KEY `companyId` (`companyId`),
  KEY `countryId` (`countryId`),
  KEY `outgoingDDIId` (`outgoingDDIId`),
  KEY `languageId` (`languageId`),
  CONSTRAINT `RetailAccounts_ibfk_1` FOREIGN KEY (`brandId`) REFERENCES `Brands` (`id`) ON DELETE CASCADE,
  CONSTRAINT `RetailAccounts_ibfk_2` FOREIGN KEY (`companyId`) REFERENCES `Companies` (`id`) ON DELETE CASCADE,
  CONSTRAINT `RetailAccounts_ibfk_3` FOREIGN KEY (`countryId`) REFERENCES `Countries` (`id`) ON DELETE SET NULL,
  CONSTRAINT `RetailAccounts_ibfk_4` FOREIGN KEY (`outgoingDDIId`) REFERENCES `DDIs` (`id`) ON DELETE SET NULL,
  CONSTRAINT `RetailAccounts_ibfk_5` FOREIGN KEY (`languageId`) REFERENCES `Languages` (`id`) ON DELETE SET NULL
) ENGINE=InnoDB AUTO_INCREMENT=4 DEFAULT CHARSET=utf8 COMMENT='[entity][rest]';
/*!40101 SET character_set_client = @saved_cs_client */;

--
-- Dumping data for table `RetailAccounts`
--

LOCK TABLES `RetailAccounts` WRITE;
/*!40000 ALTER TABLE `RetailAccounts` DISABLE KEYS */;
INSERT INTO `RetailAccounts` VALUES (1,1,17,'duo01','sip.tedra.es','185.23.36.142','udp','185.23.36.142',5060,'yes','Gm5BE*qm33',NULL,NULL,NULL,'all','alaw','update','pai','yes',NULL,'yes',NULL),(2,1,17,'duo02','sip.tedra.es','David Bustillo, Santander','udp','185.23.36.142',5060,'yes','ZTdQz98t-2',NULL,NULL,NULL,'all','alaw','update','pai','yes',NULL,'yes',NULL),(3,1,17,'duo03','sip.tedra.es','Toledo01','udp','185.23.36.142',5060,'yes','GNUiiv48*2',NULL,NULL,NULL,'all','alaw','update','pai','yes',NULL,'yes',NULL);
/*!40000 ALTER TABLE `RetailAccounts` ENABLE KEYS */;
UNLOCK TABLES;

--
-- Table structure for table `RoutingPatternGroups`
--

DROP TABLE IF EXISTS `RoutingPatternGroups`;
/*!40101 SET @saved_cs_client     = @@character_set_client */;
/*!40101 SET character_set_client = utf8 */;
CREATE TABLE `RoutingPatternGroups` (
  `id` int(10) unsigned NOT NULL AUTO_INCREMENT,
  `name` varchar(55) NOT NULL,
  `description` varchar(55) DEFAULT NULL,
  `brandId` int(10) unsigned NOT NULL,
  PRIMARY KEY (`id`),
  UNIQUE KEY `name` (`name`,`brandId`),
  KEY `brandId` (`brandId`),
  CONSTRAINT `RoutingPatternGroups_ibfk_1` FOREIGN KEY (`brandId`) REFERENCES `Brands` (`id`) ON DELETE CASCADE
) ENGINE=InnoDB AUTO_INCREMENT=28 DEFAULT CHARSET=utf8 COMMENT='[entity][rest]';
/*!40101 SET character_set_client = @saved_cs_client */;

--
-- Dumping data for table `RoutingPatternGroups`
--

LOCK TABLES `RoutingPatternGroups` WRITE;
/*!40000 ALTER TABLE `RoutingPatternGroups` DISABLE KEYS */;
INSERT INTO `RoutingPatternGroups` VALUES (7,'Europa',NULL,1),(8,'Asia',NULL,1),(9,'América del norte',NULL,1),(10,'África',NULL,1),(11,'Antártida',NULL,1),(12,'América del sur',NULL,1),(13,'Oceanía',NULL,1),(21,'Europa',NULL,2),(22,'Asia',NULL,2),(23,'América del norte',NULL,2),(24,'África',NULL,2),(25,'Antártida',NULL,2),(26,'América del sur',NULL,2),(27,'Oceanía',NULL,2);
/*!40000 ALTER TABLE `RoutingPatternGroups` ENABLE KEYS */;
UNLOCK TABLES;

--
-- Table structure for table `RoutingPatternGroupsRelPatterns`
--

DROP TABLE IF EXISTS `RoutingPatternGroupsRelPatterns`;
/*!40101 SET @saved_cs_client     = @@character_set_client */;
/*!40101 SET character_set_client = utf8 */;
CREATE TABLE `RoutingPatternGroupsRelPatterns` (
  `id` int(10) unsigned NOT NULL AUTO_INCREMENT,
  `routingPatternId` int(10) unsigned NOT NULL,
  `routingPatternGroupId` int(10) unsigned NOT NULL,
  PRIMARY KEY (`id`),
  UNIQUE KEY `rel` (`routingPatternId`,`routingPatternGroupId`),
  KEY `routingPatternId` (`routingPatternId`),
  KEY `routingPatternGroupId` (`routingPatternGroupId`),
  CONSTRAINT `RoutingPatternGroupsRelPatterns_ibfk_1` FOREIGN KEY (`routingPatternId`) REFERENCES `RoutingPatterns` (`id`) ON DELETE CASCADE,
  CONSTRAINT `RoutingPatternGroupsRelPatterns_ibfk_2` FOREIGN KEY (`routingPatternGroupId`) REFERENCES `RoutingPatternGroups` (`id`) ON DELETE CASCADE
) ENGINE=InnoDB AUTO_INCREMENT=7057 DEFAULT CHARSET=utf8 COMMENT='[entity][rest]';
/*!40101 SET character_set_client = @saved_cs_client */;

--
-- Dumping data for table `RoutingPatternGroupsRelPatterns`
--

LOCK TABLES `RoutingPatternGroupsRelPatterns` WRITE;
/*!40000 ALTER TABLE `RoutingPatternGroupsRelPatterns` DISABLE KEYS */;
INSERT INTO `RoutingPatternGroupsRelPatterns` VALUES (6310,1,7),(6311,2,8),(6312,3,8),(6313,4,9),(6314,5,9),(6315,6,7),(6316,7,8),(6317,8,10),(6318,9,11),(6319,10,12),(6320,11,13),(6321,12,7),(6322,13,13),(6323,14,9),(6324,15,7),(6325,16,8),(6326,17,7),(6327,18,9),(6328,19,8),(6329,20,7),(6330,21,10),(6331,22,7),(6332,23,8),(6333,24,10),(6334,25,10),(6335,26,9),(6336,27,9),(6337,28,8),(6338,29,12),(6339,30,12),(6340,31,12),(6341,32,9),(6342,33,8),(6343,34,11),(6344,35,10),(6345,36,7),(6346,37,9),(6347,38,9),(6348,39,8),(6349,40,10),(6350,41,10),(6351,42,10),(6352,43,7),(6353,44,10),(6354,45,13),(6355,46,12),(6356,47,10),(6357,48,8),(6358,49,12),(6359,50,9),(6360,51,9),(6361,52,10),(6362,53,12),(6363,54,8),(6364,55,8),(6365,56,7),(6366,57,7),(6367,58,10),(6368,59,7),(6369,60,9),(6370,61,9),(6371,62,10),(6372,63,12),(6373,64,7),(6374,65,10),(6375,66,10),(6376,67,10),(6377,68,7),(6378,69,10),(6379,70,7),(6380,71,13),(6381,72,12),(6382,73,13),(6383,74,7),(6384,75,7),(6385,76,10),(6386,77,7),(6387,78,9),(6388,79,8),(6389,80,12),(6390,81,7),(6391,82,10),(6392,83,7),(6393,84,9),(6394,85,10),(6395,86,10),(6396,87,9),(6397,88,10),(6398,89,7),(6399,90,11),(6400,91,9),(6401,92,13),(6402,93,10),(6403,94,12),(6404,95,8),(6405,96,11),(6406,97,9),(6407,98,7),(6408,99,9),(6409,100,7),(6410,101,8),(6411,102,7),(6412,103,8),(6413,104,7),(6414,105,8),(6415,106,8),(6416,107,8),(6417,108,8),(6418,109,7),(6419,110,7),(6420,111,7),(6421,112,9),(6422,113,8),(6423,114,8),(6424,115,10),(6425,116,8),(6426,117,8),(6427,118,13),(6428,119,10),(6429,120,9),(6430,121,8),(6431,122,8),(6432,123,8),(6433,124,9),(6434,125,8),(6435,126,8),(6436,127,8),(6437,128,9),(6438,129,7),(6439,130,8),(6440,131,10),(6441,132,10),(6442,133,7),(6443,134,7),(6444,135,7),(6445,136,10),(6446,137,10),(6447,138,7),(6448,139,7),(6449,140,7),(6450,141,9),(6451,142,10),(6452,143,13),(6453,144,7),(6454,145,10),(6455,146,8),(6456,147,8),(6457,148,8),(6458,149,13),(6459,150,9),(6460,151,10),(6461,152,9),(6462,153,7),(6463,154,10),(6464,155,8),(6465,156,10),(6466,157,9),(6467,158,8),(6468,159,10),(6469,160,10),(6470,161,13),(6471,162,10),(6472,163,13),(6473,164,10),(6474,165,9),(6475,166,7),(6476,167,7),(6477,168,8),(6478,169,13),(6479,170,13),(6480,171,13),(6481,172,8),(6482,173,9),(6483,174,12),(6484,175,13),(6485,176,13),(6486,177,8),(6487,178,8),(6488,179,7),(6489,180,9),(6490,181,13),(6491,182,9),(6492,183,8),(6493,184,7),(6494,185,13),(6495,186,12),(6496,187,8),(6497,188,10),(6498,189,7),(6499,190,7),(6500,191,7),(6501,192,10),(6502,193,8),(6503,194,13),(6504,195,10),(6505,196,10),(6506,197,7),(6507,198,8),(6508,199,10),(6509,200,7),(6510,201,7),(6511,202,7),(6512,203,10),(6513,204,7),(6514,205,10),(6515,206,10),(6516,207,12),(6517,208,10),(6518,209,10),(6519,210,9),(6520,211,9),(6521,212,8),(6522,213,10),(6523,214,9),(6524,215,10),(6525,216,11),(6526,217,10),(6527,218,8),(6528,219,8),(6529,220,13),(6530,221,8),(6531,222,8),(6532,223,10),(6533,224,13),(6534,225,7),(6535,226,9),(6536,227,13),(6537,228,8),(6538,229,10),(6539,230,7),(6540,231,10),(6541,232,13),(6542,233,9),(6543,234,12),(6544,235,8),(6545,236,7),(6546,237,9),(6547,238,12),(6548,239,9),(6549,240,9),(6550,241,8),(6551,242,13),(6552,243,13),(6553,244,13),(6554,245,8),(6555,246,10),(6556,247,10),(6557,248,10),(6558,249,10),(6808,499,21),(6809,500,22),(6810,501,22),(6811,502,23),(6812,503,23),(6813,504,21),(6814,505,22),(6815,506,24),(6816,507,25),(6817,508,26),(6818,509,27),(6819,510,21),(6820,511,27),(6821,512,23),(6822,513,21),(6823,514,22),(6824,515,21),(6825,516,23),(6826,517,22),(6827,518,21),(6828,519,24),(6829,520,21),(6830,521,22),(6831,522,24),(6832,523,24),(6833,524,23),(6834,525,23),(6835,526,22),(6836,527,26),(6837,528,26),(6838,529,26),(6839,530,23),(6840,531,22),(6841,532,25),(6842,533,24),(6843,534,21),(6844,535,23),(6845,536,23),(6846,537,22),(6847,538,24),(6848,539,24),(6849,540,24),(6850,541,21),(6851,542,24),(6852,543,27),(6853,544,26),(6854,545,24),(6855,546,22),(6856,547,26),(6857,548,23),(6858,549,23),(6859,550,24),(6860,551,26),(6861,552,22),(6862,553,22),(6863,554,21),(6864,555,21),(6865,556,24),(6866,557,21),(6867,558,23),(6868,559,23),(6869,560,24),(6870,561,26),(6871,562,21),(6872,563,24),(6873,564,24),(6874,565,24),(6875,566,21),(6876,567,24),(6877,568,21),(6878,569,27),(6879,570,26),(6880,571,27),(6881,572,21),(6882,573,21),(6883,574,24),(6884,575,21),(6885,576,23),(6886,577,22),(6887,578,26),(6888,579,21),(6889,580,24),(6890,581,21),(6891,582,23),(6892,583,24),(6893,584,24),(6894,585,23),(6895,586,24),(6896,587,21),(6897,588,25),(6898,589,23),(6899,590,27),(6900,591,24),(6901,592,26),(6902,593,22),(6903,594,25),(6904,595,23),(6905,596,21),(6906,597,23),(6907,598,21),(6908,599,22),(6909,600,21),(6910,601,22),(6911,602,21),(6912,603,22),(6913,604,22),(6914,605,22),(6915,606,22),(6916,607,21),(6917,608,21),(6918,609,21),(6919,610,23),(6920,611,22),(6921,612,22),(6922,613,24),(6923,614,22),(6924,615,22),(6925,616,27),(6926,617,24),(6927,618,23),(6928,619,22),(6929,620,22),(6930,621,22),(6931,622,23),(6932,623,22),(6933,624,22),(6934,625,22),(6935,626,23),(6936,627,21),(6937,628,22),(6938,629,24),(6939,630,24),(6940,631,21),(6941,632,21),(6942,633,21),(6943,634,24),(6944,635,24),(6945,636,21),(6946,637,21),(6947,638,21),(6948,639,23),(6949,640,24),(6950,641,27),(6951,642,21),(6952,643,24),(6953,644,22),(6954,645,22),(6955,646,22),(6956,647,27),(6957,648,23),(6958,649,24),(6959,650,23),(6960,651,21),(6961,652,24),(6962,653,22),(6963,654,24),(6964,655,23),(6965,656,22),(6966,657,24),(6967,658,24),(6968,659,27),(6969,660,24),(6970,661,27),(6971,662,24),(6972,663,23),(6973,664,21),(6974,665,21),(6975,666,22),(6976,667,27),(6977,668,27),(6978,669,27),(6979,670,22),(6980,671,23),(6981,672,26),(6982,673,27),(6983,674,27),(6984,675,22),(6985,676,22),(6986,677,21),(6987,678,23),(6988,679,27),(6989,680,23),(6990,681,22),(6991,682,21),(6992,683,27),(6993,684,26),(6994,685,22),(6995,686,24),(6996,687,21),(6997,688,21),(6998,689,21),(6999,690,24),(7000,691,22),(7001,692,27),(7002,693,24),(7003,694,24),(7004,695,21),(7005,696,22),(7006,697,24),(7007,698,21),(7008,699,21),(7009,700,21),(7010,701,24),(7011,702,21),(7012,703,24),(7013,704,24),(7014,705,26),(7015,706,24),(7016,707,24),(7017,708,23),(7018,709,23),(7019,710,22),(7020,711,24),(7021,712,23),(7022,713,24),(7023,714,25),(7024,715,24),(7025,716,22),(7026,717,22),(7027,718,27),(7028,719,22),(7029,720,22),(7030,721,24),(7031,722,27),(7032,723,21),(7033,724,23),(7034,725,27),(7035,726,22),(7036,727,24),(7037,728,21),(7038,729,24),(7039,730,27),(7040,731,23),(7041,732,26),(7042,733,22),(7043,734,21),(7044,735,23),(7045,736,26),(7046,737,23),(7047,738,23),(7048,739,22),(7049,740,27),(7050,741,27),(7051,742,27),(7052,743,22),(7053,744,24),(7054,745,24),(7055,746,24),(7056,747,24);
/*!40000 ALTER TABLE `RoutingPatternGroupsRelPatterns` ENABLE KEYS */;
UNLOCK TABLES;

--
-- Table structure for table `RoutingPatterns`
--

DROP TABLE IF EXISTS `RoutingPatterns`;
/*!40101 SET @saved_cs_client     = @@character_set_client */;
/*!40101 SET character_set_client = utf8 */;
CREATE TABLE `RoutingPatterns` (
  `id` int(10) unsigned NOT NULL AUTO_INCREMENT,
  `name` varchar(55) NOT NULL COMMENT '[ml]',
  `name_en` varchar(55) NOT NULL,
  `name_es` varchar(55) NOT NULL,
  `description` varchar(55) DEFAULT NULL COMMENT '[ml]',
  `description_en` varchar(55) DEFAULT NULL,
  `description_es` varchar(55) DEFAULT NULL,
  `regExp` varchar(80) NOT NULL,
  `brandId` int(10) unsigned NOT NULL,
  PRIMARY KEY (`id`),
  KEY `brandId` (`brandId`),
  CONSTRAINT `RoutingPatterns_ibfk_1` FOREIGN KEY (`brandId`) REFERENCES `Brands` (`id`) ON DELETE CASCADE
) ENGINE=InnoDB AUTO_INCREMENT=748 DEFAULT CHARSET=utf8 COMMENT='[entity][rest]';
/*!40101 SET character_set_client = @saved_cs_client */;

--
-- Dumping data for table `RoutingPatterns`
--

LOCK TABLES `RoutingPatterns` WRITE;
/*!40000 ALTER TABLE `RoutingPatterns` DISABLE KEYS */;
INSERT INTO `RoutingPatterns` VALUES (1,'','Andorra','Andorra',NULL,'','','376',1),(2,'','United Arab Emirates','Emiratos ',NULL,'','','971',1),(3,'','Afghanistan','Afganist',NULL,'','','93',1),(4,'','Antigua and Barbuda','Antigua y Barbuda',NULL,'','','1268',1),(5,'','Anguilla','Anguila',NULL,'','','1264',1),(6,'','Albania','Albania',NULL,'','','355',1),(7,'','Armenia','Armenia',NULL,'','','374',1),(8,'','Angola','Angola',NULL,'','','244',1),(9,'','Antarctica','Ant',NULL,'','','672',1),(10,'','Argentina','Argentina',NULL,'','','54',1),(11,'','American Samoa','Samoa Americana',NULL,'','','1684',1),(12,'','Austria','Austria',NULL,'','','43',1),(13,'','Australia','Australia',NULL,'','','61',1),(14,'','Aruba','Aruba',NULL,'','','297',1),(15,'','Åland Islands','Islas de ',NULL,'','','358',1),(16,'','Azerbaijan','Azerbay',NULL,'','','994',1),(17,'','Bosnia and Herzegovina','Bosnia y Herzegovina',NULL,'','','387',1),(18,'','Barbados','Barbados',NULL,'','','1246',1),(19,'','Bangladesh','Bangladesh',NULL,'','','880',1),(20,'','Belgium','B',NULL,'','','32',1),(21,'','Burkina Faso','Burkina Faso',NULL,'','','226',1),(22,'','Bulgaria','Bulgaria',NULL,'','','359',1),(23,'','Bahrain','Bahrein',NULL,'','','973',1),(24,'','Burundi','Burundi',NULL,'','','257',1),(25,'','Benin','Ben',NULL,'','','229',1),(26,'','Saint Barthélemy','San Bartolom',NULL,'','','590',1),(27,'','Bermuda Islands','Islas Bermudas',NULL,'','','1441',1),(28,'','Brunei','Brun',NULL,'','','673',1),(29,'','Bolivia','Bolivia',NULL,'','','591',1),(30,'','Bonaire','Bonaire',NULL,'','','599',1),(31,'','Brazil','Brasil',NULL,'','','55',1),(32,'','Bahamas','Bahamas',NULL,'','','1242',1),(33,'','Bhutan','Bhut',NULL,'','','975',1),(34,'','Bouvet Island','Isla Bouvet',NULL,'','','47',1),(35,'','Botswana','Botsuana',NULL,'','','267',1),(36,'','Belarus','Bielorrusia',NULL,'','','375',1),(37,'','Belize','Belice',NULL,'','','501',1),(38,'','Canada','Canad',NULL,'','','1',1),(39,'','Cocos (Keeling) Islands','Islas Cocos (Keeling)',NULL,'','','61',1),(40,'','Congo','Congo',NULL,'','','243',1),(41,'','Central African Republic','Rep',NULL,'','','236',1),(42,'','Congo','Congo',NULL,'','','242',1),(43,'','Switzerland','Suiza',NULL,'','','41',1),(44,'','Ivory Coast','Costa de Marfil',NULL,'','','225',1),(45,'','Cook Islands','Islas Cook',NULL,'','','682',1),(46,'','Chile','Chile',NULL,'','','56',1),(47,'','Cameroon','Camer',NULL,'','','237',1),(48,'','China','China',NULL,'','','86',1),(49,'','Colombia','Colombia',NULL,'','','57',1),(50,'','Costa Rica','Costa Rica',NULL,'','','506',1),(51,'','Cuba','Cuba',NULL,'','','53',1),(52,'','Cape Verde','Cabo Verde',NULL,'','','238',1),(53,'','Curaçao','Cura',NULL,'','','599',1),(54,'','Christmas Island','Isla de Navidad',NULL,'','','61',1),(55,'','Cyprus','Chipre',NULL,'','','357',1),(56,'','Czech Republic','Rep',NULL,'','','420',1),(57,'','Germany','Alemania',NULL,'','','49',1),(58,'','Djibouti','Yibuti',NULL,'','','253',1),(59,'','Denmark','Dinamarca',NULL,'','','45',1),(60,'','Dominica','Dominica',NULL,'','','1767',1),(61,'','Dominican Republic','Rep',NULL,'','','1809',1),(62,'','Algeria','Algeria',NULL,'','','213',1),(63,'','Ecuador','Ecuador',NULL,'','','593',1),(64,'','Estonia','Estonia',NULL,'','','372',1),(65,'','Egypt','Egipto',NULL,'','','20',1),(66,'','Western Sahara','Sahara Occidental',NULL,'','','212',1),(67,'','Eritrea','Eritrea',NULL,'','','291',1),(68,'','Spain','España',NULL,'','','34',1),(69,'','Ethiopia','Etiop',NULL,'','','251',1),(70,'','Finland','Finlandia',NULL,'','','358',1),(71,'','Fiji','Fiyi',NULL,'','','679',1),(72,'','Falkland Islands (Malvinas)','Islas Malvinas',NULL,'','','500',1),(73,'','Estados Federados de','Micronesia',NULL,'','','691',1),(74,'','Faroe Islands','Islas Feroe',NULL,'','','298',1),(75,'','France','Francia',NULL,'','','33',1),(76,'','Gabon','Gab',NULL,'','','241',1),(77,'','United Kingdom','Reino Unido',NULL,'','','44',1),(78,'','Grenada','Granada',NULL,'','','1473',1),(79,'','Georgia','Georgia',NULL,'','','995',1),(80,'','French Guiana','Guayana Francesa',NULL,'','','594',1),(81,'','Guernsey','Guernsey',NULL,'','','44',1),(82,'','Ghana','Ghana',NULL,'','','233',1),(83,'','Gibraltar','Gibraltar',NULL,'','','350',1),(84,'','Greenland','Groenlandia',NULL,'','','299',1),(85,'','Gambia','Gambia',NULL,'','','220',1),(86,'','Guinea','Guinea',NULL,'','','224',1),(87,'','Guadeloupe','Guadalupe',NULL,'','','590',1),(88,'','Equatorial Guinea','Guinea Ecuatorial',NULL,'','','240',1),(89,'','Greece','Grecia',NULL,'','','30',1),(90,'','South Georgia and the South Sandwich Islands','Islas Georgias del Sur y Sandwich del Sur',NULL,'','','500',1),(91,'','Guatemala','Guatemala',NULL,'','','502',1),(92,'','Guam','Guam',NULL,'','','1671',1),(93,'','Guinea-Bissau','Guinea-Bissau',NULL,'','','245',1),(94,'','Guyana','Guyana',NULL,'','','592',1),(95,'','Hong Kong','Hong kong',NULL,'','','852',1),(96,'','Heard Island and McDonald Islands','Islas Heard y McDonald',NULL,'','','672',1),(97,'','Honduras','Honduras',NULL,'','','504',1),(98,'','Croatia','Croacia',NULL,'','','385',1),(99,'','Haiti','Hait',NULL,'','','509',1),(100,'','Hungary','Hungr',NULL,'','','36',1),(101,'','Indonesia','Indonesia',NULL,'','','62',1),(102,'','Ireland','Irlanda',NULL,'','','353',1),(103,'','Israel','Israel',NULL,'','','972',1),(104,'','Isle of Man','Isla de Man',NULL,'','','44',1),(105,'','India','India',NULL,'','','91',1),(106,'','British Indian Ocean Territory','Territorio Brit',NULL,'','','246',1),(107,'','Iraq','Irak',NULL,'','','964',1),(108,'','Iran','Ir',NULL,'','','98',1),(109,'','Iceland','Islandia',NULL,'','','354',1),(110,'','Italy','Italia',NULL,'','','39',1),(111,'','Jersey','Jersey',NULL,'','','44',1),(112,'','Jamaica','Jamaica',NULL,'','','1876',1),(113,'','Jordan','Jordania',NULL,'','','962',1),(114,'','Japan','Jap',NULL,'','','81',1),(115,'','Kenya','Kenia',NULL,'','','254',1),(116,'','Kyrgyzstan','Kirgizst',NULL,'','','996',1),(117,'','Cambodia','Camboya',NULL,'','','855',1),(118,'','Kiribati','Kiribati',NULL,'','','686',1),(119,'','Comoros','Comoras',NULL,'','','269',1),(120,'','Saint Kitts and Nevis','San Crist',NULL,'','','1869',1),(121,'','North Korea','Corea del Norte',NULL,'','','850',1),(122,'','South Korea','Corea del Sur',NULL,'','','82',1),(123,'','Kuwait','Kuwait',NULL,'','','965',1),(124,'','Cayman Islands','Islas Caim',NULL,'','','1345',1),(125,'','Kazakhstan','Kazajist',NULL,'','','7',1),(126,'','Laos','Laos',NULL,'','','856',1),(127,'','Lebanon','L',NULL,'','','961',1),(128,'','Saint Lucia','Santa Luc',NULL,'','','1758',1),(129,'','Liechtenstein','Liechtenstein',NULL,'','','423',1),(130,'','Sri Lanka','Sri lanka',NULL,'','','94',1),(131,'','Liberia','Liberia',NULL,'','','231',1),(132,'','Lesotho','Lesoto',NULL,'','','266',1),(133,'','Lithuania','Lituania',NULL,'','','370',1),(134,'','Luxembourg','Luxemburgo',NULL,'','','352',1),(135,'','Latvia','Letonia',NULL,'','','371',1),(136,'','Libya','Libia',NULL,'','','218',1),(137,'','Morocco','Marruecos',NULL,'','','212',1),(138,'','Monaco','M',NULL,'','','377',1),(139,'','Moldova','Moldavia',NULL,'','','373',1),(140,'','Montenegro','Montenegro',NULL,'','','382',1),(141,'','Saint Martin (French part)','San Mart',NULL,'','','1599',1),(142,'','Madagascar','Madagascar',NULL,'','','261',1),(143,'','Marshall Islands','Islas Marshall',NULL,'','','692',1),(144,'','Macedonia','Maced',NULL,'','','389',1),(145,'','Mali','Mali',NULL,'','','223',1),(146,'','Myanmar','Birmania',NULL,'','','95',1),(147,'','Mongolia','Mongolia',NULL,'','','976',1),(148,'','Macao','Macao',NULL,'','','853',1),(149,'','Northern Mariana Islands','Islas Marianas del Norte',NULL,'','','1670',1),(150,'','Martinique','Martinica',NULL,'','','596',1),(151,'','Mauritania','Mauritania',NULL,'','','222',1),(152,'','Montserrat','Montserrat',NULL,'','','1664',1),(153,'','Malta','Malta',NULL,'','','356',1),(154,'','Mauritius','Mauricio',NULL,'','','230',1),(155,'','Maldives','Islas Maldivas',NULL,'','','960',1),(156,'','Malawi','Malawi',NULL,'','','265',1),(157,'','Mexico','M',NULL,'','','52',1),(158,'','Malaysia','Malasia',NULL,'','','60',1),(159,'','Mozambique','Mozambique',NULL,'','','258',1),(160,'','Namibia','Namibia',NULL,'','','264',1),(161,'','New Caledonia','Nueva Caledonia',NULL,'','','687',1),(162,'','Niger','Niger',NULL,'','','227',1),(163,'','Norfolk Island','Isla Norfolk',NULL,'','','672',1),(164,'','Nigeria','Nigeria',NULL,'','','234',1),(165,'','Nicaragua','Nicaragua',NULL,'','','505',1),(166,'','Netherlands','Pa',NULL,'','','31',1),(167,'','Norway','Noruega',NULL,'','','47',1),(168,'','Nepal','Nepal',NULL,'','','977',1),(169,'','Nauru','Nauru',NULL,'','','674',1),(170,'','Niue','Niue',NULL,'','','683',1),(171,'','New Zealand','Nueva Zelanda',NULL,'','','64',1),(172,'','Oman','Om',NULL,'','','968',1),(173,'','Panama','Panam',NULL,'','','507',1),(174,'','Peru','Per',NULL,'','','51',1),(175,'','French Polynesia','Polinesia Francesa',NULL,'','','689',1),(176,'','Papua New Guinea','Pap',NULL,'','','675',1),(177,'','Philippines','Filipinas',NULL,'','','63',1),(178,'','Pakistan','Pakist',NULL,'','','92',1),(179,'','Poland','Polonia',NULL,'','','48',1),(180,'','Saint Pierre and Miquelon','San Pedro y Miquel',NULL,'','','508',1),(181,'','Pitcairn Islands','Islas Pitcairn',NULL,'','','870',1),(182,'','Puerto Rico','Puerto Rico',NULL,'','','1',1),(183,'','Palestine','Palestina',NULL,'','','970',1),(184,'','Portugal','Portugal',NULL,'','','351',1),(185,'','Palau','Palau',NULL,'','','680',1),(186,'','Paraguay','Paraguay',NULL,'','','595',1),(187,'','Qatar','Qatar',NULL,'','','974',1),(188,'','Réunion','Reuni',NULL,'','','262',1),(189,'','Romania','Ruman',NULL,'','','40',1),(190,'','Serbia','Serbia',NULL,'','','381',1),(191,'','Russia','Rusia',NULL,'','','7',1),(192,'','Rwanda','Ruanda',NULL,'','','250',1),(193,'','Saudi Arabia','Arabia Saudita',NULL,'','','966',1),(194,'','Solomon Islands','Islas Salom',NULL,'','','677',1),(195,'','Seychelles','Seychelles',NULL,'','','248',1),(196,'','Sudan','Sud',NULL,'','','249',1),(197,'','Sweden','Suecia',NULL,'','','46',1),(198,'','Singapore','Singapur',NULL,'','','65',1),(199,'','Ascensión y Tristán de Acuña','Santa Elena',NULL,'','','290',1),(200,'','Slovenia','Eslovenia',NULL,'','','386',1),(201,'','Svalbard and Jan Mayen','Svalbard y Jan Mayen',NULL,'','','47',1),(202,'','Slovakia','Eslovaquia',NULL,'','','421',1),(203,'','Sierra Leone','Sierra Leona',NULL,'','','232',1),(204,'','San Marino','San Marino',NULL,'','','378',1),(205,'','Senegal','Senegal',NULL,'','','221',1),(206,'','Somalia','Somalia',NULL,'','','252',1),(207,'','Suriname','Surin',NULL,'','','597',1),(208,'','South Sudan','Sud',NULL,'','','211',1),(209,'','Sao Tome and Principe','Santo Tom',NULL,'','','239',1),(210,'','El Salvador','El Salvador',NULL,'','','503',1),(211,'','Sint Maarten (Dutch part)','Sint Maarten (parte neerlandesa)',NULL,'','','1721',1),(212,'','Syria','Siria',NULL,'','','963',1),(213,'','Swaziland','Swazilandia',NULL,'','','268',1),(214,'','Turks and Caicos Islands','Islas Turcas y Caicos',NULL,'','','1649',1),(215,'','Chad','Chad',NULL,'','','235',1),(216,'','French Southern Territories','Territorios Australes y Ant',NULL,'','','262',1),(217,'','Togo','Togo',NULL,'','','228',1),(218,'','Thailand','Tailandia',NULL,'','','66',1),(219,'','Tajikistan','Tadjikist',NULL,'','','992',1),(220,'','Tokelau','Tokelau',NULL,'','','690',1),(221,'','East Timor','Timor Oriental',NULL,'','','670',1),(222,'','Turkmenistan','Turkmenist',NULL,'','','993',1),(223,'','Tunisia','Tunez',NULL,'','','216',1),(224,'','Tonga','Tonga',NULL,'','','676',1),(225,'','Turkey','Turqu',NULL,'','','90',1),(226,'','Trinidad and Tobago','Trinidad y Tobago',NULL,'','','1868',1),(227,'','Tuvalu','Tuvalu',NULL,'','','688',1),(228,'','Taiwan','Taiw',NULL,'','','886',1),(229,'','Tanzania','Tanzania',NULL,'','','255',1),(230,'','Ukraine','Ucrania',NULL,'','','380',1),(231,'','Uganda','Uganda',NULL,'','','256',1),(232,'','United States Minor Outlying Islands','Islas Ultramarinas Menores de Estados Unidos',NULL,'','','1',1),(233,'','United States of America','Estados Unidos de Am',NULL,'','','1',1),(234,'','Uruguay','Uruguay',NULL,'','','598',1),(235,'','Uzbekistan','Uzbekist',NULL,'','','998',1),(236,'','Vatican City State','Ciudad del Vaticano',NULL,'','','39',1),(237,'','Saint Vincent and the Grenadines','San Vicente y las Granadinas',NULL,'','','1784',1),(238,'','Venezuela','Venezuela',NULL,'','','58',1),(239,'','Virgin Islands','Islas V',NULL,'','','1284',1),(240,'','United States Virgin Islands','Islas V',NULL,'','','1340',1),(241,'','Vietnam','Vietnam',NULL,'','','84',1),(242,'','Vanuatu','Vanuatu',NULL,'','','678',1),(243,'','Wallis and Futuna','Wallis y Futuna',NULL,'','','681',1),(244,'','Samoa','Samoa',NULL,'','','685',1),(245,'','Yemen','Yemen',NULL,'','','967',1),(246,'','Mayotte','Mayotte',NULL,'','','262',1),(247,'','South Africa','Sud',NULL,'','','27',1),(248,'','Zambia','Zambia',NULL,'','','260',1),(249,'','Zimbabwe','Zimbabue',NULL,'','','263',1),(499,'','Andorra','Andorra',NULL,'','','376',2),(500,'','United Arab Emirates','Emiratos Árabes Unidos',NULL,'','','971',2),(501,'','Afghanistan','Afganistán',NULL,'','','93',2),(502,'','Antigua and Barbuda','Antigua y Barbuda',NULL,'','','1268',2),(503,'','Anguilla','Anguila',NULL,'','','1264',2),(504,'','Albania','Albania',NULL,'','','355',2),(505,'','Armenia','Armenia',NULL,'','','374',2),(506,'','Angola','Angola',NULL,'','','244',2),(507,'','Antarctica','Antártida',NULL,'','','672',2),(508,'','Argentina','Argentina',NULL,'','','54',2),(509,'','American Samoa','Samoa Americana',NULL,'','','1684',2),(510,'','Austria','Austria',NULL,'','','43',2),(511,'','Australia','Australia',NULL,'','','61',2),(512,'','Aruba','Aruba',NULL,'','','297',2),(513,'','Åland Islands','Islas de Åland',NULL,'','','358',2),(514,'','Azerbaijan','Azerbayán',NULL,'','','994',2),(515,'','Bosnia and Herzegovina','Bosnia y Herzegovina',NULL,'','','387',2),(516,'','Barbados','Barbados',NULL,'','','1246',2),(517,'','Bangladesh','Bangladesh',NULL,'','','880',2),(518,'','Belgium','Bélgica',NULL,'','','32',2),(519,'','Burkina Faso','Burkina Faso',NULL,'','','226',2),(520,'','Bulgaria','Bulgaria',NULL,'','','359',2),(521,'','Bahrain','Bahrein',NULL,'','','973',2),(522,'','Burundi','Burundi',NULL,'','','257',2),(523,'','Benin','Benín',NULL,'','','229',2),(524,'','Saint Barthélemy','San Bartolomé',NULL,'','','590',2),(525,'','Bermuda Islands','Islas Bermudas',NULL,'','','1441',2),(526,'','Brunei','Brunéi',NULL,'','','673',2),(527,'','Bolivia','Bolivia',NULL,'','','591',2),(528,'','Bonaire','Bonaire',NULL,'','','599',2),(529,'','Brazil','Brasil',NULL,'','','55',2),(530,'','Bahamas','Bahamas',NULL,'','','1242',2),(531,'','Bhutan','Bhután',NULL,'','','975',2),(532,'','Bouvet Island','Isla Bouvet',NULL,'','','47',2),(533,'','Botswana','Botsuana',NULL,'','','267',2),(534,'','Belarus','Bielorrusia',NULL,'','','375',2),(535,'','Belize','Belice',NULL,'','','501',2),(536,'','Canada','Canadá',NULL,'','','1',2),(537,'','Cocos (Keeling) Islands','Islas Cocos (Keeling)',NULL,'','','61',2),(538,'','Congo','Congo',NULL,'','','243',2),(539,'','Central African Republic','República Centroafricana',NULL,'','','236',2),(540,'','Congo','Congo',NULL,'','','242',2),(541,'','Switzerland','Suiza',NULL,'','','41',2),(542,'','Ivory Coast','Costa de Marfil',NULL,'','','225',2),(543,'','Cook Islands','Islas Cook',NULL,'','','682',2),(544,'','Chile','Chile',NULL,'','','56',2),(545,'','Cameroon','Camerún',NULL,'','','237',2),(546,'','China','China',NULL,'','','86',2),(547,'','Colombia','Colombia',NULL,'','','57',2),(548,'','Costa Rica','Costa Rica',NULL,'','','506',2),(549,'','Cuba','Cuba',NULL,'','','53',2),(550,'','Cape Verde','Cabo Verde',NULL,'','','238',2),(551,'','Curaçao','Curaçao',NULL,'','','599',2),(552,'','Christmas Island','Isla de Navidad',NULL,'','','61',2),(553,'','Cyprus','Chipre',NULL,'','','357',2),(554,'','Czech Republic','República Checa',NULL,'','','420',2),(555,'','Germany','Alemania',NULL,'','','49',2),(556,'','Djibouti','Yibuti',NULL,'','','253',2),(557,'','Denmark','Dinamarca',NULL,'','','45',2),(558,'','Dominica','Dominica',NULL,'','','1767',2),(559,'','Dominican Republic','República Dominicana',NULL,'','','1809',2),(560,'','Algeria','Algeria',NULL,'','','213',2),(561,'','Ecuador','Ecuador',NULL,'','','593',2),(562,'','Estonia','Estonia',NULL,'','','372',2),(563,'','Egypt','Egipto',NULL,'','','20',2),(564,'','Western Sahara','Sahara Occidental',NULL,'','','212',2),(565,'','Eritrea','Eritrea',NULL,'','','291',2),(566,'','Spain','España',NULL,'','','34',2),(567,'','Ethiopia','Etiopía',NULL,'','','251',2),(568,'','Finland','Finlandia',NULL,'','','358',2),(569,'','Fiji','Fiyi',NULL,'','','679',2),(570,'','Falkland Islands (Malvinas)','Islas Malvinas',NULL,'','','500',2),(571,'','Estados Federados de','Micronesia',NULL,'','','691',2),(572,'','Faroe Islands','Islas Feroe',NULL,'','','298',2),(573,'','France','Francia',NULL,'','','33',2),(574,'','Gabon','Gabón',NULL,'','','241',2),(575,'','United Kingdom','Reino Unido',NULL,'','','44',2),(576,'','Grenada','Granada',NULL,'','','1473',2),(577,'','Georgia','Georgia',NULL,'','','995',2),(578,'','French Guiana','Guayana Francesa',NULL,'','','594',2),(579,'','Guernsey','Guernsey',NULL,'','','44',2),(580,'','Ghana','Ghana',NULL,'','','233',2),(581,'','Gibraltar','Gibraltar',NULL,'','','350',2),(582,'','Greenland','Groenlandia',NULL,'','','299',2),(583,'','Gambia','Gambia',NULL,'','','220',2),(584,'','Guinea','Guinea',NULL,'','','224',2),(585,'','Guadeloupe','Guadalupe',NULL,'','','590',2),(586,'','Equatorial Guinea','Guinea Ecuatorial',NULL,'','','240',2),(587,'','Greece','Grecia',NULL,'','','30',2),(588,'','South Georgia and the South Sandwich Islands','Islas Georgias del Sur y Sandwich del Sur',NULL,'','','500',2),(589,'','Guatemala','Guatemala',NULL,'','','502',2),(590,'','Guam','Guam',NULL,'','','1671',2),(591,'','Guinea-Bissau','Guinea-Bissau',NULL,'','','245',2),(592,'','Guyana','Guyana',NULL,'','','592',2),(593,'','Hong Kong','Hong kong',NULL,'','','852',2),(594,'','Heard Island and McDonald Islands','Islas Heard y McDonald',NULL,'','','672',2),(595,'','Honduras','Honduras',NULL,'','','504',2),(596,'','Croatia','Croacia',NULL,'','','385',2),(597,'','Haiti','Haití',NULL,'','','509',2),(598,'','Hungary','Hungría',NULL,'','','36',2),(599,'','Indonesia','Indonesia',NULL,'','','62',2),(600,'','Ireland','Irlanda',NULL,'','','353',2),(601,'','Israel','Israel',NULL,'','','972',2),(602,'','Isle of Man','Isla de Man',NULL,'','','44',2),(603,'','India','India',NULL,'','','91',2),(604,'','British Indian Ocean Territory','Territorio Británico del Océano Índico',NULL,'','','246',2),(605,'','Iraq','Irak',NULL,'','','964',2),(606,'','Iran','Irán',NULL,'','','98',2),(607,'','Iceland','Islandia',NULL,'','','354',2),(608,'','Italy','Italia',NULL,'','','39',2),(609,'','Jersey','Jersey',NULL,'','','44',2),(610,'','Jamaica','Jamaica',NULL,'','','1876',2),(611,'','Jordan','Jordania',NULL,'','','962',2),(612,'','Japan','Japón',NULL,'','','81',2),(613,'','Kenya','Kenia',NULL,'','','254',2),(614,'','Kyrgyzstan','Kirgizstán',NULL,'','','996',2),(615,'','Cambodia','Camboya',NULL,'','','855',2),(616,'','Kiribati','Kiribati',NULL,'','','686',2),(617,'','Comoros','Comoras',NULL,'','','269',2),(618,'','Saint Kitts and Nevis','San Cristóbal y Nieves',NULL,'','','1869',2),(619,'','North Korea','Corea del Norte',NULL,'','','850',2),(620,'','South Korea','Corea del Sur',NULL,'','','82',2),(621,'','Kuwait','Kuwait',NULL,'','','965',2),(622,'','Cayman Islands','Islas Caimán',NULL,'','','1345',2),(623,'','Kazakhstan','Kazajistán',NULL,'','','7',2),(624,'','Laos','Laos',NULL,'','','856',2),(625,'','Lebanon','Líbano',NULL,'','','961',2),(626,'','Saint Lucia','Santa Lucía',NULL,'','','1758',2),(627,'','Liechtenstein','Liechtenstein',NULL,'','','423',2),(628,'','Sri Lanka','Sri lanka',NULL,'','','94',2),(629,'','Liberia','Liberia',NULL,'','','231',2),(630,'','Lesotho','Lesoto',NULL,'','','266',2),(631,'','Lithuania','Lituania',NULL,'','','370',2),(632,'','Luxembourg','Luxemburgo',NULL,'','','352',2),(633,'','Latvia','Letonia',NULL,'','','371',2),(634,'','Libya','Libia',NULL,'','','218',2),(635,'','Morocco','Marruecos',NULL,'','','212',2),(636,'','Monaco','Mónaco',NULL,'','','377',2),(637,'','Moldova','Moldavia',NULL,'','','373',2),(638,'','Montenegro','Montenegro',NULL,'','','382',2),(639,'','Saint Martin (French part)','San Martín (Francia)',NULL,'','','1599',2),(640,'','Madagascar','Madagascar',NULL,'','','261',2),(641,'','Marshall Islands','Islas Marshall',NULL,'','','692',2),(642,'','Macedonia','Macedônia',NULL,'','','389',2),(643,'','Mali','Mali',NULL,'','','223',2),(644,'','Myanmar','Birmania',NULL,'','','95',2),(645,'','Mongolia','Mongolia',NULL,'','','976',2),(646,'','Macao','Macao',NULL,'','','853',2),(647,'','Northern Mariana Islands','Islas Marianas del Norte',NULL,'','','1670',2),(648,'','Martinique','Martinica',NULL,'','','596',2),(649,'','Mauritania','Mauritania',NULL,'','','222',2),(650,'','Montserrat','Montserrat',NULL,'','','1664',2),(651,'','Malta','Malta',NULL,'','','356',2),(652,'','Mauritius','Mauricio',NULL,'','','230',2),(653,'','Maldives','Islas Maldivas',NULL,'','','960',2),(654,'','Malawi','Malawi',NULL,'','','265',2),(655,'','Mexico','México',NULL,'','','52',2),(656,'','Malaysia','Malasia',NULL,'','','60',2),(657,'','Mozambique','Mozambique',NULL,'','','258',2),(658,'','Namibia','Namibia',NULL,'','','264',2),(659,'','New Caledonia','Nueva Caledonia',NULL,'','','687',2),(660,'','Niger','Niger',NULL,'','','227',2),(661,'','Norfolk Island','Isla Norfolk',NULL,'','','672',2),(662,'','Nigeria','Nigeria',NULL,'','','234',2),(663,'','Nicaragua','Nicaragua',NULL,'','','505',2),(664,'','Netherlands','Países Bajos',NULL,'','','31',2),(665,'','Norway','Noruega',NULL,'','','47',2),(666,'','Nepal','Nepal',NULL,'','','977',2),(667,'','Nauru','Nauru',NULL,'','','674',2),(668,'','Niue','Niue',NULL,'','','683',2),(669,'','New Zealand','Nueva Zelanda',NULL,'','','64',2),(670,'','Oman','Omán',NULL,'','','968',2),(671,'','Panama','Panamá',NULL,'','','507',2),(672,'','Peru','Perú',NULL,'','','51',2),(673,'','French Polynesia','Polinesia Francesa',NULL,'','','689',2),(674,'','Papua New Guinea','Papúa Nueva Guinea',NULL,'','','675',2),(675,'','Philippines','Filipinas',NULL,'','','63',2),(676,'','Pakistan','Pakistán',NULL,'','','92',2),(677,'','Poland','Polonia',NULL,'','','48',2),(678,'','Saint Pierre and Miquelon','San Pedro y Miquelón',NULL,'','','508',2),(679,'','Pitcairn Islands','Islas Pitcairn',NULL,'','','870',2),(680,'','Puerto Rico','Puerto Rico',NULL,'','','1',2),(681,'','Palestine','Palestina',NULL,'','','970',2),(682,'','Portugal','Portugal',NULL,'','','351',2),(683,'','Palau','Palau',NULL,'','','680',2),(684,'','Paraguay','Paraguay',NULL,'','','595',2),(685,'','Qatar','Qatar',NULL,'','','974',2),(686,'','Réunion','Reunión',NULL,'','','262',2),(687,'','Romania','Rumanía',NULL,'','','40',2),(688,'','Serbia','Serbia',NULL,'','','381',2),(689,'','Russia','Rusia',NULL,'','','7',2),(690,'','Rwanda','Ruanda',NULL,'','','250',2),(691,'','Saudi Arabia','Arabia Saudita',NULL,'','','966',2),(692,'','Solomon Islands','Islas Salomón',NULL,'','','677',2),(693,'','Seychelles','Seychelles',NULL,'','','248',2),(694,'','Sudan','Sudán',NULL,'','','249',2),(695,'','Sweden','Suecia',NULL,'','','46',2),(696,'','Singapore','Singapur',NULL,'','','65',2),(697,'','Ascensión y Tristán de Acuña','Santa Elena',NULL,'','','290',2),(698,'','Slovenia','Eslovenia',NULL,'','','386',2),(699,'','Svalbard and Jan Mayen','Svalbard y Jan Mayen',NULL,'','','47',2),(700,'','Slovakia','Eslovaquia',NULL,'','','421',2),(701,'','Sierra Leone','Sierra Leona',NULL,'','','232',2),(702,'','San Marino','San Marino',NULL,'','','378',2),(703,'','Senegal','Senegal',NULL,'','','221',2),(704,'','Somalia','Somalia',NULL,'','','252',2),(705,'','Suriname','Surinám',NULL,'','','597',2),(706,'','South Sudan','Sudán del Sur',NULL,'','','211',2),(707,'','Sao Tome and Principe','Santo Tomé y Príncipe',NULL,'','','239',2),(708,'','El Salvador','El Salvador',NULL,'','','503',2),(709,'','Sint Maarten (Dutch part)','Sint Maarten (parte neerlandesa)',NULL,'','','1721',2),(710,'','Syria','Siria',NULL,'','','963',2),(711,'','Swaziland','Swazilandia',NULL,'','','268',2),(712,'','Turks and Caicos Islands','Islas Turcas y Caicos',NULL,'','','1649',2),(713,'','Chad','Chad',NULL,'','','235',2),(714,'','French Southern Territories','Territorios Australes y Antárticas Franceses',NULL,'','','262',2),(715,'','Togo','Togo',NULL,'','','228',2),(716,'','Thailand','Tailandia',NULL,'','','66',2),(717,'','Tajikistan','Tadjikistán',NULL,'','','992',2),(718,'','Tokelau','Tokelau',NULL,'','','690',2),(719,'','East Timor','Timor Oriental',NULL,'','','670',2),(720,'','Turkmenistan','Turkmenistán',NULL,'','','993',2),(721,'','Tunisia','Tunez',NULL,'','','216',2),(722,'','Tonga','Tonga',NULL,'','','676',2),(723,'','Turkey','Turquía',NULL,'','','90',2),(724,'','Trinidad and Tobago','Trinidad y Tobago',NULL,'','','1868',2),(725,'','Tuvalu','Tuvalu',NULL,'','','688',2),(726,'','Taiwan','Taiwán',NULL,'','','886',2),(727,'','Tanzania','Tanzania',NULL,'','','255',2),(728,'','Ukraine','Ucrania',NULL,'','','380',2),(729,'','Uganda','Uganda',NULL,'','','256',2),(730,'','United States Minor Outlying Islands','Islas Ultramarinas Menores de Estados Unidos',NULL,'','','1',2),(731,'','United States of America','Estados Unidos de América',NULL,'','','1',2),(732,'','Uruguay','Uruguay',NULL,'','','598',2),(733,'','Uzbekistan','Uzbekistán',NULL,'','','998',2),(734,'','Vatican City State','Ciudad del Vaticano',NULL,'','','39',2),(735,'','Saint Vincent and the Grenadines','San Vicente y las Granadinas',NULL,'','','1784',2),(736,'','Venezuela','Venezuela',NULL,'','','58',2),(737,'','Virgin Islands','Islas Vírgenes Británicas',NULL,'','','1284',2),(738,'','United States Virgin Islands','Islas Vírgenes de los Estados Unidos',NULL,'','','1340',2),(739,'','Vietnam','Vietnam',NULL,'','','84',2),(740,'','Vanuatu','Vanuatu',NULL,'','','678',2),(741,'','Wallis and Futuna','Wallis y Futuna',NULL,'','','681',2),(742,'','Samoa','Samoa',NULL,'','','685',2),(743,'','Yemen','Yemen',NULL,'','','967',2),(744,'','Mayotte','Mayotte',NULL,'','','262',2),(745,'','South Africa','Sudáfrica',NULL,'','','27',2),(746,'','Zambia','Zambia',NULL,'','','260',2),(747,'','Zimbabwe','Zimbabue',NULL,'','','263',2);
/*!40000 ALTER TABLE `RoutingPatterns` ENABLE KEYS */;
UNLOCK TABLES;

--
-- Table structure for table `Schedules`
--

DROP TABLE IF EXISTS `Schedules`;
/*!40101 SET @saved_cs_client     = @@character_set_client */;
/*!40101 SET character_set_client = utf8 */;
CREATE TABLE `Schedules` (
  `id` int(10) unsigned NOT NULL AUTO_INCREMENT,
  `companyId` int(10) unsigned NOT NULL,
  `name` varchar(50) NOT NULL,
  `timeIn` time NOT NULL,
  `timeout` time NOT NULL,
  `monday` tinyint(1) unsigned DEFAULT '0',
  `tuesday` tinyint(1) unsigned DEFAULT '0',
  `wednesday` tinyint(1) unsigned DEFAULT '0',
  `thursday` tinyint(1) unsigned DEFAULT '0',
  `friday` tinyint(1) unsigned DEFAULT '0',
  `saturday` tinyint(1) unsigned DEFAULT '0',
  `sunday` tinyint(1) unsigned DEFAULT '0',
  PRIMARY KEY (`id`),
  UNIQUE KEY `nameCompany` (`name`,`companyId`),
  KEY `companyId` (`companyId`),
  CONSTRAINT `Schedules_ibfk_1` FOREIGN KEY (`companyId`) REFERENCES `Companies` (`id`) ON DELETE CASCADE
) ENGINE=InnoDB AUTO_INCREMENT=21 DEFAULT CHARSET=utf8 COMMENT='[entity][rest]';
/*!40101 SET character_set_client = @saved_cs_client */;

--
-- Dumping data for table `Schedules`
--

LOCK TABLES `Schedules` WRITE;
/*!40000 ALTER TABLE `Schedules` DISABLE KEYS */;
INSERT INTO `Schedules` VALUES (4,6,'horario_laboral_inviernoL-J','09:00:00','18:00:00',1,1,1,1,0,0,0),(5,6,'horario_laboral_verano','09:00:00','15:00:00',1,1,1,1,1,0,0),(6,6,'horario_laboral_inviernoV','09:00:00','15:00:00',0,0,0,0,1,0,0),(7,3,'Nunca dentro','00:00:00','00:00:00',0,0,0,0,0,0,0),(8,9,'invierno_manana','10:00:00','14:00:00',1,1,1,1,1,0,0),(9,9,'invierno_tarde','16:00:00','20:00:00',1,1,1,1,1,0,0),(10,8,'24x7','00:00:00','23:59:59',1,1,1,1,1,1,1),(11,9,'verano','10:00:00','14:00:00',1,1,1,1,1,0,0),(12,6,'soporte24x7','00:00:00','23:59:59',1,1,1,1,1,1,1),(13,6,'soporte8x5_verano','08:00:00','15:00:00',1,1,1,1,1,0,0),(14,6,'soporte8x5_invierno_mañana','09:00:00','12:00:00',1,1,1,1,0,0,0),(15,6,'soporte8x5_invierno_tarde','15:00:00','18:00:00',1,1,1,1,0,0,0),(16,6,'soporte8x5_viernes','08:00:00','15:00:00',0,0,0,0,1,0,0),(17,13,'fb_verano','08:00:00','15:00:00',1,1,1,1,1,0,0),(18,13,'fb_invierno_mananaLJ','09:00:00','14:00:00',1,1,1,1,0,0,0),(19,13,'fb_invierno_tardesLJ','16:00:00','19:00:00',1,1,1,1,0,0,0),(20,13,'fb_invierno_viernes','08:00:00','15:00:00',0,0,0,0,1,0,0);
/*!40000 ALTER TABLE `Schedules` ENABLE KEYS */;
UNLOCK TABLES;

--
-- Table structure for table `Services`
--

DROP TABLE IF EXISTS `Services`;
/*!40101 SET @saved_cs_client     = @@character_set_client */;
/*!40101 SET character_set_client = utf8 */;
CREATE TABLE `Services` (
  `id` int(10) unsigned NOT NULL AUTO_INCREMENT,
  `iden` varchar(50) NOT NULL DEFAULT '',
  `name` varchar(50) NOT NULL DEFAULT '' COMMENT '[ml]',
  `name_en` varchar(50) NOT NULL DEFAULT '',
  `name_es` varchar(50) NOT NULL DEFAULT '',
  `description` varchar(255) NOT NULL DEFAULT '' COMMENT '[ml]',
  `description_en` varchar(255) NOT NULL DEFAULT '',
  `description_es` varchar(255) NOT NULL DEFAULT '',
  `defaultCode` varchar(3) NOT NULL,
  `extraArgs` tinyint(1) unsigned NOT NULL DEFAULT '0',
  PRIMARY KEY (`id`)
) ENGINE=InnoDB AUTO_INCREMENT=5 DEFAULT CHARSET=utf8 COMMENT='[entity][rest]';
/*!40101 SET character_set_client = @saved_cs_client */;

--
-- Dumping data for table `Services`
--

LOCK TABLES `Services` WRITE;
/*!40000 ALTER TABLE `Services` DISABLE KEYS */;
INSERT INTO `Services` VALUES (1,'DirectPickUp','','Direct Pickup','Captura Directa','','Add the capture extension after the service code','Añada la extensión a capturar tras el código de servicio','94',1),(2,'GroupPickUp','','Group Pickup','Captura de Grupo','','Captura la llamada de un miembro de los grupos de captura del usuario','Captura la llamada de un miembro de los grupos de captura del usuario','95',0),(3,'Voicemail','','Check Voicemail','Consultar buzón de voz','','Check and configure the voicemail of the user','Consulta y configura el buzón de voz del usuario','93',1),(4,'RecordLocution','','Record Locution','Grabar Locucion','','Add the locution code after the service code','Añada el código de locución tras el código de servicio','00',1);
/*!40000 ALTER TABLE `Services` ENABLE KEYS */;
UNLOCK TABLES;

--
-- Table structure for table `TargetGroups`
--

DROP TABLE IF EXISTS `TargetGroups`;
/*!40101 SET @saved_cs_client     = @@character_set_client */;
/*!40101 SET character_set_client = utf8 */;
CREATE TABLE `TargetGroups` (
  `id` int(10) unsigned NOT NULL AUTO_INCREMENT,
  `name` varchar(55) NOT NULL,
  `description` varchar(55) DEFAULT NULL,
  `brandId` int(10) unsigned NOT NULL,
  PRIMARY KEY (`id`),
  UNIQUE KEY `name` (`name`,`brandId`),
  KEY `brandId` (`brandId`),
  CONSTRAINT `TargetGroups_ibfk_1` FOREIGN KEY (`brandId`) REFERENCES `Brands` (`id`) ON DELETE CASCADE
) ENGINE=InnoDB AUTO_INCREMENT=7 DEFAULT CHARSET=utf8 COMMENT='[entity][rest]';
/*!40101 SET character_set_client = @saved_cs_client */;

--
-- Dumping data for table `TargetGroups`
--

LOCK TABLES `TargetGroups` WRITE;
/*!40000 ALTER TABLE `TargetGroups` DISABLE KEYS */;
INSERT INTO `TargetGroups` VALUES (1,'Spain','Spain',1),(3,'Zimbabwe','Zimbabwe',1),(4,'Todos','Todos',1),(5,'Todo menos Spain','Todo menos Spain',1),(6,'UK','UK',1);
/*!40000 ALTER TABLE `TargetGroups` ENABLE KEYS */;
UNLOCK TABLES;

--
-- Table structure for table `TargetGroupsRelPatterns`
--

DROP TABLE IF EXISTS `TargetGroupsRelPatterns`;
/*!40101 SET @saved_cs_client     = @@character_set_client */;
/*!40101 SET character_set_client = utf8 */;
CREATE TABLE `TargetGroupsRelPatterns` (
  `id` int(10) unsigned NOT NULL AUTO_INCREMENT,
  `targetPatternId` int(10) unsigned NOT NULL,
  `targetGroupId` int(10) unsigned NOT NULL,
  PRIMARY KEY (`id`),
  UNIQUE KEY `rel` (`targetPatternId`,`targetGroupId`),
  KEY `targetPatternId` (`targetPatternId`),
  KEY `targetGroupId` (`targetGroupId`),
  CONSTRAINT `TargetGroupsRelPatterns_ibfk_1` FOREIGN KEY (`targetPatternId`) REFERENCES `TargetPatterns` (`id`) ON DELETE CASCADE,
  CONSTRAINT `TargetGroupsRelPatterns_ibfk_2` FOREIGN KEY (`targetGroupId`) REFERENCES `TargetGroups` (`id`) ON DELETE CASCADE
) ENGINE=InnoDB AUTO_INCREMENT=10491 DEFAULT CHARSET=utf8 COMMENT='[entity][rest]';
/*!40101 SET character_set_client = @saved_cs_client */;

--
-- Dumping data for table `TargetGroupsRelPatterns`
--

LOCK TABLES `TargetGroupsRelPatterns` WRITE;
/*!40000 ALTER TABLE `TargetGroupsRelPatterns` DISABLE KEYS */;
INSERT INTO `TargetGroupsRelPatterns` VALUES (1011,2,4),(5754,2,5),(1012,3,4),(5755,3,5),(1013,4,4),(5756,4,5),(1014,5,4),(5757,5,5),(1015,6,4),(5758,6,5),(1016,7,4),(5759,7,5),(1017,8,4),(5760,8,5),(1018,9,4),(5761,9,5),(1019,10,4),(5762,10,5),(1020,11,4),(5763,11,5),(1021,12,4),(5764,12,5),(1022,13,4),(5765,13,5),(1023,14,4),(5766,14,5),(1024,15,4),(5767,15,5),(1025,16,4),(5768,16,5),(1026,17,4),(5769,17,5),(1027,18,4),(5770,18,5),(1028,19,4),(5771,19,5),(1029,20,4),(5772,20,5),(1030,21,4),(5773,21,5),(1031,22,4),(5774,22,5),(1032,23,4),(5775,23,5),(1033,24,4),(5776,24,5),(1034,25,4),(5777,25,5),(1035,26,4),(5778,26,5),(1036,27,4),(5779,27,5),(1037,28,4),(5780,28,5),(1038,29,4),(5781,29,5),(1039,30,4),(5782,30,5),(1040,31,4),(5783,31,5),(1041,32,4),(5784,32,5),(1042,33,4),(5785,33,5),(1043,34,4),(5786,34,5),(1044,35,4),(5787,35,5),(1045,36,4),(5788,36,5),(1046,37,4),(5789,37,5),(1047,38,4),(5790,38,5),(1048,39,4),(5791,39,5),(1049,40,4),(5792,40,5),(1050,41,4),(5793,41,5),(1051,42,4),(5794,42,5),(1052,43,4),(5795,43,5),(1053,44,4),(5796,44,5),(1054,45,4),(5797,45,5),(1055,46,4),(5798,46,5),(1056,47,4),(5799,47,5),(1057,48,4),(5800,48,5),(1058,49,4),(5801,49,5),(1059,50,4),(5802,50,5),(1060,51,4),(5803,51,5),(1061,52,4),(5804,52,5),(1062,53,4),(5805,53,5),(1063,54,4),(5806,54,5),(1064,55,4),(5807,55,5),(1065,56,4),(5808,56,5),(1066,57,4),(5809,57,5),(1067,58,4),(5810,58,5),(1068,59,4),(5811,59,5),(1069,60,4),(5812,60,5),(1070,61,4),(5813,61,5),(1071,62,4),(5814,62,5),(1072,63,4),(5815,63,5),(1073,64,4),(5816,64,5),(1074,65,4),(5817,65,5),(1075,66,4),(5818,66,5),(1076,67,4),(5819,67,5),(1077,68,4),(5820,68,5),(1078,69,4),(5821,69,5),(1079,70,4),(5822,70,5),(1080,71,4),(5823,71,5),(1081,72,4),(5824,72,5),(1082,73,4),(5825,73,5),(1083,74,4),(5826,74,5),(1084,75,4),(5827,75,5),(1085,76,4),(5828,76,5),(1086,77,4),(5829,77,5),(1087,78,4),(5830,78,5),(1088,79,4),(5831,79,5),(1089,80,4),(5832,80,5),(1090,81,4),(5833,81,5),(1091,82,4),(5834,82,5),(1092,83,4),(5835,83,5),(1093,84,4),(5836,84,5),(1094,85,4),(5837,85,5),(1095,86,4),(5838,86,5),(1096,87,4),(5839,87,5),(1097,88,4),(5840,88,5),(1098,89,4),(5841,89,5),(1099,90,4),(5842,90,5),(1100,91,4),(5843,91,5),(1101,92,4),(5844,92,5),(1102,93,4),(5845,93,5),(1103,94,4),(5846,94,5),(1104,95,4),(5847,95,5),(1105,96,4),(5848,96,5),(1106,97,4),(5849,97,5),(1107,98,4),(5850,98,5),(1108,99,4),(5851,99,5),(1109,100,4),(5852,100,5),(1110,101,4),(5853,101,5),(1111,102,4),(5854,102,5),(1112,103,4),(5855,103,5),(1113,104,4),(5856,104,5),(1114,105,4),(5857,105,5),(1115,106,4),(5858,106,5),(1116,107,4),(5859,107,5),(1117,108,4),(5860,108,5),(1118,109,4),(5861,109,5),(1119,110,4),(5862,110,5),(1120,111,4),(5863,111,5),(1121,112,4),(5864,112,5),(1122,113,4),(5865,113,5),(1123,114,4),(5866,114,5),(1124,115,4),(5867,115,5),(1125,116,4),(5868,116,5),(1126,117,4),(5869,117,5),(1127,118,4),(5870,118,5),(1128,119,4),(5871,119,5),(1129,120,4),(5872,120,5),(1130,121,4),(5873,121,5),(1131,122,4),(5874,122,5),(1132,123,4),(5875,123,5),(1133,124,4),(5876,124,5),(1134,125,4),(5877,125,5),(1135,126,4),(5878,126,5),(1136,127,4),(5879,127,5),(1137,128,4),(5880,128,5),(1138,129,4),(5881,129,5),(1139,130,4),(5882,130,5),(1140,131,4),(5883,131,5),(1141,132,4),(5884,132,5),(1142,133,4),(5885,133,5),(1143,134,4),(5886,134,5),(1144,135,4),(5887,135,5),(1145,136,4),(5888,136,5),(1146,137,4),(5889,137,5),(1147,138,4),(5890,138,5),(1148,139,4),(5891,139,5),(1149,140,4),(5892,140,5),(1150,141,4),(5893,141,5),(1151,142,4),(5894,142,5),(1152,143,4),(5895,143,5),(1153,144,4),(5896,144,5),(1154,145,4),(5897,145,5),(1155,146,4),(5898,146,5),(1156,147,4),(5899,147,5),(1157,148,4),(5900,148,5),(1158,149,4),(5901,149,5),(1159,150,4),(5902,150,5),(1160,151,4),(5903,151,5),(1161,152,4),(5904,152,5),(1162,153,4),(5905,153,5),(1163,154,4),(5906,154,5),(1164,155,4),(5907,155,5),(1165,156,4),(5908,156,5),(1166,157,4),(5909,157,5),(1167,158,4),(5910,158,5),(1168,159,4),(5911,159,5),(1169,160,4),(5912,160,5),(1170,161,4),(5913,161,5),(1171,162,4),(5914,162,5),(1172,163,4),(5915,163,5),(1173,164,4),(5916,164,5),(1174,165,4),(5917,165,5),(1175,166,4),(5918,166,5),(1176,167,4),(5919,167,5),(1177,168,4),(5920,168,5),(1178,169,4),(5921,169,5),(1179,170,4),(5922,170,5),(1180,171,4),(5923,171,5),(1181,172,4),(5924,172,5),(1182,173,4),(5925,173,5),(1183,174,4),(5926,174,5),(1184,175,4),(5927,175,5),(1185,176,4),(5928,176,5),(1186,177,4),(5929,177,5),(1187,178,4),(5930,178,5),(1188,179,4),(5931,179,5),(1189,180,4),(5932,180,5),(1190,181,4),(5933,181,5),(1191,182,4),(5934,182,5),(1192,183,4),(5935,183,5),(1193,184,4),(5936,184,5),(1194,185,4),(5937,185,5),(1195,186,4),(5938,186,5),(1196,187,4),(5939,187,5),(1197,188,4),(5940,188,5),(1198,189,4),(5941,189,5),(1199,190,4),(5942,190,5),(1200,191,4),(5943,191,5),(1201,192,4),(5944,192,5),(1202,193,4),(5945,193,5),(1203,194,4),(5946,194,5),(1204,195,4),(5947,195,5),(1205,196,4),(5948,196,5),(1206,197,4),(5949,197,5),(1207,198,4),(5950,198,5),(1208,199,4),(5951,199,5),(1209,200,4),(5952,200,5),(1210,201,4),(5953,201,5),(1211,202,4),(5954,202,5),(1212,203,4),(5955,203,5),(1213,204,4),(5956,204,5),(1214,205,4),(5957,205,5),(1215,206,4),(5958,206,5),(1216,207,4),(5959,207,5),(1217,208,4),(5960,208,5),(1218,209,4),(5961,209,5),(1219,210,4),(5962,210,5),(1220,211,4),(5963,211,5),(1221,212,4),(5964,212,5),(1222,213,4),(5965,213,5),(1223,214,4),(5966,214,5),(1224,215,4),(5967,215,5),(1225,216,4),(5968,216,5),(1226,217,4),(5969,217,5),(1227,218,4),(5970,218,5),(1228,219,4),(5971,219,5),(1229,220,4),(5972,220,5),(1230,221,4),(5973,221,5),(1231,222,4),(5974,222,5),(1232,223,4),(5975,223,5),(1233,224,4),(5976,224,5),(1234,225,4),(5977,225,5),(1235,226,4),(5978,226,5),(1236,227,4),(5979,227,5),(1237,228,4),(5980,228,5),(1238,229,4),(5981,229,5),(1239,230,4),(5982,230,5),(1240,231,4),(5983,231,5),(1241,232,4),(5984,232,5),(1242,233,4),(5985,233,5),(1243,234,4),(5986,234,5),(1244,235,4),(5987,235,5),(1245,236,4),(5988,236,5),(1246,237,4),(5989,237,5),(1247,238,4),(5990,238,5),(1248,239,4),(5991,239,5),(1249,240,4),(5992,240,5),(1250,241,4),(5993,241,5),(1251,242,4),(5994,242,5),(1252,243,4),(5995,243,5),(1253,244,4),(5996,244,5),(1254,245,4),(5997,245,5),(1255,246,4),(5998,246,5),(1256,247,4),(5999,247,5),(1257,248,4),(6000,248,5),(1258,249,4),(6001,249,5),(1259,250,4),(6002,250,5),(1260,251,4),(6003,251,5),(1261,252,4),(6004,252,5),(1262,253,4),(6005,253,5),(1263,254,4),(6006,254,5),(1264,255,4),(6007,255,5),(1265,256,4),(6008,256,5),(1266,257,4),(6009,257,5),(1267,258,4),(6010,258,5),(1268,259,4),(6011,259,5),(1269,260,4),(6012,260,5),(1270,261,4),(6013,261,5),(1271,262,4),(6014,262,5),(1272,263,4),(6015,263,5),(1273,264,4),(6016,264,5),(1274,265,4),(6017,265,5),(1275,266,4),(6018,266,5),(1276,267,4),(6019,267,5),(1277,268,4),(6020,268,5),(1278,269,4),(6021,269,5),(1279,270,4),(6022,270,5),(1280,271,4),(6023,271,5),(1281,272,4),(6024,272,5),(1282,273,4),(6025,273,5),(1283,274,4),(6026,274,5),(1284,275,4),(6027,275,5),(1285,276,4),(6028,276,5),(1286,277,4),(6029,277,5),(1287,278,4),(6030,278,5),(1288,279,4),(6031,279,5),(1289,280,4),(6032,280,5),(1290,281,4),(6033,281,5),(1291,282,4),(6034,282,5),(1292,283,4),(6035,283,5),(1293,284,4),(6036,284,5),(1294,285,4),(6037,285,5),(1295,286,4),(6038,286,5),(1296,287,4),(6039,287,5),(1297,288,4),(6040,288,5),(1298,289,4),(6041,289,5),(1299,290,4),(6042,290,5),(1300,291,4),(6043,291,5),(1301,292,4),(6044,292,5),(1302,293,4),(6045,293,5),(1303,294,4),(6046,294,5),(1304,295,4),(6047,295,5),(1305,296,4),(6048,296,5),(1306,297,4),(6049,297,5),(1307,298,4),(6050,298,5),(1308,299,4),(6051,299,5),(1309,300,4),(6052,300,5),(1310,301,4),(6053,301,5),(1311,302,4),(6054,302,5),(1312,303,4),(6055,303,5),(1313,304,4),(6056,304,5),(1314,305,4),(6057,305,5),(1315,306,4),(6058,306,5),(1316,307,4),(6059,307,5),(1317,308,4),(6060,308,5),(1318,309,4),(6061,309,5),(1319,310,4),(6062,310,5),(1320,311,4),(6063,311,5),(1321,312,4),(6064,312,5),(1322,313,4),(6065,313,5),(1323,314,4),(6066,314,5),(1324,315,4),(6067,315,5),(1325,316,4),(6068,316,5),(1326,317,4),(6069,317,5),(1327,318,4),(6070,318,5),(1328,319,4),(6071,319,5),(1329,320,4),(6072,320,5),(1330,321,4),(6073,321,5),(1331,322,4),(6074,322,5),(1332,323,4),(6075,323,5),(1333,324,4),(6076,324,5),(1334,325,4),(6077,325,5),(1335,326,4),(6078,326,5),(1336,327,4),(6079,327,5),(1337,328,4),(6080,328,5),(1338,329,4),(6081,329,5),(1339,330,4),(6082,330,5),(1340,331,4),(6083,331,5),(1341,332,4),(6084,332,5),(1342,333,4),(6085,333,5),(1343,334,4),(6086,334,5),(1344,335,4),(6087,335,5),(1345,336,4),(6088,336,5),(1346,337,4),(6089,337,5),(1347,338,4),(6090,338,5),(1348,339,4),(6091,339,5),(1349,340,4),(6092,340,5),(1350,341,4),(6093,341,5),(1351,342,4),(6094,342,5),(1352,343,4),(6095,343,5),(1353,344,4),(6096,344,5),(1354,345,4),(6097,345,5),(1355,346,4),(6098,346,5),(1356,347,4),(6099,347,5),(1357,348,4),(6100,348,5),(1358,349,4),(6101,349,5),(1359,350,4),(6102,350,5),(1360,351,4),(6103,351,5),(1361,352,4),(6104,352,5),(1362,353,4),(6105,353,5),(1363,354,4),(6106,354,5),(1364,355,4),(6107,355,5),(1365,356,4),(6108,356,5),(1366,357,4),(6109,357,5),(1367,358,4),(6110,358,5),(1368,359,4),(6111,359,5),(1369,360,4),(6112,360,5),(1370,361,4),(6113,361,5),(1371,362,4),(6114,362,5),(1372,363,4),(6115,363,5),(1373,364,4),(6116,364,5),(1374,365,4),(6117,365,5),(1375,366,4),(6118,366,5),(1376,367,4),(6119,367,5),(1377,368,4),(6120,368,5),(1378,369,4),(6121,369,5),(1379,370,4),(6122,370,5),(1380,371,4),(6123,371,5),(1381,372,4),(6124,372,5),(1382,373,4),(6125,373,5),(1383,374,4),(6126,374,5),(1384,375,4),(6127,375,5),(1385,376,4),(6128,376,5),(1386,377,4),(6129,377,5),(1387,378,4),(6130,378,5),(1388,379,4),(6131,379,5),(1389,380,4),(6132,380,5),(1390,381,4),(6133,381,5),(1391,382,4),(6134,382,5),(1392,383,4),(6135,383,5),(1393,384,4),(6136,384,5),(1394,385,4),(6137,385,5),(1395,386,4),(6138,386,5),(1396,387,4),(6139,387,5),(1397,388,4),(6140,388,5),(1398,389,4),(6141,389,5),(1399,390,4),(6142,390,5),(1400,391,4),(6143,391,5),(1401,392,4),(6144,392,5),(1402,393,4),(6145,393,5),(1403,394,4),(6146,394,5),(1404,395,4),(6147,395,5),(1405,396,4),(6148,396,5),(1406,397,4),(6149,397,5),(1407,398,4),(6150,398,5),(1408,399,4),(6151,399,5),(1409,400,4),(6152,400,5),(1410,401,4),(6153,401,5),(1411,402,4),(6154,402,5),(1412,403,4),(6155,403,5),(1413,404,4),(6156,404,5),(1414,405,4),(6157,405,5),(1415,406,4),(6158,406,5),(1416,407,4),(6159,407,5),(1417,408,4),(6160,408,5),(1418,409,4),(6161,409,5),(1419,410,4),(6162,410,5),(1420,411,4),(6163,411,5),(1421,412,4),(6164,412,5),(1422,413,4),(6165,413,5),(1423,414,4),(6166,414,5),(1424,415,4),(6167,415,5),(1425,416,4),(6168,416,5),(1426,417,4),(6169,417,5),(1427,418,4),(6170,418,5),(1428,419,4),(6171,419,5),(1429,420,4),(6172,420,5),(1430,421,4),(6173,421,5),(1431,422,4),(6174,422,5),(1432,423,4),(6175,423,5),(1433,424,4),(6176,424,5),(1434,425,4),(6177,425,5),(1435,426,4),(6178,426,5),(1436,427,4),(6179,427,5),(1437,428,4),(6180,428,5),(1438,429,4),(6181,429,5),(1439,430,4),(6182,430,5),(1440,431,4),(6183,431,5),(1441,432,4),(6184,432,5),(1442,433,4),(6185,433,5),(1443,434,4),(6186,434,5),(1444,435,4),(6187,435,5),(1445,436,4),(6188,436,5),(1446,437,4),(6189,437,5),(1447,438,4),(6190,438,5),(1448,439,4),(6191,439,5),(1449,440,4),(6192,440,5),(1450,441,4),(6193,441,5),(1451,442,4),(6194,442,5),(1452,443,4),(6195,443,5),(1453,444,4),(6196,444,5),(1454,445,4),(6197,445,5),(1455,446,4),(6198,446,5),(1456,447,4),(6199,447,5),(1457,448,4),(6200,448,5),(1458,449,4),(6201,449,5),(1459,450,4),(6202,450,5),(1460,451,4),(6203,451,5),(1461,452,4),(6204,452,5),(1462,453,4),(6205,453,5),(1463,454,4),(6206,454,5),(1464,455,4),(6207,455,5),(1465,456,4),(6208,456,5),(1466,457,4),(6209,457,5),(1467,458,4),(6210,458,5),(1468,459,4),(6211,459,5),(1469,460,4),(6212,460,5),(1470,461,4),(6213,461,5),(1471,462,4),(6214,462,5),(1472,463,4),(6215,463,5),(1473,464,4),(6216,464,5),(1474,465,4),(6217,465,5),(1475,466,4),(6218,466,5),(1476,467,4),(6219,467,5),(1477,468,4),(6220,468,5),(1478,469,4),(6221,469,5),(1479,470,4),(6222,470,5),(1480,471,4),(6223,471,5),(1481,472,4),(6224,472,5),(1482,473,4),(6225,473,5),(1483,474,4),(6226,474,5),(1484,475,4),(6227,475,5),(1485,476,4),(6228,476,5),(1486,477,4),(6229,477,5),(1487,478,4),(6230,478,5),(1488,479,4),(6231,479,5),(1489,480,4),(6232,480,5),(1490,481,4),(6233,481,5),(1491,482,4),(6234,482,5),(1492,483,4),(6235,483,5),(1493,484,4),(6236,484,5),(1494,485,4),(6237,485,5),(1495,486,4),(6238,486,5),(1496,487,4),(6239,487,5),(1497,488,4),(6240,488,5),(1498,489,4),(6241,489,5),(1499,490,4),(6242,490,5),(1500,491,4),(6243,491,5),(1501,492,4),(6244,492,5),(1502,493,4),(6245,493,5),(1503,494,4),(6246,494,5),(1504,495,4),(6247,495,5),(1505,496,4),(6248,496,5),(1506,497,4),(6249,497,5),(1507,498,4),(6250,498,5),(1508,499,4),(6251,499,5),(1509,500,4),(6252,500,5),(1510,501,4),(6253,501,5),(1511,502,4),(6254,502,5),(1512,503,4),(6255,503,5),(1513,504,4),(6256,504,5),(1514,505,4),(6257,505,5),(1515,506,4),(6258,506,5),(1516,507,4),(6259,507,5),(1517,508,4),(6260,508,5),(1518,509,4),(6261,509,5),(1519,510,4),(6262,510,5),(1520,511,4),(6263,511,5),(1521,512,4),(6264,512,5),(1522,513,4),(6265,513,5),(1523,514,4),(6266,514,5),(1524,515,4),(6267,515,5),(1525,516,4),(6268,516,5),(1526,517,4),(6269,517,5),(1527,518,4),(6270,518,5),(1528,519,4),(6271,519,5),(1529,520,4),(6272,520,5),(1530,521,4),(6273,521,5),(1531,522,4),(6274,522,5),(1532,523,4),(6275,523,5),(1533,524,4),(6276,524,5),(1534,525,4),(6277,525,5),(1535,526,4),(6278,526,5),(1536,527,4),(6279,527,5),(1537,528,4),(6280,528,5),(1538,529,4),(6281,529,5),(1539,530,4),(6282,530,5),(1540,531,4),(6283,531,5),(1541,532,4),(6284,532,5),(1542,533,4),(6285,533,5),(1543,534,4),(6286,534,5),(1544,535,4),(6287,535,5),(1545,536,4),(6288,536,5),(1546,537,4),(6289,537,5),(1547,538,4),(6290,538,5),(1548,539,4),(6291,539,5),(1549,540,4),(6292,540,5),(1550,541,4),(6293,541,5),(1551,542,4),(6294,542,5),(1552,543,4),(6295,543,5),(1553,544,4),(6296,544,5),(1554,545,4),(6297,545,5),(1555,546,4),(6298,546,5),(1556,547,4),(6299,547,5),(1557,548,4),(6300,548,5),(1558,549,4),(6301,549,5),(1559,550,4),(6302,550,5),(1560,551,4),(6303,551,5),(1561,552,4),(6304,552,5),(1562,553,4),(6305,553,5),(1563,554,4),(6306,554,5),(1564,555,4),(6307,555,5),(1565,556,4),(6308,556,5),(1566,557,4),(6309,557,5),(1567,558,4),(6310,558,5),(1568,559,4),(6311,559,5),(1569,560,4),(6312,560,5),(1570,561,4),(6313,561,5),(1571,562,4),(6314,562,5),(1572,563,4),(6315,563,5),(1573,564,4),(6316,564,5),(1574,565,4),(6317,565,5),(1575,566,4),(6318,566,5),(1576,567,4),(6319,567,5),(1577,568,4),(6320,568,5),(1578,569,4),(6321,569,5),(1579,570,4),(6322,570,5),(1580,571,4),(6323,571,5),(1581,572,4),(6324,572,5),(1582,573,4),(6325,573,5),(1583,574,4),(6326,574,5),(1584,575,4),(6327,575,5),(1585,576,4),(6328,576,5),(1586,577,4),(6329,577,5),(1587,578,4),(6330,578,5),(1588,579,4),(6331,579,5),(1589,580,4),(6332,580,5),(1590,581,4),(6333,581,5),(1591,582,4),(6334,582,5),(1592,583,4),(6335,583,5),(1593,584,4),(6336,584,5),(1594,585,4),(6337,585,5),(1595,586,4),(6338,586,5),(1596,587,4),(6339,587,5),(1597,588,4),(6340,588,5),(1598,589,4),(6341,589,5),(1599,590,4),(6342,590,5),(1600,591,4),(6343,591,5),(1601,592,4),(6344,592,5),(1602,593,4),(6345,593,5),(1603,594,4),(6346,594,5),(1604,595,4),(6347,595,5),(1605,596,4),(6348,596,5),(1606,597,4),(6349,597,5),(1607,598,4),(6350,598,5),(1608,599,4),(6351,599,5),(1609,600,4),(6352,600,5),(1610,601,4),(6353,601,5),(1611,602,4),(6354,602,5),(1612,603,4),(6355,603,5),(1613,604,4),(6356,604,5),(1614,605,4),(6357,605,5),(1615,606,4),(6358,606,5),(1616,607,4),(6359,607,5),(1617,608,4),(6360,608,5),(1618,609,4),(6361,609,5),(1619,610,4),(6362,610,5),(1620,611,4),(6363,611,5),(1621,612,4),(6364,612,5),(1622,613,4),(6365,613,5),(1623,614,4),(6366,614,5),(1624,615,4),(6367,615,5),(1625,616,4),(6368,616,5),(1626,617,4),(6369,617,5),(1627,618,4),(6370,618,5),(1628,619,4),(6371,619,5),(1629,620,4),(6372,620,5),(1630,621,4),(6373,621,5),(1631,622,4),(6374,622,5),(1632,623,4),(6375,623,5),(1633,624,4),(6376,624,5),(1634,625,4),(6377,625,5),(1635,626,4),(6378,626,5),(1636,627,4),(6379,627,5),(1637,628,4),(6380,628,5),(1638,629,4),(6381,629,5),(1639,630,4),(6382,630,5),(1640,631,4),(6383,631,5),(1641,632,4),(6384,632,5),(1642,633,4),(6385,633,5),(1643,634,4),(6386,634,5),(1644,635,4),(6387,635,5),(1645,636,4),(6388,636,5),(1646,637,4),(6389,637,5),(1647,638,4),(6390,638,5),(1648,639,4),(6391,639,5),(1649,640,4),(6392,640,5),(1650,641,4),(6393,641,5),(1651,642,4),(6394,642,5),(1652,643,4),(6395,643,5),(1653,644,4),(6396,644,5),(1654,645,4),(6397,645,5),(1655,646,4),(6398,646,5),(1656,647,4),(6399,647,5),(1657,648,4),(6400,648,5),(1658,649,4),(6401,649,5),(1659,650,4),(6402,650,5),(1660,651,4),(6403,651,5),(1661,652,4),(6404,652,5),(1662,653,4),(6405,653,5),(1663,654,4),(6406,654,5),(1664,655,4),(6407,655,5),(1665,656,4),(6408,656,5),(1666,657,4),(6409,657,5),(1667,658,4),(6410,658,5),(1668,659,4),(6411,659,5),(1669,660,4),(6412,660,5),(1670,661,4),(6413,661,5),(1671,662,4),(6414,662,5),(1672,663,4),(6415,663,5),(1673,664,4),(6416,664,5),(1674,665,4),(6417,665,5),(1675,666,4),(6418,666,5),(1676,667,4),(6419,667,5),(1677,668,4),(6420,668,5),(1678,669,4),(6421,669,5),(1679,670,4),(6422,670,5),(1680,671,4),(6423,671,5),(1681,672,4),(6424,672,5),(1682,673,4),(6425,673,5),(1683,674,4),(6426,674,5),(1684,675,4),(6427,675,5),(1685,676,4),(6428,676,5),(1686,677,4),(6429,677,5),(1687,678,4),(6430,678,5),(1688,679,4),(6431,679,5),(1689,680,4),(6432,680,5),(1690,681,4),(6433,681,5),(1691,682,4),(6434,682,5),(1692,683,4),(6435,683,5),(1693,684,4),(6436,684,5),(1694,685,4),(6437,685,5),(1695,686,4),(6438,686,5),(1696,687,4),(6439,687,5),(1697,688,4),(6440,688,5),(1698,689,4),(6441,689,5),(1699,690,4),(6442,690,5),(1700,691,4),(6443,691,5),(1701,692,4),(6444,692,5),(1702,693,4),(6445,693,5),(1703,694,4),(6446,694,5),(1704,695,4),(6447,695,5),(1705,696,4),(6448,696,5),(1706,697,4),(6449,697,5),(1707,698,4),(6450,698,5),(1708,699,4),(6451,699,5),(1709,700,4),(6452,700,5),(1710,701,4),(6453,701,5),(1711,702,4),(6454,702,5),(1712,703,4),(6455,703,5),(1713,704,4),(6456,704,5),(1714,705,4),(6457,705,5),(1715,706,4),(6458,706,5),(1716,707,4),(6459,707,5),(1717,708,4),(6460,708,5),(1718,709,4),(6461,709,5),(1719,710,4),(6462,710,5),(1720,711,4),(6463,711,5),(1721,712,4),(6464,712,5),(1722,713,4),(6465,713,5),(1723,714,4),(6466,714,5),(1724,715,4),(6467,715,5),(1725,716,4),(6468,716,5),(1726,717,4),(6469,717,5),(1727,718,4),(6470,718,5),(1728,719,4),(6471,719,5),(1729,720,4),(6472,720,5),(1730,721,4),(6473,721,5),(1731,722,4),(6474,722,5),(1732,723,4),(6475,723,5),(1733,724,4),(6476,724,5),(1734,725,4),(6477,725,5),(1735,726,4),(6478,726,5),(1736,727,4),(6479,727,5),(1737,728,4),(6480,728,5),(1738,729,4),(6481,729,5),(1739,730,4),(6482,730,5),(1740,731,4),(6483,731,5),(1741,732,4),(6484,732,5),(1742,733,4),(6485,733,5),(1743,734,4),(6486,734,5),(1744,735,4),(6487,735,5),(1745,736,4),(6488,736,5),(1746,737,4),(6489,737,5),(1747,738,4),(6490,738,5),(1748,739,4),(6491,739,5),(1749,740,4),(6492,740,5),(1750,741,4),(6493,741,5),(1751,742,4),(6494,742,5),(1752,743,4),(6495,743,5),(1753,744,4),(6496,744,5),(1754,745,4),(6497,745,5),(1755,746,4),(6498,746,5),(1756,747,4),(6499,747,5),(1757,748,4),(6500,748,5),(1758,749,4),(6501,749,5),(1759,750,4),(6502,750,5),(1760,751,4),(6503,751,5),(1761,752,4),(6504,752,5),(1762,753,4),(6505,753,5),(1763,754,4),(6506,754,5),(1764,755,4),(6507,755,5),(1765,756,4),(6508,756,5),(1766,757,4),(6509,757,5),(1767,758,4),(6510,758,5),(1768,759,4),(6511,759,5),(1769,760,4),(6512,760,5),(1770,761,4),(6513,761,5),(1771,762,4),(6514,762,5),(1772,763,4),(6515,763,5),(1773,764,4),(6516,764,5),(1774,765,4),(6517,765,5),(1775,766,4),(6518,766,5),(1776,767,4),(6519,767,5),(1777,768,4),(6520,768,5),(1778,769,4),(6521,769,5),(1779,770,4),(6522,770,5),(1780,771,4),(6523,771,5),(1781,772,4),(6524,772,5),(1782,773,4),(6525,773,5),(1783,774,4),(6526,774,5),(1784,775,4),(6527,775,5),(1785,776,4),(6528,776,5),(1786,777,4),(6529,777,5),(1787,778,4),(6530,778,5),(1788,779,4),(6531,779,5),(1789,780,4),(6532,780,5),(1790,781,4),(6533,781,5),(1791,782,4),(6534,782,5),(1792,783,4),(6535,783,5),(1793,784,4),(6536,784,5),(1794,785,4),(6537,785,5),(1795,786,4),(6538,786,5),(1796,787,4),(6539,787,5),(1797,788,4),(6540,788,5),(1798,789,4),(6541,789,5),(1799,790,4),(6542,790,5),(1800,791,4),(6543,791,5),(1801,792,4),(6544,792,5),(1802,793,4),(6545,793,5),(1803,794,4),(6546,794,5),(1804,795,4),(6547,795,5),(1805,796,4),(6548,796,5),(1806,797,4),(6549,797,5),(1807,798,4),(6550,798,5),(1808,799,4),(6551,799,5),(1809,800,4),(6552,800,5),(1810,801,4),(6553,801,5),(1811,802,4),(6554,802,5),(1812,803,4),(6555,803,5),(1813,804,4),(6556,804,5),(1814,805,4),(6557,805,5),(1815,806,4),(6558,806,5),(1816,807,4),(6559,807,5),(1817,808,4),(6560,808,5),(1818,809,4),(6561,809,5),(1819,810,4),(6562,810,5),(1820,811,4),(6563,811,5),(1821,812,4),(6564,812,5),(1822,813,4),(6565,813,5),(1823,814,4),(6566,814,5),(1824,815,4),(6567,815,5),(1825,816,4),(6568,816,5),(1826,817,4),(6569,817,5),(1827,818,4),(6570,818,5),(1828,819,4),(6571,819,5),(1829,820,4),(6572,820,5),(1830,821,4),(6573,821,5),(1831,822,4),(6574,822,5),(1832,823,4),(6575,823,5),(1833,824,4),(6576,824,5),(1834,825,4),(6577,825,5),(1835,826,4),(6578,826,5),(1836,827,4),(6579,827,5),(1837,828,4),(6580,828,5),(1838,829,4),(6581,829,5),(1839,830,4),(6582,830,5),(1840,831,4),(6583,831,5),(1841,832,4),(6584,832,5),(1842,833,4),(6585,833,5),(1843,834,4),(6586,834,5),(1844,835,4),(6587,835,5),(1845,836,4),(6588,836,5),(1846,837,4),(6589,837,5),(1847,838,4),(6590,838,5),(1848,839,4),(6591,839,5),(1849,840,4),(6592,840,5),(1850,841,4),(6593,841,5),(1851,842,4),(6594,842,5),(1852,843,4),(6595,843,5),(1853,844,4),(6596,844,5),(1854,845,4),(6597,845,5),(1855,846,4),(6598,846,5),(1856,847,4),(6599,847,5),(1857,848,4),(6600,848,5),(1858,849,4),(6601,849,5),(1859,850,4),(6602,850,5),(1860,851,4),(6603,851,5),(1861,852,4),(6604,852,5),(1862,853,4),(6605,853,5),(1863,854,4),(6606,854,5),(1864,855,4),(6607,855,5),(1865,856,4),(6608,856,5),(1866,857,4),(6609,857,5),(1867,858,4),(6610,858,5),(1868,859,4),(6611,859,5),(1869,860,4),(6612,860,5),(1870,861,4),(6613,861,5),(1871,862,4),(6614,862,5),(1872,863,4),(6615,863,5),(1873,864,4),(6616,864,5),(1874,865,4),(6617,865,5),(1875,866,4),(6618,866,5),(1876,867,4),(6619,867,5),(1877,868,4),(6620,868,5),(1878,869,4),(6621,869,5),(1879,870,4),(6622,870,5),(1880,871,4),(6623,871,5),(1881,872,4),(6624,872,5),(1882,873,4),(6625,873,5),(1883,874,4),(6626,874,5),(1884,875,4),(6627,875,5),(1885,876,4),(6628,876,5),(1886,877,4),(6629,877,5),(1887,878,4),(6630,878,5),(1888,879,4),(6631,879,5),(1889,880,4),(6632,880,5),(1890,881,4),(6633,881,5),(1891,882,4),(6634,882,5),(1892,883,4),(6635,883,5),(1893,884,4),(6636,884,5),(1894,885,4),(6637,885,5),(1895,886,4),(6638,886,5),(1896,887,4),(6639,887,5),(1897,888,4),(6640,888,5),(1898,889,4),(6641,889,5),(1899,890,4),(6642,890,5),(1900,891,4),(6643,891,5),(1901,892,4),(6644,892,5),(1902,893,4),(6645,893,5),(1903,894,4),(6646,894,5),(1904,895,4),(6647,895,5),(1905,896,4),(6648,896,5),(1906,897,4),(6649,897,5),(1907,898,4),(6650,898,5),(1908,899,4),(6651,899,5),(1909,900,4),(6652,900,5),(1910,901,4),(6653,901,5),(1911,902,4),(6654,902,5),(1912,903,4),(6655,903,5),(1913,904,4),(6656,904,5),(1914,905,4),(6657,905,5),(1915,906,4),(6658,906,5),(1916,907,4),(6659,907,5),(1917,908,4),(6660,908,5),(1918,909,4),(6661,909,5),(1919,910,4),(6662,910,5),(1920,911,4),(6663,911,5),(1921,912,4),(6664,912,5),(1922,913,4),(6665,913,5),(1923,914,4),(6666,914,5),(1924,915,4),(6667,915,5),(1925,916,4),(6668,916,5),(1926,917,4),(6669,917,5),(1927,918,4),(6670,918,5),(1928,919,4),(6671,919,5),(1929,920,4),(6672,920,5),(1930,921,4),(6673,921,5),(1931,922,4),(6674,922,5),(1932,923,4),(6675,923,5),(1933,924,4),(6676,924,5),(1934,925,4),(6677,925,5),(1935,926,4),(6678,926,5),(1936,927,4),(6679,927,5),(1937,928,4),(6680,928,5),(1938,929,4),(6681,929,5),(1939,930,4),(6682,930,5),(1940,931,4),(6683,931,5),(1941,932,4),(6684,932,5),(1942,933,4),(6685,933,5),(1943,934,4),(6686,934,5),(1944,935,4),(6687,935,5),(1945,936,4),(6688,936,5),(1946,937,4),(6689,937,5),(1947,938,4),(6690,938,5),(1948,939,4),(6691,939,5),(1949,940,4),(6692,940,5),(1950,941,4),(6693,941,5),(1951,942,4),(6694,942,5),(1952,943,4),(6695,943,5),(1953,944,4),(6696,944,5),(1954,945,4),(6697,945,5),(1955,946,4),(6698,946,5),(1956,947,4),(6699,947,5),(1957,948,4),(6700,948,5),(1958,949,4),(6701,949,5),(1959,950,4),(6702,950,5),(1960,951,4),(6703,951,5),(1961,952,4),(6704,952,5),(1962,953,4),(6705,953,5),(1963,954,4),(6706,954,5),(1964,955,4),(6707,955,5),(1965,956,4),(6708,956,5),(1966,957,4),(6709,957,5),(1967,958,4),(6710,958,5),(1968,959,4),(6711,959,5),(1969,960,4),(6712,960,5),(1970,961,4),(6713,961,5),(1971,962,4),(6714,962,5),(1972,963,4),(6715,963,5),(1973,964,4),(6716,964,5),(1974,965,4),(6717,965,5),(1975,966,4),(6718,966,5),(1976,967,4),(6719,967,5),(1977,968,4),(6720,968,5),(1978,969,4),(6721,969,5),(1979,970,4),(6722,970,5),(1980,971,4),(6723,971,5),(1981,972,4),(6724,972,5),(1982,973,4),(6725,973,5),(1983,974,4),(6726,974,5),(1984,975,4),(6727,975,5),(1985,976,4),(6728,976,5),(1986,977,4),(6729,977,5),(1987,978,4),(6730,978,5),(1988,979,4),(6731,979,5),(1989,980,4),(6732,980,5),(1990,981,4),(6733,981,5),(1991,982,4),(6734,982,5),(1992,983,4),(6735,983,5),(1993,984,4),(6736,984,5),(1994,985,4),(6737,985,5),(1995,986,4),(6738,986,5),(1996,987,4),(6739,987,5),(1997,988,4),(6740,988,5),(1998,989,4),(6741,989,5),(1999,990,4),(6742,990,5),(2000,991,4),(6743,991,5),(2001,992,4),(6744,992,5),(2002,993,4),(6745,993,5),(2003,994,4),(6746,994,5),(2004,995,4),(6747,995,5),(2005,996,4),(6748,996,5),(2006,997,4),(6749,997,5),(2007,998,4),(6750,998,5),(2008,999,4),(6751,999,5),(2009,1000,4),(6752,1000,5),(2010,1001,4),(6753,1001,5),(2011,1002,4),(6754,1002,5),(2012,1003,4),(6755,1003,5),(2013,1004,4),(6756,1004,5),(2014,1005,4),(6757,1005,5),(2015,1006,4),(6758,1006,5),(2016,1007,4),(6759,1007,5),(2017,1008,4),(6760,1008,5),(2018,1009,4),(6761,1009,5),(2019,1010,4),(6762,1010,5),(2020,1011,4),(6763,1011,5),(2021,1012,4),(6764,1012,5),(2022,1013,4),(6765,1013,5),(2023,1014,4),(6766,1014,5),(2024,1015,4),(6767,1015,5),(2025,1016,4),(6768,1016,5),(2026,1017,4),(6769,1017,5),(2027,1018,4),(6770,1018,5),(2028,1019,4),(6771,1019,5),(2029,1020,4),(6772,1020,5),(2030,1021,4),(6773,1021,5),(2031,1022,4),(6774,1022,5),(2032,1023,4),(6775,1023,5),(2033,1024,4),(6776,1024,5),(2034,1025,4),(6777,1025,5),(2035,1026,4),(6778,1026,5),(2036,1027,4),(6779,1027,5),(2037,1028,4),(6780,1028,5),(2038,1029,4),(6781,1029,5),(2039,1030,4),(6782,1030,5),(2040,1031,4),(6783,1031,5),(2041,1032,4),(6784,1032,5),(2042,1033,4),(6785,1033,5),(2043,1034,4),(6786,1034,5),(2044,1035,4),(6787,1035,5),(2045,1036,4),(6788,1036,5),(2046,1037,4),(6789,1037,5),(2047,1038,4),(6790,1038,5),(2048,1039,4),(6791,1039,5),(2049,1040,4),(6792,1040,5),(2050,1041,4),(6793,1041,5),(2051,1042,4),(6794,1042,5),(2052,1043,4),(6795,1043,5),(2053,1044,4),(6796,1044,5),(2054,1045,4),(6797,1045,5),(2055,1046,4),(6798,1046,5),(2056,1047,4),(6799,1047,5),(2057,1048,4),(6800,1048,5),(2058,1049,4),(6801,1049,5),(2059,1050,4),(6802,1050,5),(2060,1051,4),(6803,1051,5),(2061,1052,4),(6804,1052,5),(2062,1053,4),(6805,1053,5),(2063,1054,4),(6806,1054,5),(2064,1055,4),(6807,1055,5),(2065,1056,4),(6808,1056,5),(2066,1057,4),(6809,1057,5),(2067,1058,4),(6810,1058,5),(2068,1059,4),(6811,1059,5),(2069,1060,4),(6812,1060,5),(2070,1061,4),(6813,1061,5),(2071,1062,4),(6814,1062,5),(2072,1063,4),(6815,1063,5),(2073,1064,4),(6816,1064,5),(2074,1065,4),(6817,1065,5),(2075,1066,4),(6818,1066,5),(2076,1067,4),(6819,1067,5),(2077,1068,4),(6820,1068,5),(2078,1069,4),(6821,1069,5),(2079,1070,4),(6822,1070,5),(2080,1071,4),(6823,1071,5),(2081,1072,4),(6824,1072,5),(2082,1073,4),(6825,1073,5),(2083,1074,4),(6826,1074,5),(2084,1075,4),(6827,1075,5),(2085,1076,4),(6828,1076,5),(2086,1077,4),(6829,1077,5),(2087,1078,4),(6830,1078,5),(2088,1079,4),(6831,1079,5),(2089,1080,4),(6832,1080,5),(2090,1081,4),(6833,1081,5),(2091,1082,4),(6834,1082,5),(2092,1083,4),(6835,1083,5),(2093,1084,4),(6836,1084,5),(2094,1085,4),(6837,1085,5),(2095,1086,4),(6838,1086,5),(2096,1087,4),(6839,1087,5),(2097,1088,4),(6840,1088,5),(2098,1089,4),(6841,1089,5),(2099,1090,4),(6842,1090,5),(2100,1091,4),(6843,1091,5),(2101,1092,4),(6844,1092,5),(2102,1093,4),(6845,1093,5),(2103,1094,4),(6846,1094,5),(2104,1095,4),(6847,1095,5),(2105,1096,4),(6848,1096,5),(2106,1097,4),(6849,1097,5),(2107,1098,4),(6850,1098,5),(2108,1099,4),(6851,1099,5),(2109,1100,4),(6852,1100,5),(2110,1101,4),(6853,1101,5),(2111,1102,4),(6854,1102,5),(2112,1103,4),(6855,1103,5),(2113,1104,4),(6856,1104,5),(2114,1105,4),(6857,1105,5),(2115,1106,4),(6858,1106,5),(2116,1107,4),(6859,1107,5),(2117,1108,4),(6860,1108,5),(2118,1109,4),(6861,1109,5),(2119,1110,4),(6862,1110,5),(2120,1111,4),(6863,1111,5),(2121,1112,4),(6864,1112,5),(2122,1113,4),(6865,1113,5),(2123,1114,4),(6866,1114,5),(2124,1115,4),(6867,1115,5),(2125,1116,4),(6868,1116,5),(2126,1117,4),(6869,1117,5),(2127,1118,4),(6870,1118,5),(2128,1119,4),(6871,1119,5),(2129,1120,4),(6872,1120,5),(2130,1121,4),(6873,1121,5),(2131,1122,4),(6874,1122,5),(2132,1123,4),(6875,1123,5),(2133,1124,4),(6876,1124,5),(2134,1125,4),(6877,1125,5),(2135,1126,4),(6878,1126,5),(2136,1127,4),(6879,1127,5),(2137,1128,4),(6880,1128,5),(2138,1129,4),(6881,1129,5),(2139,1130,4),(6882,1130,5),(2140,1131,4),(6883,1131,5),(2141,1132,4),(6884,1132,5),(2142,1133,4),(6885,1133,5),(2143,1134,4),(6886,1134,5),(2144,1135,4),(6887,1135,5),(2145,1136,4),(6888,1136,5),(2146,1137,4),(6889,1137,5),(2147,1138,4),(6890,1138,5),(2148,1139,4),(6891,1139,5),(2149,1140,4),(6892,1140,5),(2150,1141,4),(6893,1141,5),(2151,1142,4),(6894,1142,5),(2152,1143,4),(6895,1143,5),(2153,1144,4),(6896,1144,5),(2154,1145,4),(6897,1145,5),(2155,1146,4),(6898,1146,5),(2156,1147,4),(6899,1147,5),(2157,1148,4),(6900,1148,5),(2158,1149,4),(6901,1149,5),(2159,1150,4),(6902,1150,5),(2160,1151,4),(6903,1151,5),(2161,1152,4),(6904,1152,5),(2162,1153,4),(6905,1153,5),(2163,1154,4),(6906,1154,5),(2164,1155,4),(6907,1155,5),(2165,1156,4),(6908,1156,5),(2166,1157,4),(6909,1157,5),(2167,1158,4),(6910,1158,5),(2168,1159,4),(6911,1159,5),(2169,1160,4),(6912,1160,5),(2170,1161,4),(6913,1161,5),(2171,1162,4),(6914,1162,5),(2172,1163,4),(6915,1163,5),(2173,1164,4),(6916,1164,5),(2174,1165,4),(6917,1165,5),(2175,1166,4),(6918,1166,5),(2176,1167,4),(6919,1167,5),(2177,1168,4),(6920,1168,5),(2178,1169,4),(6921,1169,5),(2179,1170,4),(6922,1170,5),(2180,1171,4),(6923,1171,5),(2181,1172,4),(6924,1172,5),(2182,1173,4),(6925,1173,5),(2183,1174,4),(6926,1174,5),(2184,1175,4),(6927,1175,5),(2185,1176,4),(6928,1176,5),(2186,1177,4),(6929,1177,5),(2187,1178,4),(6930,1178,5),(2188,1179,4),(6931,1179,5),(2189,1180,4),(6932,1180,5),(2190,1181,4),(6933,1181,5),(2191,1182,4),(6934,1182,5),(2192,1183,4),(6935,1183,5),(2193,1184,4),(6936,1184,5),(2194,1185,4),(6937,1185,5),(2195,1186,4),(6938,1186,5),(2196,1187,4),(6939,1187,5),(2197,1188,4),(6940,1188,5),(2198,1189,4),(6941,1189,5),(2199,1190,4),(6942,1190,5),(2200,1191,4),(6943,1191,5),(2201,1192,4),(6944,1192,5),(2202,1193,4),(6945,1193,5),(2203,1194,4),(6946,1194,5),(2204,1195,4),(6947,1195,5),(2205,1196,4),(6948,1196,5),(2206,1197,4),(6949,1197,5),(2207,1198,4),(6950,1198,5),(2208,1199,4),(6951,1199,5),(2209,1200,4),(6952,1200,5),(2210,1201,4),(6953,1201,5),(2211,1202,4),(6954,1202,5),(2212,1203,4),(6955,1203,5),(2213,1204,4),(6956,1204,5),(2214,1205,4),(6957,1205,5),(2215,1206,4),(6958,1206,5),(2216,1207,4),(6959,1207,5),(2217,1208,4),(6960,1208,5),(2218,1209,4),(6961,1209,5),(2219,1210,4),(6962,1210,5),(2220,1211,4),(6963,1211,5),(2221,1212,4),(6964,1212,5),(2222,1213,4),(6965,1213,5),(2223,1214,4),(6966,1214,5),(2224,1215,4),(6967,1215,5),(2225,1216,4),(6968,1216,5),(2226,1217,4),(6969,1217,5),(2227,1218,4),(6970,1218,5),(2228,1219,4),(6971,1219,5),(2229,1220,4),(6972,1220,5),(2230,1221,4),(6973,1221,5),(2231,1222,4),(6974,1222,5),(2232,1223,4),(6975,1223,5),(2233,1224,4),(6976,1224,5),(2234,1225,4),(6977,1225,5),(2235,1226,4),(6978,1226,5),(2236,1227,4),(6979,1227,5),(2237,1228,4),(6980,1228,5),(2238,1229,4),(6981,1229,5),(2239,1230,4),(6982,1230,5),(2240,1231,4),(6983,1231,5),(2241,1232,4),(6984,1232,5),(2242,1233,4),(6985,1233,5),(2243,1234,4),(6986,1234,5),(2244,1235,4),(6987,1235,5),(2245,1236,4),(6988,1236,5),(2246,1237,4),(6989,1237,5),(2247,1238,4),(6990,1238,5),(2248,1239,4),(6991,1239,5),(2249,1240,4),(6992,1240,5),(2250,1241,4),(6993,1241,5),(2251,1242,4),(6994,1242,5),(2252,1243,4),(6995,1243,5),(2253,1244,4),(6996,1244,5),(2254,1245,4),(6997,1245,5),(2255,1246,4),(6998,1246,5),(2256,1247,4),(6999,1247,5),(2257,1248,4),(7000,1248,5),(2258,1249,4),(7001,1249,5),(2259,1250,4),(7002,1250,5),(2260,1251,4),(7003,1251,5),(2261,1252,4),(7004,1252,5),(2262,1253,4),(7005,1253,5),(2263,1254,4),(7006,1254,5),(2264,1255,4),(7007,1255,5),(2265,1256,4),(7008,1256,5),(2266,1257,4),(7009,1257,5),(2267,1258,4),(7010,1258,5),(2268,1259,4),(7011,1259,5),(2269,1260,4),(7012,1260,5),(2270,1261,4),(7013,1261,5),(2271,1262,4),(7014,1262,5),(2272,1263,4),(7015,1263,5),(2273,1264,4),(7016,1264,5),(2274,1265,4),(7017,1265,5),(2275,1266,4),(7018,1266,5),(2276,1267,4),(7019,1267,5),(2277,1268,4),(7020,1268,5),(2278,1269,4),(7021,1269,5),(2279,1270,4),(7022,1270,5),(2280,1271,4),(7023,1271,5),(2281,1272,4),(7024,1272,5),(2282,1273,4),(7025,1273,5),(2283,1274,4),(7026,1274,5),(2284,1275,4),(7027,1275,5),(2285,1276,4),(7028,1276,5),(2286,1277,4),(7029,1277,5),(2287,1278,4),(7030,1278,5),(2288,1279,4),(7031,1279,5),(2289,1280,4),(7032,1280,5),(2290,1281,4),(7033,1281,5),(2291,1282,4),(7034,1282,5),(2292,1283,4),(7035,1283,5),(2293,1284,4),(7036,1284,5),(2294,1285,4),(7037,1285,5),(2295,1286,4),(7038,1286,5),(2296,1287,4),(7039,1287,5),(2297,1288,4),(7040,1288,5),(2298,1289,4),(7041,1289,5),(2299,1290,4),(7042,1290,5),(2300,1291,4),(7043,1291,5),(2301,1292,4),(7044,1292,5),(2302,1293,4),(7045,1293,5),(2303,1294,4),(7046,1294,5),(2304,1295,4),(7047,1295,5),(2305,1296,4),(7048,1296,5),(2306,1297,4),(7049,1297,5),(2307,1298,4),(7050,1298,5),(2308,1299,4),(7051,1299,5),(2309,1300,4),(7052,1300,5),(2310,1301,4),(7053,1301,5),(2311,1302,4),(7054,1302,5),(2312,1303,4),(7055,1303,5),(2313,1304,4),(7056,1304,5),(2314,1305,4),(7057,1305,5),(2315,1306,4),(7058,1306,5),(2316,1307,4),(7059,1307,5),(2317,1308,4),(7060,1308,5),(2318,1309,4),(7061,1309,5),(2319,1310,4),(7062,1310,5),(2320,1311,4),(7063,1311,5),(2321,1312,4),(7064,1312,5),(2322,1313,4),(7065,1313,5),(2323,1314,4),(7066,1314,5),(2324,1315,4),(7067,1315,5),(2325,1316,4),(7068,1316,5),(2326,1317,4),(7069,1317,5),(2327,1318,4),(7070,1318,5),(2328,1319,4),(7071,1319,5),(2329,1320,4),(7072,1320,5),(2330,1321,4),(7073,1321,5),(2331,1322,4),(7074,1322,5),(2332,1323,4),(7075,1323,5),(2333,1324,4),(7076,1324,5),(2334,1325,4),(7077,1325,5),(2335,1326,4),(7078,1326,5),(2336,1327,4),(7079,1327,5),(2337,1328,4),(7080,1328,5),(2338,1329,4),(7081,1329,5),(2339,1330,4),(7082,1330,5),(2340,1331,4),(7083,1331,5),(2341,1332,4),(7084,1332,5),(2342,1333,4),(7085,1333,5),(2343,1334,4),(7086,1334,5),(2344,1335,4),(7087,1335,5),(2345,1336,4),(7088,1336,5),(2346,1337,4),(7089,1337,5),(2347,1338,4),(7090,1338,5),(2348,1339,4),(7091,1339,5),(2349,1340,4),(7092,1340,5),(2350,1341,4),(7093,1341,5),(2351,1342,4),(7094,1342,5),(2352,1343,4),(7095,1343,5),(2353,1344,4),(7096,1344,5),(2354,1345,4),(7097,1345,5),(2355,1346,4),(7098,1346,5),(2356,1347,4),(7099,1347,5),(2357,1348,4),(7100,1348,5),(2358,1349,4),(7101,1349,5),(2359,1350,4),(7102,1350,5),(2360,1351,4),(7103,1351,5),(2361,1352,4),(7104,1352,5),(2362,1353,4),(7105,1353,5),(2363,1354,4),(7106,1354,5),(2364,1355,4),(7107,1355,5),(2365,1356,4),(7108,1356,5),(2366,1357,4),(7109,1357,5),(2367,1358,4),(7110,1358,5),(2368,1359,4),(7111,1359,5),(2369,1360,4),(7112,1360,5),(2370,1361,4),(7113,1361,5),(2371,1362,4),(7114,1362,5),(2372,1363,4),(7115,1363,5),(2373,1364,4),(7116,1364,5),(2374,1365,4),(7117,1365,5),(2375,1366,4),(7118,1366,5),(2376,1367,4),(7119,1367,5),(2377,1368,4),(7120,1368,5),(2378,1369,4),(7121,1369,5),(2379,1370,4),(7122,1370,5),(2380,1371,4),(7123,1371,5),(2381,1372,4),(7124,1372,5),(2382,1373,4),(7125,1373,5),(2383,1374,4),(7126,1374,5),(2384,1375,4),(7127,1375,5),(2385,1376,4),(7128,1376,5),(2386,1377,4),(7129,1377,5),(2387,1378,4),(7130,1378,5),(2388,1379,4),(7131,1379,5),(2389,1380,4),(7132,1380,5),(2390,1381,4),(7133,1381,5),(2391,1382,4),(7134,1382,5),(2392,1383,4),(7135,1383,5),(2393,1384,4),(7136,1384,5),(2394,1385,4),(7137,1385,5),(2395,1386,4),(7138,1386,5),(2396,1387,4),(7139,1387,5),(2397,1388,4),(7140,1388,5),(2398,1389,4),(7141,1389,5),(2399,1390,4),(7142,1390,5),(2400,1391,4),(7143,1391,5),(2401,1392,4),(7144,1392,5),(2402,1393,4),(7145,1393,5),(2403,1394,4),(7146,1394,5),(2404,1395,4),(7147,1395,5),(2405,1396,4),(7148,1396,5),(2406,1397,4),(7149,1397,5),(2407,1398,4),(7150,1398,5),(2408,1399,4),(7151,1399,5),(2409,1400,4),(7152,1400,5),(2410,1401,4),(7153,1401,5),(2411,1402,4),(7154,1402,5),(2412,1403,4),(7155,1403,5),(2413,1404,4),(7156,1404,5),(2414,1405,4),(7157,1405,5),(2415,1406,4),(7158,1406,5),(2416,1407,4),(7159,1407,5),(2417,1408,4),(7160,1408,5),(2418,1409,4),(7161,1409,5),(2419,1410,4),(7162,1410,5),(2420,1411,4),(7163,1411,5),(2421,1412,4),(7164,1412,5),(2422,1413,4),(7165,1413,5),(2423,1414,4),(7166,1414,5),(2424,1415,4),(7167,1415,5),(2425,1416,4),(7168,1416,5),(2426,1417,4),(7169,1417,5),(2427,1418,4),(7170,1418,5),(2428,1419,4),(7171,1419,5),(2429,1420,4),(7172,1420,5),(2430,1421,4),(7173,1421,5),(2431,1422,4),(7174,1422,5),(2432,1423,4),(7175,1423,5),(2433,1424,4),(7176,1424,5),(2434,1425,4),(7177,1425,5),(2435,1426,4),(7178,1426,5),(2436,1427,4),(7179,1427,5),(2437,1428,4),(7180,1428,5),(2438,1429,4),(7181,1429,5),(2439,1430,4),(7182,1430,5),(2440,1431,4),(7183,1431,5),(2441,1432,4),(7184,1432,5),(2442,1433,4),(7185,1433,5),(2443,1434,4),(7186,1434,5),(2444,1435,4),(7187,1435,5),(2445,1436,4),(7188,1436,5),(2446,1437,4),(7189,1437,5),(2447,1438,4),(7190,1438,5),(2448,1439,4),(7191,1439,5),(2449,1440,4),(7192,1440,5),(2450,1441,4),(7193,1441,5),(2451,1442,4),(7194,1442,5),(2452,1443,4),(7195,1443,5),(2453,1444,4),(7196,1444,5),(2454,1445,4),(7197,1445,5),(2455,1446,4),(7198,1446,5),(2456,1447,4),(7199,1447,5),(2457,1448,4),(7200,1448,5),(2458,1449,4),(7201,1449,5),(2459,1450,4),(7202,1450,5),(2460,1451,4),(7203,1451,5),(2461,1452,4),(7204,1452,5),(2462,1453,4),(7205,1453,5),(2463,1454,4),(7206,1454,5),(2464,1455,4),(7207,1455,5),(2465,1456,4),(7208,1456,5),(2466,1457,4),(7209,1457,5),(2467,1458,4),(7210,1458,5),(2468,1459,4),(7211,1459,5),(2469,1460,4),(7212,1460,5),(2470,1461,4),(7213,1461,5),(2471,1462,4),(7214,1462,5),(2472,1463,4),(7215,1463,5),(2473,1464,4),(7216,1464,5),(2474,1465,4),(7217,1465,5),(2475,1466,4),(7218,1466,5),(2476,1467,4),(7219,1467,5),(2477,1468,4),(7220,1468,5),(2478,1469,4),(7221,1469,5),(2479,1470,4),(7222,1470,5),(2480,1471,4),(7223,1471,5),(2481,1472,4),(7224,1472,5),(2482,1473,4),(7225,1473,5),(2483,1474,4),(7226,1474,5),(2484,1475,4),(7227,1475,5),(2485,1476,4),(7228,1476,5),(2486,1477,4),(7229,1477,5),(2487,1478,4),(7230,1478,5),(2488,1479,4),(7231,1479,5),(2489,1480,4),(7232,1480,5),(2490,1481,4),(7233,1481,5),(2491,1482,4),(7234,1482,5),(2492,1483,4),(7235,1483,5),(2493,1484,4),(7236,1484,5),(2494,1485,4),(7237,1485,5),(2495,1486,4),(7238,1486,5),(2496,1487,4),(7239,1487,5),(2497,1488,4),(7240,1488,5),(2498,1489,4),(7241,1489,5),(2499,1490,4),(7242,1490,5),(2500,1491,4),(7243,1491,5),(2501,1492,4),(7244,1492,5),(2502,1493,4),(7245,1493,5),(2503,1494,4),(7246,1494,5),(2504,1495,4),(7247,1495,5),(2505,1496,4),(7248,1496,5),(2506,1497,4),(7249,1497,5),(2507,1498,4),(7250,1498,5),(2508,1499,4),(7251,1499,5),(2509,1500,4),(7252,1500,5),(2510,1501,4),(7253,1501,5),(2511,1502,4),(7254,1502,5),(2512,1503,4),(7255,1503,5),(2513,1504,4),(7256,1504,5),(2514,1505,4),(7257,1505,5),(2515,1506,4),(7258,1506,5),(2516,1507,4),(7259,1507,5),(2517,1508,4),(7260,1508,5),(2518,1509,4),(7261,1509,5),(2519,1510,4),(7262,1510,5),(2520,1511,4),(7263,1511,5),(2521,1512,4),(7264,1512,5),(2522,1513,4),(7265,1513,5),(2523,1514,4),(7266,1514,5),(2524,1515,4),(7267,1515,5),(2525,1516,4),(7268,1516,5),(2526,1517,4),(7269,1517,5),(2527,1518,4),(7270,1518,5),(2528,1519,4),(7271,1519,5),(2529,1520,4),(7272,1520,5),(2530,1521,4),(7273,1521,5),(2531,1522,4),(7274,1522,5),(2532,1523,4),(7275,1523,5),(2533,1524,4),(7276,1524,5),(2534,1525,4),(7277,1525,5),(2535,1526,4),(7278,1526,5),(2536,1527,4),(7279,1527,5),(2537,1528,4),(7280,1528,5),(2538,1529,4),(7281,1529,5),(2539,1530,4),(7282,1530,5),(2540,1531,4),(7283,1531,5),(2541,1532,4),(7284,1532,5),(2542,1533,4),(7285,1533,5),(2543,1534,4),(7286,1534,5),(2544,1535,4),(7287,1535,5),(2545,1536,4),(7288,1536,5),(2546,1537,4),(7289,1537,5),(2547,1538,4),(7290,1538,5),(2548,1539,4),(7291,1539,5),(2549,1540,4),(7292,1540,5),(2550,1541,4),(7293,1541,5),(2551,1542,4),(7294,1542,5),(2552,1543,4),(7295,1543,5),(2553,1544,4),(7296,1544,5),(2554,1545,4),(7297,1545,5),(2555,1546,4),(7298,1546,5),(2556,1547,4),(7299,1547,5),(2557,1548,4),(7300,1548,5),(2558,1549,4),(7301,1549,5),(2559,1550,4),(7302,1550,5),(2560,1551,4),(7303,1551,5),(2561,1552,4),(7304,1552,5),(2562,1553,4),(7305,1553,5),(2563,1554,4),(7306,1554,5),(2564,1555,4),(7307,1555,5),(2565,1556,4),(7308,1556,5),(2566,1557,4),(7309,1557,5),(2567,1558,4),(7310,1558,5),(2568,1559,4),(7311,1559,5),(2569,1560,4),(7312,1560,5),(2570,1561,4),(7313,1561,5),(2571,1562,4),(7314,1562,5),(2572,1563,4),(7315,1563,5),(2573,1564,4),(7316,1564,5),(2574,1565,4),(7317,1565,5),(2575,1566,4),(7318,1566,5),(2576,1567,4),(7319,1567,5),(2577,1568,4),(7320,1568,5),(2578,1569,4),(7321,1569,5),(2579,1570,4),(7322,1570,5),(2580,1571,4),(7323,1571,5),(2581,1572,4),(7324,1572,5),(2582,1573,4),(7325,1573,5),(2583,1574,4),(7326,1574,5),(2584,1575,4),(7327,1575,5),(2585,1576,4),(7328,1576,5),(2586,1577,4),(7329,1577,5),(2587,1578,4),(7330,1578,5),(2588,1579,4),(7331,1579,5),(2589,1580,4),(7332,1580,5),(2590,1581,4),(7333,1581,5),(2591,1582,4),(7334,1582,5),(2592,1583,4),(7335,1583,5),(2593,1584,4),(7336,1584,5),(2594,1585,4),(7337,1585,5),(2595,1586,4),(7338,1586,5),(2596,1587,4),(7339,1587,5),(2597,1588,4),(7340,1588,5),(2598,1589,4),(7341,1589,5),(2599,1590,4),(7342,1590,5),(2600,1591,4),(7343,1591,5),(2601,1592,4),(7344,1592,5),(2602,1593,4),(7345,1593,5),(2603,1594,4),(7346,1594,5),(2604,1595,4),(7347,1595,5),(2605,1596,4),(7348,1596,5),(2606,1597,4),(7349,1597,5),(2607,1598,4),(7350,1598,5),(2608,1599,4),(7351,1599,5),(2609,1600,4),(7352,1600,5),(2610,1601,4),(7353,1601,5),(2611,1602,4),(7354,1602,5),(2612,1603,4),(7355,1603,5),(2613,1604,4),(7356,1604,5),(2614,1605,4),(7357,1605,5),(2615,1606,4),(7358,1606,5),(2616,1607,4),(7359,1607,5),(2617,1608,4),(7360,1608,5),(2618,1609,4),(7361,1609,5),(2619,1610,4),(7362,1610,5),(2620,1611,4),(7363,1611,5),(2621,1612,4),(7364,1612,5),(2622,1613,4),(7365,1613,5),(2623,1614,4),(7366,1614,5),(2624,1615,4),(7367,1615,5),(2625,1616,4),(7368,1616,5),(2626,1617,4),(7369,1617,5),(2627,1618,4),(7370,1618,5),(2628,1619,4),(7371,1619,5),(2629,1620,4),(7372,1620,5),(2630,1621,4),(7373,1621,5),(2631,1622,4),(7374,1622,5),(2632,1623,4),(7375,1623,5),(2633,1624,4),(7376,1624,5),(2634,1625,4),(7377,1625,5),(2635,1626,4),(7378,1626,5),(2636,1627,4),(7379,1627,5),(2637,1628,4),(7380,1628,5),(2638,1629,4),(7381,1629,5),(2639,1630,4),(7382,1630,5),(2640,1631,4),(7383,1631,5),(2641,1632,4),(7384,1632,5),(2642,1633,4),(7385,1633,5),(2643,1634,4),(7386,1634,5),(2644,1635,4),(7387,1635,5),(2645,1636,4),(7388,1636,5),(2646,1637,4),(7389,1637,5),(2647,1638,4),(7390,1638,5),(2648,1639,4),(7391,1639,5),(2649,1640,4),(7392,1640,5),(2650,1641,4),(7393,1641,5),(2651,1642,4),(7394,1642,5),(2652,1643,4),(7395,1643,5),(2653,1644,4),(7396,1644,5),(2654,1645,4),(7397,1645,5),(2655,1646,4),(7398,1646,5),(2656,1647,4),(7399,1647,5),(2657,1648,4),(7400,1648,5),(2658,1649,4),(7401,1649,5),(2659,1650,4),(7402,1650,5),(2660,1651,4),(7403,1651,5),(2661,1652,4),(7404,1652,5),(2662,1653,4),(7405,1653,5),(2663,1654,4),(7406,1654,5),(2664,1655,4),(7407,1655,5),(2665,1656,4),(7408,1656,5),(2666,1657,4),(7409,1657,5),(2667,1658,4),(7410,1658,5),(2668,1659,4),(7411,1659,5),(2669,1660,4),(7412,1660,5),(2670,1661,4),(7413,1661,5),(2671,1662,4),(7414,1662,5),(2672,1663,4),(7415,1663,5),(2673,1664,4),(7416,1664,5),(2674,1665,4),(7417,1665,5),(2675,1666,4),(7418,1666,5),(2676,1667,4),(7419,1667,5),(2677,1668,4),(7420,1668,5),(2678,1669,4),(7421,1669,5),(2679,1670,4),(7422,1670,5),(2680,1671,4),(7423,1671,5),(2681,1672,4),(7424,1672,5),(2682,1673,4),(7425,1673,5),(2683,1674,4),(7426,1674,5),(2684,1675,4),(7427,1675,5),(2685,1676,4),(7428,1676,5),(2686,1677,4),(7429,1677,5),(2687,1678,4),(7430,1678,5),(2688,1679,4),(7431,1679,5),(2689,1680,4),(7432,1680,5),(2690,1681,4),(7433,1681,5),(2691,1682,4),(7434,1682,5),(2692,1683,4),(7435,1683,5),(2693,1684,4),(7436,1684,5),(2694,1685,4),(7437,1685,5),(2695,1686,4),(7438,1686,5),(2696,1687,4),(7439,1687,5),(2697,1688,4),(7440,1688,5),(2698,1689,4),(7441,1689,5),(2699,1690,4),(7442,1690,5),(2700,1691,4),(7443,1691,5),(2701,1692,4),(7444,1692,5),(2702,1693,4),(7445,1693,5),(2703,1694,4),(7446,1694,5),(2704,1695,4),(7447,1695,5),(2705,1696,4),(7448,1696,5),(2706,1697,4),(7449,1697,5),(2707,1698,4),(7450,1698,5),(2708,1699,4),(7451,1699,5),(2709,1700,4),(7452,1700,5),(2710,1701,4),(7453,1701,5),(2711,1702,4),(7454,1702,5),(2712,1703,4),(7455,1703,5),(2713,1704,4),(7456,1704,5),(2714,1705,4),(7457,1705,5),(2715,1706,4),(7458,1706,5),(2716,1707,4),(7459,1707,5),(2717,1708,4),(7460,1708,5),(2718,1709,4),(7461,1709,5),(2719,1710,4),(7462,1710,5),(2720,1711,4),(7463,1711,5),(2721,1712,4),(7464,1712,5),(2722,1713,4),(7465,1713,5),(2723,1714,4),(7466,1714,5),(2724,1715,4),(7467,1715,5),(2725,1716,4),(7468,1716,5),(2726,1717,4),(7469,1717,5),(2727,1718,4),(7470,1718,5),(2728,1719,4),(7471,1719,5),(2729,1720,4),(7472,1720,5),(2730,1721,4),(7473,1721,5),(2731,1722,4),(7474,1722,5),(2732,1723,4),(7475,1723,5),(2733,1724,4),(7476,1724,5),(2734,1725,4),(7477,1725,5),(2735,1726,4),(7478,1726,5),(2736,1727,4),(7479,1727,5),(2737,1728,4),(7480,1728,5),(2738,1729,4),(7481,1729,5),(2739,1730,4),(7482,1730,5),(2740,1731,4),(7483,1731,5),(2741,1732,4),(7484,1732,5),(2742,1733,4),(7485,1733,5),(2743,1734,4),(7486,1734,5),(2744,1735,4),(7487,1735,5),(2745,1736,4),(7488,1736,5),(2746,1737,4),(7489,1737,5),(2747,1738,4),(7490,1738,5),(2748,1739,4),(7491,1739,5),(2749,1740,4),(7492,1740,5),(2750,1741,4),(7493,1741,5),(2751,1742,4),(7494,1742,5),(2752,1743,4),(7495,1743,5),(2753,1744,4),(7496,1744,5),(2754,1745,4),(7497,1745,5),(2755,1746,4),(7498,1746,5),(2756,1747,4),(7499,1747,5),(2757,1748,4),(7500,1748,5),(2758,1749,4),(7501,1749,5),(2759,1750,4),(7502,1750,5),(2760,1751,4),(7503,1751,5),(2761,1752,4),(7504,1752,5),(2762,1753,4),(7505,1753,5),(2763,1754,4),(7506,1754,5),(2764,1755,4),(7507,1755,5),(2765,1756,4),(7508,1756,5),(2766,1757,4),(7509,1757,5),(2767,1758,4),(7510,1758,5),(2768,1759,4),(7511,1759,5),(2769,1760,4),(7512,1760,5),(2770,1761,4),(7513,1761,5),(2771,1762,4),(7514,1762,5),(2772,1763,4),(7515,1763,5),(2773,1764,4),(7516,1764,5),(2774,1765,4),(7517,1765,5),(2775,1766,4),(7518,1766,5),(2776,1767,4),(7519,1767,5),(2777,1768,4),(7520,1768,5),(2778,1769,4),(7521,1769,5),(2779,1770,4),(7522,1770,5),(2780,1771,4),(7523,1771,5),(2781,1772,4),(7524,1772,5),(2782,1773,4),(7525,1773,5),(2783,1774,4),(7526,1774,5),(2784,1775,4),(7527,1775,5),(2785,1776,4),(7528,1776,5),(2786,1777,4),(7529,1777,5),(2787,1778,4),(7530,1778,5),(2788,1779,4),(7531,1779,5),(2789,1780,4),(7532,1780,5),(2790,1781,4),(7533,1781,5),(2791,1782,4),(7534,1782,5),(2792,1783,4),(7535,1783,5),(2793,1784,4),(7536,1784,5),(2794,1785,4),(7537,1785,5),(2795,1786,4),(7538,1786,5),(2796,1787,4),(7539,1787,5),(2797,1788,4),(7540,1788,5),(2798,1789,4),(7541,1789,5),(2799,1790,4),(7542,1790,5),(2800,1791,4),(7543,1791,5),(2801,1792,4),(7544,1792,5),(2802,1793,4),(7545,1793,5),(2803,1794,4),(7546,1794,5),(2804,1795,4),(7547,1795,5),(2805,1796,4),(7548,1796,5),(2806,1797,4),(7549,1797,5),(2807,1798,4),(7550,1798,5),(2808,1799,4),(7551,1799,5),(2809,1800,4),(7552,1800,5),(2810,1801,4),(7553,1801,5),(2811,1802,4),(7554,1802,5),(2812,1803,4),(7555,1803,5),(2813,1804,4),(7556,1804,5),(2814,1805,4),(7557,1805,5),(2815,1806,4),(7558,1806,5),(2816,1807,4),(7559,1807,5),(2817,1808,4),(7560,1808,5),(2818,1809,4),(7561,1809,5),(2819,1810,4),(7562,1810,5),(2820,1811,4),(7563,1811,5),(2821,1812,4),(7564,1812,5),(2822,1813,4),(7565,1813,5),(2823,1814,4),(7566,1814,5),(2824,1815,4),(7567,1815,5),(2825,1816,4),(7568,1816,5),(2826,1817,4),(7569,1817,5),(2827,1818,4),(7570,1818,5),(2828,1819,4),(7571,1819,5),(2829,1820,4),(7572,1820,5),(2830,1821,4),(7573,1821,5),(2831,1822,4),(7574,1822,5),(2832,1823,4),(7575,1823,5),(2833,1824,4),(7576,1824,5),(2834,1825,4),(7577,1825,5),(2835,1826,4),(7578,1826,5),(2836,1827,4),(7579,1827,5),(2837,1828,4),(7580,1828,5),(2838,1829,4),(7581,1829,5),(2839,1830,4),(7582,1830,5),(2840,1831,4),(7583,1831,5),(2841,1832,4),(7584,1832,5),(2842,1833,4),(7585,1833,5),(2843,1834,4),(7586,1834,5),(2844,1835,4),(7587,1835,5),(2845,1836,4),(7588,1836,5),(2846,1837,4),(7589,1837,5),(2847,1838,4),(7590,1838,5),(2848,1839,4),(7591,1839,5),(2849,1840,4),(7592,1840,5),(2850,1841,4),(7593,1841,5),(2851,1842,4),(7594,1842,5),(2852,1843,4),(7595,1843,5),(2853,1844,4),(7596,1844,5),(2854,1845,4),(7597,1845,5),(2855,1846,4),(7598,1846,5),(2856,1847,4),(7599,1847,5),(2857,1848,4),(7600,1848,5),(2858,1849,4),(7601,1849,5),(2859,1850,4),(7602,1850,5),(2860,1851,4),(7603,1851,5),(2861,1852,4),(7604,1852,5),(2862,1853,4),(7605,1853,5),(2863,1854,4),(7606,1854,5),(2864,1855,4),(7607,1855,5),(2865,1856,4),(7608,1856,5),(2866,1857,4),(7609,1857,5),(2867,1858,4),(7610,1858,5),(2868,1859,4),(7611,1859,5),(2869,1860,4),(7612,1860,5),(2870,1861,4),(7613,1861,5),(2871,1862,4),(7614,1862,5),(2872,1863,4),(7615,1863,5),(2873,1864,4),(7616,1864,5),(2874,1865,4),(7617,1865,5),(2875,1866,4),(7618,1866,5),(2876,1867,4),(7619,1867,5),(2877,1868,4),(7620,1868,5),(2878,1869,4),(7621,1869,5),(2879,1870,4),(7622,1870,5),(2880,1871,4),(7623,1871,5),(2881,1872,4),(7624,1872,5),(2882,1873,4),(7625,1873,5),(2883,1874,4),(7626,1874,5),(2884,1875,4),(7627,1875,5),(2885,1876,4),(7628,1876,5),(2886,1877,4),(7629,1877,5),(2887,1878,4),(7630,1878,5),(2888,1879,4),(7631,1879,5),(2889,1880,4),(7632,1880,5),(2890,1881,4),(7633,1881,5),(2891,1882,4),(7634,1882,5),(2892,1883,4),(7635,1883,5),(2893,1884,4),(7636,1884,5),(2894,1885,4),(7637,1885,5),(2895,1886,4),(7638,1886,5),(2896,1887,4),(7639,1887,5),(2897,1888,4),(7640,1888,5),(2898,1889,4),(7641,1889,5),(2899,1890,4),(7642,1890,5),(2900,1891,4),(7643,1891,5),(2901,1892,4),(7644,1892,5),(2902,1893,4),(7645,1893,5),(2903,1894,4),(7646,1894,5),(2904,1895,4),(7647,1895,5),(2905,1896,4),(7648,1896,5),(2906,1897,4),(7649,1897,5),(2907,1898,4),(7650,1898,5),(2908,1899,4),(7651,1899,5),(2909,1900,4),(7652,1900,5),(2910,1901,4),(7653,1901,5),(2911,1902,4),(7654,1902,5),(2912,1903,4),(7655,1903,5),(2913,1904,4),(7656,1904,5),(2914,1905,4),(7657,1905,5),(2915,1906,4),(7658,1906,5),(2916,1907,4),(7659,1907,5),(2917,1908,4),(7660,1908,5),(2918,1909,4),(7661,1909,5),(2919,1910,4),(7662,1910,5),(2920,1911,4),(7663,1911,5),(2921,1912,4),(7664,1912,5),(2922,1913,4),(7665,1913,5),(2923,1914,4),(7666,1914,5),(2924,1915,4),(7667,1915,5),(2925,1916,4),(7668,1916,5),(2926,1917,4),(7669,1917,5),(2927,1918,4),(7670,1918,5),(2928,1919,4),(7671,1919,5),(2929,1920,4),(7672,1920,5),(2930,1921,4),(7673,1921,5),(2931,1922,4),(7674,1922,5),(2932,1923,4),(7675,1923,5),(2933,1924,4),(7676,1924,5),(2934,1925,4),(7677,1925,5),(2935,1926,4),(7678,1926,5),(2936,1927,4),(7679,1927,5),(2937,1928,4),(7680,1928,5),(2938,1929,4),(7681,1929,5),(2939,1930,4),(7682,1930,5),(2940,1931,4),(7683,1931,5),(2941,1932,4),(7684,1932,5),(2942,1933,4),(7685,1933,5),(2943,1934,4),(7686,1934,5),(2944,1935,4),(7687,1935,5),(2945,1936,4),(7688,1936,5),(2946,1937,4),(7689,1937,5),(2947,1938,4),(7690,1938,5),(2948,1939,4),(7691,1939,5),(2949,1940,4),(7692,1940,5),(2950,1941,4),(7693,1941,5),(2951,1942,4),(7694,1942,5),(2952,1943,4),(7695,1943,5),(2953,1944,4),(7696,1944,5),(2954,1945,4),(7697,1945,5),(2955,1946,4),(7698,1946,5),(2956,1947,4),(7699,1947,5),(2957,1948,4),(7700,1948,5),(2958,1949,4),(7701,1949,5),(2959,1950,4),(7702,1950,5),(2960,1951,4),(7703,1951,5),(2961,1952,4),(7704,1952,5),(2962,1953,4),(7705,1953,5),(2963,1954,4),(7706,1954,5),(2964,1955,4),(7707,1955,5),(2965,1956,4),(7708,1956,5),(2966,1957,4),(7709,1957,5),(2967,1958,4),(7710,1958,5),(2968,1959,4),(7711,1959,5),(2969,1960,4),(7712,1960,5),(2970,1961,4),(7713,1961,5),(2971,1962,4),(7714,1962,5),(2972,1963,4),(7715,1963,5),(2973,1964,4),(7716,1964,5),(2974,1965,4),(7717,1965,5),(2975,1966,4),(7718,1966,5),(2976,1967,4),(7719,1967,5),(2977,1968,4),(7720,1968,5),(2978,1969,4),(7721,1969,5),(2979,1970,4),(7722,1970,5),(2980,1971,4),(7723,1971,5),(2981,1972,4),(7724,1972,5),(2982,1973,4),(7725,1973,5),(2983,1974,4),(7726,1974,5),(2984,1975,4),(7727,1975,5),(2985,1976,4),(7728,1976,5),(2986,1977,4),(7729,1977,5),(2987,1978,4),(7730,1978,5),(2988,1979,4),(7731,1979,5),(2989,1980,4),(7732,1980,5),(2990,1981,4),(7733,1981,5),(2991,1982,4),(7734,1982,5),(2992,1983,4),(7735,1983,5),(2993,1984,4),(7736,1984,5),(2994,1985,4),(7737,1985,5),(2995,1986,4),(7738,1986,5),(2996,1987,4),(7739,1987,5),(2997,1988,4),(7740,1988,5),(2998,1989,4),(7741,1989,5),(2999,1990,4),(7742,1990,5),(3000,1991,4),(7743,1991,5),(3001,1992,4),(7744,1992,5),(3002,1993,4),(7745,1993,5),(3003,1994,4),(7746,1994,5),(3004,1995,4),(7747,1995,5),(3005,1996,4),(7748,1996,5),(3006,1997,4),(7749,1997,5),(3007,1998,4),(7750,1998,5),(3008,1999,4),(7751,1999,5),(3009,2000,4),(7752,2000,5),(3010,2001,4),(7753,2001,5),(3011,2002,4),(7754,2002,5),(3012,2003,4),(7755,2003,5),(3013,2004,4),(7756,2004,5),(3014,2005,4),(7757,2005,5),(3015,2006,4),(7758,2006,5),(3016,2007,4),(7759,2007,5),(3017,2008,4),(7760,2008,5),(3018,2009,4),(7761,2009,5),(3019,2010,4),(7762,2010,5),(3020,2011,4),(7763,2011,5),(3021,2012,4),(7764,2012,5),(3022,2013,4),(7765,2013,5),(3023,2014,4),(7766,2014,5),(3024,2015,4),(7767,2015,5),(3025,2016,4),(7768,2016,5),(3026,2017,4),(7769,2017,5),(3027,2018,4),(7770,2018,5),(3028,2019,4),(7771,2019,5),(3029,2020,4),(7772,2020,5),(3030,2021,4),(7773,2021,5),(3031,2022,4),(7774,2022,5),(3032,2023,4),(7775,2023,5),(3033,2024,4),(7776,2024,5),(3034,2025,4),(7777,2025,5),(3035,2026,4),(7778,2026,5),(3036,2027,4),(7779,2027,5),(3037,2028,4),(7780,2028,5),(3038,2029,4),(7781,2029,5),(3039,2030,4),(7782,2030,5),(3040,2031,4),(7783,2031,5),(3041,2032,4),(7784,2032,5),(3042,2033,4),(7785,2033,5),(3043,2034,4),(7786,2034,5),(3044,2035,4),(7787,2035,5),(3045,2036,4),(7788,2036,5),(3046,2037,4),(7789,2037,5),(3047,2038,4),(7790,2038,5),(3048,2039,4),(7791,2039,5),(3049,2040,4),(7792,2040,5),(3050,2041,4),(7793,2041,5),(3051,2042,4),(7794,2042,5),(3052,2043,4),(7795,2043,5),(3053,2044,4),(7796,2044,5),(3054,2045,4),(7797,2045,5),(3055,2046,4),(7798,2046,5),(3056,2047,4),(7799,2047,5),(3057,2048,4),(7800,2048,5),(3058,2049,4),(7801,2049,5),(3059,2050,4),(7802,2050,5),(3060,2051,4),(7803,2051,5),(3061,2052,4),(7804,2052,5),(3062,2053,4),(7805,2053,5),(3063,2054,4),(7806,2054,5),(3064,2055,4),(7807,2055,5),(3065,2056,4),(7808,2056,5),(3066,2057,4),(7809,2057,5),(3067,2058,4),(7810,2058,5),(3068,2059,4),(7811,2059,5),(3069,2060,4),(7812,2060,5),(3070,2061,4),(7813,2061,5),(3071,2062,4),(7814,2062,5),(3072,2063,4),(7815,2063,5),(3073,2064,4),(7816,2064,5),(3074,2065,4),(7817,2065,5),(3075,2066,4),(7818,2066,5),(3076,2067,4),(7819,2067,5),(3077,2068,4),(7820,2068,5),(3078,2069,4),(7821,2069,5),(3079,2070,4),(7822,2070,5),(3080,2071,4),(7823,2071,5),(3081,2072,4),(7824,2072,5),(3082,2073,4),(7825,2073,5),(3083,2074,4),(7826,2074,5),(3084,2075,4),(7827,2075,5),(3085,2076,4),(7828,2076,5),(3086,2077,4),(7829,2077,5),(3087,2078,4),(7830,2078,5),(3088,2079,4),(7831,2079,5),(3089,2080,4),(7832,2080,5),(3090,2081,4),(7833,2081,5),(3091,2082,4),(7834,2082,5),(3092,2083,4),(7835,2083,5),(3093,2084,4),(7836,2084,5),(3094,2085,4),(7837,2085,5),(3095,2086,4),(7838,2086,5),(3096,2087,4),(7839,2087,5),(3097,2088,4),(7840,2088,5),(3098,2089,4),(7841,2089,5),(3099,2090,4),(7842,2090,5),(3100,2091,4),(7843,2091,5),(3101,2092,4),(7844,2092,5),(3102,2093,4),(7845,2093,5),(3103,2094,4),(7846,2094,5),(3104,2095,4),(7847,2095,5),(3105,2096,4),(7848,2096,5),(3106,2097,4),(7849,2097,5),(3107,2098,4),(7850,2098,5),(3108,2099,4),(7851,2099,5),(3109,2100,4),(7852,2100,5),(3110,2101,4),(7853,2101,5),(3111,2102,4),(7854,2102,5),(3112,2103,4),(7855,2103,5),(3113,2104,4),(7856,2104,5),(3114,2105,4),(7857,2105,5),(3115,2106,4),(7858,2106,5),(3116,2107,4),(7859,2107,5),(3117,2108,4),(7860,2108,5),(3118,2109,4),(7861,2109,5),(3119,2110,4),(7862,2110,5),(3120,2111,4),(7863,2111,5),(3121,2112,4),(7864,2112,5),(3122,2113,4),(7865,2113,5),(3123,2114,4),(7866,2114,5),(3124,2115,4),(7867,2115,5),(3125,2116,4),(7868,2116,5),(3126,2117,4),(7869,2117,5),(3127,2118,4),(7870,2118,5),(3128,2119,4),(7871,2119,5),(3129,2120,4),(7872,2120,5),(3130,2121,4),(7873,2121,5),(3131,2122,4),(7874,2122,5),(3132,2123,4),(7875,2123,5),(3133,2124,4),(7876,2124,5),(3134,2125,4),(7877,2125,5),(3135,2126,4),(7878,2126,5),(3136,2127,4),(7879,2127,5),(3137,2128,4),(7880,2128,5),(3138,2129,4),(7881,2129,5),(3139,2130,4),(7882,2130,5),(3140,2131,4),(7883,2131,5),(3141,2132,4),(7884,2132,5),(3142,2133,4),(7885,2133,5),(3143,2134,4),(7886,2134,5),(3144,2135,4),(7887,2135,5),(3145,2136,4),(7888,2136,5),(3146,2137,4),(7889,2137,5),(3147,2138,4),(7890,2138,5),(3148,2139,4),(7891,2139,5),(3149,2140,4),(7892,2140,5),(3150,2141,4),(7893,2141,5),(3151,2142,4),(7894,2142,5),(3152,2143,4),(7895,2143,5),(3153,2144,4),(7896,2144,5),(3154,2145,4),(7897,2145,5),(3155,2146,4),(7898,2146,5),(3156,2147,4),(7899,2147,5),(3157,2148,4),(7900,2148,5),(3158,2149,4),(7901,2149,5),(3159,2150,4),(7902,2150,5),(3160,2151,4),(7903,2151,5),(3161,2152,4),(7904,2152,5),(3162,2153,4),(7905,2153,5),(3163,2154,4),(7906,2154,5),(3164,2155,4),(7907,2155,5),(3165,2156,4),(7908,2156,5),(3166,2157,4),(7909,2157,5),(3167,2158,4),(7910,2158,5),(3168,2159,4),(7911,2159,5),(3169,2160,4),(7912,2160,5),(3170,2161,4),(7913,2161,5),(3171,2162,4),(7914,2162,5),(3172,2163,4),(7915,2163,5),(3173,2164,4),(7916,2164,5),(3174,2165,4),(7917,2165,5),(3175,2166,4),(7918,2166,5),(3176,2167,4),(7919,2167,5),(3177,2168,4),(7920,2168,5),(3178,2169,4),(7921,2169,5),(3179,2170,4),(7922,2170,5),(3180,2171,4),(7923,2171,5),(3181,2172,4),(7924,2172,5),(3182,2173,4),(7925,2173,5),(3183,2174,4),(7926,2174,5),(3184,2175,4),(7927,2175,5),(3185,2176,4),(7928,2176,5),(3186,2177,4),(7929,2177,5),(3187,2178,4),(7930,2178,5),(3188,2179,4),(7931,2179,5),(3189,2180,4),(7932,2180,5),(3190,2181,4),(7933,2181,5),(3191,2182,4),(7934,2182,5),(3192,2183,4),(7935,2183,5),(3193,2184,4),(7936,2184,5),(3194,2185,4),(7937,2185,5),(3195,2186,4),(7938,2186,5),(3196,2187,4),(7939,2187,5),(3197,2188,4),(7940,2188,5),(3198,2189,4),(7941,2189,5),(3199,2190,4),(7942,2190,5),(3200,2191,4),(7943,2191,5),(3201,2192,4),(7944,2192,5),(3202,2193,4),(7945,2193,5),(3203,2194,4),(7946,2194,5),(3204,2195,4),(7947,2195,5),(3205,2196,4),(7948,2196,5),(3206,2197,4),(7949,2197,5),(3207,2198,4),(7950,2198,5),(3208,2199,4),(7951,2199,5),(3209,2200,4),(7952,2200,5),(3210,2201,4),(7953,2201,5),(3211,2202,4),(7954,2202,5),(3212,2203,4),(7955,2203,5),(3213,2204,4),(7956,2204,5),(3214,2205,4),(7957,2205,5),(3215,2206,4),(7958,2206,5),(3216,2207,4),(7959,2207,5),(3217,2208,4),(7960,2208,5),(3218,2209,4),(7961,2209,5),(3219,2210,4),(7962,2210,5),(3220,2211,4),(7963,2211,5),(3221,2212,4),(7964,2212,5),(3222,2213,4),(7965,2213,5),(3223,2214,4),(7966,2214,5),(3224,2215,4),(7967,2215,5),(3225,2216,4),(7968,2216,5),(3226,2217,4),(7969,2217,5),(3227,2218,4),(7970,2218,5),(3228,2219,4),(7971,2219,5),(3229,2220,4),(7972,2220,5),(3230,2221,4),(7973,2221,5),(3231,2222,4),(7974,2222,5),(3232,2223,4),(7975,2223,5),(3233,2224,4),(7976,2224,5),(3234,2225,4),(7977,2225,5),(3235,2226,4),(7978,2226,5),(3236,2227,4),(7979,2227,5),(3237,2228,4),(7980,2228,5),(3238,2229,4),(7981,2229,5),(3239,2230,4),(7982,2230,5),(3240,2231,4),(7983,2231,5),(3241,2232,4),(7984,2232,5),(3242,2233,4),(7985,2233,5),(3243,2234,4),(7986,2234,5),(3244,2235,4),(7987,2235,5),(3245,2236,4),(7988,2236,5),(3246,2237,4),(7989,2237,5),(3247,2238,4),(7990,2238,5),(3248,2239,4),(7991,2239,5),(3249,2240,4),(7992,2240,5),(3250,2241,4),(7993,2241,5),(3251,2242,4),(7994,2242,5),(3252,2243,4),(7995,2243,5),(3253,2244,4),(7996,2244,5),(3254,2245,4),(7997,2245,5),(3255,2246,4),(7998,2246,5),(3256,2247,4),(7999,2247,5),(3257,2248,4),(8000,2248,5),(3258,2249,4),(8001,2249,5),(3259,2250,4),(8002,2250,5),(3260,2251,4),(8003,2251,5),(3261,2252,4),(8004,2252,5),(3262,2253,4),(8005,2253,5),(3263,2254,4),(8006,2254,5),(3264,2255,4),(8007,2255,5),(3265,2256,4),(8008,2256,5),(3266,2257,4),(8009,2257,5),(3267,2258,4),(8010,2258,5),(3268,2259,4),(8011,2259,5),(3269,2260,4),(8012,2260,5),(3270,2261,4),(8013,2261,5),(3271,2262,4),(8014,2262,5),(3272,2263,4),(8015,2263,5),(3273,2264,4),(8016,2264,5),(3274,2265,4),(8017,2265,5),(3275,2266,4),(8018,2266,5),(3276,2267,4),(8019,2267,5),(3277,2268,4),(8020,2268,5),(3278,2269,4),(8021,2269,5),(3279,2270,4),(8022,2270,5),(3280,2271,4),(8023,2271,5),(3281,2272,4),(8024,2272,5),(3282,2273,4),(8025,2273,5),(3283,2274,4),(8026,2274,5),(3284,2275,4),(8027,2275,5),(3285,2276,4),(8028,2276,5),(3286,2277,4),(8029,2277,5),(3287,2278,4),(8030,2278,5),(3288,2279,4),(8031,2279,5),(3289,2280,4),(8032,2280,5),(3290,2281,4),(8033,2281,5),(3291,2282,4),(8034,2282,5),(3292,2283,4),(8035,2283,5),(3293,2284,4),(8036,2284,5),(3294,2285,4),(8037,2285,5),(3295,2286,4),(8038,2286,5),(3296,2287,4),(8039,2287,5),(3297,2288,4),(8040,2288,5),(3298,2289,4),(8041,2289,5),(3299,2290,4),(8042,2290,5),(3300,2291,4),(8043,2291,5),(3301,2292,4),(8044,2292,5),(3302,2293,4),(8045,2293,5),(3303,2294,4),(8046,2294,5),(3304,2295,4),(8047,2295,5),(3305,2296,4),(8048,2296,5),(3306,2297,4),(8049,2297,5),(3307,2298,4),(8050,2298,5),(3308,2299,4),(8051,2299,5),(3309,2300,4),(8052,2300,5),(3310,2301,4),(8053,2301,5),(3311,2302,4),(8054,2302,5),(3312,2303,4),(8055,2303,5),(3313,2304,4),(8056,2304,5),(3314,2305,4),(8057,2305,5),(3315,2306,4),(8058,2306,5),(3316,2307,4),(8059,2307,5),(3317,2308,4),(8060,2308,5),(3318,2309,4),(8061,2309,5),(3319,2310,4),(8062,2310,5),(3320,2311,4),(8063,2311,5),(3321,2312,4),(8064,2312,5),(3322,2313,4),(8065,2313,5),(3323,2314,4),(8066,2314,5),(3324,2315,4),(8067,2315,5),(3325,2316,4),(8068,2316,5),(3326,2317,4),(8069,2317,5),(3327,2318,4),(8070,2318,5),(3328,2319,4),(8071,2319,5),(3329,2320,4),(8072,2320,5),(3330,2321,4),(8073,2321,5),(3331,2322,4),(8074,2322,5),(3332,2323,4),(8075,2323,5),(3333,2324,4),(8076,2324,5),(3334,2325,4),(8077,2325,5),(3335,2326,4),(8078,2326,5),(3336,2327,4),(8079,2327,5),(3337,2328,4),(8080,2328,5),(3338,2329,4),(8081,2329,5),(3339,2330,4),(8082,2330,5),(3340,2331,4),(8083,2331,5),(3341,2332,4),(8084,2332,5),(3342,2333,4),(8085,2333,5),(3343,2334,4),(8086,2334,5),(3344,2335,4),(8087,2335,5),(3345,2336,4),(8088,2336,5),(3346,2337,4),(8089,2337,5),(3347,2338,4),(8090,2338,5),(3348,2339,4),(8091,2339,5),(3349,2340,4),(8092,2340,5),(3350,2341,4),(8093,2341,5),(3351,2342,4),(8094,2342,5),(3352,2343,4),(8095,2343,5),(3353,2344,4),(8096,2344,5),(3354,2345,4),(8097,2345,5),(3355,2346,4),(8098,2346,5),(3356,2347,4),(8099,2347,5),(3357,2348,4),(8100,2348,5),(3358,2349,4),(8101,2349,5),(3359,2350,4),(8102,2350,5),(3360,2351,4),(8103,2351,5),(3361,2352,4),(8104,2352,5),(3362,2353,4),(8105,2353,5),(3363,2354,4),(8106,2354,5),(3364,2355,4),(8107,2355,5),(3365,2356,4),(8108,2356,5),(3366,2357,4),(8109,2357,5),(3367,2358,4),(8110,2358,5),(3368,2359,4),(8111,2359,5),(3369,2360,4),(8112,2360,5),(3370,2361,4),(8113,2361,5),(3371,2362,4),(8114,2362,5),(3372,2363,4),(8115,2363,5),(3373,2364,4),(8116,2364,5),(3374,2365,4),(8117,2365,5),(3375,2366,4),(8118,2366,5),(3376,2367,4),(8119,2367,5),(3377,2368,4),(8120,2368,5),(3378,2369,4),(8121,2369,5),(3379,2370,4),(8122,2370,5),(3380,2371,4),(8123,2371,5),(3381,2372,4),(8124,2372,5),(3382,2373,4),(8125,2373,5),(3383,2374,4),(8126,2374,5),(3384,2375,4),(8127,2375,5),(3385,2376,4),(8128,2376,5),(3386,2377,4),(8129,2377,5),(3387,2378,4),(8130,2378,5),(3388,2379,4),(8131,2379,5),(3389,2380,4),(8132,2380,5),(3390,2381,4),(8133,2381,5),(3391,2382,4),(8134,2382,5),(3392,2383,4),(8135,2383,5),(3393,2384,4),(8136,2384,5),(3394,2385,4),(8137,2385,5),(3395,2386,4),(8138,2386,5),(3396,2387,4),(8139,2387,5),(3397,2388,4),(8140,2388,5),(3398,2389,4),(8141,2389,5),(3399,2390,4),(8142,2390,5),(3400,2391,4),(8143,2391,5),(3401,2392,4),(8144,2392,5),(3402,2393,4),(8145,2393,5),(3403,2394,4),(8146,2394,5),(3404,2395,4),(8147,2395,5),(3405,2396,4),(8148,2396,5),(3406,2397,4),(8149,2397,5),(3407,2398,4),(8150,2398,5),(3408,2399,4),(8151,2399,5),(3409,2400,4),(8152,2400,5),(3410,2401,4),(8153,2401,5),(3411,2402,4),(8154,2402,5),(3412,2403,4),(8155,2403,5),(3413,2404,4),(8156,2404,5),(3414,2405,4),(8157,2405,5),(3415,2406,4),(8158,2406,5),(3416,2407,4),(8159,2407,5),(3417,2408,4),(8160,2408,5),(3418,2409,4),(8161,2409,5),(3419,2410,4),(8162,2410,5),(3420,2411,4),(8163,2411,5),(3421,2412,4),(8164,2412,5),(3422,2413,4),(8165,2413,5),(3423,2414,4),(8166,2414,5),(3424,2415,4),(8167,2415,5),(3425,2416,4),(8168,2416,5),(3426,2417,4),(8169,2417,5),(3427,2418,4),(8170,2418,5),(3428,2419,4),(8171,2419,5),(3429,2420,4),(8172,2420,5),(3430,2421,4),(8173,2421,5),(3431,2422,4),(8174,2422,5),(3432,2423,4),(8175,2423,5),(3433,2424,4),(8176,2424,5),(3434,2425,4),(8177,2425,5),(3435,2426,4),(8178,2426,5),(3436,2427,4),(8179,2427,5),(3437,2428,4),(8180,2428,5),(3438,2429,4),(8181,2429,5),(3439,2430,4),(8182,2430,5),(3440,2431,4),(8183,2431,5),(3441,2432,4),(8184,2432,5),(3442,2433,4),(8185,2433,5),(3443,2434,4),(8186,2434,5),(3444,2435,4),(8187,2435,5),(3445,2436,4),(8188,2436,5),(3446,2437,4),(8189,2437,5),(3447,2438,4),(8190,2438,5),(3448,2439,4),(8191,2439,5),(3449,2440,4),(8192,2440,5),(3450,2441,4),(8193,2441,5),(3451,2442,4),(8194,2442,5),(3452,2443,4),(8195,2443,5),(3453,2444,4),(8196,2444,5),(3454,2445,4),(8197,2445,5),(3455,2446,4),(8198,2446,5),(3456,2447,4),(8199,2447,5),(3457,2448,4),(8200,2448,5),(3458,2449,4),(8201,2449,5),(3459,2450,4),(8202,2450,5),(3460,2451,4),(8203,2451,5),(3461,2452,4),(8204,2452,5),(3462,2453,4),(8205,2453,5),(3463,2454,4),(8206,2454,5),(3464,2455,4),(8207,2455,5),(3465,2456,4),(8208,2456,5),(3466,2457,4),(8209,2457,5),(3467,2458,4),(8210,2458,5),(3468,2459,4),(8211,2459,5),(3469,2460,4),(8212,2460,5),(3470,2461,4),(8213,2461,5),(3471,2462,4),(8214,2462,5),(3472,2463,4),(8215,2463,5),(3473,2464,4),(8216,2464,5),(3474,2465,4),(8217,2465,5),(3475,2466,4),(8218,2466,5),(3476,2467,4),(8219,2467,5),(3477,2468,4),(8220,2468,5),(3478,2469,4),(8221,2469,5),(3479,2470,4),(8222,2470,5),(3480,2471,4),(8223,2471,5),(3481,2472,4),(8224,2472,5),(3482,2473,4),(8225,2473,5),(3483,2474,4),(8226,2474,5),(3484,2475,4),(8227,2475,5),(3485,2476,4),(8228,2476,5),(3486,2477,4),(8229,2477,5),(3487,2478,4),(8230,2478,5),(3488,2479,4),(8231,2479,5),(3489,2480,4),(8232,2480,5),(3490,2481,4),(8233,2481,5),(3491,2482,4),(8234,2482,5),(3492,2483,4),(8235,2483,5),(3493,2484,4),(8236,2484,5),(3494,2485,4),(8237,2485,5),(3495,2486,4),(8238,2486,5),(3496,2487,4),(8239,2487,5),(3497,2488,4),(8240,2488,5),(3498,2489,4),(8241,2489,5),(3499,2490,4),(8242,2490,5),(3500,2491,4),(8243,2491,5),(3501,2492,4),(8244,2492,5),(3502,2493,4),(8245,2493,5),(3503,2494,4),(8246,2494,5),(3504,2495,4),(8247,2495,5),(3505,2496,4),(8248,2496,5),(3506,2497,4),(8249,2497,5),(3507,2498,4),(8250,2498,5),(3508,2499,4),(8251,2499,5),(3509,2500,4),(8252,2500,5),(3510,2501,4),(8253,2501,5),(3511,2502,4),(8254,2502,5),(3512,2503,4),(8255,2503,5),(3513,2504,4),(8256,2504,5),(3514,2505,4),(8257,2505,5),(3515,2506,4),(8258,2506,5),(3516,2507,4),(8259,2507,5),(3517,2508,4),(8260,2508,5),(3518,2509,4),(8261,2509,5),(3519,2510,4),(8262,2510,5),(3520,2511,4),(8263,2511,5),(3521,2512,4),(8264,2512,5),(3522,2513,4),(8265,2513,5),(3523,2514,4),(8266,2514,5),(3524,2515,4),(8267,2515,5),(3525,2516,4),(8268,2516,5),(3526,2517,4),(8269,2517,5),(3527,2518,4),(8270,2518,5),(3528,2519,4),(8271,2519,5),(3529,2520,4),(8272,2520,5),(3530,2521,4),(8273,2521,5),(3531,2522,4),(8274,2522,5),(3532,2523,4),(8275,2523,5),(3533,2524,4),(8276,2524,5),(3534,2525,4),(8277,2525,5),(3535,2526,4),(8278,2526,5),(3536,2527,4),(8279,2527,5),(3537,2528,4),(8280,2528,5),(3538,2529,4),(8281,2529,5),(3539,2530,4),(8282,2530,5),(3540,2531,4),(8283,2531,5),(3541,2532,4),(8284,2532,5),(3542,2533,4),(8285,2533,5),(3543,2534,4),(8286,2534,5),(3544,2535,4),(8287,2535,5),(3545,2536,4),(8288,2536,5),(3546,2537,4),(8289,2537,5),(3547,2538,4),(8290,2538,5),(3548,2539,4),(8291,2539,5),(3549,2540,4),(8292,2540,5),(3550,2541,4),(8293,2541,5),(3551,2542,4),(8294,2542,5),(3552,2543,4),(8295,2543,5),(3553,2544,4),(8296,2544,5),(3554,2545,4),(8297,2545,5),(3555,2546,4),(8298,2546,5),(3556,2547,4),(8299,2547,5),(3557,2548,4),(8300,2548,5),(3558,2549,4),(8301,2549,5),(3559,2550,4),(8302,2550,5),(3560,2551,4),(8303,2551,5),(3561,2552,4),(8304,2552,5),(3562,2553,4),(8305,2553,5),(3563,2554,4),(8306,2554,5),(3564,2555,4),(8307,2555,5),(3565,2556,4),(8308,2556,5),(3566,2557,4),(8309,2557,5),(3567,2558,4),(8310,2558,5),(3568,2559,4),(8311,2559,5),(3569,2560,4),(8312,2560,5),(3570,2561,4),(8313,2561,5),(3571,2562,4),(8314,2562,5),(3572,2563,4),(8315,2563,5),(3573,2564,4),(8316,2564,5),(3574,2565,4),(8317,2565,5),(3575,2566,4),(8318,2566,5),(3576,2567,4),(8319,2567,5),(3577,2568,4),(8320,2568,5),(3578,2569,4),(8321,2569,5),(3579,2570,4),(8322,2570,5),(3580,2571,4),(8323,2571,5),(3581,2572,4),(8324,2572,5),(3582,2573,4),(8325,2573,5),(3583,2574,4),(8326,2574,5),(3584,2575,4),(8327,2575,5),(3585,2576,4),(8328,2576,5),(3586,2577,4),(8329,2577,5),(3587,2578,4),(8330,2578,5),(3588,2579,4),(8331,2579,5),(3589,2580,4),(8332,2580,5),(3590,2581,4),(8333,2581,5),(3591,2582,4),(8334,2582,5),(3592,2583,4),(8335,2583,5),(3593,2584,4),(8336,2584,5),(3594,2585,4),(8337,2585,5),(3595,2586,4),(8338,2586,5),(3596,2587,4),(8339,2587,5),(3597,2588,4),(8340,2588,5),(3598,2589,4),(8341,2589,5),(3599,2590,4),(8342,2590,5),(3600,2591,4),(8343,2591,5),(3601,2592,4),(8344,2592,5),(3602,2593,4),(8345,2593,5),(3603,2594,4),(8346,2594,5),(3604,2595,4),(8347,2595,5),(3605,2596,4),(8348,2596,5),(3606,2597,4),(8349,2597,5),(3607,2598,4),(8350,2598,5),(3608,2599,4),(8351,2599,5),(3609,2600,4),(8352,2600,5),(3610,2601,4),(8353,2601,5),(3611,2602,4),(8354,2602,5),(3612,2603,4),(8355,2603,5),(3613,2604,4),(8356,2604,5),(3614,2605,4),(8357,2605,5),(3615,2606,4),(8358,2606,5),(3616,2607,4),(8359,2607,5),(3617,2608,4),(8360,2608,5),(3618,2609,4),(8361,2609,5),(3619,2610,4),(8362,2610,5),(3620,2611,4),(8363,2611,5),(3621,2612,4),(8364,2612,5),(3622,2613,4),(8365,2613,5),(3623,2614,4),(8366,2614,5),(3624,2615,4),(8367,2615,5),(3625,2616,4),(8368,2616,5),(3626,2617,4),(8369,2617,5),(3627,2618,4),(8370,2618,5),(3628,2619,4),(8371,2619,5),(3629,2620,4),(8372,2620,5),(3630,2621,4),(8373,2621,5),(3631,2622,4),(8374,2622,5),(3632,2623,4),(8375,2623,5),(3633,2624,4),(8376,2624,5),(3634,2625,4),(8377,2625,5),(3635,2626,4),(8378,2626,5),(3636,2627,4),(8379,2627,5),(3637,2628,4),(8380,2628,5),(3638,2629,4),(8381,2629,5),(3639,2630,4),(8382,2630,5),(3640,2631,4),(8383,2631,5),(3641,2632,4),(8384,2632,5),(3642,2633,4),(8385,2633,5),(3643,2634,4),(8386,2634,5),(3644,2635,4),(8387,2635,5),(3645,2636,4),(8388,2636,5),(3646,2637,4),(8389,2637,5),(3647,2638,4),(8390,2638,5),(3648,2639,4),(8391,2639,5),(3649,2640,4),(8392,2640,5),(3650,2641,4),(8393,2641,5),(3651,2642,4),(8394,2642,5),(3652,2643,4),(8395,2643,5),(3653,2644,4),(8396,2644,5),(3654,2645,4),(8397,2645,5),(3655,2646,4),(8398,2646,5),(3656,2647,4),(8399,2647,5),(3657,2648,4),(8400,2648,5),(3658,2649,4),(8401,2649,5),(3659,2650,4),(8402,2650,5),(3660,2651,4),(8403,2651,5),(3661,2652,4),(8404,2652,5),(3662,2653,4),(8405,2653,5),(3663,2654,4),(8406,2654,5),(3664,2655,4),(8407,2655,5),(3665,2656,4),(8408,2656,5),(3666,2657,4),(8409,2657,5),(3667,2658,4),(8410,2658,5),(3668,2659,4),(8411,2659,5),(3669,2660,4),(8412,2660,5),(3670,2661,4),(8413,2661,5),(3671,2662,4),(8414,2662,5),(3672,2663,4),(8415,2663,5),(3673,2664,4),(8416,2664,5),(3674,2665,4),(8417,2665,5),(3675,2666,4),(8418,2666,5),(3676,2667,4),(8419,2667,5),(3677,2668,4),(8420,2668,5),(3678,2669,4),(8421,2669,5),(3679,2670,4),(8422,2670,5),(3680,2671,4),(8423,2671,5),(3681,2672,4),(8424,2672,5),(3682,2673,4),(8425,2673,5),(3683,2674,4),(8426,2674,5),(3684,2675,4),(8427,2675,5),(3685,2676,4),(8428,2676,5),(3686,2677,4),(8429,2677,5),(3687,2678,4),(8430,2678,5),(3688,2679,4),(8431,2679,5),(3689,2680,4),(8432,2680,5),(3690,2681,4),(8433,2681,5),(3691,2682,4),(8434,2682,5),(3692,2683,4),(8435,2683,5),(3693,2684,4),(8436,2684,5),(3694,2685,4),(8437,2685,5),(3695,2686,4),(8438,2686,5),(3696,2687,4),(8439,2687,5),(3697,2688,4),(8440,2688,5),(3698,2689,4),(8441,2689,5),(3699,2690,4),(8442,2690,5),(3700,2691,4),(8443,2691,5),(3701,2692,4),(8444,2692,5),(3702,2693,4),(8445,2693,5),(3703,2694,4),(8446,2694,5),(3704,2695,4),(8447,2695,5),(3705,2696,4),(8448,2696,5),(3706,2697,4),(8449,2697,5),(3707,2698,4),(8450,2698,5),(3708,2699,4),(8451,2699,5),(3709,2700,4),(8452,2700,5),(3710,2701,4),(8453,2701,5),(3711,2702,4),(8454,2702,5),(3712,2703,4),(8455,2703,5),(3713,2704,4),(8456,2704,5),(3714,2705,4),(8457,2705,5),(3715,2706,4),(8458,2706,5),(3716,2707,4),(8459,2707,5),(3717,2708,4),(8460,2708,5),(3718,2709,4),(8461,2709,5),(3719,2710,4),(8462,2710,5),(3720,2711,4),(8463,2711,5),(3721,2712,4),(8464,2712,5),(3722,2713,4),(8465,2713,5),(3723,2714,4),(8466,2714,5),(3724,2715,4),(8467,2715,5),(3725,2716,4),(8468,2716,5),(3726,2717,4),(8469,2717,5),(3727,2718,4),(8470,2718,5),(3728,2719,4),(8471,2719,5),(3729,2720,4),(8472,2720,5),(3730,2721,4),(8473,2721,5),(3731,2722,4),(8474,2722,5),(3732,2723,4),(8475,2723,5),(3733,2724,4),(8476,2724,5),(3734,2725,4),(8477,2725,5),(3735,2726,4),(8478,2726,5),(3736,2727,4),(8479,2727,5),(3737,2728,4),(8480,2728,5),(3738,2729,4),(8481,2729,5),(3739,2730,4),(8482,2730,5),(3740,2731,4),(8483,2731,5),(3741,2732,4),(8484,2732,5),(3742,2733,4),(8485,2733,5),(3743,2734,4),(8486,2734,5),(3744,2735,4),(8487,2735,5),(3745,2736,4),(8488,2736,5),(3746,2737,4),(8489,2737,5),(3747,2738,4),(8490,2738,5),(3748,2739,4),(8491,2739,5),(3749,2740,4),(8492,2740,5),(3750,2741,4),(8493,2741,5),(3751,2742,4),(8494,2742,5),(3752,2743,4),(8495,2743,5),(3753,2744,4),(8496,2744,5),(3754,2745,4),(8497,2745,5),(3755,2746,4),(8498,2746,5),(3756,2747,4),(8499,2747,5),(3757,2748,4),(8500,2748,5),(3758,2749,4),(8501,2749,5),(3759,2750,4),(8502,2750,5),(3760,2751,4),(8503,2751,5),(3761,2752,4),(8504,2752,5),(3762,2753,4),(8505,2753,5),(3763,2754,4),(8506,2754,5),(3764,2755,4),(8507,2755,5),(3765,2756,4),(8508,2756,5),(3766,2757,4),(8509,2757,5),(3767,2758,4),(8510,2758,5),(3768,2759,4),(8511,2759,5),(3769,2760,4),(8512,2760,5),(3770,2761,4),(8513,2761,5),(3771,2762,4),(8514,2762,5),(3772,2763,4),(8515,2763,5),(3773,2764,4),(8516,2764,5),(3774,2765,4),(8517,2765,5),(3775,2766,4),(8518,2766,5),(3776,2767,4),(8519,2767,5),(3777,2768,4),(8520,2768,5),(3778,2769,4),(8521,2769,5),(3779,2770,4),(8522,2770,5),(3780,2771,4),(8523,2771,5),(3781,2772,4),(8524,2772,5),(3782,2773,4),(8525,2773,5),(3783,2774,4),(8526,2774,5),(3784,2775,4),(8527,2775,5),(3785,2776,4),(8528,2776,5),(3786,2777,4),(8529,2777,5),(3787,2778,4),(8530,2778,5),(3788,2779,4),(8531,2779,5),(3789,2780,4),(8532,2780,5),(3790,2781,4),(8533,2781,5),(3791,2782,4),(8534,2782,5),(3792,2783,4),(8535,2783,5),(3793,2784,4),(8536,2784,5),(3794,2785,4),(8537,2785,5),(3795,2786,4),(8538,2786,5),(3796,2787,4),(8539,2787,5),(3797,2788,4),(8540,2788,5),(3798,2789,4),(8541,2789,5),(3799,2790,4),(8542,2790,5),(3800,2791,4),(8543,2791,5),(3801,2792,4),(8544,2792,5),(3802,2793,4),(8545,2793,5),(3803,2794,4),(8546,2794,5),(3804,2795,4),(8547,2795,5),(3805,2796,4),(8548,2796,5),(3806,2797,4),(8549,2797,5),(3807,2798,4),(8550,2798,5),(3808,2799,4),(8551,2799,5),(3809,2800,4),(8552,2800,5),(3810,2801,4),(8553,2801,5),(3811,2802,4),(8554,2802,5),(3812,2803,4),(8555,2803,5),(3813,2804,4),(8556,2804,5),(3814,2805,4),(8557,2805,5),(3815,2806,4),(8558,2806,5),(3816,2807,4),(8559,2807,5),(3817,2808,4),(8560,2808,5),(3818,2809,4),(8561,2809,5),(3819,2810,4),(8562,2810,5),(3820,2811,4),(8563,2811,5),(3821,2812,4),(8564,2812,5),(3822,2813,4),(8565,2813,5),(3823,2814,4),(8566,2814,5),(3824,2815,4),(8567,2815,5),(3825,2816,4),(8568,2816,5),(3826,2817,4),(8569,2817,5),(3827,2818,4),(8570,2818,5),(3828,2819,4),(8571,2819,5),(3829,2820,4),(8572,2820,5),(3830,2821,4),(8573,2821,5),(3831,2822,4),(8574,2822,5),(3832,2823,4),(8575,2823,5),(3833,2824,4),(8576,2824,5),(3834,2825,4),(8577,2825,5),(3835,2826,4),(8578,2826,5),(3836,2827,4),(8579,2827,5),(3837,2828,4),(8580,2828,5),(3838,2829,4),(8581,2829,5),(3839,2830,4),(8582,2830,5),(3840,2831,4),(8583,2831,5),(3841,2832,4),(8584,2832,5),(3842,2833,4),(8585,2833,5),(3843,2834,4),(8586,2834,5),(3844,2835,4),(8587,2835,5),(3845,2836,4),(8588,2836,5),(3846,2837,4),(8589,2837,5),(3847,2838,4),(8590,2838,5),(3848,2839,4),(8591,2839,5),(3849,2840,4),(8592,2840,5),(3850,2841,4),(8593,2841,5),(3851,2842,4),(8594,2842,5),(3852,2843,4),(8595,2843,5),(3853,2844,4),(8596,2844,5),(3854,2845,4),(8597,2845,5),(3855,2846,4),(8598,2846,5),(3856,2847,4),(8599,2847,5),(3857,2848,4),(8600,2848,5),(3858,2849,4),(8601,2849,5),(3859,2850,4),(8602,2850,5),(3860,2851,4),(8603,2851,5),(3861,2852,4),(8604,2852,5),(3862,2853,4),(8605,2853,5),(3863,2854,4),(8606,2854,5),(3864,2855,4),(8607,2855,5),(3865,2856,4),(8608,2856,5),(3866,2857,4),(8609,2857,5),(3867,2858,4),(8610,2858,5),(3868,2859,4),(8611,2859,5),(3869,2860,4),(8612,2860,5),(3870,2861,4),(8613,2861,5),(3871,2862,4),(8614,2862,5),(3872,2863,4),(8615,2863,5),(3873,2864,4),(8616,2864,5),(3874,2865,4),(8617,2865,5),(3875,2866,4),(8618,2866,5),(3876,2867,4),(8619,2867,5),(3877,2868,4),(8620,2868,5),(3878,2869,4),(8621,2869,5),(3879,2870,4),(8622,2870,5),(3880,2871,4),(8623,2871,5),(3881,2872,4),(8624,2872,5),(3882,2873,4),(8625,2873,5),(3883,2874,4),(8626,2874,5),(3884,2875,4),(8627,2875,5),(3885,2876,4),(8628,2876,5),(3886,2877,4),(8629,2877,5),(3887,2878,4),(8630,2878,5),(3888,2879,4),(8631,2879,5),(3889,2880,4),(8632,2880,5),(3890,2881,4),(8633,2881,5),(3891,2882,4),(8634,2882,5),(3892,2883,4),(8635,2883,5),(3893,2884,4),(8636,2884,5),(3894,2885,4),(8637,2885,5),(3895,2886,4),(8638,2886,5),(3896,2887,4),(8639,2887,5),(3897,2888,4),(8640,2888,5),(3898,2889,4),(8641,2889,5),(3899,2890,4),(8642,2890,5),(3900,2891,4),(8643,2891,5),(3901,2892,4),(8644,2892,5),(3902,2893,4),(8645,2893,5),(3903,2894,4),(8646,2894,5),(3904,2895,4),(8647,2895,5),(3905,2896,4),(8648,2896,5),(3906,2897,4),(8649,2897,5),(3907,2898,4),(8650,2898,5),(3908,2899,4),(8651,2899,5),(3909,2900,4),(8652,2900,5),(3910,2901,4),(8653,2901,5),(3911,2902,4),(8654,2902,5),(3912,2903,4),(8655,2903,5),(3913,2904,4),(8656,2904,5),(3914,2905,4),(8657,2905,5),(3915,2906,4),(8658,2906,5),(3916,2907,4),(8659,2907,5),(3917,2908,4),(8660,2908,5),(3918,2909,4),(8661,2909,5),(3919,2910,4),(8662,2910,5),(3920,2911,4),(8663,2911,5),(3921,2912,4),(8664,2912,5),(3922,2913,4),(8665,2913,5),(3923,2914,4),(8666,2914,5),(3924,2915,4),(8667,2915,5),(3925,2916,4),(8668,2916,5),(3926,2917,4),(8669,2917,5),(3927,2918,4),(8670,2918,5),(3928,2919,4),(8671,2919,5),(3929,2920,4),(8672,2920,5),(3930,2921,4),(8673,2921,5),(3931,2922,4),(8674,2922,5),(3932,2923,4),(8675,2923,5),(3933,2924,4),(8676,2924,5),(3934,2925,4),(8677,2925,5),(3935,2926,4),(8678,2926,5),(3936,2927,4),(8679,2927,5),(3937,2928,4),(8680,2928,5),(3938,2929,4),(8681,2929,5),(3939,2930,4),(8682,2930,5),(3940,2931,4),(8683,2931,5),(3941,2932,4),(8684,2932,5),(3942,2933,4),(8685,2933,5),(3943,2934,4),(8686,2934,5),(3944,2935,4),(8687,2935,5),(3945,2936,4),(8688,2936,5),(3946,2937,4),(8689,2937,5),(3947,2938,4),(8690,2938,5),(3948,2939,4),(8691,2939,5),(3949,2940,4),(8692,2940,5),(3950,2941,4),(8693,2941,5),(3951,2942,4),(8694,2942,5),(3952,2943,4),(8695,2943,5),(3953,2944,4),(8696,2944,5),(3954,2945,4),(8697,2945,5),(3955,2946,4),(8698,2946,5),(3956,2947,4),(8699,2947,5),(3957,2948,4),(8700,2948,5),(3958,2949,4),(8701,2949,5),(3959,2950,4),(8702,2950,5),(3960,2951,4),(8703,2951,5),(3961,2952,4),(8704,2952,5),(3962,2953,4),(8705,2953,5),(3963,2954,4),(8706,2954,5),(3964,2955,4),(8707,2955,5),(3965,2956,4),(8708,2956,5),(3966,2957,4),(8709,2957,5),(3967,2958,4),(8710,2958,5),(3968,2959,4),(8711,2959,5),(3969,2960,4),(8712,2960,5),(3970,2961,4),(8713,2961,5),(3971,2962,4),(8714,2962,5),(3972,2963,4),(8715,2963,5),(3973,2964,4),(8716,2964,5),(3974,2965,4),(8717,2965,5),(3975,2966,4),(8718,2966,5),(3976,2967,4),(8719,2967,5),(3977,2968,4),(8720,2968,5),(3978,2969,4),(8721,2969,5),(3979,2970,4),(8722,2970,5),(3980,2971,4),(8723,2971,5),(3981,2972,4),(8724,2972,5),(3982,2973,4),(8725,2973,5),(3983,2974,4),(8726,2974,5),(3984,2975,4),(8727,2975,5),(3985,2976,4),(8728,2976,5),(3986,2977,4),(8729,2977,5),(3987,2978,4),(8730,2978,5),(3988,2979,4),(8731,2979,5),(3989,2980,4),(8732,2980,5),(3990,2981,4),(8733,2981,5),(3991,2982,4),(8734,2982,5),(3992,2983,4),(8735,2983,5),(3993,2984,4),(8736,2984,5),(3994,2985,4),(8737,2985,5),(3995,2986,4),(8738,2986,5),(3996,2987,4),(8739,2987,5),(3997,2988,4),(8740,2988,5),(3998,2989,4),(8741,2989,5),(3999,2990,4),(8742,2990,5),(4000,2991,4),(8743,2991,5),(4001,2992,4),(8744,2992,5),(4002,2993,4),(8745,2993,5),(4003,2994,4),(8746,2994,5),(4004,2995,4),(8747,2995,5),(4005,2996,4),(8748,2996,5),(4006,2997,4),(8749,2997,5),(4007,2998,4),(8750,2998,5),(4008,2999,4),(8751,2999,5),(4009,3000,4),(8752,3000,5),(4010,3001,4),(8753,3001,5),(4011,3002,4),(8754,3002,5),(4012,3003,4),(8755,3003,5),(4013,3004,4),(8756,3004,5),(4014,3005,4),(8757,3005,5),(4015,3006,4),(8758,3006,5),(4016,3007,4),(8759,3007,5),(4017,3008,4),(8760,3008,5),(4018,3009,4),(8761,3009,5),(4019,3010,4),(8762,3010,5),(4020,3011,4),(8763,3011,5),(4021,3012,4),(8764,3012,5),(4022,3013,4),(8765,3013,5),(4023,3014,4),(8766,3014,5),(4024,3015,4),(8767,3015,5),(4025,3016,4),(8768,3016,5),(4026,3017,4),(8769,3017,5),(4027,3018,4),(8770,3018,5),(4028,3019,4),(8771,3019,5),(4029,3020,4),(8772,3020,5),(4030,3021,4),(8773,3021,5),(4031,3022,4),(8774,3022,5),(4032,3023,4),(8775,3023,5),(4033,3024,4),(8776,3024,5),(4034,3025,4),(8777,3025,5),(4035,3026,4),(8778,3026,5),(4036,3027,4),(8779,3027,5),(4037,3028,4),(8780,3028,5),(4038,3029,4),(8781,3029,5),(4039,3030,4),(8782,3030,5),(4040,3031,4),(8783,3031,5),(4041,3032,4),(8784,3032,5),(4042,3033,4),(8785,3033,5),(4043,3034,4),(8786,3034,5),(4044,3035,4),(8787,3035,5),(4045,3036,4),(8788,3036,5),(4046,3037,4),(8789,3037,5),(4047,3038,4),(8790,3038,5),(4048,3039,4),(8791,3039,5),(4049,3040,4),(8792,3040,5),(4050,3041,4),(8793,3041,5),(4051,3042,4),(8794,3042,5),(4052,3043,4),(8795,3043,5),(4053,3044,4),(8796,3044,5),(4054,3045,4),(8797,3045,5),(4055,3046,4),(8798,3046,5),(4056,3047,4),(8799,3047,5),(4057,3048,4),(8800,3048,5),(4058,3049,4),(8801,3049,5),(4059,3050,4),(8802,3050,5),(4060,3051,4),(8803,3051,5),(4061,3052,4),(8804,3052,5),(4062,3053,4),(8805,3053,5),(4063,3054,4),(8806,3054,5),(4064,3055,4),(8807,3055,5),(4065,3056,4),(8808,3056,5),(4066,3057,4),(8809,3057,5),(4067,3058,4),(8810,3058,5),(4068,3059,4),(8811,3059,5),(4069,3060,4),(8812,3060,5),(4070,3061,4),(8813,3061,5),(4071,3062,4),(8814,3062,5),(4072,3063,4),(8815,3063,5),(4073,3064,4),(8816,3064,5),(4074,3065,4),(8817,3065,5),(4075,3066,4),(8818,3066,5),(4076,3067,4),(8819,3067,5),(4077,3068,4),(8820,3068,5),(4078,3069,4),(8821,3069,5),(4079,3070,4),(8822,3070,5),(4080,3071,4),(8823,3071,5),(4081,3072,4),(8824,3072,5),(4082,3073,4),(8825,3073,5),(4083,3074,4),(8826,3074,5),(4084,3075,4),(8827,3075,5),(4085,3076,4),(8828,3076,5),(4086,3077,4),(8829,3077,5),(4087,3078,4),(8830,3078,5),(4088,3079,4),(8831,3079,5),(4089,3080,4),(8832,3080,5),(4090,3081,4),(8833,3081,5),(4091,3082,4),(8834,3082,5),(4092,3083,4),(8835,3083,5),(4093,3084,4),(8836,3084,5),(4094,3085,4),(8837,3085,5),(4095,3086,4),(8838,3086,5),(4096,3087,4),(8839,3087,5),(4097,3088,4),(8840,3088,5),(4098,3089,4),(8841,3089,5),(4099,3090,4),(8842,3090,5),(4100,3091,4),(8843,3091,5),(4101,3092,4),(8844,3092,5),(4102,3093,4),(8845,3093,5),(4103,3094,4),(8846,3094,5),(4104,3095,4),(8847,3095,5),(4105,3096,4),(8848,3096,5),(4106,3097,4),(8849,3097,5),(4107,3098,4),(8850,3098,5),(4108,3099,4),(8851,3099,5),(4109,3100,4),(8852,3100,5),(4110,3101,4),(8853,3101,5),(4111,3102,4),(8854,3102,5),(4112,3103,4),(8855,3103,5),(4113,3104,4),(8856,3104,5),(4114,3105,4),(8857,3105,5),(4115,3106,4),(8858,3106,5),(4116,3107,4),(8859,3107,5),(4117,3108,4),(8860,3108,5),(4118,3109,4),(8861,3109,5),(4119,3110,4),(8862,3110,5),(4120,3111,4),(8863,3111,5),(4121,3112,4),(8864,3112,5),(4122,3113,4),(8865,3113,5),(4123,3114,4),(8866,3114,5),(4124,3115,4),(8867,3115,5),(4125,3116,4),(8868,3116,5),(4126,3117,4),(8869,3117,5),(4127,3118,4),(8870,3118,5),(4128,3119,4),(8871,3119,5),(4129,3120,4),(8872,3120,5),(4130,3121,4),(8873,3121,5),(4131,3122,4),(8874,3122,5),(4132,3123,4),(8875,3123,5),(4133,3124,4),(8876,3124,5),(4134,3125,4),(8877,3125,5),(4135,3126,4),(8878,3126,5),(4136,3127,4),(8879,3127,5),(4137,3128,4),(8880,3128,5),(4138,3129,4),(8881,3129,5),(4139,3130,4),(8882,3130,5),(4140,3131,4),(8883,3131,5),(4141,3132,4),(8884,3132,5),(4142,3133,4),(8885,3133,5),(4143,3134,4),(8886,3134,5),(4144,3135,4),(8887,3135,5),(4145,3136,4),(8888,3136,5),(4146,3137,4),(8889,3137,5),(4147,3138,4),(8890,3138,5),(4148,3139,4),(8891,3139,5),(4149,3140,4),(8892,3140,5),(4150,3141,4),(8893,3141,5),(4151,3142,4),(8894,3142,5),(4152,3143,4),(8895,3143,5),(4153,3144,4),(8896,3144,5),(4154,3145,4),(8897,3145,5),(4155,3146,4),(8898,3146,5),(4156,3147,4),(8899,3147,5),(4157,3148,4),(8900,3148,5),(4158,3149,4),(8901,3149,5),(4159,3150,4),(8902,3150,5),(4160,3151,4),(8903,3151,5),(4161,3152,4),(8904,3152,5),(4162,3153,4),(8905,3153,5),(4163,3154,4),(8906,3154,5),(4164,3155,4),(8907,3155,5),(4165,3156,4),(8908,3156,5),(4166,3157,4),(8909,3157,5),(4167,3158,4),(8910,3158,5),(4168,3159,4),(8911,3159,5),(4169,3160,4),(8912,3160,5),(4170,3161,4),(8913,3161,5),(4171,3162,4),(8914,3162,5),(4172,3163,4),(8915,3163,5),(4173,3164,4),(8916,3164,5),(4174,3165,4),(8917,3165,5),(4175,3166,4),(8918,3166,5),(4176,3167,4),(8919,3167,5),(4177,3168,4),(8920,3168,5),(4178,3169,4),(8921,3169,5),(4179,3170,4),(8922,3170,5),(4180,3171,4),(8923,3171,5),(4181,3172,4),(8924,3172,5),(4182,3173,4),(8925,3173,5),(4183,3174,4),(8926,3174,5),(4184,3175,4),(8927,3175,5),(4185,3176,4),(8928,3176,5),(4186,3177,4),(8929,3177,5),(4187,3178,4),(8930,3178,5),(4188,3179,4),(8931,3179,5),(4189,3180,4),(8932,3180,5),(4190,3181,4),(8933,3181,5),(4191,3182,4),(8934,3182,5),(4192,3183,4),(8935,3183,5),(4193,3184,4),(8936,3184,5),(4194,3185,4),(8937,3185,5),(4195,3186,4),(8938,3186,5),(4196,3187,4),(8939,3187,5),(4197,3188,4),(8940,3188,5),(4198,3189,4),(8941,3189,5),(4199,3190,4),(8942,3190,5),(4200,3191,4),(8943,3191,5),(4201,3192,4),(8944,3192,5),(4202,3193,4),(8945,3193,5),(4203,3194,4),(8946,3194,5),(4204,3195,4),(8947,3195,5),(4205,3196,4),(8948,3196,5),(4206,3197,4),(8949,3197,5),(4207,3198,4),(8950,3198,5),(4208,3199,4),(8951,3199,5),(4209,3200,4),(8952,3200,5),(4210,3201,4),(8953,3201,5),(4211,3202,4),(8954,3202,5),(4212,3203,4),(8955,3203,5),(4213,3204,4),(8956,3204,5),(4214,3205,4),(8957,3205,5),(4215,3206,4),(8958,3206,5),(4216,3207,4),(8959,3207,5),(4217,3208,4),(8960,3208,5),(4218,3209,4),(8961,3209,5),(4219,3210,4),(8962,3210,5),(4220,3211,4),(8963,3211,5),(4221,3212,4),(8964,3212,5),(4222,3213,4),(8965,3213,5),(4223,3214,4),(8966,3214,5),(4224,3215,4),(8967,3215,5),(4225,3216,4),(8968,3216,5),(4226,3217,4),(8969,3217,5),(4227,3218,4),(8970,3218,5),(4228,3219,4),(8971,3219,5),(4229,3220,4),(8972,3220,5),(4230,3221,4),(8973,3221,5),(4231,3222,4),(8974,3222,5),(4232,3223,4),(8975,3223,5),(4233,3224,4),(8976,3224,5),(4234,3225,4),(8977,3225,5),(4235,3226,4),(8978,3226,5),(4236,3227,4),(8979,3227,5),(4237,3228,4),(8980,3228,5),(4238,3229,4),(8981,3229,5),(4239,3230,4),(8982,3230,5),(4240,3231,4),(8983,3231,5),(4241,3232,4),(8984,3232,5),(4242,3233,4),(8985,3233,5),(4243,3234,4),(8986,3234,5),(4244,3235,4),(8987,3235,5),(4245,3236,4),(8988,3236,5),(4246,3237,4),(8989,3237,5),(4247,3238,4),(8990,3238,5),(4248,3239,4),(8991,3239,5),(4249,3240,4),(8992,3240,5),(4250,3241,4),(8993,3241,5),(4251,3242,4),(8994,3242,5),(4252,3243,4),(8995,3243,5),(4253,3244,4),(8996,3244,5),(4254,3245,4),(8997,3245,5),(4255,3246,4),(8998,3246,5),(4256,3247,4),(8999,3247,5),(4257,3248,4),(9000,3248,5),(4258,3249,4),(9001,3249,5),(4259,3250,4),(9002,3250,5),(4260,3251,4),(9003,3251,5),(4261,3252,4),(9004,3252,5),(4262,3253,4),(9005,3253,5),(4263,3254,4),(9006,3254,5),(4264,3255,4),(9007,3255,5),(4265,3256,4),(9008,3256,5),(4266,3257,4),(9009,3257,5),(4267,3258,4),(9010,3258,5),(4268,3259,4),(9011,3259,5),(4269,3260,4),(9012,3260,5),(4270,3261,4),(9013,3261,5),(4271,3262,4),(9014,3262,5),(4272,3263,4),(9015,3263,5),(4273,3264,4),(9016,3264,5),(4274,3265,4),(9017,3265,5),(4275,3266,4),(9018,3266,5),(4276,3267,4),(9019,3267,5),(4277,3268,4),(9020,3268,5),(4278,3269,4),(9021,3269,5),(4279,3270,4),(9022,3270,5),(4280,3271,4),(9023,3271,5),(4281,3272,4),(9024,3272,5),(4282,3273,4),(9025,3273,5),(4283,3274,4),(9026,3274,5),(4284,3275,4),(9027,3275,5),(4285,3276,4),(9028,3276,5),(4286,3277,4),(9029,3277,5),(4287,3278,4),(9030,3278,5),(4288,3279,4),(9031,3279,5),(4289,3280,4),(9032,3280,5),(4290,3281,4),(9033,3281,5),(4291,3282,4),(9034,3282,5),(4292,3283,4),(9035,3283,5),(4293,3284,4),(9036,3284,5),(4294,3285,4),(9037,3285,5),(4295,3286,4),(9038,3286,5),(4296,3287,4),(9039,3287,5),(4297,3288,4),(9040,3288,5),(4298,3289,4),(9041,3289,5),(4299,3290,4),(9042,3290,5),(4300,3291,4),(9043,3291,5),(4301,3292,4),(9044,3292,5),(4302,3293,4),(9045,3293,5),(4303,3294,4),(9046,3294,5),(4304,3295,4),(9047,3295,5),(4305,3296,4),(9048,3296,5),(4306,3297,4),(9049,3297,5),(4307,3298,4),(9050,3298,5),(4308,3299,4),(9051,3299,5),(4309,3300,4),(9052,3300,5),(4310,3301,4),(9053,3301,5),(4311,3302,4),(9054,3302,5),(4312,3303,4),(9055,3303,5),(4313,3304,4),(9056,3304,5),(4314,3305,4),(9057,3305,5),(4315,3306,4),(9058,3306,5),(4316,3307,4),(9059,3307,5),(4317,3308,4),(9060,3308,5),(4318,3309,4),(9061,3309,5),(4319,3310,4),(9062,3310,5),(4320,3311,4),(9063,3311,5),(4321,3312,4),(9064,3312,5),(4322,3313,4),(9065,3313,5),(4323,3314,4),(9066,3314,5),(4324,3315,4),(9067,3315,5),(4325,3316,4),(9068,3316,5),(4326,3317,4),(9069,3317,5),(4327,3318,4),(9070,3318,5),(4328,3319,4),(9071,3319,5),(4329,3320,4),(9072,3320,5),(4330,3321,4),(9073,3321,5),(4331,3322,4),(9074,3322,5),(4332,3323,4),(9075,3323,5),(4333,3324,4),(9076,3324,5),(4334,3325,4),(9077,3325,5),(4335,3326,4),(9078,3326,5),(4336,3327,4),(9079,3327,5),(4337,3328,4),(9080,3328,5),(4338,3329,4),(9081,3329,5),(4339,3330,4),(9082,3330,5),(4340,3331,4),(9083,3331,5),(4341,3332,4),(9084,3332,5),(4342,3333,4),(9085,3333,5),(4343,3334,4),(9086,3334,5),(4344,3335,4),(9087,3335,5),(4345,3336,4),(9088,3336,5),(4346,3337,4),(9089,3337,5),(4347,3338,4),(9090,3338,5),(4348,3339,4),(9091,3339,5),(4349,3340,4),(9092,3340,5),(4350,3341,4),(9093,3341,5),(4351,3342,4),(9094,3342,5),(4352,3343,4),(9095,3343,5),(4353,3344,4),(9096,3344,5),(4354,3345,4),(9097,3345,5),(4355,3346,4),(9098,3346,5),(4356,3347,4),(9099,3347,5),(4357,3348,4),(9100,3348,5),(4358,3349,4),(9101,3349,5),(4359,3350,4),(9102,3350,5),(4360,3351,4),(9103,3351,5),(4361,3352,4),(9104,3352,5),(4362,3353,4),(9105,3353,5),(4363,3354,4),(9106,3354,5),(4364,3355,4),(9107,3355,5),(4365,3356,4),(9108,3356,5),(4366,3357,4),(9109,3357,5),(4367,3358,4),(9110,3358,5),(4368,3359,4),(9111,3359,5),(4369,3360,4),(9112,3360,5),(4370,3361,4),(9113,3361,5),(4371,3362,4),(9114,3362,5),(4372,3363,4),(9115,3363,5),(4373,3364,4),(9116,3364,5),(4374,3365,4),(9117,3365,5),(4375,3366,4),(9118,3366,5),(4376,3367,4),(9119,3367,5),(4377,3368,4),(9120,3368,5),(4378,3369,4),(9121,3369,5),(4379,3370,4),(9122,3370,5),(4380,3371,4),(9123,3371,5),(4381,3372,4),(9124,3372,5),(4382,3373,4),(9125,3373,5),(4383,3374,4),(9126,3374,5),(4384,3375,4),(9127,3375,5),(4385,3376,4),(9128,3376,5),(4386,3377,4),(9129,3377,5),(4387,3378,4),(9130,3378,5),(4388,3379,4),(9131,3379,5),(4389,3380,4),(9132,3380,5),(4390,3381,4),(9133,3381,5),(4391,3382,4),(9134,3382,5),(4392,3383,4),(9135,3383,5),(4393,3384,4),(9136,3384,5),(4394,3385,4),(9137,3385,5),(4395,3386,4),(9138,3386,5),(4396,3387,4),(9139,3387,5),(4397,3388,4),(9140,3388,5),(4398,3389,4),(9141,3389,5),(4399,3390,4),(9142,3390,5),(4400,3391,4),(9143,3391,5),(4401,3392,4),(9144,3392,5),(4402,3393,4),(9145,3393,5),(4403,3394,4),(9146,3394,5),(4404,3395,4),(9147,3395,5),(4405,3396,4),(9148,3396,5),(4406,3397,4),(9149,3397,5),(4407,3398,4),(9150,3398,5),(4408,3399,4),(9151,3399,5),(4409,3400,4),(9152,3400,5),(4410,3401,4),(9153,3401,5),(4411,3402,4),(9154,3402,5),(4412,3403,4),(9155,3403,5),(4413,3404,4),(9156,3404,5),(4414,3405,4),(9157,3405,5),(4415,3406,4),(9158,3406,5),(4416,3407,4),(9159,3407,5),(4417,3408,4),(9160,3408,5),(4418,3409,4),(9161,3409,5),(4419,3410,4),(9162,3410,5),(4420,3411,4),(9163,3411,5),(4421,3412,4),(9164,3412,5),(4422,3413,4),(9165,3413,5),(4423,3414,4),(9166,3414,5),(4424,3415,4),(9167,3415,5),(4425,3416,4),(9168,3416,5),(4426,3417,4),(9169,3417,5),(4427,3418,4),(9170,3418,5),(4428,3419,4),(9171,3419,5),(4429,3420,4),(9172,3420,5),(4430,3421,4),(9173,3421,5),(4431,3422,4),(9174,3422,5),(4432,3423,4),(9175,3423,5),(4433,3424,4),(9176,3424,5),(4434,3425,4),(9177,3425,5),(4435,3426,4),(9178,3426,5),(4436,3427,4),(9179,3427,5),(4437,3428,4),(9180,3428,5),(4438,3429,4),(9181,3429,5),(4439,3430,4),(9182,3430,5),(4440,3431,4),(9183,3431,5),(4441,3432,4),(9184,3432,5),(4442,3433,4),(9185,3433,5),(4443,3434,4),(9186,3434,5),(4444,3435,4),(9187,3435,5),(4445,3436,4),(9188,3436,5),(4446,3437,4),(9189,3437,5),(4447,3438,4),(9190,3438,5),(4448,3439,4),(9191,3439,5),(4449,3440,4),(9192,3440,5),(4450,3441,4),(9193,3441,5),(4451,3442,4),(9194,3442,5),(4452,3443,4),(9195,3443,5),(4453,3444,4),(9196,3444,5),(4454,3445,4),(9197,3445,5),(4455,3446,4),(9198,3446,5),(4456,3447,4),(9199,3447,5),(4457,3448,4),(9200,3448,5),(4458,3449,4),(9201,3449,5),(4459,3450,4),(9202,3450,5),(4460,3451,4),(9203,3451,5),(4461,3452,4),(9204,3452,5),(4462,3453,4),(9205,3453,5),(4463,3454,4),(9206,3454,5),(4464,3455,4),(9207,3455,5),(4465,3456,4),(9208,3456,5),(4466,3457,4),(9209,3457,5),(4467,3458,4),(9210,3458,5),(4468,3459,4),(9211,3459,5),(4469,3460,4),(9212,3460,5),(4470,3461,4),(9213,3461,5),(4471,3462,4),(9214,3462,5),(4472,3463,4),(9215,3463,5),(4473,3464,4),(9216,3464,5),(4474,3465,4),(9217,3465,5),(4475,3466,4),(9218,3466,5),(4476,3467,4),(9219,3467,5),(4477,3468,4),(9220,3468,5),(4478,3469,4),(9221,3469,5),(4479,3470,4),(9222,3470,5),(4480,3471,4),(9223,3471,5),(4481,3472,4),(9224,3472,5),(4482,3473,4),(9225,3473,5),(4483,3474,4),(9226,3474,5),(4484,3475,4),(9227,3475,5),(4485,3476,4),(9228,3476,5),(4486,3477,4),(9229,3477,5),(4487,3478,4),(9230,3478,5),(4488,3479,4),(9231,3479,5),(4489,3480,4),(9232,3480,5),(4490,3481,4),(9233,3481,5),(4491,3482,4),(9234,3482,5),(4492,3483,4),(9235,3483,5),(4493,3484,4),(9236,3484,5),(4494,3485,4),(9237,3485,5),(4495,3486,4),(9238,3486,5),(4496,3487,4),(9239,3487,5),(4497,3488,4),(9240,3488,5),(4498,3489,4),(9241,3489,5),(4499,3490,4),(9242,3490,5),(4500,3491,4),(9243,3491,5),(4501,3492,4),(9244,3492,5),(4502,3493,4),(9245,3493,5),(4503,3494,4),(9246,3494,5),(4504,3495,4),(9247,3495,5),(4505,3496,4),(9248,3496,5),(4506,3497,4),(9249,3497,5),(4507,3498,4),(9250,3498,5),(4508,3499,4),(9251,3499,5),(4509,3500,4),(9252,3500,5),(4510,3501,4),(9253,3501,5),(4511,3502,4),(9254,3502,5),(4512,3503,4),(9255,3503,5),(4513,3504,4),(9256,3504,5),(4514,3505,4),(9257,3505,5),(4515,3506,4),(9258,3506,5),(4516,3507,4),(9259,3507,5),(4517,3508,4),(9260,3508,5),(4518,3509,4),(9261,3509,5),(4519,3510,4),(9262,3510,5),(4520,3511,4),(9263,3511,5),(4521,3512,4),(9264,3512,5),(4522,3513,4),(9265,3513,5),(4523,3514,4),(9266,3514,5),(4524,3515,4),(9267,3515,5),(4525,3516,4),(9268,3516,5),(4526,3517,4),(9269,3517,5),(4527,3518,4),(9270,3518,5),(4528,3519,4),(9271,3519,5),(4529,3520,4),(9272,3520,5),(4530,3521,4),(9273,3521,5),(4531,3522,4),(9274,3522,5),(4532,3523,4),(9275,3523,5),(4533,3524,4),(9276,3524,5),(4534,3525,4),(9277,3525,5),(4535,3526,4),(9278,3526,5),(4536,3527,4),(9279,3527,5),(4537,3528,4),(9280,3528,5),(4538,3529,4),(9281,3529,5),(4539,3530,4),(9282,3530,5),(4540,3531,4),(9283,3531,5),(4541,3532,4),(9284,3532,5),(4542,3533,4),(9285,3533,5),(4543,3534,4),(9286,3534,5),(4544,3535,4),(9287,3535,5),(4545,3536,4),(9288,3536,5),(4546,3537,4),(9289,3537,5),(4547,3538,4),(9290,3538,5),(4548,3539,4),(9291,3539,5),(4549,3540,4),(9292,3540,5),(4550,3541,4),(9293,3541,5),(4551,3542,4),(9294,3542,5),(4552,3543,4),(9295,3543,5),(4553,3544,4),(9296,3544,5),(4554,3545,4),(9297,3545,5),(4555,3546,4),(9298,3546,5),(4556,3547,4),(9299,3547,5),(4557,3548,4),(9300,3548,5),(4558,3549,4),(9301,3549,5),(4559,3550,4),(9302,3550,5),(4560,3551,4),(9303,3551,5),(4561,3552,4),(9304,3552,5),(4562,3553,4),(9305,3553,5),(4563,3554,4),(9306,3554,5),(4564,3555,4),(9307,3555,5),(4565,3556,4),(9308,3556,5),(4566,3557,4),(9309,3557,5),(4567,3558,4),(9310,3558,5),(4568,3559,4),(9311,3559,5),(4569,3560,4),(9312,3560,5),(4570,3561,4),(9313,3561,5),(4571,3562,4),(9314,3562,5),(4572,3563,4),(9315,3563,5),(4573,3564,4),(9316,3564,5),(4574,3565,4),(9317,3565,5),(4575,3566,4),(9318,3566,5),(4576,3567,4),(9319,3567,5),(4577,3568,4),(9320,3568,5),(4578,3569,4),(9321,3569,5),(4579,3570,4),(9322,3570,5),(4580,3571,4),(9323,3571,5),(4581,3572,4),(9324,3572,5),(4582,3573,4),(9325,3573,5),(4583,3574,4),(9326,3574,5),(4584,3575,4),(9327,3575,5),(4585,3576,4),(9328,3576,5),(4586,3577,4),(9329,3577,5),(4587,3578,4),(9330,3578,5),(4588,3579,4),(9331,3579,5),(4589,3580,4),(9332,3580,5),(4590,3581,4),(9333,3581,5),(4591,3582,4),(9334,3582,5),(4592,3583,4),(9335,3583,5),(4593,3584,4),(9336,3584,5),(4594,3585,4),(9337,3585,5),(4595,3586,4),(9338,3586,5),(4596,3587,4),(9339,3587,5),(4597,3588,4),(9340,3588,5),(4598,3589,4),(9341,3589,5),(4599,3590,4),(9342,3590,5),(4600,3591,4),(9343,3591,5),(4601,3592,4),(9344,3592,5),(4602,3593,4),(9345,3593,5),(4603,3594,4),(9346,3594,5),(4604,3595,4),(9347,3595,5),(4605,3596,4),(9348,3596,5),(4606,3597,4),(9349,3597,5),(4607,3598,4),(9350,3598,5),(4608,3599,4),(9351,3599,5),(4609,3600,4),(9352,3600,5),(4610,3601,4),(9353,3601,5),(4611,3602,4),(9354,3602,5),(4612,3603,4),(9355,3603,5),(4613,3604,4),(9356,3604,5),(4614,3605,4),(9357,3605,5),(4615,3606,4),(9358,3606,5),(4616,3607,4),(9359,3607,5),(4617,3608,4),(9360,3608,5),(4618,3609,4),(9361,3609,5),(4619,3610,4),(9362,3610,5),(4620,3611,4),(9363,3611,5),(4621,3612,4),(9364,3612,5),(4622,3613,4),(9365,3613,5),(4623,3614,4),(9366,3614,5),(4624,3615,4),(9367,3615,5),(4625,3616,4),(9368,3616,5),(4626,3617,4),(9369,3617,5),(4627,3618,4),(9370,3618,5),(4628,3619,4),(9371,3619,5),(4629,3620,4),(9372,3620,5),(4630,3621,4),(9373,3621,5),(4631,3622,4),(9374,3622,5),(4632,3623,4),(9375,3623,5),(4633,3624,4),(9376,3624,5),(4634,3625,4),(9377,3625,5),(4635,3626,4),(9378,3626,5),(4636,3627,4),(9379,3627,5),(4637,3628,4),(9380,3628,5),(4638,3629,4),(9381,3629,5),(4639,3630,4),(9382,3630,5),(4640,3631,4),(9383,3631,5),(4641,3632,4),(9384,3632,5),(4642,3633,4),(9385,3633,5),(4643,3634,4),(9386,3634,5),(4644,3635,4),(9387,3635,5),(4645,3636,4),(9388,3636,5),(4646,3637,4),(9389,3637,5),(4647,3638,4),(9390,3638,5),(4648,3639,4),(9391,3639,5),(4649,3640,4),(9392,3640,5),(4650,3641,4),(9393,3641,5),(4651,3642,4),(9394,3642,5),(4652,3643,4),(9395,3643,5),(4653,3644,4),(9396,3644,5),(4654,3645,4),(9397,3645,5),(4655,3646,4),(9398,3646,5),(4656,3647,4),(9399,3647,5),(4657,3648,4),(9400,3648,5),(4658,3649,4),(9401,3649,5),(4659,3650,4),(9402,3650,5),(4660,3651,4),(9403,3651,5),(4661,3652,4),(9404,3652,5),(4662,3653,4),(9405,3653,5),(4663,3654,4),(9406,3654,5),(4664,3655,4),(9407,3655,5),(4665,3656,4),(9408,3656,5),(4666,3657,4),(9409,3657,5),(4667,3658,4),(9410,3658,5),(4668,3659,4),(9411,3659,5),(4669,3660,4),(9412,3660,5),(4670,3661,4),(9413,3661,5),(4671,3662,4),(9414,3662,5),(4672,3663,4),(9415,3663,5),(4673,3664,4),(9416,3664,5),(4674,3665,4),(9417,3665,5),(4675,3666,4),(9418,3666,5),(4676,3667,4),(9419,3667,5),(4677,3668,4),(9420,3668,5),(4678,3669,4),(9421,3669,5),(4679,3670,4),(9422,3670,5),(4680,3671,4),(9423,3671,5),(4681,3672,4),(9424,3672,5),(4682,3673,4),(9425,3673,5),(4683,3674,4),(9426,3674,5),(4684,3675,4),(9427,3675,5),(4685,3676,4),(9428,3676,5),(4686,3677,4),(9429,3677,5),(4687,3678,4),(9430,3678,5),(4688,3679,4),(9431,3679,5),(4689,3680,4),(9432,3680,5),(4690,3681,4),(9433,3681,5),(4691,3682,4),(9434,3682,5),(4692,3683,4),(9435,3683,5),(4693,3684,4),(9436,3684,5),(4694,3685,4),(9437,3685,5),(4695,3686,4),(9438,3686,5),(4696,3687,4),(9439,3687,5),(4697,3688,4),(9440,3688,5),(4698,3689,4),(9441,3689,5),(4699,3690,4),(9442,3690,5),(4700,3691,4),(9443,3691,5),(4701,3692,4),(9444,3692,5),(4702,3693,4),(9445,3693,5),(4703,3694,4),(9446,3694,5),(4704,3695,4),(9447,3695,5),(4705,3696,4),(9448,3696,5),(4706,3697,4),(9449,3697,5),(4707,3698,4),(9450,3698,5),(4708,3699,4),(9451,3699,5),(4709,3700,4),(9452,3700,5),(4710,3701,4),(9453,3701,5),(4711,3702,4),(9454,3702,5),(4712,3703,4),(9455,3703,5),(4713,3704,4),(9456,3704,5),(4714,3705,4),(9457,3705,5),(4715,3706,4),(9458,3706,5),(4716,3707,4),(9459,3707,5),(4717,3708,4),(9460,3708,5),(4718,3709,4),(9461,3709,5),(4719,3710,4),(9462,3710,5),(4720,3711,4),(9463,3711,5),(4721,3712,4),(9464,3712,5),(4722,3713,4),(9465,3713,5),(4723,3714,4),(9466,3714,5),(4724,3715,4),(9467,3715,5),(4725,3716,4),(9468,3716,5),(4726,3717,4),(9469,3717,5),(4727,3718,4),(9470,3718,5),(4728,3719,4),(9471,3719,5),(4729,3720,4),(9472,3720,5),(4730,3721,4),(9473,3721,5),(4731,3722,4),(9474,3722,5),(4732,3723,4),(9475,3723,5),(4733,3724,4),(9476,3724,5),(4734,3725,4),(9477,3725,5),(4735,3726,4),(9478,3726,5),(4736,3727,4),(9479,3727,5),(4737,3728,4),(9480,3728,5),(4738,3729,4),(9481,3729,5),(4739,3730,4),(9482,3730,5),(4740,3731,4),(9483,3731,5),(4741,3732,4),(9484,3732,5),(4742,3733,4),(9485,3733,5),(4743,3734,4),(9486,3734,5),(4744,3735,4),(9487,3735,5),(4745,3736,4),(9488,3736,5),(4746,3737,4),(9489,3737,5),(4747,3738,4),(9490,3738,5),(4748,3739,4),(9491,3739,5),(4749,3740,4),(9492,3740,5),(4750,3741,4),(9493,3741,5),(4751,3742,4),(9494,3742,5),(4752,3743,4),(9495,3743,5),(4753,3744,4),(9496,3744,5),(4754,3745,4),(9497,3745,5),(4755,3746,4),(9498,3746,5),(4756,3747,4),(9499,3747,5),(4757,3748,4),(9500,3748,5),(4758,3749,4),(9501,3749,5),(4759,3750,4),(9502,3750,5),(4760,3751,4),(9503,3751,5),(4761,3752,4),(9504,3752,5),(4762,3753,4),(9505,3753,5),(4763,3754,4),(9506,3754,5),(4764,3755,4),(9507,3755,5),(4765,3756,4),(9508,3756,5),(4766,3757,4),(9509,3757,5),(4767,3758,4),(9510,3758,5),(4768,3759,4),(9511,3759,5),(4769,3760,4),(9512,3760,5),(4770,3761,4),(9513,3761,5),(4771,3762,4),(9514,3762,5),(4772,3763,4),(9515,3763,5),(4773,3764,4),(9516,3764,5),(4774,3765,4),(9517,3765,5),(4775,3766,4),(9518,3766,5),(4776,3767,4),(9519,3767,5),(4777,3768,4),(9520,3768,5),(4778,3769,4),(9521,3769,5),(4779,3770,4),(9522,3770,5),(4780,3771,4),(9523,3771,5),(4781,3772,4),(9524,3772,5),(4782,3773,4),(9525,3773,5),(4783,3774,4),(9526,3774,5),(4784,3775,4),(9527,3775,5),(4785,3776,4),(9528,3776,5),(4786,3777,4),(9529,3777,5),(4787,3778,4),(9530,3778,5),(4788,3779,4),(9531,3779,5),(4789,3780,4),(9532,3780,5),(4790,3781,4),(9533,3781,5),(4791,3782,4),(9534,3782,5),(4792,3783,4),(9535,3783,5),(4793,3784,4),(9536,3784,5),(4794,3785,4),(9537,3785,5),(4795,3786,4),(9538,3786,5),(4796,3787,4),(9539,3787,5),(4797,3788,4),(9540,3788,5),(4798,3789,4),(9541,3789,5),(4799,3790,4),(9542,3790,5),(4800,3791,4),(9543,3791,5),(4801,3792,4),(9544,3792,5),(4802,3793,4),(9545,3793,5),(4803,3794,4),(9546,3794,5),(4804,3795,4),(9547,3795,5),(4805,3796,4),(9548,3796,5),(4806,3797,4),(9549,3797,5),(4807,3798,4),(9550,3798,5),(4808,3799,4),(9551,3799,5),(4809,3800,4),(9552,3800,5),(4810,3801,4),(9553,3801,5),(4811,3802,4),(9554,3802,5),(4812,3803,4),(9555,3803,5),(4813,3804,4),(9556,3804,5),(4814,3805,4),(9557,3805,5),(4815,3806,4),(9558,3806,5),(4816,3807,4),(9559,3807,5),(4817,3808,4),(9560,3808,5),(4818,3809,4),(9561,3809,5),(4819,3810,4),(9562,3810,5),(4820,3811,4),(9563,3811,5),(4821,3812,4),(9564,3812,5),(4822,3813,4),(9565,3813,5),(4823,3814,4),(9566,3814,5),(4824,3815,4),(9567,3815,5),(4825,3816,4),(9568,3816,5),(4826,3817,4),(9569,3817,5),(4827,3818,4),(9570,3818,5),(4828,3819,4),(9571,3819,5),(4829,3820,4),(9572,3820,5),(4830,3821,4),(9573,3821,5),(4831,3822,4),(9574,3822,5),(4832,3823,4),(9575,3823,5),(1,3824,1),(4833,3824,4),(2,3825,1),(4834,3825,4),(3,3826,1),(4835,3826,4),(4,3827,1),(4836,3827,4),(5,3828,1),(4837,3828,4),(6,3829,1),(4838,3829,4),(7,3830,1),(4839,3830,4),(4840,3831,4),(9576,3831,5),(4841,3832,4),(9577,3832,5),(4842,3833,4),(9578,3833,5),(4843,3834,4),(9579,3834,5),(4844,3835,4),(9580,3835,5),(4845,3836,4),(9581,3836,5),(4846,3837,4),(9582,3837,5),(4847,3838,4),(9583,3838,5),(4848,3839,4),(9584,3839,5),(4849,3840,4),(9585,3840,5),(4850,3841,4),(9586,3841,5),(4851,3842,4),(9587,3842,5),(4852,3843,4),(9588,3843,5),(4853,3844,4),(9589,3844,5),(4854,3845,4),(9590,3845,5),(4855,3846,4),(9591,3846,5),(4856,3847,4),(9592,3847,5),(4857,3848,4),(9593,3848,5),(4858,3849,4),(9594,3849,5),(4859,3850,4),(9595,3850,5),(4860,3851,4),(9596,3851,5),(4861,3852,4),(9597,3852,5),(4862,3853,4),(9598,3853,5),(4863,3854,4),(9599,3854,5),(4864,3855,4),(9600,3855,5),(4865,3856,4),(9601,3856,5),(4866,3857,4),(9602,3857,5),(4867,3858,4),(9603,3858,5),(4868,3859,4),(9604,3859,5),(4869,3860,4),(9605,3860,5),(4870,3861,4),(9606,3861,5),(4871,3862,4),(9607,3862,5),(4872,3863,4),(9608,3863,5),(4873,3864,4),(9609,3864,5),(4874,3865,4),(9610,3865,5),(4875,3866,4),(9611,3866,5),(4876,3867,4),(9612,3867,5),(4877,3868,4),(9613,3868,5),(4878,3869,4),(9614,3869,5),(4879,3870,4),(9615,3870,5),(4880,3871,4),(9616,3871,5),(4881,3872,4),(9617,3872,5),(4882,3873,4),(9618,3873,5),(4883,3874,4),(9619,3874,5),(4884,3875,4),(9620,3875,5),(4885,3876,4),(9621,3876,5),(4886,3877,4),(9622,3877,5),(4887,3878,4),(9623,3878,5),(4888,3879,4),(9624,3879,5),(4889,3880,4),(9625,3880,5),(4890,3881,4),(9626,3881,5),(4891,3882,4),(9627,3882,5),(4892,3883,4),(9628,3883,5),(4893,3884,4),(9629,3884,5),(4894,3885,4),(9630,3885,5),(4895,3886,4),(9631,3886,5),(4896,3887,4),(9632,3887,5),(4897,3888,4),(9633,3888,5),(4898,3889,4),(9634,3889,5),(4899,3890,4),(9635,3890,5),(4900,3891,4),(9636,3891,5),(4901,3892,4),(9637,3892,5),(4902,3893,4),(9638,3893,5),(4903,3894,4),(9639,3894,5),(4904,3895,4),(9640,3895,5),(4905,3896,4),(9641,3896,5),(4906,3897,4),(9642,3897,5),(4907,3898,4),(9643,3898,5),(4908,3899,4),(9644,3899,5),(4909,3900,4),(9645,3900,5),(4910,3901,4),(9646,3901,5),(4911,3902,4),(9647,3902,5),(4912,3903,4),(9648,3903,5),(4913,3904,4),(9649,3904,5),(4914,3905,4),(9650,3905,5),(4915,3906,4),(9651,3906,5),(4916,3907,4),(9652,3907,5),(4917,3908,4),(9653,3908,5),(4918,3909,4),(9654,3909,5),(4919,3910,4),(9655,3910,5),(4920,3911,4),(9656,3911,5),(4921,3912,4),(9657,3912,5),(4922,3913,4),(9658,3913,5),(4923,3914,4),(9659,3914,5),(4924,3915,4),(9660,3915,5),(4925,3916,4),(9661,3916,5),(4926,3917,4),(9662,3917,5),(4927,3918,4),(9663,3918,5),(4928,3919,4),(9664,3919,5),(4929,3920,4),(9665,3920,5),(4930,3921,4),(9666,3921,5),(4931,3922,4),(9667,3922,5),(4932,3923,4),(9668,3923,5),(4933,3924,4),(9669,3924,5),(4934,3925,4),(9670,3925,5),(4935,3926,4),(9671,3926,5),(4936,3927,4),(9672,3927,5),(4937,3928,4),(9673,3928,5),(4938,3929,4),(9674,3929,5),(4939,3930,4),(9675,3930,5),(4940,3931,4),(9676,3931,5),(4941,3932,4),(9677,3932,5),(4942,3933,4),(9678,3933,5),(4943,3934,4),(9679,3934,5),(4944,3935,4),(9680,3935,5),(4945,3936,4),(9681,3936,5),(4946,3937,4),(9682,3937,5),(4947,3938,4),(9683,3938,5),(4948,3939,4),(9684,3939,5),(4949,3940,4),(9685,3940,5),(4950,3941,4),(9686,3941,5),(4951,3942,4),(9687,3942,5),(4952,3943,4),(9688,3943,5),(4953,3944,4),(9689,3944,5),(4954,3945,4),(9690,3945,5),(4955,3946,4),(9691,3946,5),(4956,3947,4),(9692,3947,5),(4957,3948,4),(9693,3948,5),(4958,3949,4),(9694,3949,5),(4959,3950,4),(9695,3950,5),(4960,3951,4),(9696,3951,5),(4961,3952,4),(9697,3952,5),(4962,3953,4),(9698,3953,5),(4963,3954,4),(9699,3954,5),(4964,3955,4),(9700,3955,5),(4965,3956,4),(9701,3956,5),(4966,3957,4),(9702,3957,5),(4967,3958,4),(9703,3958,5),(4968,3959,4),(9704,3959,5),(4969,3960,4),(9705,3960,5),(4970,3961,4),(9706,3961,5),(4971,3962,4),(9707,3962,5),(4972,3963,4),(9708,3963,5),(4973,3964,4),(9709,3964,5),(4974,3965,4),(9710,3965,5),(4975,3966,4),(9711,3966,5),(4976,3967,4),(9712,3967,5),(4977,3968,4),(9713,3968,5),(4978,3969,4),(9714,3969,5),(4979,3970,4),(9715,3970,5),(4980,3971,4),(9716,3971,5),(4981,3972,4),(9717,3972,5),(4982,3973,4),(9718,3973,5),(4983,3974,4),(9719,3974,5),(4984,3975,4),(9720,3975,5),(4985,3976,4),(9721,3976,5),(4986,3977,4),(9722,3977,5),(4987,3978,4),(9723,3978,5),(4988,3979,4),(9724,3979,5),(4989,3980,4),(9725,3980,5),(4990,3981,4),(9726,3981,5),(4991,3982,4),(9727,3982,5),(4992,3983,4),(9728,3983,5),(4993,3984,4),(9729,3984,5),(4994,3985,4),(9730,3985,5),(4995,3986,4),(9731,3986,5),(4996,3987,4),(9732,3987,5),(4997,3988,4),(9733,3988,5),(4998,3989,4),(9734,3989,5),(4999,3990,4),(9735,3990,5),(5000,3991,4),(9736,3991,5),(5001,3992,4),(9737,3992,5),(5002,3993,4),(9738,3993,5),(5003,3994,4),(9739,3994,5),(5004,3995,4),(9740,3995,5),(5005,3996,4),(9741,3996,5),(5006,3997,4),(9742,3997,5),(5007,3998,4),(9743,3998,5),(5008,3999,4),(9744,3999,5),(5009,4000,4),(9745,4000,5),(5010,4001,4),(9746,4001,5),(5011,4002,4),(9747,4002,5),(5012,4003,4),(9748,4003,5),(5013,4004,4),(9749,4004,5),(5014,4005,4),(9750,4005,5),(5015,4006,4),(9751,4006,5),(5016,4007,4),(9752,4007,5),(5017,4008,4),(9753,4008,5),(5018,4009,4),(9754,4009,5),(5019,4010,4),(9755,4010,5),(5020,4011,4),(9756,4011,5),(5021,4012,4),(9757,4012,5),(5022,4013,4),(9758,4013,5),(5023,4014,4),(9759,4014,5),(5024,4015,4),(9760,4015,5),(5025,4016,4),(9761,4016,5),(5026,4017,4),(9762,4017,5),(5027,4018,4),(9763,4018,5),(5028,4019,4),(9764,4019,5),(5029,4020,4),(9765,4020,5),(5030,4021,4),(9766,4021,5),(5031,4022,4),(9767,4022,5),(5032,4023,4),(9768,4023,5),(5033,4024,4),(9769,4024,5),(5034,4025,4),(9770,4025,5),(5035,4026,4),(9771,4026,5),(5036,4027,4),(9772,4027,5),(5037,4028,4),(9773,4028,5),(5038,4029,4),(9774,4029,5),(5039,4030,4),(9775,4030,5),(5040,4031,4),(9776,4031,5),(5041,4032,4),(9777,4032,5),(5042,4033,4),(9778,4033,5),(5043,4034,4),(9779,4034,5),(5044,4035,4),(9780,4035,5),(5045,4036,4),(9781,4036,5),(5046,4037,4),(9782,4037,5),(5047,4038,4),(9783,4038,5),(5048,4039,4),(9784,4039,5),(5049,4040,4),(9785,4040,5),(5050,4041,4),(9786,4041,5),(5051,4042,4),(9787,4042,5),(5052,4043,4),(9788,4043,5),(5053,4044,4),(9789,4044,5),(5054,4045,4),(9790,4045,5),(5055,4046,4),(9791,4046,5),(5056,4047,4),(9792,4047,5),(5057,4048,4),(9793,4048,5),(5058,4049,4),(9794,4049,5),(5059,4050,4),(9795,4050,5),(5060,4051,4),(9796,4051,5),(5061,4052,4),(9797,4052,5),(5062,4053,4),(9798,4053,5),(5063,4054,4),(9799,4054,5),(5064,4055,4),(9800,4055,5),(5065,4056,4),(9801,4056,5),(5066,4057,4),(9802,4057,5),(5067,4058,4),(9803,4058,5),(5068,4059,4),(9804,4059,5),(5069,4060,4),(9805,4060,5),(5070,4061,4),(9806,4061,5),(5071,4062,4),(9807,4062,5),(5072,4063,4),(9808,4063,5),(5073,4064,4),(9809,4064,5),(5074,4065,4),(9810,4065,5),(5075,4066,4),(9811,4066,5),(5076,4067,4),(9812,4067,5),(5077,4068,4),(9813,4068,5),(5078,4069,4),(9814,4069,5),(5079,4070,4),(9815,4070,5),(5080,4071,4),(9816,4071,5),(5081,4072,4),(9817,4072,5),(5082,4073,4),(9818,4073,5),(5083,4074,4),(9819,4074,5),(5084,4075,4),(9820,4075,5),(5085,4076,4),(9821,4076,5),(5086,4077,4),(9822,4077,5),(5087,4078,4),(9823,4078,5),(5088,4079,4),(9824,4079,5),(5089,4080,4),(9825,4080,5),(5090,4081,4),(9826,4081,5),(5091,4082,4),(9827,4082,5),(5092,4083,4),(9828,4083,5),(5093,4084,4),(9829,4084,5),(5094,4085,4),(9830,4085,5),(5095,4086,4),(9831,4086,5),(5096,4087,4),(9832,4087,5),(5097,4088,4),(9833,4088,5),(5098,4089,4),(9834,4089,5),(5099,4090,4),(9835,4090,5),(5100,4091,4),(9836,4091,5),(5101,4092,4),(9837,4092,5),(5102,4093,4),(9838,4093,5),(5103,4094,4),(9839,4094,5),(5104,4095,4),(9840,4095,5),(5105,4096,4),(9841,4096,5),(5106,4097,4),(9842,4097,5),(5107,4098,4),(9843,4098,5),(5108,4099,4),(9844,4099,5),(5109,4100,4),(9845,4100,5),(5110,4101,4),(9846,4101,5),(5111,4102,4),(9847,4102,5),(5112,4103,4),(9848,4103,5),(5113,4104,4),(9849,4104,5),(5114,4105,4),(9850,4105,5),(5115,4106,4),(9851,4106,5),(5116,4107,4),(9852,4107,5),(10490,4107,6),(5117,4108,4),(9853,4108,5),(5118,4109,4),(9854,4109,5),(5119,4110,4),(9855,4110,5),(5120,4111,4),(9856,4111,5),(5121,4112,4),(9857,4112,5),(5122,4113,4),(9858,4113,5),(5123,4114,4),(9859,4114,5),(5124,4115,4),(9860,4115,5),(5125,4116,4),(9861,4116,5),(5126,4117,4),(9862,4117,5),(5127,4118,4),(9863,4118,5),(5128,4119,4),(9864,4119,5),(5129,4120,4),(9865,4120,5),(5130,4121,4),(9866,4121,5),(5131,4122,4),(9867,4122,5),(5132,4123,4),(9868,4123,5),(5133,4124,4),(9869,4124,5),(5134,4125,4),(9870,4125,5),(5135,4126,4),(9871,4126,5),(5136,4127,4),(9872,4127,5),(5137,4128,4),(9873,4128,5),(5138,4129,4),(9874,4129,5),(5139,4130,4),(9875,4130,5),(5140,4131,4),(9876,4131,5),(5141,4132,4),(9877,4132,5),(5142,4133,4),(9878,4133,5),(5143,4134,4),(9879,4134,5),(5144,4135,4),(9880,4135,5),(5145,4136,4),(9881,4136,5),(5146,4137,4),(9882,4137,5),(5147,4138,4),(9883,4138,5),(5148,4139,4),(9884,4139,5),(5149,4140,4),(9885,4140,5),(5150,4141,4),(9886,4141,5),(5151,4142,4),(9887,4142,5),(5152,4143,4),(9888,4143,5),(5153,4144,4),(9889,4144,5),(5154,4145,4),(9890,4145,5),(5155,4146,4),(9891,4146,5),(5156,4147,4),(9892,4147,5),(5157,4148,4),(9893,4148,5),(5158,4149,4),(9894,4149,5),(5159,4150,4),(9895,4150,5),(5160,4151,4),(9896,4151,5),(5161,4152,4),(9897,4152,5),(5162,4153,4),(9898,4153,5),(5163,4154,4),(9899,4154,5),(5164,4155,4),(9900,4155,5),(5165,4156,4),(9901,4156,5),(5166,4157,4),(9902,4157,5),(5167,4158,4),(9903,4158,5),(5168,4159,4),(9904,4159,5),(5169,4160,4),(9905,4160,5),(5170,4161,4),(9906,4161,5),(5171,4162,4),(9907,4162,5),(5172,4163,4),(9908,4163,5),(5173,4164,4),(9909,4164,5),(5174,4165,4),(9910,4165,5),(5175,4166,4),(9911,4166,5),(5176,4167,4),(9912,4167,5),(5177,4168,4),(9913,4168,5),(5178,4169,4),(9914,4169,5),(5179,4170,4),(9915,4170,5),(5180,4171,4),(9916,4171,5),(5181,4172,4),(9917,4172,5),(5182,4173,4),(9918,4173,5),(5183,4174,4),(9919,4174,5),(5184,4175,4),(9920,4175,5),(5185,4176,4),(9921,4176,5),(5186,4177,4),(9922,4177,5),(5187,4178,4),(9923,4178,5),(5188,4179,4),(9924,4179,5),(5189,4180,4),(9925,4180,5),(5190,4181,4),(9926,4181,5),(5191,4182,4),(9927,4182,5),(5192,4183,4),(9928,4183,5),(5193,4184,4),(9929,4184,5),(5194,4185,4),(9930,4185,5),(5195,4186,4),(9931,4186,5),(5196,4187,4),(9932,4187,5),(5197,4188,4),(9933,4188,5),(5198,4189,4),(9934,4189,5),(5199,4190,4),(9935,4190,5),(5200,4191,4),(9936,4191,5),(5201,4192,4),(9937,4192,5),(5202,4193,4),(9938,4193,5),(5203,4194,4),(9939,4194,5),(5204,4195,4),(9940,4195,5),(5205,4196,4),(9941,4196,5),(5206,4197,4),(9942,4197,5),(5207,4198,4),(9943,4198,5),(5208,4199,4),(9944,4199,5),(5209,4200,4),(9945,4200,5),(5210,4201,4),(9946,4201,5),(5211,4202,4),(9947,4202,5),(5212,4203,4),(9948,4203,5),(5213,4204,4),(9949,4204,5),(5214,4205,4),(9950,4205,5),(5215,4206,4),(9951,4206,5),(5216,4207,4),(9952,4207,5),(5217,4208,4),(9953,4208,5),(5218,4209,4),(9954,4209,5),(5219,4210,4),(9955,4210,5),(5220,4211,4),(9956,4211,5),(5221,4212,4),(9957,4212,5),(5222,4213,4),(9958,4213,5),(5223,4214,4),(9959,4214,5),(5224,4215,4),(9960,4215,5),(5225,4216,4),(9961,4216,5),(5226,4217,4),(9962,4217,5),(5227,4218,4),(9963,4218,5),(5228,4219,4),(9964,4219,5),(5229,4220,4),(9965,4220,5),(5230,4221,4),(9966,4221,5),(5231,4222,4),(9967,4222,5),(5232,4223,4),(9968,4223,5),(5233,4224,4),(9969,4224,5),(5234,4225,4),(9970,4225,5),(5235,4226,4),(9971,4226,5),(5236,4227,4),(9972,4227,5),(5237,4228,4),(9973,4228,5),(5238,4229,4),(9974,4229,5),(5239,4230,4),(9975,4230,5),(5240,4231,4),(9976,4231,5),(5241,4232,4),(9977,4232,5),(5242,4233,4),(9978,4233,5),(5243,4234,4),(9979,4234,5),(5244,4235,4),(9980,4235,5),(5245,4236,4),(9981,4236,5),(5246,4237,4),(9982,4237,5),(5247,4238,4),(9983,4238,5),(5248,4239,4),(9984,4239,5),(5249,4240,4),(9985,4240,5),(5250,4241,4),(9986,4241,5),(5251,4242,4),(9987,4242,5),(5252,4243,4),(9988,4243,5),(5253,4244,4),(9989,4244,5),(5254,4245,4),(9990,4245,5),(5255,4246,4),(9991,4246,5),(5256,4247,4),(9992,4247,5),(5257,4248,4),(9993,4248,5),(5258,4249,4),(9994,4249,5),(5259,4250,4),(9995,4250,5),(5260,4251,4),(9996,4251,5),(5261,4252,4),(9997,4252,5),(5262,4253,4),(9998,4253,5),(5263,4254,4),(9999,4254,5),(5264,4255,4),(10000,4255,5),(5265,4256,4),(10001,4256,5),(5266,4257,4),(10002,4257,5),(5267,4258,4),(10003,4258,5),(5268,4259,4),(10004,4259,5),(5269,4260,4),(10005,4260,5),(5270,4261,4),(10006,4261,5),(5271,4262,4),(10007,4262,5),(5272,4263,4),(10008,4263,5),(5273,4264,4),(10009,4264,5),(5274,4265,4),(10010,4265,5),(5275,4266,4),(10011,4266,5),(5276,4267,4),(10012,4267,5),(5277,4268,4),(10013,4268,5),(5278,4269,4),(10014,4269,5),(5279,4270,4),(10015,4270,5),(5280,4271,4),(10016,4271,5),(5281,4272,4),(10017,4272,5),(5282,4273,4),(10018,4273,5),(5283,4274,4),(10019,4274,5),(5284,4275,4),(10020,4275,5),(5285,4276,4),(10021,4276,5),(5286,4277,4),(10022,4277,5),(5287,4278,4),(10023,4278,5),(5288,4279,4),(10024,4279,5),(5289,4280,4),(10025,4280,5),(5290,4281,4),(10026,4281,5),(5291,4282,4),(10027,4282,5),(5292,4283,4),(10028,4283,5),(5293,4284,4),(10029,4284,5),(5294,4285,4),(10030,4285,5),(5295,4286,4),(10031,4286,5),(5296,4287,4),(10032,4287,5),(5297,4288,4),(10033,4288,5),(5298,4289,4),(10034,4289,5),(5299,4290,4),(10035,4290,5),(5300,4291,4),(10036,4291,5),(5301,4292,4),(10037,4292,5),(5302,4293,4),(10038,4293,5),(5303,4294,4),(10039,4294,5),(5304,4295,4),(10040,4295,5),(5305,4296,4),(10041,4296,5),(5306,4297,4),(10042,4297,5),(5307,4298,4),(10043,4298,5),(5308,4299,4),(10044,4299,5),(5309,4300,4),(10045,4300,5),(5310,4301,4),(10046,4301,5),(5311,4302,4),(10047,4302,5),(5312,4303,4),(10048,4303,5),(5313,4304,4),(10049,4304,5),(5314,4305,4),(10050,4305,5),(5315,4306,4),(10051,4306,5),(5316,4307,4),(10052,4307,5),(5317,4308,4),(10053,4308,5),(5318,4309,4),(10054,4309,5),(5319,4310,4),(10055,4310,5),(5320,4311,4),(10056,4311,5),(5321,4312,4),(10057,4312,5),(5322,4313,4),(10058,4313,5),(5323,4314,4),(10059,4314,5),(5324,4315,4),(10060,4315,5),(5325,4316,4),(10061,4316,5),(5326,4317,4),(10062,4317,5),(5327,4318,4),(10063,4318,5),(5328,4319,4),(10064,4319,5),(5329,4320,4),(10065,4320,5),(5330,4321,4),(10066,4321,5),(5331,4322,4),(10067,4322,5),(5332,4323,4),(10068,4323,5),(5333,4324,4),(10069,4324,5),(5334,4325,4),(10070,4325,5),(5335,4326,4),(10071,4326,5),(5336,4327,4),(10072,4327,5),(5337,4328,4),(10073,4328,5),(5338,4329,4),(10074,4329,5),(5339,4330,4),(10075,4330,5),(5340,4331,4),(10076,4331,5),(5341,4332,4),(10077,4332,5),(5342,4333,4),(10078,4333,5),(5343,4334,4),(10079,4334,5),(5344,4335,4),(10080,4335,5),(5345,4336,4),(10081,4336,5),(5346,4337,4),(10082,4337,5),(5347,4338,4),(10083,4338,5),(5348,4339,4),(10084,4339,5),(5349,4340,4),(10085,4340,5),(5350,4341,4),(10086,4341,5),(5351,4342,4),(10087,4342,5),(5352,4343,4),(10088,4343,5),(5353,4344,4),(10089,4344,5),(5354,4345,4),(10090,4345,5),(5355,4346,4),(10091,4346,5),(5356,4347,4),(10092,4347,5),(5357,4348,4),(10093,4348,5),(5358,4349,4),(10094,4349,5),(5359,4350,4),(10095,4350,5),(5360,4351,4),(10096,4351,5),(5361,4352,4),(10097,4352,5),(5362,4353,4),(10098,4353,5),(5363,4354,4),(10099,4354,5),(5364,4355,4),(10100,4355,5),(5365,4356,4),(10101,4356,5),(5366,4357,4),(10102,4357,5),(5367,4358,4),(10103,4358,5),(5368,4359,4),(10104,4359,5),(5369,4360,4),(10105,4360,5),(5370,4361,4),(10106,4361,5),(5371,4362,4),(10107,4362,5),(5372,4363,4),(10108,4363,5),(5373,4364,4),(10109,4364,5),(5374,4365,4),(10110,4365,5),(5375,4366,4),(10111,4366,5),(5376,4367,4),(10112,4367,5),(5377,4368,4),(10113,4368,5),(5378,4369,4),(10114,4369,5),(5379,4370,4),(10115,4370,5),(5380,4371,4),(10116,4371,5),(5381,4372,4),(10117,4372,5),(5382,4373,4),(10118,4373,5),(5383,4374,4),(10119,4374,5),(5384,4375,4),(10120,4375,5),(5385,4376,4),(10121,4376,5),(5386,4377,4),(10122,4377,5),(5387,4378,4),(10123,4378,5),(5388,4379,4),(10124,4379,5),(5389,4380,4),(10125,4380,5),(5390,4381,4),(10126,4381,5),(5391,4382,4),(10127,4382,5),(5392,4383,4),(10128,4383,5),(5393,4384,4),(10129,4384,5),(5394,4385,4),(10130,4385,5),(5395,4386,4),(10131,4386,5),(5396,4387,4),(10132,4387,5),(5397,4388,4),(10133,4388,5),(5398,4389,4),(10134,4389,5),(5399,4390,4),(10135,4390,5),(5400,4391,4),(10136,4391,5),(5401,4392,4),(10137,4392,5),(5402,4393,4),(10138,4393,5),(5403,4394,4),(10139,4394,5),(5404,4395,4),(10140,4395,5),(5405,4396,4),(10141,4396,5),(5406,4397,4),(10142,4397,5),(5407,4398,4),(10143,4398,5),(5408,4399,4),(10144,4399,5),(5409,4400,4),(10145,4400,5),(5410,4401,4),(10146,4401,5),(5411,4402,4),(10147,4402,5),(5412,4403,4),(10148,4403,5),(5413,4404,4),(10149,4404,5),(5414,4405,4),(10150,4405,5),(5415,4406,4),(10151,4406,5),(5416,4407,4),(10152,4407,5),(5417,4408,4),(10153,4408,5),(5418,4409,4),(10154,4409,5),(5419,4410,4),(10155,4410,5),(5420,4411,4),(10156,4411,5),(5421,4412,4),(10157,4412,5),(5422,4413,4),(10158,4413,5),(5423,4414,4),(10159,4414,5),(5424,4415,4),(10160,4415,5),(5425,4416,4),(10161,4416,5),(5426,4417,4),(10162,4417,5),(5427,4418,4),(10163,4418,5),(5428,4419,4),(10164,4419,5),(5429,4420,4),(10165,4420,5),(5430,4421,4),(10166,4421,5),(5431,4422,4),(10167,4422,5),(5432,4423,4),(10168,4423,5),(5433,4424,4),(10169,4424,5),(5434,4425,4),(10170,4425,5),(5435,4426,4),(10171,4426,5),(5436,4427,4),(10172,4427,5),(5437,4428,4),(10173,4428,5),(5438,4429,4),(10174,4429,5),(5439,4430,4),(10175,4430,5),(5440,4431,4),(10176,4431,5),(5441,4432,4),(10177,4432,5),(5442,4433,4),(10178,4433,5),(5443,4434,4),(10179,4434,5),(5444,4435,4),(10180,4435,5),(5445,4436,4),(10181,4436,5),(5446,4437,4),(10182,4437,5),(5447,4438,4),(10183,4438,5),(5448,4439,4),(10184,4439,5),(5449,4440,4),(10185,4440,5),(5450,4441,4),(10186,4441,5),(5451,4442,4),(10187,4442,5),(5452,4443,4),(10188,4443,5),(5453,4444,4),(10189,4444,5),(5454,4445,4),(10190,4445,5),(5455,4446,4),(10191,4446,5),(5456,4447,4),(10192,4447,5),(5457,4448,4),(10193,4448,5),(5458,4449,4),(10194,4449,5),(5459,4450,4),(10195,4450,5),(5460,4451,4),(10196,4451,5),(5461,4452,4),(10197,4452,5),(5462,4453,4),(10198,4453,5),(5463,4454,4),(10199,4454,5),(5464,4455,4),(10200,4455,5),(5465,4456,4),(10201,4456,5),(5466,4457,4),(10202,4457,5),(5467,4458,4),(10203,4458,5),(5468,4459,4),(10204,4459,5),(5469,4460,4),(10205,4460,5),(5470,4461,4),(10206,4461,5),(5471,4462,4),(10207,4462,5),(5472,4463,4),(10208,4463,5),(5473,4464,4),(10209,4464,5),(5474,4465,4),(10210,4465,5),(5475,4466,4),(10211,4466,5),(5476,4467,4),(10212,4467,5),(5477,4468,4),(10213,4468,5),(5478,4469,4),(10214,4469,5),(5479,4470,4),(10215,4470,5),(5480,4471,4),(10216,4471,5),(5481,4472,4),(10217,4472,5),(5482,4473,4),(10218,4473,5),(5483,4474,4),(10219,4474,5),(5484,4475,4),(10220,4475,5),(5485,4476,4),(10221,4476,5),(5486,4477,4),(10222,4477,5),(5487,4478,4),(10223,4478,5),(5488,4479,4),(10224,4479,5),(5489,4480,4),(10225,4480,5),(5490,4481,4),(10226,4481,5),(5491,4482,4),(10227,4482,5),(5492,4483,4),(10228,4483,5),(5493,4484,4),(10229,4484,5),(5494,4485,4),(10230,4485,5),(5495,4486,4),(10231,4486,5),(5496,4487,4),(10232,4487,5),(5497,4488,4),(10233,4488,5),(5498,4489,4),(10234,4489,5),(5499,4490,4),(10235,4490,5),(5500,4491,4),(10236,4491,5),(5501,4492,4),(10237,4492,5),(5502,4493,4),(10238,4493,5),(5503,4494,4),(10239,4494,5),(5504,4495,4),(10240,4495,5),(5505,4496,4),(10241,4496,5),(5506,4497,4),(10242,4497,5),(5507,4498,4),(10243,4498,5),(5508,4499,4),(10244,4499,5),(5509,4500,4),(10245,4500,5),(5510,4501,4),(10246,4501,5),(5511,4502,4),(10247,4502,5),(5512,4503,4),(10248,4503,5),(5513,4504,4),(10249,4504,5),(5514,4505,4),(10250,4505,5),(5515,4506,4),(10251,4506,5),(5516,4507,4),(10252,4507,5),(5517,4508,4),(10253,4508,5),(5518,4509,4),(10254,4509,5),(5519,4510,4),(10255,4510,5),(5520,4511,4),(10256,4511,5),(5521,4512,4),(10257,4512,5),(5522,4513,4),(10258,4513,5),(5523,4514,4),(10259,4514,5),(5524,4515,4),(10260,4515,5),(5525,4516,4),(10261,4516,5),(5526,4517,4),(10262,4517,5),(5527,4518,4),(10263,4518,5),(5528,4519,4),(10264,4519,5),(5529,4520,4),(10265,4520,5),(5530,4521,4),(10266,4521,5),(5531,4522,4),(10267,4522,5),(5532,4523,4),(10268,4523,5),(5533,4524,4),(10269,4524,5),(5534,4525,4),(10270,4525,5),(5535,4526,4),(10271,4526,5),(5536,4527,4),(10272,4527,5),(5537,4528,4),(10273,4528,5),(5538,4529,4),(10274,4529,5),(5539,4530,4),(10275,4530,5),(5540,4531,4),(10276,4531,5),(5541,4532,4),(10277,4532,5),(5542,4533,4),(10278,4533,5),(5543,4534,4),(10279,4534,5),(5544,4535,4),(10280,4535,5),(5545,4536,4),(10281,4536,5),(5546,4537,4),(10282,4537,5),(5547,4538,4),(10283,4538,5),(5548,4539,4),(10284,4539,5),(5549,4540,4),(10285,4540,5),(5550,4541,4),(10286,4541,5),(5551,4542,4),(10287,4542,5),(5552,4543,4),(10288,4543,5),(5553,4544,4),(10289,4544,5),(5554,4545,4),(10290,4545,5),(5555,4546,4),(10291,4546,5),(5556,4547,4),(10292,4547,5),(5557,4548,4),(10293,4548,5),(5558,4549,4),(10294,4549,5),(5559,4550,4),(10295,4550,5),(5560,4551,4),(10296,4551,5),(5561,4552,4),(10297,4552,5),(5562,4553,4),(10298,4553,5),(5563,4554,4),(10299,4554,5),(5564,4555,4),(10300,4555,5),(5565,4556,4),(10301,4556,5),(5566,4557,4),(10302,4557,5),(5567,4558,4),(10303,4558,5),(5568,4559,4),(10304,4559,5),(5569,4560,4),(10305,4560,5),(5570,4561,4),(10306,4561,5),(5571,4562,4),(10307,4562,5),(5572,4563,4),(10308,4563,5),(5573,4564,4),(10309,4564,5),(5574,4565,4),(10310,4565,5),(5575,4566,4),(10311,4566,5),(5576,4567,4),(10312,4567,5),(5577,4568,4),(10313,4568,5),(5578,4569,4),(10314,4569,5),(5579,4570,4),(10315,4570,5),(5580,4571,4),(10316,4571,5),(5581,4572,4),(10317,4572,5),(5582,4573,4),(10318,4573,5),(5583,4574,4),(10319,4574,5),(5584,4575,4),(10320,4575,5),(5585,4576,4),(10321,4576,5),(5586,4577,4),(10322,4577,5),(5587,4578,4),(10323,4578,5),(5588,4579,4),(10324,4579,5),(5589,4580,4),(10325,4580,5),(5590,4581,4),(10326,4581,5),(5591,4582,4),(10327,4582,5),(5592,4583,4),(10328,4583,5),(5593,4584,4),(10329,4584,5),(5594,4585,4),(10330,4585,5),(5595,4586,4),(10331,4586,5),(5596,4587,4),(10332,4587,5),(5597,4588,4),(10333,4588,5),(5598,4589,4),(10334,4589,5),(5599,4590,4),(10335,4590,5),(5600,4591,4),(10336,4591,5),(5601,4592,4),(10337,4592,5),(5602,4593,4),(10338,4593,5),(5603,4594,4),(10339,4594,5),(5604,4595,4),(10340,4595,5),(5605,4596,4),(10341,4596,5),(5606,4597,4),(10342,4597,5),(5607,4598,4),(10343,4598,5),(5608,4599,4),(10344,4599,5),(5609,4600,4),(10345,4600,5),(5610,4601,4),(10346,4601,5),(5611,4602,4),(10347,4602,5),(5612,4603,4),(10348,4603,5),(5613,4604,4),(10349,4604,5),(5614,4605,4),(10350,4605,5),(5615,4606,4),(10351,4606,5),(5616,4607,4),(10352,4607,5),(5617,4608,4),(10353,4608,5),(5618,4609,4),(10354,4609,5),(5619,4610,4),(10355,4610,5),(5620,4611,4),(10356,4611,5),(5621,4612,4),(10357,4612,5),(5622,4613,4),(10358,4613,5),(5623,4614,4),(10359,4614,5),(5624,4615,4),(10360,4615,5),(5625,4616,4),(10361,4616,5),(5626,4617,4),(10362,4617,5),(5627,4618,4),(10363,4618,5),(5628,4619,4),(10364,4619,5),(5629,4620,4),(10365,4620,5),(5630,4621,4),(10366,4621,5),(5631,4622,4),(10367,4622,5),(5632,4623,4),(10368,4623,5),(5633,4624,4),(10369,4624,5),(5634,4625,4),(10370,4625,5),(5635,4626,4),(10371,4626,5),(5636,4627,4),(10372,4627,5),(5637,4628,4),(10373,4628,5),(5638,4629,4),(10374,4629,5),(5639,4630,4),(10375,4630,5),(5640,4631,4),(10376,4631,5),(5641,4632,4),(10377,4632,5),(5642,4633,4),(10378,4633,5),(5643,4634,4),(10379,4634,5),(5644,4635,4),(10380,4635,5),(5645,4636,4),(10381,4636,5),(5646,4637,4),(10382,4637,5),(5647,4638,4),(10383,4638,5),(5648,4639,4),(10384,4639,5),(5649,4640,4),(10385,4640,5),(5650,4641,4),(10386,4641,5),(5651,4642,4),(10387,4642,5),(5652,4643,4),(10388,4643,5),(5653,4644,4),(10389,4644,5),(5654,4645,4),(10390,4645,5),(5655,4646,4),(10391,4646,5),(5656,4647,4),(10392,4647,5),(5657,4648,4),(10393,4648,5),(5658,4649,4),(10394,4649,5),(5659,4650,4),(10395,4650,5),(5660,4651,4),(10396,4651,5),(5661,4652,4),(10397,4652,5),(5662,4653,4),(10398,4653,5),(5663,4654,4),(10399,4654,5),(5664,4655,4),(10400,4655,5),(5665,4656,4),(10401,4656,5),(5666,4657,4),(10402,4657,5),(5667,4658,4),(10403,4658,5),(5668,4659,4),(10404,4659,5),(5669,4660,4),(10405,4660,5),(5670,4661,4),(10406,4661,5),(5671,4662,4),(10407,4662,5),(5672,4663,4),(10408,4663,5),(5673,4664,4),(10409,4664,5),(5674,4665,4),(10410,4665,5),(5675,4666,4),(10411,4666,5),(5676,4667,4),(10412,4667,5),(5677,4668,4),(10413,4668,5),(5678,4669,4),(10414,4669,5),(5679,4670,4),(10415,4670,5),(5680,4671,4),(10416,4671,5),(5681,4672,4),(10417,4672,5),(5682,4673,4),(10418,4673,5),(5683,4674,4),(10419,4674,5),(5684,4675,4),(10420,4675,5),(5685,4676,4),(10421,4676,5),(5686,4677,4),(10422,4677,5),(5687,4678,4),(10423,4678,5),(5688,4679,4),(10424,4679,5),(5689,4680,4),(10425,4680,5),(5690,4681,4),(10426,4681,5),(5691,4682,4),(10427,4682,5),(5692,4683,4),(10428,4683,5),(5693,4684,4),(10429,4684,5),(5694,4685,4),(10430,4685,5),(5695,4686,4),(10431,4686,5),(5696,4687,4),(10432,4687,5),(5697,4688,4),(10433,4688,5),(5698,4689,4),(10434,4689,5),(5699,4690,4),(10435,4690,5),(5700,4691,4),(10436,4691,5),(5701,4692,4),(10437,4692,5),(5702,4693,4),(10438,4693,5),(5703,4694,4),(10439,4694,5),(5704,4695,4),(10440,4695,5),(5705,4696,4),(10441,4696,5),(5706,4697,4),(10442,4697,5),(5707,4698,4),(10443,4698,5),(5708,4699,4),(10444,4699,5),(5709,4700,4),(10445,4700,5),(5710,4701,4),(10446,4701,5),(5711,4702,4),(10447,4702,5),(5712,4703,4),(10448,4703,5),(5713,4704,4),(10449,4704,5),(5714,4705,4),(10450,4705,5),(5715,4706,4),(10451,4706,5),(5716,4707,4),(10452,4707,5),(5717,4708,4),(10453,4708,5),(5718,4709,4),(10454,4709,5),(5719,4710,4),(10455,4710,5),(5720,4711,4),(10456,4711,5),(5721,4712,4),(10457,4712,5),(5722,4713,4),(10458,4713,5),(5723,4714,4),(10459,4714,5),(5724,4715,4),(10460,4715,5),(5725,4716,4),(10461,4716,5),(5726,4717,4),(10462,4717,5),(5727,4718,4),(10463,4718,5),(5728,4719,4),(10464,4719,5),(5729,4720,4),(10465,4720,5),(5730,4721,4),(10466,4721,5),(5731,4722,4),(10467,4722,5),(5732,4723,4),(10468,4723,5),(5733,4724,4),(10469,4724,5),(5734,4725,4),(10470,4725,5),(5735,4726,4),(10471,4726,5),(5736,4727,4),(10472,4727,5),(5737,4728,4),(10473,4728,5),(5738,4729,4),(10474,4729,5),(5739,4730,4),(10475,4730,5),(5740,4731,4),(10476,4731,5),(5741,4732,4),(10477,4732,5),(5742,4733,4),(10478,4733,5),(5743,4734,4),(10479,4734,5),(5744,4735,4),(10480,4735,5),(5745,4736,4),(10481,4736,5),(5746,4737,4),(10482,4737,5),(5747,4738,4),(10483,4738,5),(5748,4739,4),(10484,4739,5),(1006,4740,3),(5749,4740,4),(10485,4740,5),(1007,4741,3),(5750,4741,4),(10486,4741,5),(1008,4742,3),(5751,4742,4),(10487,4742,5),(1009,4743,3),(5752,4743,4),(10488,4743,5),(1010,4744,3),(5753,4744,4),(10489,4744,5);
/*!40000 ALTER TABLE `TargetGroupsRelPatterns` ENABLE KEYS */;
UNLOCK TABLES;

--
-- Table structure for table `TargetPatterns`
--

DROP TABLE IF EXISTS `TargetPatterns`;
/*!40101 SET @saved_cs_client     = @@character_set_client */;
/*!40101 SET character_set_client = utf8 */;
CREATE TABLE `TargetPatterns` (
  `id` int(10) unsigned NOT NULL AUTO_INCREMENT,
  `name` varchar(55) NOT NULL COMMENT '[ml]',
  `name_en` varchar(55) NOT NULL,
  `name_es` varchar(55) NOT NULL,
  `description` varchar(55) NOT NULL COMMENT '[ml]',
  `description_en` varchar(55) NOT NULL,
  `description_es` varchar(55) NOT NULL,
  `regExp` varchar(80) NOT NULL,
  `brandId` int(10) unsigned NOT NULL,
  PRIMARY KEY (`id`),
  UNIQUE KEY `regExpBrand` (`regExp`,`brandId`),
  KEY `brandId` (`brandId`),
  CONSTRAINT `TargetPatterns_ibfk_1` FOREIGN KEY (`brandId`) REFERENCES `Brands` (`id`) ON DELETE CASCADE
) ENGINE=InnoDB AUTO_INCREMENT=55412 DEFAULT CHARSET=utf8 COMMENT='[entity][rest]';
/*!40101 SET character_set_client = @saved_cs_client */;

--
-- Dumping data for table `TargetPatterns`
--

LOCK TABLES `TargetPatterns` WRITE;
/*!40000 ALTER TABLE `TargetPatterns` DISABLE KEYS */;
/*!40000 ALTER TABLE `TargetPatterns` ENABLE KEYS */;
UNLOCK TABLES;

--
-- Table structure for table `TerminalManufacturers`
--

DROP TABLE IF EXISTS `TerminalManufacturers`;
/*!40101 SET @saved_cs_client     = @@character_set_client */;
/*!40101 SET character_set_client = utf8 */;
CREATE TABLE `TerminalManufacturers` (
  `id` int(10) unsigned NOT NULL AUTO_INCREMENT,
  `iden` varchar(100) NOT NULL,
  `name` varchar(100) NOT NULL DEFAULT '',
  `description` varchar(500) NOT NULL DEFAULT '',
  PRIMARY KEY (`id`),
  UNIQUE KEY `iden` (`iden`)
) ENGINE=InnoDB AUTO_INCREMENT=4 DEFAULT CHARSET=utf8 COMMENT='[entity][rest]';
/*!40101 SET character_set_client = @saved_cs_client */;

--
-- Dumping data for table `TerminalManufacturers`
--

LOCK TABLES `TerminalManufacturers` WRITE;
/*!40000 ALTER TABLE `TerminalManufacturers` DISABLE KEYS */;
INSERT INTO `TerminalManufacturers` VALUES (1,'Generic','Generic SIP Manufacturer','Generic SIP Manufacturer'),(2,'Yealink','Yealink',''),(3,'Cisco','Cisco','');
/*!40000 ALTER TABLE `TerminalManufacturers` ENABLE KEYS */;
UNLOCK TABLES;

--
-- Table structure for table `TerminalModels`
--

DROP TABLE IF EXISTS `TerminalModels`;
/*!40101 SET @saved_cs_client     = @@character_set_client */;
/*!40101 SET character_set_client = utf8 */;
CREATE TABLE `TerminalModels` (
  `id` int(10) unsigned NOT NULL AUTO_INCREMENT,
  `iden` varchar(100) NOT NULL,
  `name` varchar(100) NOT NULL DEFAULT '',
  `description` varchar(500) NOT NULL DEFAULT '',
  `TerminalManufacturerId` int(10) unsigned NOT NULL,
  `genericTemplate` text,
  `specificTemplate` text,
  `genericUrlPattern` varchar(225) DEFAULT NULL,
  `specificUrlPattern` varchar(225) DEFAULT NULL,
  PRIMARY KEY (`id`),
  UNIQUE KEY `iden` (`iden`),
  KEY `TerminalManufacturerId` (`TerminalManufacturerId`),
  CONSTRAINT `TerminalModels_ibfk_1` FOREIGN KEY (`TerminalManufacturerId`) REFERENCES `TerminalManufacturers` (`id`) ON DELETE CASCADE
) ENGINE=InnoDB AUTO_INCREMENT=16 DEFAULT CHARSET=utf8 COMMENT='[entity][rest]';
/*!40101 SET character_set_client = @saved_cs_client */;

--
-- Dumping data for table `TerminalModels`
--

LOCK TABLES `TerminalModels` WRITE;
/*!40000 ALTER TABLE `TerminalModels` DISABLE KEYS */;
INSERT INTO `TerminalModels` VALUES (1,'Generic','Generic SIP Model','Generic SIP Model',1,NULL,NULL,NULL,NULL),(2,'YealinkT21P_E2','YealinkT21P_E2','',2,'#!version:1.0.0.1\r\naccount.1.enable = 1 \r\naccount.1.label = Line \r\n\r\nauto_provision.mode = 6 \r\nauto_provision.schedule.periodic_minute = 1 \r\nauto_provision.server.url = https://<?php echo $_SERVER[\'SERVER_NAME\'] ?>:1443/provision/t21E2 \r\nauto_provision.dhcp_option.enable = 0 \r\nauto_provision.pnp_enable = 0 \r\n\r\nlocal_time.time_zone = +1 \r\nlocal_time.ntp_server1 = es.pool.ntp.org \r\nlocal_time.ntp_server2 = \r\nlocal_time.interval = 1000 \r\nlocal_time.summer_time = 2 \r\nlocal_time.start_time = 1/1/0 \r\nlocal_time.end_time = 12/31/23 \r\n\r\nsecurity.trust_certificates = 0 \r\n','#!version:1.0.0.1\r\naccount.1.user_name = <?php echo $this->terminal->getName(); ?> \r\naccount.1.auth_name = <?php echo $this->terminal->getName(); ?> \r\naccount.1.password = <?php echo $this->terminal->getPassword(); ?> \r\naccount.1.display_name = <?php echo $this->user->getName(); ?> \r\naccount.1.label = <?php echo $this->user->getName(); ?> \r\naccount.1.sip_server_host = <?php echo $this->company->getDomainUsers(); ?> \r\naccount.1.sip_server_port = 5060 \r\n\r\nlang.gui = <?php echo $this->user->getLanguage()->getName(\"en\"); ?> \r\nlang.wui = <?php echo $this->user->getLanguage()->getName(\"en\"); ?>\r\n','y000000000052.cfg','{mac}.cfg'),(3,'SPA502G','SPA502G','',3,'<flat-profile>\r\n\r\n<Provision_Enable>Yes</Provision_Enable>\r\n<Resync_On_Reset>Yes</Resync_On_Reset>\r\n<Resync_Random_Delay>2</Resync_Random_Delay>\r\n<Resync_Periodic>30</Resync_Periodic>\r\n<Resync_Error_Retry_Delay>4000</Resync_Error_Retry_Delay>\r\n<Forced_Resync_Delay>14400</Forced_Resync_Delay>\r\n<Resync_From_SIP>Yes</Resync_From_SIP>\r\n<Resync_After_Upgrade_Attempt>Yes</Resync_After_Upgrade_Attempt>\r\n<Resync_Trigger_1></Resync_Trigger_1>\r\n<Resync_Trigger_2></Resync_Trigger_2>\r\n<Resync_Fails_On_FNF>Yes</Resync_Fails_On_FNF>\r\n<SPCP_Auto-detect>No</SPCP_Auto-detect>\r\n\r\n<Profile_Rule>https://<?php echo $_SERVER[\'SERVER_NAME\']; ?>:2443/provision/spa502g/$MA.cfg</Profile_Rule>\r\n\r\n<Set_Local_Date__mm_dd_></Set_Local_Date__mm_dd_>\r\n<Set_Local_Time__HH_mm_></Set_Local_Time__HH_mm_>\r\n<Time_Zone>GMT+01:00</Time_Zone>\r\n<Time_Offset__HH_mm_></Time_Offset__HH_mm_>\r\n<Daylight_Saving_Time_Rule>start=3/-1/7/2;end=10/-1/7/3;save=1;</Daylight_Saving_Time_Rule>\r\n<Daylight_Saving_Time_Enable>Yes</Daylight_Saving_Time_Enable>\r\n<DTMF_Playback_Level>-16</DTMF_Playback_Level>\r\n<DTMF_Playback_Length>.1</DTMF_Playback_Length>\r\n<Inband_DTMF_Boost>12dB</Inband_DTMF_Boost>\r\n<DTMF_Tx_Method_1_>AVT</DTMF_Tx_Method_1_>\r\n<Default_Character_Encoding>UTF-8</Default_Character_Encoding>\r\n\r\n<Primary_NTP_Server>es.pool.ntp.org</Primary_NTP_Server>\r\n\r\n<?php\r\necho \"<Dictionary_Server_Script>serv=https://\" . $_SERVER[\'SERVER_NAME\'] . \":2443/terminals/ciscolang/\";\r\n\r\npreg_match(\"/-([0-9\\.]*).*[\\s,]+/\", $_SERVER[\'HTTP_USER_AGENT\'], $firmware);\r\nif(array_key_exists(\"1\", $firmware)){\r\n    switch($firmware[1]){\r\n        case \"7.5.1\": echo \";d0=English;x0=spa50x_30x_en_v751.xml;d1=Spanish;x1=spa50x_30x_es_v751.xml\"; break;\r\n        case \"7.5.2\": echo \";d0=English;x0=spa50x_30x_en_v751.xml;d1=Spanish;x1=spa50x_30x_es_v751.xml\"; break;\r\n        case \"7.5.3\": echo \";d0=English;x0=spa50x_30x_en_v753.xml;d1=Spanish;x1=spa50x_30x_es_v753.xml\"; break;\r\n        case \"7.5.4\": echo \";d0=English;x0=spa50x_30x_en_v754.xml;d1=Spanish;x1=spa50x_30x_es_v754.xml\"; break;\r\n        case \"7.5.5\": echo \";d0=English;x0=spa50x_30x_en_v755.xml;d1=Spanish;x1=spa50x_30x_es_v755.xml\"; break;\r\n        case \"7.5.6\": echo \";d0=English;x0=spa50x_30x_en_v756.xml;d1=Spanish;x1=spa50x_30x_es_v756.xml\"; break;\r\n        default:      echo \";d0=English;x0=spa50x_30x_en_v756.xml;d1=Spanish;x1=spa50x_30x_es_v756.xml\"; break;\r\n    }\r\n}\r\necho \"</Dictionary_Server_Script>\";\r\n?>\r\n\r\n</flat-profile>\r\n','<flat-profile>\r\n\r\n<User_ID_1_><?php echo $this->terminal->getName(); ?></User_ID_1_>\r\n<Password_1_><?php echo $this->terminal->getPassword(); ?></Password_1_>\r\n<Use_Auth_ID_1_>No</Use_Auth_ID_1_>\r\n<Auth_ID_1_><?php echo $this->terminal->getName(); ?></Auth_ID_1_>\r\n<Short_Name_1_><?php echo $this->user->getName(); ?></Short_Name_1_>\r\n<Station_Name><?php echo \"Ext: \" .  $this->user->getExtension()->getNumber(); ?></Station_Name>\r\n<Proxy_1_><?php echo $this->company->getDomainUsers(); ?>:5060</Proxy_1_>\r\n\r\n<Language_Selection><?php echo $this->user->getLanguage()->getName(\"en\"); ?></Language_Selection>\r\n\r\n<Resync_Periodic></Resync_Periodic>\r\n<Resync_At__HHmm_>0300</Resync_At__HHmm_>\r\n\r\n</flat-profile>\r\n','spa502G.cfg','{mac}'),(4,'YealinkT21P','YealinkT21P','',2,'#!version:1.0.0.1\r\naccount.1.enable = 1 \r\naccount.1.label = Line\r\n\r\nauto_provision.mode = 6\r\nauto_provision.schedule.periodic_minute = 1\r\nauto_provision.server.url = https://provision-yealink.tedra.es:1443/provision/t21\r\nauto_provision.dhcp_option.enable = 0\r\nauto_provision.pnp_enable = 0\r\n\r\nlocal_time.time_zone = +1\r\nlocal_time.ntp_server1 = es.pool.ntp.org\r\nlocal_time.ntp_server2 = \r\nlocal_time.interval = 1000\r\nlocal_time.summer_time = 2\r\nlocal_time.start_time = 1/1/0\r\nlocal_time.end_time = 12/31/23\r\n\r\nsecurity.trust_certificates = 0\r\n','#!version:1.0.0.1\r\naccount.1.user_name = <?php echo $this->terminal->getName(); ?>\r\naccount.1.auth_name = <?php echo $this->terminal->getName(); ?> \r\naccount.1.password = <?php echo $this->terminal->getPassword(); ?> \r\naccount.1.display_name = <?php echo $this->user->getName(); ?> \r\naccount.1.sip_server_host = <?php echo $this->company->getDomainUsers(); ?>\r\naccount.1.label = <?php echo $this->user->getName(); ?> \r\naccount.1.sip_server_port = 5060\r\n\r\n\r\nlang.gui = <?php echo $this->user->getLanguage()->getName(\"en\"); ?> \r\nlang.wui = <?php echo $this->user->getLanguage()->getName(\"en\"); ?>\r\n','y000000000034.cfg','{mac}.cfg'),(5,'YealinkT27P','YealinkT27P','',2,'#!version:1.0.0.1\r\naccount.1.enable = 1 \r\naccount.1.label = Line\r\n\r\nauto_provision.mode = 6\r\nauto_provision.schedule.periodic_minute = 1\r\nauto_provision.server.url = https://provision-yealink.tedra.es:1443/provision/t27\r\nauto_provision.dhcp_option.enable = 0\r\nauto_provision.pnp_enable = 0\r\n\r\nlocal_time.time_zone = +1\r\nlocal_time.ntp_server1 = es.pool.ntp.org\r\nlocal_time.ntp_server2 = \r\nlocal_time.interval = 1000\r\nlocal_time.summer_time = 2\r\nlocal_time.start_time = 1/1/0\r\nlocal_time.end_time = 12/31/23\r\n\r\nsecurity.trust_certificates = 0\r\n','#!version:1.0.0.1\r\n\r\naccount.1.user_name = <?php echo $this->terminal->getName(); ?> \r\naccount.1.auth_name = <?php echo $this->terminal->getName(); ?> \r\naccount.1.password = <?php echo $this->terminal->getPassword(); ?> \r\naccount.1.display_name = <?php echo $this->user->getName(); ?> \r\naccount.1.sip_server_host = <?php echo $this->company->getDomainUsers(); ?>\r\naccount.1.label = <?php echo $this->user->getName(); ?> \r\naccount.1.sip_server_port = 5060\r\n\r\nlang.gui = <?php echo $this->user->getLanguage()->getName(\"en\"); ?> \r\nlang.wui = <?php echo $this->user->getLanguage()->getName(\"en\"); ?>\r\n','y000000000045.cfg','{mac}.cfg'),(6,'SPA504G','SPA504G','',3,'<flat-profile>\r\n\r\n<Provision_Enable>Yes</Provision_Enable>\r\n<Resync_On_Reset>Yes</Resync_On_Reset>\r\n<Resync_Random_Delay>2</Resync_Random_Delay>\r\n<Resync_Periodic>30</Resync_Periodic>\r\n<Resync_Error_Retry_Delay>4000</Resync_Error_Retry_Delay>\r\n<Forced_Resync_Delay>14400</Forced_Resync_Delay>\r\n<Resync_From_SIP>Yes</Resync_From_SIP>\r\n<Resync_After_Upgrade_Attempt>Yes</Resync_After_Upgrade_Attempt>\r\n<Resync_Trigger_1></Resync_Trigger_1>\r\n<Resync_Trigger_2></Resync_Trigger_2>\r\n<Resync_Fails_On_FNF>Yes</Resync_Fails_On_FNF>\r\n<SPCP_Auto-detect>No</SPCP_Auto-detect>\r\n\r\n<Profile_Rule>https://<?php echo $_SERVER[\'SERVER_NAME\']; ?>:2443/provision/spa504g/$MA.cfg</Profile_Rule>\r\n\r\n<Set_Local_Date__mm_dd_></Set_Local_Date__mm_dd_>\r\n<Set_Local_Time__HH_mm_></Set_Local_Time__HH_mm_>\r\n<Time_Zone>GMT+01:00</Time_Zone>\r\n<Time_Offset__HH_mm_></Time_Offset__HH_mm_>\r\n<Daylight_Saving_Time_Rule>start=3/-1/7/2;end=10/-1/7/3;save=1;</Daylight_Saving_Time_Rule>\r\n<Daylight_Saving_Time_Enable>Yes</Daylight_Saving_Time_Enable>\r\n<DTMF_Playback_Level>-16</DTMF_Playback_Level>\r\n<DTMF_Playback_Length>.1</DTMF_Playback_Length>\r\n<Inband_DTMF_Boost>12dB</Inband_DTMF_Boost>\r\n<DTMF_Tx_Method_1_>AVT</DTMF_Tx_Method_1_>\r\n<Default_Character_Encoding>UTF-8</Default_Character_Encoding>\r\n\r\n<Primary_NTP_Server>es.pool.ntp.org</Primary_NTP_Server>\r\n\r\n<?php\r\necho \"<Dictionary_Server_Script>serv=https://\" . $_SERVER[\'SERVER_NAME\'] . \":2443/terminals/ciscolang/\";\r\n\r\npreg_match(\"/-([0-9\\.]*).*[\\s,]+/\", $_SERVER[\'HTTP_USER_AGENT\'], $firmware);\r\nif(array_key_exists(\"1\", $firmware)){\r\n    switch($firmware[1]){\r\n        case \"7.5.1\": echo \";d0=English;x0=spa50x_30x_en_v751.xml;d1=Spanish;x1=spa50x_30x_es_v751.xml\"; break;\r\n        case \"7.5.2\": echo \";d0=English;x0=spa50x_30x_en_v751.xml;d1=Spanish;x1=spa50x_30x_es_v751.xml\"; break;\r\n        case \"7.5.3\": echo \";d0=English;x0=spa50x_30x_en_v753.xml;d1=Spanish;x1=spa50x_30x_es_v753.xml\"; break;\r\n        case \"7.5.4\": echo \";d0=English;x0=spa50x_30x_en_v754.xml;d1=Spanish;x1=spa50x_30x_es_v754.xml\"; break;\r\n        case \"7.5.5\": echo \";d0=English;x0=spa50x_30x_en_v755.xml;d1=Spanish;x1=spa50x_30x_es_v755.xml\"; break;\r\n        case \"7.5.6\": echo \";d0=English;x0=spa50x_30x_en_v756.xml;d1=Spanish;x1=spa50x_30x_es_v756.xml\"; break;\r\n        default:      echo \";d0=English;x0=spa50x_30x_en_v756.xml;d1=Spanish;x1=spa50x_30x_es_v756.xml\"; break;\r\n    }\r\n}\r\necho \"</Dictionary_Server_Script>\";\r\n?>\r\n\r\n</flat-profile>\r\n','<flat-profile>\r\n\r\n<User_ID_1_><?php echo $this->terminal->getName(); ?></User_ID_1_>\r\n<Password_1_><?php echo $this->terminal->getPassword(); ?></Password_1_>\r\n<Use_Auth_ID_1_>No</Use_Auth_ID_1_>\r\n<Auth_ID_1_><?php echo $this->terminal->getName(); ?></Auth_ID_1_>\r\n<Short_Name_1_><?php echo $this->user->getName(); ?></Short_Name_1_>\r\n<Short_Name_2_><?php echo $this->user->getName(); ?></Short_Name_2_>\r\n<Short_Name_3_><?php echo $this->user->getName(); ?></Short_Name_3_>\r\n<Short_Name_4_><?php echo $this->user->getName(); ?></Short_Name_4_>\r\n<Station_Name><?php echo \"Ext: \" .  $this->user->getExtension()->getNumber(); ?></Station_Name>\r\n<Proxy_1_><?php echo $this->company->getDomainUsers(); ?>:5060</Proxy_1_>\r\n\r\n<Language_Selection><?php echo $this->user->getLanguage()->getName(\"en\"); ?></Language_Selection>\r\n\r\n<Resync_Periodic></Resync_Periodic>\r\n<Resync_At__HHmm_>0300</Resync_At__HHmm_>\r\n\r\n</flat-profile>\r\n','spa504G.cfg','{mac}'),(7,'SPA509G','SPA509G','',3,'<flat-profile>\r\n\r\n<Provision_Enable>Yes</Provision_Enable>\r\n<Resync_On_Reset>Yes</Resync_On_Reset>\r\n<Resync_Random_Delay>2</Resync_Random_Delay>\r\n<Resync_Periodic>30</Resync_Periodic>\r\n<Resync_Error_Retry_Delay>4000</Resync_Error_Retry_Delay>\r\n<Forced_Resync_Delay>14400</Forced_Resync_Delay>\r\n<Resync_From_SIP>Yes</Resync_From_SIP>\r\n<Resync_After_Upgrade_Attempt>Yes</Resync_After_Upgrade_Attempt>\r\n<Resync_Trigger_1></Resync_Trigger_1>\r\n<Resync_Trigger_2></Resync_Trigger_2>\r\n<Resync_Fails_On_FNF>Yes</Resync_Fails_On_FNF>\r\n<SPCP_Auto-detect>No</SPCP_Auto-detect>\r\n\r\n<Profile_Rule>https://<?php echo $_SERVER[\'SERVER_NAME\']; ?>:2443/provision/spa509g/$MA.cfg</Profile_Rule>\r\n\r\n<Set_Local_Date__mm_dd_></Set_Local_Date__mm_dd_>\r\n<Set_Local_Time__HH_mm_></Set_Local_Time__HH_mm_>\r\n<Time_Zone>GMT+01:00</Time_Zone>\r\n<Time_Offset__HH_mm_></Time_Offset__HH_mm_>\r\n<Daylight_Saving_Time_Rule>start=3/-1/7/2;end=10/-1/7/3;save=1;</Daylight_Saving_Time_Rule>\r\n<Daylight_Saving_Time_Enable>Yes</Daylight_Saving_Time_Enable>\r\n<DTMF_Playback_Level>-16</DTMF_Playback_Level>\r\n<DTMF_Playback_Length>.1</DTMF_Playback_Length>\r\n<Inband_DTMF_Boost>12dB</Inband_DTMF_Boost>\r\n<DTMF_Tx_Method_1_>AVT</DTMF_Tx_Method_1_>\r\n<Default_Character_Encoding>UTF-8</Default_Character_Encoding>\r\n\r\n<Primary_NTP_Server>es.pool.ntp.org</Primary_NTP_Server>\r\n\r\n<?php\r\necho \"<Dictionary_Server_Script>serv=https://\" . $_SERVER[\'SERVER_NAME\'] . \":2443/terminals/ciscolang/\";\r\n\r\npreg_match(\"/-([0-9\\.]*).*[\\s,]+/\", $_SERVER[\'HTTP_USER_AGENT\'], $firmware);\r\nif(array_key_exists(\"1\", $firmware)){\r\n    switch($firmware[1]){\r\n        case \"7.5.1\": echo \";d0=English;x0=spa50x_30x_en_v751.xml;d1=Spanish;x1=spa50x_30x_es_v751.xml\"; break;\r\n        case \"7.5.2\": echo \";d0=English;x0=spa50x_30x_en_v751.xml;d1=Spanish;x1=spa50x_30x_es_v751.xml\"; break;\r\n        case \"7.5.3\": echo \";d0=English;x0=spa50x_30x_en_v753.xml;d1=Spanish;x1=spa50x_30x_es_v753.xml\"; break;\r\n        case \"7.5.4\": echo \";d0=English;x0=spa50x_30x_en_v754.xml;d1=Spanish;x1=spa50x_30x_es_v754.xml\"; break;\r\n        case \"7.5.5\": echo \";d0=English;x0=spa50x_30x_en_v755.xml;d1=Spanish;x1=spa50x_30x_es_v755.xml\"; break;\r\n        case \"7.5.6\": echo \";d0=English;x0=spa50x_30x_en_v756.xml;d1=Spanish;x1=spa50x_30x_es_v756.xml\"; break;\r\n        default:      echo \";d0=English;x0=spa50x_30x_en_v756.xml;d1=Spanish;x1=spa50x_30x_es_v756.xml\"; break;\r\n    }\r\n}\r\necho \"</Dictionary_Server_Script>\";\r\n?>\r\n\r\n</flat-profile>\r\n','<flat-profile>\r\n\r\n<User_ID_1_><?php echo $this->terminal->getName(); ?></User_ID_1_>\r\n<Password_1_><?php echo $this->terminal->getPassword(); ?></Password_1_>\r\n<Use_Auth_ID_1_>No</Use_Auth_ID_1_>\r\n<Auth_ID_1_><?php echo $this->terminal->getName(); ?></Auth_ID_1_>\r\n<Short_Name_1_><?php echo $this->user->getName(); ?></Short_Name_1_>\r\n<Short_Name_2_><?php echo $this->user->getName(); ?></Short_Name_2_>\r\n<Short_Name_3_><?php echo $this->user->getName(); ?></Short_Name_3_>\r\n<Short_Name_4_><?php echo $this->user->getName(); ?></Short_Name_4_>\r\n<Short_Name_5_><?php echo $this->user->getName(); ?></Short_Name_5_>\r\n<Short_Name_6_><?php echo $this->user->getName(); ?></Short_Name_6_>\r\n<Short_Name_7_><?php echo $this->user->getName(); ?></Short_Name_7_>\r\n<Short_Name_8_><?php echo $this->user->getName(); ?></Short_Name_8_>\r\n<Station_Name><?php echo \"Ext: \" .  $this->user->getExtension()->getNumber(); ?></Station_Name>\r\n<Proxy_1_><?php echo $this->company->getDomainUsers(); ?>:5060</Proxy_1_>\r\n\r\n<Language_Selection><?php echo $this->user->getLanguage()->getName(\"en\"); ?></Language_Selection>\r\n\r\n<Resync_Periodic></Resync_Periodic>\r\n<Resync_At__HHmm_>0300</Resync_At__HHmm_>\r\n\r\n</flat-profile>\r\n','spa509G.cfg','{mac}'),(8,'SPA525G2','SPA525G2','',3,'<flat-profile>\r\n\r\n<Provision_Enable>Yes</Provision_Enable>\r\n<Resync_On_Reset>Yes</Resync_On_Reset>\r\n<Resync_Random_Delay>2</Resync_Random_Delay>\r\n<Resync_Periodic>30</Resync_Periodic>\r\n<Resync_Error_Retry_Delay>4000</Resync_Error_Retry_Delay>\r\n<Forced_Resync_Delay>14400</Forced_Resync_Delay>\r\n<Resync_From_SIP>Yes</Resync_From_SIP>\r\n<Resync_After_Upgrade_Attempt>Yes</Resync_After_Upgrade_Attempt>\r\n<Resync_Trigger_1></Resync_Trigger_1>\r\n<Resync_Trigger_2></Resync_Trigger_2>\r\n<Resync_Fails_On_FNF>Yes</Resync_Fails_On_FNF>\r\n<SPCP_Auto-detect>No</SPCP_Auto-detect>\r\n\r\n<Profile_Rule>https://<?php echo $_SERVER[\'SERVER_NAME\']; ?>:2443/provision/spa525g2/$MA.cfg</Profile_Rule>\r\n\r\n<Set_Local_Date__mm_dd_></Set_Local_Date__mm_dd_>\r\n<Set_Local_Time__HH_mm_></Set_Local_Time__HH_mm_>\r\n<Time_Zone>GMT+01:00</Time_Zone>\r\n<Time_Offset__HH_mm_></Time_Offset__HH_mm_>\r\n<Daylight_Saving_Time_Rule>start=3/-1/7/2;end=10/-1/7/3;save=1;</Daylight_Saving_Time_Rule>\r\n<Daylight_Saving_Time_Enable>Yes</Daylight_Saving_Time_Enable>\r\n<DTMF_Playback_Level>-16</DTMF_Playback_Level>\r\n<DTMF_Playback_Length>.1</DTMF_Playback_Length>\r\n<Inband_DTMF_Boost>12dB</Inband_DTMF_Boost>\r\n<DTMF_Tx_Method_1_>AVT</DTMF_Tx_Method_1_>\r\n<Default_Character_Encoding>UTF-8</Default_Character_Encoding>\r\n\r\n<Primary_NTP_Server>es.pool.ntp.org</Primary_NTP_Server>\r\n\r\n<?php\r\necho \"<Dictionary_Server_Script>serv=https://\" . $_SERVER[\'SERVER_NAME\'] . \":2443/terminals/ciscolang/\";\r\n\r\npreg_match(\"/-([0-9\\.]*).*[\\s,]+/\", $_SERVER[\'HTTP_USER_AGENT\'], $firmware);\r\nif(array_key_exists(\"1\", $firmware)){\r\n    switch($firmware[1]){\r\n        case \"7.5.1\": echo \";d0=English;x0=spa525_en_v751.xml;d1=Spanish;x1=spa525_es_v751.xml\"; break;\r\n        case \"7.5.2\": echo \";d0=English;x0=spa525_en_v751.xml;d1=Spanish;x1=spa525_es_v751.xml\"; break;\r\n        case \"7.5.3\": echo \";d0=English;x0=spa525_en_v753.xml;d1=Spanish;x1=spa525_es_v753.xml\"; break;\r\n        case \"7.5.4\": echo \";d0=English;x0=spa525_en_v754.xml;d1=Spanish;x1=spa525_es_v754.xml\"; break;\r\n        case \"7.5.5\": echo \";d0=English;x0=spa525_en_v755.xml;d1=Spanish;x1=spa525_es_v755.xml\"; break;\r\n        case \"7.5.6\": echo \";d0=English;x0=spa525_en_v756.xml;d1=Spanish;x1=spa525_es_v756.xml\"; break;\r\n        default:      echo \";d0=English;x0=spa525_en_v756.xml;d1=Spanish;x1=spa525_es_v756.xml\"; break;\r\n    }\r\n}\r\necho \"</Dictionary_Server_Script>\";\r\n?>\r\n\r\n</flat-profile>\r\n','<flat-profile>\r\n\r\n<User_ID_1_><?php echo $this->terminal->getName(); ?></User_ID_1_>\r\n<Password_1_><?php echo $this->terminal->getPassword(); ?></Password_1_>\r\n<Use_Auth_ID_1_>No</Use_Auth_ID_1_>\r\n<Auth_ID_1_><?php echo $this->terminal->getName(); ?></Auth_ID_1_>\r\n<Short_Name_1_><?php echo $this->user->getName(); ?></Short_Name_1_>\r\n<Short_Name_2_><?php echo $this->user->getName(); ?></Short_Name_2_>\r\n<Short_Name_3_><?php echo $this->user->getName(); ?></Short_Name_3_>\r\n<Short_Name_4_><?php echo $this->user->getName(); ?></Short_Name_4_>\r\n<Station_Name><?php echo \"Ext: \" .  $this->user->getExtension()->getNumber(); ?></Station_Name>\r\n<Proxy_1_><?php echo $this->company->getDomainUsers(); ?>:5060</Proxy_1_>\r\n\r\n<Language_Selection><?php echo $this->user->getLanguage()->getName(\"en\"); ?></Language_Selection>\r\n\r\n<Resync_Periodic></Resync_Periodic>\r\n<Resync_At__HHmm_>0300</Resync_At__HHmm_>\r\n\r\n</flat-profile>\r\n','spa525G2.cfg','{mac}'),(9,'SPA514G','SPA514G','',3,'<flat-profile>\r\n\r\n<Provision_Enable>Yes</Provision_Enable>\r\n<Resync_On_Reset>Yes</Resync_On_Reset>\r\n<Resync_Random_Delay>2</Resync_Random_Delay>\r\n<Resync_Periodic>30</Resync_Periodic>\r\n<Resync_Error_Retry_Delay>4000</Resync_Error_Retry_Delay>\r\n<Forced_Resync_Delay>14400</Forced_Resync_Delay>\r\n<Resync_From_SIP>Yes</Resync_From_SIP>\r\n<Resync_After_Upgrade_Attempt>Yes</Resync_After_Upgrade_Attempt>\r\n<Resync_Trigger_1></Resync_Trigger_1>\r\n<Resync_Trigger_2></Resync_Trigger_2>\r\n<Resync_Fails_On_FNF>Yes</Resync_Fails_On_FNF>\r\n<SPCP_Auto-detect>No</SPCP_Auto-detect>\r\n\r\n<Profile_Rule>https://<?php echo $_SERVER[\'SERVER_NAME\']; ?>:2443/provision/spa514g/$MA.cfg</Profile_Rule>\r\n\r\n<Set_Local_Date__mm_dd_></Set_Local_Date__mm_dd_>\r\n<Set_Local_Time__HH_mm_></Set_Local_Time__HH_mm_>\r\n<Time_Zone>GMT+01:00</Time_Zone>\r\n<Time_Offset__HH_mm_></Time_Offset__HH_mm_>\r\n<Daylight_Saving_Time_Rule>start=3/-1/7/2;end=10/-1/7/3;save=1;</Daylight_Saving_Time_Rule>\r\n<Daylight_Saving_Time_Enable>Yes</Daylight_Saving_Time_Enable>\r\n<DTMF_Playback_Level>-16</DTMF_Playback_Level>\r\n<DTMF_Playback_Length>.1</DTMF_Playback_Length>\r\n<Inband_DTMF_Boost>12dB</Inband_DTMF_Boost>\r\n<DTMF_Tx_Method_1_>AVT</DTMF_Tx_Method_1_>\r\n<Default_Character_Encoding>UTF-8</Default_Character_Encoding>\r\n\r\n<Primary_NTP_Server>es.pool.ntp.org</Primary_NTP_Server>\r\n\r\n<?php\r\necho \"<Dictionary_Server_Script>serv=https://\" . $_SERVER[\'SERVER_NAME\'] . \":2443/terminals/ciscolang/\";\r\n\r\npreg_match(\"/-([0-9\\.]*).*[\\s,]+/\", $_SERVER[\'HTTP_USER_AGENT\'], $firmware);\r\nif(array_key_exists(\"1\", $firmware)){\r\n    switch($firmware[1]){\r\n        case \"7.5.1\": echo \";d0=English;x0=spa50x_30x_en_v751.xml;d1=Spanish;x1=spa50x_30x_es_v751.xml\"; break;\r\n        case \"7.5.2\": echo \";d0=English;x0=spa50x_30x_en_v751.xml;d1=Spanish;x1=spa50x_30x_es_v751.xml\"; break;\r\n        case \"7.5.3\": echo \";d0=English;x0=spa50x_30x_en_v753.xml;d1=Spanish;x1=spa50x_30x_es_v753.xml\"; break;\r\n        case \"7.5.4\": echo \";d0=English;x0=spa50x_30x_en_v754.xml;d1=Spanish;x1=spa50x_30x_es_v754.xml\"; break;\r\n        case \"7.5.5\": echo \";d0=English;x0=spa50x_30x_en_v755.xml;d1=Spanish;x1=spa50x_30x_es_v755.xml\"; break;\r\n        case \"7.5.6\": echo \";d0=English;x0=spa50x_30x_en_v756.xml;d1=Spanish;x1=spa50x_30x_es_v756.xml\"; break;\r\n        default:      echo \";d0=English;x0=spa50x_30x_en_v756.xml;d1=Spanish;x1=spa50x_30x_es_v756.xml\"; break;\r\n    }\r\n}\r\necho \"</Dictionary_Server_Script>\";\r\n?>\r\n\r\n</flat-profile>\r\n','<flat-profile>\r\n\r\n<User_ID_1_><?php echo $this->terminal->getName(); ?></User_ID_1_>\r\n<Password_1_><?php echo $this->terminal->getPassword(); ?></Password_1_>\r\n<Use_Auth_ID_1_>No</Use_Auth_ID_1_>\r\n<Auth_ID_1_><?php echo $this->terminal->getName(); ?></Auth_ID_1_>\r\n<Short_Name_1_><?php echo $this->user->getName(); ?></Short_Name_1_>\r\n<Short_Name_2_><?php echo $this->user->getName(); ?></Short_Name_2_>\r\n<Short_Name_3_><?php echo $this->user->getName(); ?></Short_Name_3_>\r\n<Short_Name_4_><?php echo $this->user->getName(); ?></Short_Name_4_>\r\n<Station_Name><?php echo \"Ext: \" .  $this->user->getExtension()->getNumber(); ?></Station_Name>\r\n<Proxy_1_><?php echo $this->company->getDomainUsers(); ?>:5060</Proxy_1_>\r\n\r\n<Language_Selection><?php echo $this->user->getLanguage()->getName(\"en\"); ?></Language_Selection>\r\n\r\n<Resync_Periodic></Resync_Periodic>\r\n<Resync_At__HHmm_>0300</Resync_At__HHmm_>\r\n\r\n</flat-profile>\r\n','spa514G.cfg','{mac}'),(10,'794X','794X','',3,'','','','{mac}'),(11,'YealinkT46G','YealinkT46G','',2,'#!version:1.0.0.1\r\naccount.1.enable = 1 \r\naccount.1.label = Line\r\n\r\nauto_provision.mode = 6\r\nauto_provision.schedule.periodic_minute = 1\r\nauto_provision.server.url = https://provision-yealink.tedra.es:1443/provision/t46\r\nauto_provision.dhcp_option.enable = 0\r\nauto_provision.pnp_enable = 0\r\n\r\nlocal_time.time_zone = +1\r\nlocal_time.ntp_server1 = es.pool.ntp.org\r\nlocal_time.ntp_server2 = \r\nlocal_time.interval = 1000\r\nlocal_time.summer_time = 2\r\nlocal_time.start_time = 1/1/0\r\nlocal_time.end_time = 12/31/23\r\n\r\nsecurity.trust_certificates = 0\r\n','#!version:1.0.0.1\r\naccount.1.user_name = <?php echo $this->terminal->getName(); ?>\r\n\r\naccount.1.auth_name = <?php echo $this->terminal->getName(); ?> \r\naccount.1.password = <?php echo $this->terminal->getPassword(); ?> \r\naccount.1.display_name = <?php echo $this->user->getName(); ?>\r\n \r\naccount.1.sip_server_host = <?php echo $this->company->getDomainUsers(); ?>\r\n\r\naccount.1.label = <?php echo $this->user->getName(); ?> \r\naccount.1.sip_server_port = 5060\r\n\r\nlang.gui = <?php echo $this->user->getLanguage()->getName(\"en\"); ?> \r\nlang.wui = <?php echo $this->user->getLanguage()->getName(\"en\"); ?>\r\n','y000000000028.cfg','{mac}.cfg'),(12,'YealinkT48G','YealinkT48G','',2,'#!version:1.0.0.1\r\naccount.1.enable = 1\r\naccount.1.label = Line\r\n\r\nauto_provision.mode = 6\r\nauto_provision.schedule.periodic_minute = 1\r\nauto_provision.server.url = https://<?php echo $_SERVER[\'SERVER_NAME\'] ?>:1443/provision/t48\r\nauto_provision.dhcp_option.enable = 0\r\nauto_provision.pnp_enable = 0\r\n\r\nlocal_time.time_zone = +1\r\nlocal_time.ntp_server1 = es.pool.ntp.org\r\nlocal_time.ntp_server2 =\r\nlocal_time.interval = 1000 \r\nlocal_time.summer_time = 2 \r\nlocal_time.start_time = 1/1/0 \r\nlocal_time.end_time = 12/31/23 \r\n\r\nsecurity.trust_certificates = 0\r\n','#!version:1.0.0.1\r\naccount.1.user_name = <?php echo $this->terminal->getName(); ?> \r\naccount.1.auth_name = <?php echo $this->terminal->getName(); ?> \r\naccount.1.password = <?php echo $this->terminal->getPassword(); ?> \r\naccount.1.display_name = <?php echo $this->user->getName(); ?> \r\naccount.1.label = <?php echo $this->user->getName(); ?> \r\naccount.1.sip_server_host = <?php echo $this->company->getDomainUsers(); ?> \r\naccount.1.sip_server_port = 5060 \r\n\r\nlang.gui = <?php echo $this->user->getLanguage()->getName(\"en\"); ?> \r\nlang.wui = <?php echo $this->user->getLanguage()->getName(\"en\"); ?> \r\n','y000000000035.cfg','{mac}.cfg'),(13,'YealinkT23P','YealinkT23P','',2,'#!version:1.0.0.1\r\naccount.1.enable = 1\r\naccount.1.label = Line\r\n\r\nauto_provision.mode = 6\r\nauto_provision.schedule.periodic_minute = 1\r\nauto_provision.server.url = https://<?php echo $_SERVER[\'SERVER_NAME\'] ?>:1443/provision/t23\r\nauto_provision.dhcp_option.enable = 0\r\nauto_provision.pnp_enable = 0\r\n\r\nlocal_time.time_zone = +1\r\nlocal_time.ntp_server1 = es.pool.ntp.org\r\nlocal_time.ntp_server2 =\r\nlocal_time.interval = 1000 \r\nlocal_time.summer_time = 2 \r\nlocal_time.start_time = 1/1/0 \r\nlocal_time.end_time = 12/31/23 \r\n\r\nsecurity.trust_certificates = 0\r\n','#!version:1.0.0.1\r\naccount.1.user_name = <?php echo $this->terminal->getName(); ?> \r\naccount.1.auth_name = <?php echo $this->terminal->getName(); ?> \r\naccount.1.password = <?php echo $this->terminal->getPassword(); ?> \r\naccount.1.display_name = <?php echo $this->user->getName(); ?> \r\naccount.1.label = <?php echo $this->user->getName(); ?> \r\naccount.1.sip_server_host = <?php echo $this->company->getDomainUsers(); ?> \r\naccount.1.sip_server_port = 5060 \r\n\r\nlang.gui = <?php echo $this->user->getLanguage()->getName(\"en\"); ?> \r\nlang.wui = <?php echo $this->user->getLanguage()->getName(\"en\"); ?>\r\n','y000000000044.cfg','{mac}.cfg'),(14,'YealinkW5XP','Yealink W5XP','',2,'#!version:1.0.0.1\r\naccount.1.enable = 1 \r\naccount.1.label = Line \r\n\r\nauto_provision.mode = 6 \r\nauto_provision.schedule.periodic_minute = 1 \r\nauto_provision.server.url = https://<?php echo $_SERVER[\'SERVER_NAME\'] ?>:1443/provision/w5x \r\nauto_provision.dhcp_option.enable = 0 \r\nauto_provision.pnp_enable = 0 \r\n\r\nlocal_time.time_zone = +1 \r\nlocal_time.ntp_server1 = es.pool.ntp.org \r\nlocal_time.ntp_server2 = \r\nlocal_time.interval = 1000 \r\nlocal_time.summer_time = 2 \r\nlocal_time.start_time = 1/1/0 \r\nlocal_time.end_time = 12/31/23 \r\n\r\nsecurity.trust_certificates = 0 \r\n','#!version:1.0.0.1\r\naccount.1.enable = 1\r\naccount.1.user_name = <?php echo $this->terminal->getName(); ?> \r\naccount.1.auth_name = <?php echo $this->terminal->getName(); ?> \r\naccount.1.password = <?php echo $this->terminal->getPassword(); ?> \r\naccount.1.display_name = <?php echo $this->user->getName(); ?> \r\naccount.1.label = <?php echo $this->user->getName(); ?> \r\naccount.1.sip_server_host = <?php echo $this->company->getDomainUsers(); ?> \r\naccount.1.sip_server_port = 5060 \r\n\r\nlang.gui = <?php echo $this->user->getLanguage()->getName(\"en\"); ?> \r\nlang.wui = <?php echo $this->user->getLanguage()->getName(\"en\"); ?> \r\n','y000000000025.cfg','{mac}.cfg'),(15,'YealinkCP860','YealinkCP860','',2,'#!version:1.0.0.1\r\naccount.1.enable = 1 \r\naccount.1.label = Line \r\n\r\nauto_provision.mode = 6 \r\nauto_provision.schedule.periodic_minute = 1 \r\nauto_provision.server.url = https://<?php echo $_SERVER[\'SERVER_NAME\'] ?>:1443/provision/cp860 \r\nauto_provision.dhcp_option.enable = 0 \r\nauto_provision.pnp_enable = 0 \r\n\r\nlocal_time.time_zone = +1 \r\nlocal_time.ntp_server1 = es.pool.ntp.org \r\nlocal_time.ntp_server2 = \r\nlocal_time.interval = 1000 \r\nlocal_time.summer_time = 2 \r\nlocal_time.start_time = 1/1/0 \r\nlocal_time.end_time = 12/31/23 \r\n\r\nsecurity.trust_certificates = 0 \r\n','#!version:1.0.0.1\r\naccount.1.user_name = <?php echo $this->terminal->getName(); ?> \r\naccount.1.auth_name = <?php echo $this->terminal->getName(); ?> \r\naccount.1.password = <?php echo $this->terminal->getPassword(); ?> \r\naccount.1.display_name = <?php echo $this->user->getName(); ?> \r\naccount.1.label = <?php echo $this->user->getName(); ?> \r\naccount.1.sip_server_host = <?php echo $this->company->getDomainUsers(); ?> \r\naccount.1.sip_server_port = 5060 \r\n\r\nlang.gui = <?php echo $this->user->getLanguage()->getName(\"en\"); ?> \r\nlang.wui = <?php echo $this->user->getLanguage()->getName(\"en\"); ?> \r\n','y000000000037.cfg','{mac}.cfg');
/*!40000 ALTER TABLE `TerminalModels` ENABLE KEYS */;
UNLOCK TABLES;

--
-- Table structure for table `Terminals`
--

DROP TABLE IF EXISTS `Terminals`;
/*!40101 SET @saved_cs_client     = @@character_set_client */;
/*!40101 SET character_set_client = utf8 */;
CREATE TABLE `Terminals` (
  `id` int(10) unsigned NOT NULL AUTO_INCREMENT,
  `TerminalModelId` int(10) unsigned DEFAULT NULL,
  `name` varchar(100) DEFAULT NULL,
  `domain` varchar(190) DEFAULT NULL,
  `disallow` varchar(200) NOT NULL DEFAULT 'all',
  `allow_audio` varchar(200) NOT NULL DEFAULT 'alaw',
  `allow_video` varchar(200) DEFAULT NULL,
  `direct_media_method` enum('invite','reinvite','update') NOT NULL DEFAULT 'update' COMMENT '[enum:update|invite|reinvite]',
  `password` varchar(25) NOT NULL DEFAULT '' COMMENT '[password]',
  `companyId` int(10) unsigned NOT NULL,
  `mac` varchar(12) DEFAULT NULL,
  `lastProvisionDate` timestamp NULL DEFAULT NULL,
  PRIMARY KEY (`id`),
  UNIQUE KEY `name_domain` (`name`,`domain`),
  KEY `TerminalModelId` (`TerminalModelId`),
  KEY `Terminals_CompanyId_ibfk_2` (`companyId`),
  CONSTRAINT `Terminals_CompanyId_ibfk_2` FOREIGN KEY (`companyId`) REFERENCES `Companies` (`id`) ON DELETE CASCADE,
  CONSTRAINT `Terminals_ibfk_1` FOREIGN KEY (`TerminalModelId`) REFERENCES `TerminalModels` (`id`) ON DELETE SET NULL
) ENGINE=InnoDB AUTO_INCREMENT=368 DEFAULT CHARSET=utf8 COMMENT='[entity][rest]';
/*!40101 SET character_set_client = @saved_cs_client */;

--
-- Dumping data for table `Terminals`
--

LOCK TABLES `Terminals` WRITE;
/*!40000 ALTER TABLE `Terminals` DISABLE KEYS */;
INSERT INTO `Terminals` VALUES (13,2,'Rafa','agronovo-voz.tedra.es','all','alaw',NULL,'invite','OZslU6i89>',5,'001565a54990','2017-10-24 16:07:12'),(14,2,'Xisela','agronovo-voz.tedra.es','all','alaw',NULL,'invite','IKxBkr87&1',5,'001565a5498c','2017-10-24 16:08:11'),(19,2,'Luisa','agronovo-voz.tedra.es','all','alaw',NULL,'invite','TNet$n052J',5,'001565a54ceb','2017-10-24 16:05:10'),(22,2,'Suso','agronovo-voz.tedra.es','all','alaw',NULL,'invite','lJvBH^9s42',5,'001565a54d30','2017-10-24 16:08:10'),(23,2,'Javier','agronovo-voz.tedra.es','all','alaw',NULL,'invite','xHKqW210t$',5,'001565a54962','2017-10-24 16:07:12'),(31,1,'ChristianGarcia','tedra-voz.tedra.es','all','alaw',NULL,'update','P7ZXdty81)',6,'',NULL),(36,6,'BloombergGestion','profit-voz.tedra.es','all','alaw',NULL,'update','9w(3sGk7AU',7,'84802d41db78','2017-10-24 01:02:07'),(37,6,'Yolanda','profit-voz.tedra.es','all','alaw',NULL,'update','8>rqCKRg36',7,'84802d41db14','2017-10-24 01:08:33'),(38,8,'Jaime','profit-voz.tedra.es','all','alaw',NULL,'update','4lKqqM0O8%',7,'d0d0fde9643a','2017-10-24 01:03:34'),(39,7,'Susana','profit-voz.tedra.es','all','alaw',NULL,'update','LUm61Sk7f^',7,'84802d40fe29','2017-10-24 01:08:58'),(40,7,'Mangeles','profit-voz.tedra.es','all','alaw',NULL,'update','dKHjLm555*',7,'84802d40fe3d','2017-10-24 01:04:18'),(42,1,'CBT132300M9','irontec-tedra.irontec.com','all','alaw',NULL,'update','OOUf0lr58+',3,'',NULL),(43,1,'dect1','irontec-tedra.irontec.com','all','alaw',NULL,'invite','MIWbt&u308',3,'',NULL),(44,2,'ChristianNautico','tedra-voz.tedra.es','all','alaw',NULL,'invite','JCzOk3x@35',6,'0015659c0637','2017-10-24 16:07:24'),(45,1,'dect2','irontec-tedra.irontec.com','all','alaw',NULL,'update','KRUw2at3@4',3,'',NULL),(47,6,'SalaPequena','profit-voz.tedra.es','all','alaw',NULL,'update','kCLY9zt33#',7,'84802d41dafb','2017-02-14 02:00:38'),(48,6,'SalaGrande','profit-voz.tedra.es','all','alaw',NULL,'update','ZpZdr6F4)1',7,'84802d41db08','2017-10-24 01:02:34'),(49,6,'Esther','profit-voz.tedra.es','all','alaw',NULL,'update','JHuQcq57!6',7,'84802d41db0f','2017-10-24 01:08:01'),(50,6,'Miguel','profit-voz.tedra.es','all','alaw',NULL,'update','dUCM!sl500',7,'84802d41dad6','2017-10-24 01:05:55'),(51,6,'Gabriel','profit-voz.tedra.es','all','alaw',NULL,'update','YUXht5z*74',7,'84802d41dafc','2017-10-24 01:05:03'),(52,6,'JLG','profit-voz.tedra.es','all','alaw',NULL,'update','wOTgw8H+45',7,'84802d41dae5','2017-10-24 01:07:53'),(53,6,'JCC','profit-voz.tedra.es','all','alaw',NULL,'update','Ovi62uY5L(',7,'84802d41db60','2017-10-24 01:02:02'),(54,6,'JLC','profit-voz.tedra.es','all','alaw',NULL,'update','DRYxjx354&',7,'84802d41dae3','2017-10-24 01:03:38'),(55,1,'Inalambrico','profit-voz.tedra.es','all','alaw',NULL,'update','RNMpsq458-',7,'',NULL),(56,1,'JoseBria','tedra-voz.tedra.es','all','alaw',NULL,'update','VFBzz7p)02',6,'',NULL),(57,1,'TESTAlvarez','alvarez-voz.tedra.es','all','alaw',NULL,'update','MULdsp755&',9,'',NULL),(58,6,'Recepcion','alvarez-voz.tedra.es','all','alaw',NULL,'update','PFIkoi094*',9,'58bfea108e49','2017-10-24 01:06:05'),(59,3,'Administracion','alvarez-voz.tedra.es','all','alaw',NULL,'update','AgjL6L81+r',9,'649ef375e5cb','2017-10-24 01:01:40'),(60,6,'Despacho','alvarez-voz.tedra.es','all','alaw',NULL,'update','TBRqzk665@',9,'58bfea108d34','2017-10-24 01:08:44'),(61,6,'SEC','alvarez-voz.tedra.es','all','alaw',NULL,'update','VXYhna066#',9,'a44c119f030f','2017-10-24 01:03:17'),(62,1,'Consulta2','alvarez-voz.tedra.es','all','alaw',NULL,'update','SP7N7zgq^2',9,'',NULL),(69,1,'ChristianBria','tedra-voz.tedra.es','all','alaw',NULL,'update','YWOgf69k#6',6,'',NULL),(70,9,'ELAB1','novaquality-voz.mgiconsultores.com','all','alaw',NULL,'update','ZF7Obwd4>8',10,'10bd18afeef8','2017-10-24 01:00:55'),(71,7,'Recepcion','novaquality-voz.mgiconsultores.com','all','alaw',NULL,'update','bXSQcu7+27',10,'188b452ddac4','2017-10-24 01:01:46'),(72,9,'Administracion','novaquality-voz.mgiconsultores.com','all','alaw',NULL,'update','tcCTV890d>',10,'10bd18afeef9','2017-10-24 08:28:20'),(73,9,'DptoTecnico','novaquality-voz.mgiconsultores.com','all','alaw',NULL,'update','TKHqo182l>',10,'10bd18afef21','2017-10-24 01:08:09'),(74,9,'Emailing','novaquality-voz.mgiconsultores.com','all','alaw',NULL,'update','SzMC6xo*63',10,'10bd18afef27','2017-10-24 01:08:30'),(75,9,'RocioVicente','novaquality-voz.mgiconsultores.com','all','alaw',NULL,'update','NOj4Iz3x6-',10,'10bd18afef45','2017-10-24 01:05:38'),(76,9,'RRHH','novaquality-voz.mgiconsultores.com','all','alaw',NULL,'update','N9KguPj67$',10,'10bd18aff1d9','2017-10-24 01:05:37'),(77,9,'ELAB11','novaquality-voz.mgiconsultores.com','all','alaw',NULL,'update','BrzF2fM16>',10,'10bd18aff1e5','2017-10-24 01:03:49'),(78,9,'SalaFormacion','novaquality-voz.mgiconsultores.com','all','alaw',NULL,'update','KJm4Ep6c-4',10,'10bd18afefaa','2017-10-24 01:00:31'),(79,9,'PedroHerrera','novaquality-voz.mgiconsultores.com','all','alaw',NULL,'update','HTKnx89g3>',10,'10bd18aff1bd','2017-10-24 01:08:29'),(80,9,'SalaReuniones','novaquality-voz.mgiconsultores.com','all','alaw',NULL,'update','UNik0G0s%8',10,'10bd18aff1d7','2017-10-24 01:03:03'),(81,9,'ELAB2','novaquality-voz.mgiconsultores.com','all','alaw',NULL,'update','HHmFxl825!',10,'10bd18afef2a','2017-10-24 01:04:40'),(82,9,'ELAB3','novaquality-voz.mgiconsultores.com','all','alaw',NULL,'update','FMNry6d01(',10,'10bd18afef2b','2017-10-24 01:06:40'),(83,9,'ELAB4','novaquality-voz.mgiconsultores.com','all','alaw',NULL,'update','RWXqbl653!',10,'10bd18afef3b','2017-10-24 01:06:01'),(84,9,'ELAB5','novaquality-voz.mgiconsultores.com','all','alaw',NULL,'update','VZR(sz6j53',10,'10bd18afef3f','2017-10-24 01:04:00'),(85,9,'ELAB6','novaquality-voz.mgiconsultores.com','all','alaw',NULL,'update','SVUmrs793^',10,'10bd18afef4f','2017-10-24 01:05:57'),(86,9,'ELAB7','novaquality-voz.mgiconsultores.com','all','alaw',NULL,'update','mvJIC0f1+1',10,'10bd18afef55','2017-10-24 01:08:09'),(87,9,'ELAB8','novaquality-voz.mgiconsultores.com','all','alaw',NULL,'update','mv0mAU9-O1',10,'10bd18afef58','2017-10-24 01:01:02'),(88,9,'ELAB9','novaquality-voz.mgiconsultores.com','all','alaw',NULL,'update','dLxGkP627*',10,'10bd18b05242','2017-10-24 01:01:31'),(89,9,'ELAB10','novaquality-voz.mgiconsultores.com','all','alaw',NULL,'update','HwOQ@f780z',10,'10bd18afef9e','2017-10-24 01:07:29'),(90,8,'administrationalt','altamar-voz.tedra.es','all','alaw',NULL,'update','VBPhw30t6!',8,'547c69430dcc','2017-10-24 01:04:59'),(93,8,'harveylambertterminal','altamar-voz.tedra.es','all','alaw',NULL,'update','YNZc8jr73@',8,'547c69430dca','2017-08-30 01:07:59'),(94,8,'hectormorenoterminal','altamar-voz.tedra.es','all','alaw',NULL,'update','FDmhmS662^',8,'547c69430e04','2017-10-24 01:08:53'),(95,8,'rocioheresterminal','altamar-voz.tedra.es','all','alaw',NULL,'update','GIDk+w6v27',8,'547c69430d5e','2017-10-24 01:05:59'),(96,1,'ip5000ny01','altamar-voz.tedra.es','all','alaw',NULL,'invite','TmKsMg99&6',8,'',NULL),(97,6,'alvaromaestreterminal','altamar-voz.tedra.es','all','alaw',NULL,'update','QUe8Kc95m*',8,'9c57ad3f877d','2017-10-24 01:06:16'),(101,1,'temporal600','altamar-voz.tedra.es','all','alaw',NULL,'invite','IILs3vv06(',8,'',NULL),(102,6,'dereksnyderterminal','altamar-voz.tedra.es','all','alaw',NULL,'update','mEL3rYx82(',8,'9c57ad3ee501','2017-10-24 01:03:17'),(103,1,'MiguelBria','tedra-voz.tedra.es','all','alaw',NULL,'invite','ZwCP9ek02<',6,'',NULL),(105,6,'CBT141000PG','irontec-tedra.irontec.com','all','alaw',NULL,'update','UtGFb2x57^',3,'8843e157d817','2017-02-08 14:36:44'),(107,9,'ELAB12','novaquality-voz.mgiconsultores.com','all','alaw',NULL,'update','TdMgZs706#',10,'188b452c8d38','2017-10-24 01:09:00'),(108,14,'miguelcasa','miguelherrero-voz.tedra.es','all','alaw',NULL,'invite','PPRvf01x$6',12,'001565aed87c','2017-10-24 15:28:35'),(110,6,'pbellotterminal','altamar-voz.tedra.es','all','alaw',NULL,'update','JBtK1o79v^',8,'9c57ad3ef345','2017-10-24 01:06:02'),(111,8,'maguirreterminal','altamar-voz.tedra.es','all','alaw',NULL,'update','KDb3Nb8m6+',8,'1cdea766ffb0','2017-10-24 01:01:54'),(112,8,'ialvarezterminal','altamar-voz.tedra.es','all','alaw',NULL,'update','UA8xlDd8+9',8,'1c1d8603e38e','2017-10-24 01:01:23'),(113,8,'aldaraterminal','altamar-voz.tedra.es','all','alaw',NULL,'update','Dvo7AUh6-4',8,'1cdea7667002','2017-10-24 01:04:42'),(114,6,'ayrazustaterminal','altamar-voz.tedra.es','all','alaw',NULL,'update','UePzKx15*4',8,'5067aeecb7a8','2017-10-24 01:03:38'),(116,8,'agonzalezterminal','altamar-voz.tedra.es','all','alaw',NULL,'update','IhjRwP527)',8,'1cdea7677a34','2017-10-24 01:05:00'),(117,6,'adecosterminal','altamar-voz.tedra.es','all','alaw',NULL,'update','NnIfY4q8*4',8,'84802d41bac3','2017-10-24 01:05:08'),(119,6,'averdejoterminal','altamar-voz.tedra.es','all','alaw',NULL,'update','SUohI66z7%',8,'84802d41dff4','2017-10-24 01:00:36'),(120,8,'aguineaterminal','altamar-voz.tedra.es','all','alaw',NULL,'update','OStoEn32^2',8,'1c1d8603e106','2017-10-24 01:00:49'),(121,6,'avillalbaterminal','altamar-voz.tedra.es','all','alaw',NULL,'update','YGdOtp455%',8,'5067aeecbcbf','2017-10-24 01:01:16'),(122,6,'bpariasterminal','altamar-voz.tedra.es','all','alaw',NULL,'update','REeQ7y!w88',8,'84802d41e085','2017-10-24 01:08:18'),(123,6,'bmiguelromeroterminal','altamar-voz.tedra.es','all','alaw',NULL,'update','GnmDG*117r',8,'9c57ad3ef332','2017-10-24 01:01:07'),(124,6,'respinosaterminal','altamar-voz.tedra.es','all','alaw',NULL,'update','ZCjpKk6+58',8,'c4729566a69a','2017-10-24 01:02:58'),(125,6,'fnovilloterminal','altamar-voz.tedra.es','all','alaw',NULL,'update','VC72iPka)5',8,'c4729566a4c9','2017-10-24 01:02:08'),(126,6,'dcancellerterminal','altamar-voz.tedra.es','all','alaw',NULL,'update','KGZ0ba5e4&',8,'5067aeecbcd3','2017-10-24 01:07:42'),(127,7,'ecarballoterminal','altamar-voz.tedra.es','all','alaw',NULL,'update','TEjt0F7f0$',8,'5067aeed64f0','2017-10-24 01:09:35'),(128,6,'fgazituaterminal','altamar-voz.tedra.es','all','alaw',NULL,'update','yPLha0O8$9',8,'9c57ad3ef2f4','2017-10-24 01:05:37'),(129,6,'fecheverriaterminal','altamar-voz.tedra.es','all','alaw',NULL,'update','ASXzrn771(',8,'c4729566a4bc','2017-10-20 01:04:22'),(130,8,'gverderaterminal','altamar-voz.tedra.es','all','alaw',NULL,'update','AJePc66m0)',8,'1c1d8603e142','2017-10-24 01:05:23'),(131,6,'gaguirreterminal','altamar-voz.tedra.es','all','alaw',NULL,'update','FauKFs477*',8,'','2017-09-11 01:04:01'),(132,6,'ggomezterminal','altamar-voz.tedra.es','all','alaw',NULL,'update','YjJK2rn44%',8,'5067aeecbd06','2017-10-24 01:05:44'),(133,6,'hmauraterminal','altamar-voz.tedra.es','all','alaw',NULL,'update','XvYZnu164*',8,'84802d41bae1','2017-10-24 01:06:17'),(134,6,'isototerminal','altamar-voz.tedra.es','all','alaw',NULL,'update','DZLrh9u0!7',8,'9c57ad3ef36c','2017-10-24 01:07:53'),(135,8,'jfernandezterminal','altamar-voz.tedra.es','all','alaw',NULL,'update','ERUtnk+510',8,'1cdea767ac9a','2017-10-24 01:02:50'),(136,6,'jdemoragasterminal','altamar-voz.tedra.es','all','alaw',NULL,'update','mNTUd6u82@',8,'5067aeecbcf1','2017-10-24 01:05:58'),(137,6,'jipinaterminal','altamar-voz.tedra.es','all','alaw',NULL,'update','YYlc*e5H57',8,'5067aeecbe38','2017-10-24 01:01:02'),(138,8,'jdiazreganonterminal','altamar-voz.tedra.es','all','alaw',NULL,'update','UWpKg15x3+',8,'1cdea767782e','2017-10-24 01:00:39'),(142,7,'bsanzterminal','altamar-voz.tedra.es','all','alaw',NULL,'invite','UHUe(2qy34',8,'002584d8c54b','2017-10-24 01:09:11'),(143,8,'dhuidobroterminal','altamar-voz.tedra.es','all','alaw',NULL,'update','QqHM6xu*58',8,'405539a28024',NULL),(144,7,'izentenoterminal','altamar-voz.tedra.es','all','alaw',NULL,'update','WVJc5yp7@7',8,'5067aeedf772',NULL),(145,7,'jpainemanterminal','altamar-voz.tedra.es','all','alaw',NULL,'update','EALgd80v1<',8,'5067aeedf764',NULL),(146,6,'jbilbaoterminal','altamar-voz.tedra.es','all','alaw',NULL,'update','FZwbKh23_5',8,'9c57ad3ef360','2017-10-24 01:08:48'),(148,6,'jarenaterminal','altamar-voz.tedra.es','all','alaw',NULL,'update','LCArhw480^',8,'84802d40e20e','2017-10-24 01:00:33'),(149,8,'msilvestreterminal','altamar-voz.tedra.es','all','alaw',NULL,'update','QIjFb0+r58',8,'1cdea7677a3c','2017-10-24 01:07:58'),(150,6,'malvarezterminal','altamar-voz.tedra.es','all','alaw',NULL,'update','QRnFpe04@9',8,'9c57ad3ef36b','2017-10-24 11:09:34'),(151,6,'mdeestebanterminal','altamar-voz.tedra.es','all','alaw',NULL,'update','HEiUf85z8&',8,'9c57ad3ef373','2017-10-24 01:08:00'),(152,6,'mecheniqueterminal','altamar-voz.tedra.es','all','alaw',NULL,'update','EyfCAi42_9',8,'9c57ad3ee452','2017-10-24 01:04:17'),(153,6,'macampaterminal','altamar-voz.tedra.es','all','alaw',NULL,'update','AJS2dds37&',8,'9c57ad3ed875','2017-10-24 01:02:49'),(154,8,'mmartinezterminal','altamar-voz.tedra.es','all','alaw',NULL,'update','kSIEyh898>',8,'1cdea7677f1e','2017-10-24 01:03:38'),(155,6,'nhartterminal','altamar-voz.tedra.es','all','alaw',NULL,'update','vXC0gIn40@',8,'84802d41e0fa','2017-10-24 01:10:21'),(156,6,'tbenjumeaterminal','altamar-voz.tedra.es','all','alaw',NULL,'update','LgAS43n7@y',8,'84802d41b996','2017-10-24 01:08:16'),(157,7,'pdraketerminal','altamar-voz.tedra.es','all','alaw',NULL,'update','XQSb1b3m>3',8,'7081053e1b29','2017-10-24 01:02:31'),(158,8,'rfernandezterminal','altamar-voz.tedra.es','all','alaw',NULL,'update','gSUIq45l4&',8,'1cdea7677852','2017-10-24 01:01:16'),(159,8,'recheniqueterminal','altamar-voz.tedra.es','all','alaw',NULL,'update','pvVJNw427!',8,'1cdea7677a30','2017-10-24 01:08:26'),(160,6,'cmateosterminal','altamar-voz.tedra.es','all','alaw',NULL,'update','VCJxm63d9&',8,'84802d40e258','2017-10-24 01:08:02'),(161,7,'scuadrosterminal','altamar-voz.tedra.es','all','alaw',NULL,'update','QI2nN4ut3!',8,'e8edf36ad289','2017-10-24 01:02:41'),(162,6,'srepseterminal','altamar-voz.tedra.es','all','alaw',NULL,'update','LNPh5wp60(',8,'84802d41bb64','2017-10-24 01:04:39'),(163,6,'vdiazterminal','altamar-voz.tedra.es','all','alaw',NULL,'update','PRgBpr846&',8,'84802d41e090','2017-10-24 01:04:54'),(164,1,'sala2polycomterminal','altamar-voz.tedra.es','all','alaw',NULL,'invite','OXGrpy$482',8,'',NULL),(165,1,'sala4polycomterminal','altamar-voz.tedra.es','all','alaw',NULL,'invite','8QLMo4oz-5',8,'',NULL),(166,1,'sala5polycomterminal','altamar-voz.tedra.es','all','alaw',NULL,'invite','LyJU3-i27p',8,'',NULL),(167,1,'sala6polycomterminal','altamar-voz.tedra.es','all','alaw',NULL,'invite','BQio76nR*4',8,'',NULL),(168,1,'sala7polycomterminal','altamar-voz.tedra.es','all','alaw',NULL,'invite','JK^kZp83s5',8,'',NULL),(169,8,'idelamoraterminal','altamar-voz.tedra.es','all','alaw',NULL,'update','CXTmjp407-',8,'1cdea76779d4','2017-10-24 01:02:54'),(170,8,'msanzterminal','altamar-voz.tedra.es','all','alaw',NULL,'update','dD3UjI@5j1',8,'1cdea767762a','2017-10-24 01:01:50'),(171,10,'caguirreterminal','altamar-voz.tedra.es','all','alaw',NULL,'update','Gal1RF5r4%',8,'34bdc82c5c1a',NULL),(172,10,'mzuritaterminal','altamar-voz.tedra.es','all','alaw',NULL,'update','OHLn9ec24*',8,'34bdc82c5c62',NULL),(173,10,'jmolinaterminal','altamar-voz.tedra.es','all','alaw',NULL,'update','OoQKdo377!',8,'64d814a58bfc',NULL),(174,10,'pybarraterminal','altamar-voz.tedra.es','all','alaw',NULL,'update','KC76Qtm6m!',8,'0cd996906954',NULL),(175,10,'iandradeterminal','altamar-voz.tedra.es','all','alaw',NULL,'update','RLXlr117a(',8,'0cd996911408',NULL),(177,10,'iantonanzasterminal','altamar-voz.tedra.es','all','alaw',NULL,'update','KSOf(r0n93',8,'34bdc82c5e0c',NULL),(178,8,'rpelaezterminal','altamar-voz.tedra.es','all','alaw',NULL,'update','GeT8vmJ3)1',8,'1cdea7677a32','2017-10-24 01:01:18'),(179,10,'jepalzaterminal','altamar-voz.tedra.es','all','alaw',NULL,'update','iTc0ZF1g4#',8,'0cd99690c62a',NULL),(180,10,'folasoterminal','altamar-voz.tedra.es','all','alaw',NULL,'update','MLm7jWk27(',8,'0cd99690c204',NULL),(181,10,'fagrimiterminal','altamar-voz.tedra.es','all','alaw',NULL,'update','WjrP0D9o#2',8,'10bd18ddcd68',NULL),(182,10,'pgomezterminal','altamar-voz.tedra.es','all','alaw',NULL,'update','AONke67t2(',8,'001956596be4',NULL),(184,10,'mcorpaterminal','altamar-voz.tedra.es','all','alaw',NULL,'update','5BObDsm6-5',8,'001e4af37435',NULL),(186,10,'agallegoterminal','altamar-voz.tedra.es','all','alaw',NULL,'update','MXpwwU02*6',8,'001e135d5b8a',NULL),(187,10,'jvillenaterminal','altamar-voz.tedra.es','all','alaw',NULL,'update','GE9Xgon16(',8,'001da2f3cef4',NULL),(188,10,'cesproncedaterminal','altamar-voz.tedra.es','all','alaw',NULL,'update','kJA4gQw-87',8,'001d45e9114f',NULL),(189,10,'lsetienterminal','altamar-voz.tedra.es','all','alaw',NULL,'update','kDMqo4*47V',8,'001da2f3dacb',NULL),(190,10,'agarciamoralesterminal','altamar-voz.tedra.es','all','alaw',NULL,'update','YVrhL60i5#',8,'001956887763',NULL),(191,10,'jezcurdiaterminal','altamar-voz.tedra.es','all','alaw',NULL,'update','GmVh5V47o(',8,'00270dbf2b96',NULL),(192,10,'mdominguezterminal','altamar-voz.tedra.es','all','alaw',NULL,'update','KZxwOz252!',8,'0026994371e5',NULL),(193,10,'jlvicenteterminal','altamar-voz.tedra.es','all','alaw',NULL,'update','kEZUx6l73+',8,'00270dbf293b',NULL),(194,10,'mbarrionuevoterminal','altamar-voz.tedra.es','all','alaw',NULL,'update','BkWuS8k33)',8,'00195695e76a',NULL),(195,10,'aentrecanalesterminal','altamar-voz.tedra.es','all','alaw',NULL,'update','AiRUe74b(9',8,'001d45e924bd',NULL),(196,10,'vpenaterminal','altamar-voz.tedra.es','all','alaw',NULL,'update','rNIaP1p2-7',8,'001e135d5cad',NULL),(197,10,'jsimonterminal','altamar-voz.tedra.es','all','alaw',NULL,'update','ypLUB1>q44',8,'001e136bfa22',NULL),(198,10,'dvallortigaraterminal','altamar-voz.tedra.es','all','alaw',NULL,'update','CpRYt964+s',8,'001e136be4e2',NULL),(199,10,'mforjanterminal','altamar-voz.tedra.es','all','alaw',NULL,'update','CDjY3pk16+',8,'001d45e8abf8',NULL),(200,10,'cestebanterminal','altamar-voz.tedra.es','all','alaw',NULL,'update','1ZB72lAey@',8,'0019e728fcc3',NULL),(201,10,'cgarcialomasterminal','altamar-voz.tedra.es','all','alaw',NULL,'update','MXDcfc73^6',8,'0019e728fa8a',NULL),(202,10,'mherreroterminal','altamar-voz.tedra.es','all','alaw',NULL,'update','8KKcbx81M!',8,'0019e728fad5',NULL),(203,10,'esanchezterminal','altamar-voz.tedra.es','all','alaw',NULL,'update','wLGTn1i50@',8,'001b0cdb0e5a',NULL),(204,10,'mutreraterminal','altamar-voz.tedra.es','all','alaw',NULL,'update','DLGfh62l^2',8,'001b0cdb12c6',NULL),(205,8,'egonzalezterminal','altamar-voz.tedra.es','all','alaw',NULL,'update','PHXrzj+774',8,'1cdea76779d6','2017-10-24 01:00:36'),(206,10,'ealfonsoterminal','altamar-voz.tedra.es','all','alaw',NULL,'update','FaHm1gD3%8',8,'001e4af39288',NULL),(207,10,'ngarciaterminal','altamar-voz.tedra.es','all','alaw',NULL,'update','NuCH6rt97)',8,'001ef7c4c130',NULL),(208,11,'nhernandezterminal','altamar-voz.tedra.es','all','alaw',NULL,'invite','ANfrP4t92@',8,'001565aaaaab','2017-10-24 16:07:40'),(209,10,'pcedrumterminal','altamar-voz.tedra.es','all','alaw',NULL,'update','JXKwtd1#09',8,'001956886e98',NULL),(210,11,'anagonzalezterminal','altamar-voz.tedra.es','all','alaw',NULL,'invite','HWAv3hy8-2',8,'001565aaaac3','2017-10-24 16:07:37'),(213,7,'rgonzalezterminal','altamar-voz.tedra.es','all','alaw',NULL,'update','POfsdT178@',8,'e8edf36ad3d4','2017-10-24 01:04:02'),(215,6,'tmorenoterminal','altamar-voz.tedra.es','all','alaw',NULL,'update','SlVVt026b&',8,'5067aeecbce7','2017-10-24 01:10:03'),(216,6,'roriolterminal','altamar-voz.tedra.es','all','alaw',NULL,'update','MhO7Ytl$81',8,'84802d40e228','2017-10-24 01:03:56'),(217,10,'jjperezterminal','altamar-voz.tedra.es','all','alaw',NULL,'update','HGXbw7*21g',8,'001fca36c8e1',NULL),(218,6,'smenendezterminal','altamar-voz.tedra.es','all','alaw',NULL,'update','APk0yEd62>',8,'5067aeecb7ae','2017-10-24 01:08:59'),(219,1,'tedramigracion','altamar-voz.tedra.es','all','alaw',NULL,'invite','RzxXz59R)0',8,'',NULL),(221,14,'planta9cocinaterminal','altamar-voz.tedra.es','all','alaw',NULL,'invite','0RZGxsw70!',8,'001565b6f130','2017-10-24 15:20:34'),(224,6,'jrmorenoterminal','altamar-voz.tedra.es','all','alaw',NULL,'update','DKjqN86d(2',8,'381c1ab6b6d6',NULL),(225,1,'mcarbonellbria','altamar-voz.tedra.es','all','alaw',NULL,'invite','GZSn15ns3$',8,'',NULL),(226,6,'sala8terminal','altamar-voz.tedra.es','all','alaw',NULL,'update','SXAke422e*',8,'9c57ad3ef36f','2017-10-24 01:07:16'),(227,1,'usuario','irontec-tedra.irontec.com','all','alaw',NULL,'invite','zPM0yLk32&',3,'',NULL),(228,10,'salaaltanterminal','altamar-voz.tedra.es','all','alaw',NULL,'update','QVFpfl&093',8,'',NULL),(229,1,'001565A1C585','irontec-tedra.irontec.com','all','alaw',NULL,'invite','LSkE1xj9@0',3,'001565a1c585',NULL),(230,1,'galdanasala1','altamar-voz.tedra.es','all','alaw',NULL,'invite','MEWmj853*u',8,'',NULL),(231,1,'galdanasala2','altamar-voz.tedra.es','all','alaw',NULL,'invite','uCmBD2!j87',8,'',NULL),(233,6,'jgarciaterminal','altamar-voz.tedra.es','all','alaw',NULL,'update','iKY1dGk1&1',8,'84802d41b9ad','2017-10-24 01:06:12'),(234,6,'jfontaineterminal','altamar-voz.tedra.es','all','alaw',NULL,'update','UeOEx6o01$',8,'9c57ad3ef372','2017-10-24 01:08:48'),(235,8,'jmfernandezterminal','altamar-voz.tedra.es','all','alaw',NULL,'update','jOUVo0v60%',8,'1cdea7677a36','2017-10-24 01:00:52'),(236,1,'polycomconsejo','altamar-voz.tedra.es','all','alaw',NULL,'invite','DSkz3N9@c1',8,'',NULL),(237,5,'testt27','irontec-tedra.irontec.com','all','alaw',NULL,'invite','UmAK%l7u86',3,'aabbccddeeff','2017-02-09 15:28:47'),(240,6,'inversiones1','altamar-voz.tedra.es','all','alaw',NULL,'update','DXvlaN845$',8,'9c57ad3ef350','2017-07-14 01:07:16'),(241,10,'mronaterminal','altamar-voz.tedra.es','all','alaw',NULL,'update','VoWLb9i+30',8,'0cd99690c7ca',NULL),(242,12,'yealinkirontec','altamar-voz.tedra.es','all','alaw',NULL,'invite','MFBmu28s*4',8,'0015659b95b8','2017-04-10 09:56:04'),(243,1,'ciscoirontec','altamar-voz.tedra.es','all','alaw',NULL,'update','UVD2phk@88',8,'',NULL),(244,6,'fecheverriachileterminal','altamar-voz.tedra.es','all','alaw',NULL,'update','oQQXj72x_8',8,'381c1ab6b77f',NULL),(245,6,'salareunionchile','altamar-voz.tedra.es','all','alaw',NULL,'update','LKIk$po388',8,'381c1ab6b736',NULL),(246,6,'bibliotecachileterminal','altamar-voz.tedra.es','all','alaw',NULL,'update','HUipA0k25*',8,'381c1ab6b2c5',NULL),(247,6,'tguzmanchile','altamar-voz.tedra.es','all','alaw',NULL,'update','FNGfvd661)',8,'e02f6d62615',NULL),(249,1,'sala3polycomterminal','altamar-voz.tedra.es','all','alaw',NULL,'invite','OHmoYz10@4',8,'',NULL),(251,10,'lmartinezterminal','altamar-voz.tedra.es','all','alaw',NULL,'update','XPioIa02)0',8,'001e135d5c9a',NULL),(252,6,'jvivancosterminal','altamar-voz.tedra.es','all','alaw',NULL,'update','OVOro35l7(',8,'9c57ad3eda03','2017-10-24 01:04:46'),(253,1,'rhodalyterminal','altamar-voz.tedra.es','all','alaw',NULL,'invite','aP@B11nC4o',8,'',NULL),(254,1,'mrafartterminal','altamar-voz.tedra.es','all','alaw',NULL,'invite','ZEnfIe%949',8,'',NULL),(255,1,'rvelascoterminal','altamar-voz.tedra.es','all','alaw',NULL,'invite','ZVkvdQ(774',8,'',NULL),(256,1,'jzabarteterminal','altamar-voz.tedra.es','all','alaw',NULL,'invite','CEJaz9k52)',8,'',NULL),(257,1,'dcastanyterminal','altamar-voz.tedra.es','all','alaw',NULL,'invite','NEShn5+9e5',8,'',NULL),(258,1,'epasarisasterminal','altamar-voz.tedra.es','all','alaw',NULL,'invite','GIwK6a9*m0',8,'',NULL),(259,1,'lpanizoterminal','altamar-voz.tedra.es','all','alaw',NULL,'invite','XkUB1i7s4!',8,'',NULL),(260,1,'rmunozterminal','altamar-voz.tedra.es','all','alaw',NULL,'invite','8dKpJ6A5d@',8,'',NULL),(261,1,'achuehterminal','altamar-voz.tedra.es','all','alaw',NULL,'invite','LiXw0i69G*',8,'',NULL),(262,6,'acominterminal','altamar-voz.tedra.es','all','alaw',NULL,'update','Uj3R9P4zz(',8,'9c57ad3ed890','2017-10-24 01:08:42'),(263,6,'abuesoterminal','altamar-voz.tedra.es','all','alaw',NULL,'update','NWQwxu12!8',8,'9c57ad3ed873','2017-10-24 01:08:49'),(264,1,'polycomconsejochile','altamar-voz.tedra.es','all','alaw',NULL,'invite','EJnsF0j)04',8,'',NULL),(265,1,'konftelclaudioterminal','altamar-voz.tedra.es','all','alaw',NULL,'invite','NKMawe283@',8,'00087b0ef49b',NULL),(268,1,'1000','miramar-voz.tedra.es','all','alaw',NULL,'invite','WHYhzz398^',15,'',NULL),(269,1,'1001','miramar-voz.tedra.es','all','alaw',NULL,'invite','RBvVkw030!',15,'',NULL),(270,1,'1002','miramar-voz.tedra.es','all','alaw',NULL,'invite','cMM0Xcy)18',15,'',NULL),(271,1,'1003','miramar-voz.tedra.es','all','alaw',NULL,'invite','TW2iCxw3^5',15,'',NULL),(272,1,'1004','miramar-voz.tedra.es','all','alaw',NULL,'invite','pZPtB1q65&',15,'',NULL),(273,1,'1005','miramar-voz.tedra.es','all','alaw',NULL,'invite','BXhVpe2(23',15,'',NULL),(274,1,'1006','miramar-voz.tedra.es','all','alaw',NULL,'invite','OmQdG484*w',15,'',NULL),(275,1,'2000','miramar-voz.tedra.es','all','alaw',NULL,'invite','TDlvQq1#80',15,'',NULL),(276,1,'2001','miramar-voz.tedra.es','all','alaw',NULL,'invite','GSOnys732#',15,'',NULL),(277,1,'2002','miramar-voz.tedra.es','all','alaw',NULL,'invite','BiTCc8q1#8',15,'',NULL),(278,1,'2003','miramar-voz.tedra.es','all','alaw',NULL,'invite','KOLi9xn%38',15,'',NULL),(279,1,'2004','miramar-voz.tedra.es','all','alaw',NULL,'invite','pHIb6J5s9&',15,'',NULL),(280,1,'3001','miramar-voz.tedra.es','all','alaw',NULL,'invite','RDFegm876$',15,'',NULL),(281,1,'3002','miramar-voz.tedra.es','all','alaw',NULL,'invite','MCuhL16m5@',15,'',NULL),(282,1,'3003','miramar-voz.tedra.es','all','alaw',NULL,'invite','gDPSs10t@8',15,'',NULL),(283,1,'3004','miramar-voz.tedra.es','all','alaw',NULL,'invite','MIrtsP896(',15,'',NULL),(284,1,'3005','miramar-voz.tedra.es','all','alaw',NULL,'invite','1hLNM6r+t5',15,'',NULL),(285,1,'3006','miramar-voz.tedra.es','all','alaw',NULL,'invite','KH4oCvg45$',15,'',NULL),(286,1,'3007','miramar-voz.tedra.es','all','alaw',NULL,'invite','EEyPno918@',15,'',NULL),(287,1,'3008','miramar-voz.tedra.es','all','alaw',NULL,'invite','GFyJvq930+',15,'',NULL),(288,1,'3009','miramar-voz.tedra.es','all','alaw',NULL,'invite','QdHY1m59y(',15,'',NULL),(289,1,'3010','miramar-voz.tedra.es','all','alaw',NULL,'invite','NPrZs4q60*',15,'',NULL),(290,1,'3011','miramar-voz.tedra.es','all','alaw',NULL,'invite','0Ha#MmHa28',15,'',NULL),(291,1,'3012','miramar-voz.tedra.es','all','alaw',NULL,'invite','dFXVk3o48$',15,'',NULL),(292,1,'4001','miramar-voz.tedra.es','all','alaw',NULL,'invite','IBoJn622c*',15,'',NULL),(293,1,'4002','miramar-voz.tedra.es','all','alaw',NULL,'invite','NGU19dk0@o',15,'',NULL),(294,1,'4003','miramar-voz.tedra.es','all','alaw',NULL,'invite','LDRiy2b75%',15,'',NULL),(295,1,'spacarlos','miramar-voz.tedra.es','all','alaw',NULL,'update','C1B9fDpi2+',15,'',NULL),(297,11,'psaladeborjaterminal','altamar-voz.tedra.es','all','alaw',NULL,'update','hPRiS9e26_',8,'001565b61899','2017-10-23 07:19:48'),(298,6,'jnietoterminal','altamar-voz.tedra.es','all','alaw',NULL,'update','eEPOp6e58)',8,'84802d41bb02','2017-10-24 01:02:02'),(299,6,'palonsoterminal','altamar-voz.tedra.es','all','alaw',NULL,'update','TQcN74^se1',8,'84802d41bacc','2017-10-24 01:04:11'),(300,6,'MiguelHerreroTerminal','tedra-voz.tedra.es','all','alaw',NULL,'update','ILoL2g1w(2',6,'58bfea1058c6','2017-10-24 01:03:38'),(302,6,'lhayaterminal','altamar-voz.tedra.es','all','alaw',NULL,'update','LgqOw%E710',8,'00a289594f2f','2017-10-24 01:09:56'),(303,6,'vlopezterminal','altamar-voz.tedra.es','all','alaw',NULL,'update','FIbDza0&70',8,'84802d41e0f3','2017-10-24 01:07:29'),(305,6,'mpitrelliterminal','altamar-voz.tedra.es','all','alaw',NULL,'update','ZOHod84!i3',8,'00a289594c8e','2017-10-24 01:04:07'),(306,6,'jvelascoterminal','altamar-voz.tedra.es','all','alaw',NULL,'update','uXmJWh367+',8,'c4729566a528','2017-10-24 01:08:42'),(307,6,'bsanjuanterminal','altamar-voz.tedra.es','all','alaw',NULL,'update','sVKNau793_',8,'c4729566a47b','2017-10-24 01:06:47'),(309,1,'ip6000terminalchile','altamar-voz.tedra.es','all','alaw',NULL,'invite','AXIezf68&8',8,'',NULL),(310,8,'MElvira','profit-voz.tedra.es','all','alaw',NULL,'update','sPPq4K7n%5',7,'d0d0fde964bc','2017-10-24 01:01:22'),(311,8,'Jorge','profit-voz.tedra.es','all','alaw',NULL,'update','rZTgn38A8(',7,'d0d0fde96440','2017-10-24 01:09:43'),(312,8,'Maria','profit-voz.tedra.es','all','alaw',NULL,'update','VHBksj104%',7,'708105b80896','2017-10-24 01:09:42'),(313,1,'carloscruz','altamar-voz.tedra.es','all','alaw',NULL,'invite','jHWCif+833',8,'',NULL),(314,1,'spacarlosaux','altamar-voz.tedra.es','all','alaw',NULL,'update','VLu5Evb24*',8,'',NULL),(315,1,'yealinkt28','irontec-tedra.irontec.com','all','alaw',NULL,'invite','BDCudx89+5',3,'',NULL),(316,6,'jdancausaterminal','altamar-voz.tedra.es','all','alaw',NULL,'update','JRiBoq333_',8,'00a289594f1e','2017-10-24 01:07:58'),(317,7,'adiscoloterminal','altamar-voz.tedra.es','all','alaw',NULL,'update','LeAA94bi_7',8,'9c57ad3e6427',NULL),(318,15,'CP860_LE01','tedra-voz.tedra.es','all','alaw',NULL,'invite','WGTk28th_7',6,'001565b92623','2017-10-24 16:08:06'),(320,6,'jgarciasuarezterminal','altamar-voz.tedra.es','all','alaw',NULL,'update','WHraW22r+9',8,'00a289594efa','2017-10-24 01:10:14'),(321,6,'PatriciaHuergaTerminal','tedra-voz.tedra.es','all','alaw',NULL,'update','GvhB2Rh76_',6,'00a289581a88','2017-10-24 01:01:11'),(322,1,'rafaelsanchezterminal','rafaelsanchez-voz.tedra.es','all','alaw',NULL,'invite','sYLAs8d76-',16,'',NULL),(323,6,'vmartinezterminal','altamar-voz.tedra.es','all','alaw',NULL,'invite','RCyJz2q85*',8,'00a289594d45','2017-10-24 01:07:14'),(324,6,'tcelaterminal','altamar-voz.tedra.es','all','alaw',NULL,'invite','BDTdab548+',8,'00a289594f02','2017-10-24 01:05:36'),(326,6,'saragarciaterminal','altamar-voz.tedra.es','all','alaw',NULL,'update','SUAt4cj73*',8,'9c57ad3ef35',NULL),(327,1,'clinicaeras','clinicaeras-voz.tedra.es','all','alaw',NULL,'invite','AiE4Pch88_',18,'',NULL),(328,6,'diegovegaterminal','tedra-voz.tedra.es','all','alaw',NULL,'update','CPvL83z7*e',6,'00a289581b02','2017-10-24 01:08:58'),(329,8,'fyanezterminal','altamar-voz.tedra.es','all','alaw',NULL,'update','BFdXr74p7_',8,'405539a28222','2017-10-24 12:55:59'),(334,6,'Cocina','profit-voz.tedra.es','all','alaw',NULL,'update','VP24Gmbi4+',7,'ccef485dfc20','2017-10-24 01:04:43'),(336,6,'Temporal','profit-voz.tedra.es','all','alaw',NULL,'update','Yv4EBu5_h2',7,'c4729566e4a7','2017-09-05 14:49:57'),(337,1,'despacho1terminal','fbconsultores-voz.tedra.es','all','alaw',NULL,'invite','SeDiLv865_',13,'',NULL),(338,1,'despacho2terminal','fbconsultores-voz.tedra.es','all','alaw',NULL,'invite','jKeFiJ8+29',13,'',NULL),(339,1,'despacho3terminal','fbconsultores-voz.tedra.es','all','alaw',NULL,'invite','PdhZfQ469*',13,'',NULL),(340,1,'despacho4terminal','fbconsultores-voz.tedra.es','all','alaw',NULL,'invite','PTkftU62_2',13,'',NULL),(341,1,'despacho5terminal','fbconsultores-voz.tedra.es','all','alaw',NULL,'invite','RYTeto33*2',13,'',NULL),(343,6,'anaterminal','fbconsultores-voz.tedra.es','all','alaw',NULL,'update','kWQyyW92-4',13,'00a289594902','2017-10-24 01:00:48'),(344,6,'carlosterminal','fbconsultores-voz.tedra.es','all','alaw',NULL,'update','WVUjw3i45-',13,'00a28959499a','2017-10-24 01:05:47'),(345,6,'cristerminal','fbconsultores-voz.tedra.es','all','alaw',NULL,'update','FGwvYa332+',13,'00a2895948f7','2017-10-24 01:05:18'),(346,1,'inalambrico1terminal','fbconsultores-voz.tedra.es','all','alaw',NULL,'invite','jeEPhW98+5',13,'',NULL),(347,1,'inalambrico2terminal','fbconsultores-voz.tedra.es','all','alaw',NULL,'invite','UCQjf6z2+4',13,'',NULL),(348,1,'martaynereterminal','fbconsultores-voz.tedra.es','all','alaw',NULL,'update','VC2wnJ7m9_',13,'',NULL),(349,1,'panphonefbterminal','fbconsultores-voz.tedra.es','all','alaw',NULL,'invite','REzqGf996_',13,'',NULL),(350,1,'88','fbconsultores-voz.tedra.es','all','alaw',NULL,'invite','ABC123abc123+',13,'',NULL),(351,6,'ricardoterminal','fbconsultores-voz.tedra.es','all','alaw',NULL,'update','u5FJtgC86*',13,'00a2895949b3','2017-10-24 01:00:36'),(352,6,'silviaterminal','fbconsultores-voz.tedra.es','all','alaw',NULL,'update','RECsxk397-',13,'00a2895948f3','2017-10-24 01:10:18'),(354,6,'susiterminal','fbconsultores-voz.tedra.es','all','alaw',NULL,'update','GCs7Wne74-',13,'00a2895948f8','2017-10-24 01:07:11'),(356,6,'mdelclauxterminal','altamar-voz.tedra.es','all','alaw',NULL,'update','RPua6+wU58',8,'5067aeecb799','2017-10-24 01:02:54'),(357,1,'ip5000claudio','altamar-voz.tedra.es','all','alaw',NULL,'invite','QJFzm56a7_',8,'',NULL),(358,1,'carlosgs','irontec-tedra.irontec.com','all','alaw',NULL,'invite','ZVWoq4f72+',3,'',NULL),(359,6,'tpruebasny','altamar-voz.tedra.es','all','alaw',NULL,'update','LDZu9m2-x7',8,'9c57ad3f8c4c',NULL),(360,6,'aortizterminal','altamar-voz.tedra.es','all','alaw',NULL,'update','UoPuR7e47_',8,'00a289594f21','2017-10-24 01:05:49'),(361,6,'Usuario1','varianza-voz.mgiconsultores.com','all','alaw',NULL,'update','DKmDa83+5d',19,'c4729566a7a8','2017-10-24 01:04:01'),(362,8,'Usuario2','varianza-voz.mgiconsultores.com','all','alaw',NULL,'update','HnHThs85-5',19,'1cdea767de3c','2017-10-24 01:04:27'),(365,6,'jordinietoterminal','altamar-voz.tedra.es','all','alaw',NULL,'update','NwE2h2Gi*6',8,'1cdea7677842','2017-10-24 01:00:22'),(366,1,'pruebas1','novaquality-voz.mgiconsultores.com','all','alaw',NULL,'invite','PfDKkc776*',10,'',NULL),(367,1,'pruebas2','novaquality-voz.mgiconsultores.com','all','alaw',NULL,'invite','mUH2afA8+6',10,'',NULL);
/*!40000 ALTER TABLE `Terminals` ENABLE KEYS */;
UNLOCK TABLES;

--
-- Table structure for table `Timezones`
--

DROP TABLE IF EXISTS `Timezones`;
/*!40101 SET @saved_cs_client     = @@character_set_client */;
/*!40101 SET character_set_client = utf8 */;
CREATE TABLE `Timezones` (
  `id` int(10) unsigned NOT NULL AUTO_INCREMENT,
  `countryId` int(10) unsigned DEFAULT NULL,
  `tz` varchar(255) NOT NULL,
  `comment` varchar(150) DEFAULT '',
  `timeZoneLabel` varchar(20) NOT NULL DEFAULT '' COMMENT '[ml]',
  `timeZoneLabel_en` varchar(20) NOT NULL DEFAULT '',
  `timeZoneLabel_es` varchar(20) NOT NULL DEFAULT '',
  PRIMARY KEY (`id`),
  KEY `countryId` (`countryId`),
  CONSTRAINT `Timezones_ibfk_2` FOREIGN KEY (`countryId`) REFERENCES `Countries` (`id`) ON DELETE SET NULL ON UPDATE CASCADE
) ENGINE=InnoDB AUTO_INCREMENT=417 DEFAULT CHARSET=utf8 COMMENT='[entity][rest]';
/*!40101 SET character_set_client = @saved_cs_client */;

--
-- Dumping data for table `Timezones`
--

LOCK TABLES `Timezones` WRITE;
/*!40000 ALTER TABLE `Timezones` DISABLE KEYS */;
INSERT INTO `Timezones` VALUES (1,4,'Europe/Andorra',NULL,'','',''),(2,58,'Asia/Dubai',NULL,'','',''),(3,1,'Asia/Kabul',NULL,'','',''),(4,8,'America/Antigua',NULL,'','',''),(5,6,'America/Anguilla',NULL,'','',''),(6,2,'Europe/Tirane',NULL,'','',''),(7,12,'Asia/Yerevan',NULL,'','',''),(8,5,'Africa/Luanda',NULL,'','',''),(9,7,'Antarctica/McMurdo','McMurdo, South Pole, Scott (New Zealand time)','','',''),(10,7,'Antarctica/Rothera','Rothera Station, Adelaide Island','','',''),(11,7,'Antarctica/Palmer','Palmer Station, Anvers Island','','',''),(12,7,'Antarctica/Mawson','Mawson Station, Holme Bay','','',''),(13,7,'Antarctica/Davis','Davis Station, Vestfold Hills','','',''),(14,7,'Antarctica/Casey','Casey Station, Bailey Peninsula','','',''),(15,7,'Antarctica/Vostok','Vostok Station, Lake Vostok','','',''),(16,7,'Antarctica/DumontDUrville','Dumont-d\'Urville Station, Adelie Land','','',''),(17,7,'Antarctica/Syowa','Syowa Station, E Ongul I','','',''),(18,7,'Antarctica/Troll','Troll Station, Queen Maud Land','','',''),(19,11,'America/Argentina/Buenos_Aires','Buenos Aires (BA, CF)','','',''),(20,11,'America/Argentina/Cordoba','most locations (CB, CC, CN, ER, FM, MN, SE, SF)','','',''),(21,11,'America/Argentina/Salta','(SA, LP, NQ, RN)','','',''),(22,11,'America/Argentina/Jujuy','Jujuy (JY)','','',''),(23,11,'America/Argentina/Tucuman','Tucuman (TM)','','',''),(24,11,'America/Argentina/Catamarca','Catamarca (CT), Chubut (CH)','','',''),(25,11,'America/Argentina/La_Rioja','La Rioja (LR)','','',''),(26,11,'America/Argentina/San_Juan','San Juan (SJ)','','',''),(27,11,'America/Argentina/Mendoza','Mendoza (MZ)','','',''),(28,11,'America/Argentina/San_Luis','San Luis (SL)','','',''),(29,11,'America/Argentina/Rio_Gallegos','Santa Cruz (SC)','','',''),(30,11,'America/Argentina/Ushuaia','Tierra del Fuego (TF)','','',''),(31,193,'Pacific/Pago_Pago',NULL,'','',''),(32,15,'Europe/Vienna',NULL,'','',''),(33,14,'Australia/Lord_Howe','Lord Howe Island','','',''),(34,14,'Antarctica/Macquarie','Macquarie Island','','',''),(35,14,'Australia/Hobart','Tasmania - most locations','','',''),(36,14,'Australia/Currie','Tasmania - King Island','','',''),(37,14,'Australia/Melbourne','Victoria','','',''),(38,14,'Australia/Sydney','New South Wales - most locations','','',''),(39,14,'Australia/Broken_Hill','New South Wales - Yancowinna','','',''),(40,14,'Australia/Brisbane','Queensland - most locations','','',''),(41,14,'Australia/Lindeman','Queensland - Holiday Islands','','',''),(42,14,'Australia/Adelaide','South Australia','','',''),(43,14,'Australia/Darwin','Northern Territory','','',''),(44,14,'Australia/Perth','Western Australia - most locations','','',''),(45,14,'Australia/Eucla','Western Australia - Eucla area','','',''),(46,13,'America/Aruba',NULL,'','',''),(47,101,'Europe/Mariehamn',NULL,'','',''),(48,16,'Asia/Baku',NULL,'','',''),(49,27,'Europe/Sarajevo',NULL,'','',''),(50,20,'America/Barbados',NULL,'','',''),(51,19,'Asia/Dhaka',NULL,'','',''),(52,21,'Europe/Brussels',NULL,'','',''),(53,32,'Africa/Ouagadougou',NULL,'','',''),(54,31,'Europe/Sofia',NULL,'','',''),(55,18,'Asia/Bahrain',NULL,'','',''),(56,33,'Africa/Bujumbura',NULL,'','',''),(57,23,'Africa/Porto-Novo',NULL,'','',''),(58,194,'America/St_Barthelemy',NULL,'','',''),(59,24,'Atlantic/Bermuda',NULL,'','',''),(60,30,'Asia/Brunei',NULL,'','',''),(61,26,'America/La_Paz',NULL,'','',''),(62,246,'America/Kralendijk',NULL,'','',''),(63,29,'America/Noronha','Atlantic islands','','',''),(64,29,'America/Belem','Amapa, E Para','','',''),(65,29,'America/Fortaleza','NE Brazil (MA, PI, CE, RN, PB)','','',''),(66,29,'America/Recife','Pernambuco','','',''),(67,29,'America/Araguaina','Tocantins','','',''),(68,29,'America/Maceio','Alagoas, Sergipe','','',''),(69,29,'America/Bahia','Bahia','','',''),(70,29,'America/Sao_Paulo','S & SE Brazil (GO, DF, MG, ES, RJ, SP, PR, SC, RS)','','',''),(71,29,'America/Campo_Grande','Mato Grosso do Sul','','',''),(72,29,'America/Cuiaba','Mato Grosso','','',''),(73,29,'America/Santarem','W Para','','',''),(74,29,'America/Porto_Velho','Rondonia','','',''),(75,29,'America/Boa_Vista','Roraima','','',''),(76,29,'America/Manaus','E Amazonas','','',''),(77,29,'America/Eirunepe','W Amazonas','','',''),(78,29,'America/Rio_Branco','Acre','','',''),(79,17,'America/Nassau',NULL,'','',''),(80,34,'Asia/Thimphu',NULL,'','',''),(81,28,'Africa/Gaborone',NULL,'','',''),(82,25,'Europe/Minsk',NULL,'','',''),(83,22,'America/Belize',NULL,'','',''),(84,38,'America/St_Johns','Newfoundland Time, including SE Labrador','','',''),(85,38,'America/Halifax','Atlantic Time - Nova Scotia (most places), PEI','','',''),(86,38,'America/Glace_Bay','Atlantic Time - Nova Scotia - places that did not observe DST 1966-1971','','',''),(87,38,'America/Moncton','Atlantic Time - New Brunswick','','',''),(88,38,'America/Goose_Bay','Atlantic Time - Labrador - most locations','','',''),(89,38,'America/Blanc-Sablon','Atlantic Standard Time - Quebec - Lower North Shore','','',''),(90,38,'America/Toronto','Eastern Time - Ontario & Quebec - most locations','','',''),(91,38,'America/Nipigon','Eastern Time - Ontario & Quebec - places that did not observe DST 1967-1973','','',''),(92,38,'America/Thunder_Bay','Eastern Time - Thunder Bay, Ontario','','',''),(93,38,'America/Iqaluit','Eastern Time - east Nunavut - most locations','','',''),(94,38,'America/Pangnirtung','Eastern Time - Pangnirtung, Nunavut','','',''),(95,38,'America/Resolute','Central Time - Resolute, Nunavut','','',''),(96,38,'America/Atikokan','Eastern Standard Time - Atikokan, Ontario and Southampton I, Nunavut','','',''),(97,38,'America/Rankin_Inlet','Central Time - central Nunavut','','',''),(98,38,'America/Winnipeg','Central Time - Manitoba & west Ontario','','',''),(99,38,'America/Rainy_River','Central Time - Rainy River & Fort Frances, Ontario','','',''),(100,38,'America/Regina','Central Standard Time - Saskatchewan - most locations','','',''),(101,38,'America/Swift_Current','Central Standard Time - Saskatchewan - midwest','','',''),(102,38,'America/Edmonton','Mountain Time - Alberta, east British Columbia & west Saskatchewan','','',''),(103,38,'America/Cambridge_Bay','Mountain Time - west Nunavut','','',''),(104,38,'America/Yellowknife','Mountain Time - central Northwest Territories','','',''),(105,38,'America/Inuvik','Mountain Time - west Northwest Territories','','',''),(106,38,'America/Creston','Mountain Standard Time - Creston, British Columbia','','',''),(107,38,'America/Dawson_Creek','Mountain Standard Time - Dawson Creek & Fort Saint John, British Columbia','','',''),(108,38,'America/Vancouver','Pacific Time - west British Columbia','','',''),(109,38,'America/Whitehorse','Pacific Time - south Yukon','','',''),(110,38,'America/Dawson','Pacific Time - north Yukon','','',''),(111,103,'Indian/Cocos',NULL,'','',''),(112,185,'Africa/Kinshasa','west Dem. Rep. of Congo','','',''),(113,185,'Africa/Lubumbashi','east Dem. Rep. of Congo','','',''),(114,183,'Africa/Bangui',NULL,'','',''),(115,46,'Africa/Brazzaville',NULL,'','',''),(116,215,'Europe/Zurich',NULL,'','',''),(117,49,'Africa/Abidjan',NULL,'','',''),(118,104,'Pacific/Rarotonga',NULL,'','',''),(119,40,'America/Santiago','most locations','','',''),(120,40,'Pacific/Easter','Easter Island','','',''),(121,37,'Africa/Douala',NULL,'','',''),(122,41,'Asia/Shanghai','Beijing Time','','',''),(123,41,'Asia/Urumqi','Xinjiang Time','','',''),(124,44,'America/Bogota',NULL,'','',''),(125,50,'America/Costa_Rica',NULL,'','',''),(126,52,'America/Havana',NULL,'','',''),(127,35,'Atlantic/Cape_Verde',NULL,'','',''),(128,247,'America/Curacao',NULL,'','',''),(129,96,'Indian/Christmas',NULL,'','',''),(130,42,'Asia/Nicosia',NULL,'','',''),(131,184,'Europe/Prague',NULL,'','',''),(132,3,'Europe/Berlin','most locations','','',''),(133,3,'Europe/Busingen','Busingen','','',''),(134,243,'Africa/Djibouti',NULL,'','',''),(135,53,'Europe/Copenhagen',NULL,'','',''),(136,54,'America/Dominica',NULL,'','',''),(137,186,'America/Santo_Domingo',NULL,'','',''),(138,10,'Africa/Algiers',NULL,'','',''),(139,55,'America/Guayaquil','mainland','','',''),(140,55,'Pacific/Galapagos','Galapagos Islands','','',''),(141,64,'Europe/Tallinn',NULL,'','',''),(142,56,'Africa/Cairo',NULL,'','',''),(143,191,'Africa/El_Aaiun',NULL,'','',''),(144,59,'Africa/Asmara',NULL,'','',''),(145,70,'Europe/Madrid','mainland','','',''),(146,70,'Africa/Ceuta','Ceuta & Melilla','','',''),(147,70,'Atlantic/Canary','Canary Islands','','',''),(148,65,'Africa/Addis_Ababa',NULL,'','',''),(149,67,'Europe/Helsinki',NULL,'','',''),(150,68,'Pacific/Fiji',NULL,'','',''),(151,108,'Atlantic/Stanley',NULL,'','',''),(152,150,'Pacific/Chuuk','Chuuk (Truk) and Yap','','',''),(153,150,'Pacific/Pohnpei','Pohnpei (Ponape)','','',''),(154,150,'Pacific/Kosrae','Kosrae','','',''),(155,105,'Atlantic/Faroe',NULL,'','',''),(156,69,'Europe/Paris',NULL,'','',''),(157,70,'Africa/Libreville',NULL,'','',''),(158,182,'Europe/London',NULL,'','',''),(159,75,'America/Grenada',NULL,'','',''),(160,72,'Asia/Tbilisi',NULL,'','',''),(161,81,'America/Cayenne',NULL,'','',''),(162,82,'Europe/Guernsey',NULL,'','',''),(163,73,'Africa/Accra',NULL,'','',''),(164,74,'Europe/Gibraltar',NULL,'','',''),(165,77,'America/Godthab','most locations','','',''),(166,77,'America/Danmarkshavn','east coast, north of Scoresbysund','','',''),(167,77,'America/Scoresbysund','Scoresbysund / Ittoqqortoormiit','','',''),(168,77,'America/Thule','Thule / Pituffik','','',''),(169,71,'Africa/Banjul',NULL,'','',''),(170,83,'Africa/Conakry',NULL,'','',''),(171,78,'America/Guadeloupe',NULL,'','',''),(172,84,'Africa/Malabo',NULL,'','',''),(173,76,'Europe/Athens',NULL,'','',''),(174,106,'Atlantic/South_Georgia',NULL,'','',''),(175,80,'America/Guatemala',NULL,'','',''),(176,79,'Pacific/Guam',NULL,'','',''),(177,85,'Africa/Bissau',NULL,'','',''),(178,86,'America/Guyana',NULL,'','',''),(179,180,'Asia/Hong_Kong',NULL,'','',''),(180,88,'America/Tegucigalpa',NULL,'','',''),(181,51,'Europe/Zagreb',NULL,'','',''),(182,87,'America/Port-au-Prince',NULL,'','',''),(183,89,'Europe/Budapest',NULL,'','',''),(184,91,'Asia/Jakarta','Java & Sumatra','','',''),(185,91,'Asia/Pontianak','west & central Borneo','','',''),(186,91,'Asia/Makassar','east & south Borneo, Sulawesi (Celebes), Bali, Nusa Tengarra, west Timor','','',''),(187,91,'Asia/Jayapura','west New Guinea (Irian Jaya) & Malukus (Moluccas)','','',''),(188,94,'Europe/Dublin',NULL,'','',''),(189,117,'Asia/Jerusalem',NULL,'','',''),(190,97,'Europe/Isle_of_Man',NULL,'','',''),(191,90,'Asia/Kolkata',NULL,'','',''),(192,222,'Indian/Chagos',NULL,'','',''),(193,93,'Asia/Baghdad',NULL,'','',''),(194,92,'Asia/Tehran',NULL,'','',''),(195,100,'Atlantic/Reykjavik',NULL,'','',''),(196,118,'Europe/Rome',NULL,'','',''),(197,121,'Europe/Jersey',NULL,'','',''),(198,119,'America/Jamaica',NULL,'','',''),(199,122,'Asia/Amman',NULL,'','',''),(200,120,'Asia/Tokyo',NULL,'','',''),(201,124,'Africa/Nairobi',NULL,'','',''),(202,125,'Asia/Bishkek',NULL,'','',''),(203,36,'Asia/Phnom_Penh',NULL,'','',''),(204,126,'Pacific/Tarawa','Gilbert Islands','','',''),(205,126,'Pacific/Enderbury','Phoenix Islands','','',''),(206,126,'Pacific/Kiritimati','Line Islands','','',''),(207,45,'Indian/Comoro',NULL,'','',''),(208,195,'America/St_Kitts',NULL,'','',''),(209,47,'Asia/Pyongyang',NULL,'','',''),(210,48,'Asia/Seoul',NULL,'','',''),(211,127,'Asia/Kuwait',NULL,'','',''),(212,102,'America/Cayman',NULL,'','',''),(213,123,'Asia/Almaty','most locations','','',''),(214,123,'Asia/Qyzylorda','Qyzylorda (Kyzylorda, Kzyl-Orda)','','',''),(215,123,'Asia/Aqtobe','Aqtobe (Aktobe)','','',''),(216,123,'Asia/Aqtau','Atyrau (Atirau, Gur\'yev), Mangghystau (Mankistau)','','',''),(217,123,'Asia/Oral','West Kazakhstan','','',''),(218,128,'Asia/Vientiane',NULL,'','',''),(219,131,'Asia/Beirut',NULL,'','',''),(220,201,'America/St_Lucia',NULL,'','',''),(221,134,'Europe/Vaduz',NULL,'','',''),(222,210,'Asia/Colombo',NULL,'','',''),(223,132,'Africa/Monrovia',NULL,'','',''),(224,129,'Africa/Maseru',NULL,'','',''),(225,135,'Europe/Vilnius',NULL,'','',''),(226,136,'Europe/Luxembourg',NULL,'','',''),(227,130,'Europe/Riga',NULL,'','',''),(228,133,'Africa/Tripoli',NULL,'','',''),(229,144,'Africa/Casablanca',NULL,'','',''),(230,152,'Europe/Monaco',NULL,'','',''),(231,151,'Europe/Chisinau',NULL,'','',''),(232,154,'Europe/Podgorica',NULL,'','',''),(233,197,'America/Marigot',NULL,'','',''),(234,138,'Indian/Antananarivo',NULL,'','',''),(235,110,'Pacific/Majuro','most locations','','',''),(236,110,'Pacific/Kwajalein','Kwajalein','','',''),(237,137,'Europe/Skopje',NULL,'','',''),(238,142,'Africa/Bamako',NULL,'','',''),(239,157,'Asia/Rangoon',NULL,'','',''),(240,153,'Asia/Ulaanbaatar','most locations','','',''),(241,153,'Asia/Hovd','Bayan-Olgiy, Govi-Altai, Hovd, Uvs, Zavkhan','','',''),(242,153,'Asia/Choibalsan','Dornod, Sukhbaatar','','',''),(243,181,'Asia/Macau',NULL,'','',''),(244,109,'Pacific/Saipan',NULL,'','',''),(245,145,'America/Martinique',NULL,'','',''),(246,147,'Africa/Nouakchott',NULL,'','',''),(247,155,'America/Montserrat',NULL,'','',''),(248,143,'Europe/Malta',NULL,'','',''),(249,146,'Indian/Mauritius',NULL,'','',''),(250,141,'Indian/Maldives',NULL,'','',''),(251,140,'Africa/Blantyre',NULL,'','',''),(252,149,'America/Mexico_City','Central Time - most locations','','',''),(253,149,'America/Cancun','Central Time - Quintana Roo','','',''),(254,149,'America/Merida','Central Time - Campeche, Yucatan','','',''),(255,149,'America/Monterrey','Mexican Central Time - Coahuila, Durango, Nuevo Leon, Tamaulipas away from US border','','',''),(256,149,'America/Matamoros','US Central Time - Coahuila, Durango, Nuevo Leon, Tamaulipas near US border','','',''),(257,149,'America/Mazatlan','Mountain Time - S Baja, Nayarit, Sinaloa','','',''),(258,149,'America/Chihuahua','Mexican Mountain Time - Chihuahua away from US border','','',''),(259,149,'America/Ojinaga','US Mountain Time - Chihuahua near US border','','',''),(260,149,'America/Hermosillo','Mountain Standard Time - Sonora','','',''),(261,149,'America/Tijuana','US Pacific Time - Baja California near US border','','',''),(262,149,'America/Santa_Isabel','Mexican Pacific Time - Baja California away from US border','','',''),(263,149,'America/Bahia_Banderas','Mexican Central Time - Bahia de Banderas','','',''),(264,139,'Asia/Kuala_Lumpur','peninsular Malaysia','','',''),(265,139,'Asia/Kuching','Sabah & Sarawak','','',''),(266,156,'Africa/Maputo',NULL,'','',''),(267,158,'Africa/Windhoek',NULL,'','',''),(268,165,'Pacific/Noumea',NULL,'','',''),(269,162,'Africa/Niamey',NULL,'','',''),(270,99,'Pacific/Norfolk',NULL,'','',''),(271,163,'Africa/Lagos',NULL,'','',''),(272,161,'America/Managua',NULL,'','',''),(273,168,'Europe/Amsterdam',NULL,'','',''),(274,164,'Europe/Oslo',NULL,'','',''),(275,160,'Asia/Kathmandu',NULL,'','',''),(276,159,'Pacific/Nauru',NULL,'','',''),(277,98,'Pacific/Niue',NULL,'','',''),(278,166,'Pacific/Auckland','most locations','','',''),(279,166,'Pacific/Chatham','Chatham Islands','','',''),(280,167,'Asia/Muscat',NULL,'','',''),(281,171,'America/Panama',NULL,'','',''),(282,174,'America/Lima',NULL,'','',''),(283,175,'Pacific/Tahiti','Society Islands','','',''),(284,175,'Pacific/Marquesas','Marquesas Islands','','',''),(285,175,'Pacific/Gambier','Gambier Islands','','',''),(286,172,'Pacific/Port_Moresby','most locations','','',''),(287,172,'Pacific/Bougainville','Bougainville','','',''),(288,66,'Asia/Manila',NULL,'','',''),(289,169,'Asia/Karachi',NULL,'','',''),(290,176,'Europe/Warsaw',NULL,'','',''),(291,198,'America/Miquelon',NULL,'','',''),(292,112,'Pacific/Pitcairn',NULL,'','',''),(293,178,'America/Puerto_Rico',NULL,'','',''),(294,224,'Asia/Gaza','Gaza Strip','','',''),(295,224,'Asia/Hebron','West Bank','','',''),(296,177,'Europe/Lisbon','mainland','','',''),(297,177,'Atlantic/Madeira','Madeira Islands','','',''),(298,177,'Atlantic/Azores','Azores','','',''),(299,170,'Pacific/Palau',NULL,'','',''),(300,173,'America/Asuncion',NULL,'','',''),(301,179,'Asia/Qatar',NULL,'','',''),(302,187,'Indian/Reunion',NULL,'','',''),(303,189,'Europe/Bucharest',NULL,'','',''),(304,204,'Europe/Belgrade',NULL,'','',''),(305,190,'Europe/Kaliningrad','Moscow-01 - Kaliningrad','','',''),(306,190,'Europe/Moscow','Moscow+00 - west Russia','','',''),(307,190,'Europe/Simferopol','Moscow+00 - Crimea','','',''),(308,190,'Europe/Volgograd','Moscow+00 - Caspian Sea','','',''),(309,190,'Europe/Samara','Moscow+00 (Moscow+01 after 2014-10-26) - Samara, Udmurtia','','',''),(310,190,'Asia/Yekaterinburg','Moscow+02 - Urals','','',''),(311,190,'Asia/Omsk','Moscow+03 - west Siberia','','',''),(312,190,'Asia/Novosibirsk','Moscow+03 - Novosibirsk','','',''),(313,190,'Asia/Novokuznetsk','Moscow+03 (Moscow+04 after 2014-10-26) - Kemerovo','','',''),(314,190,'Asia/Krasnoyarsk','Moscow+04 - Yenisei River','','',''),(315,190,'Asia/Irkutsk','Moscow+05 - Lake Baikal','','',''),(316,190,'Asia/Chita','Moscow+06 (Moscow+05 after 2014-10-26) - Zabaykalsky','','',''),(317,190,'Asia/Yakutsk','Moscow+06 - Lena River','','',''),(318,190,'Asia/Khandyga','Moscow+06 - Tomponsky, Ust-Maysky','','',''),(319,190,'Asia/Vladivostok','Moscow+07 - Amur River','','',''),(320,190,'Asia/Sakhalin','Moscow+07 - Sakhalin Island','','',''),(321,190,'Asia/Ust-Nera','Moscow+07 - Oymyakonsky','','',''),(322,190,'Asia/Magadan','Moscow+08 (Moscow+07 after 2014-10-26) - Magadan','','',''),(323,190,'Asia/Srednekolymsk','Moscow+08 - E Sakha, N Kuril Is','','',''),(324,190,'Asia/Kamchatka','Moscow+08 (Moscow+09 after 2014-10-26) - Kamchatka','','',''),(325,190,'Asia/Anadyr','Moscow+08 (Moscow+09 after 2014-10-26) - Bering Sea','','',''),(326,188,'Africa/Kigali',NULL,'','',''),(327,9,'Asia/Riyadh',NULL,'','',''),(328,113,'Pacific/Guadalcanal',NULL,'','',''),(329,205,'Indian/Mahe',NULL,'','',''),(330,213,'Africa/Khartoum',NULL,'','',''),(331,214,'Europe/Stockholm',NULL,'','',''),(332,207,'Asia/Singapore',NULL,'','',''),(333,200,'Atlantic/St_Helena',NULL,'','',''),(334,61,'Europe/Ljubljana',NULL,'','',''),(335,217,'Arctic/Longyearbyen',NULL,'','',''),(336,60,'Europe/Bratislava',NULL,'','',''),(337,206,'Africa/Freetown',NULL,'','',''),(338,196,'Europe/San_Marino',NULL,'','',''),(339,203,'Africa/Dakar',NULL,'','',''),(340,209,'Africa/Mogadishu',NULL,'','',''),(341,216,'America/Paramaribo',NULL,'','',''),(342,249,'Africa/Juba',NULL,'','',''),(343,202,'Africa/Sao_Tome',NULL,'','',''),(344,57,'America/El_Salvador',NULL,'','',''),(345,248,'America/Lower_Princes',NULL,'','',''),(346,208,'Asia/Damascus',NULL,'','',''),(347,211,'Africa/Mbabane',NULL,'','',''),(348,114,'America/Grand_Turk',NULL,'','',''),(349,39,'Africa/Ndjamena',NULL,'','',''),(350,223,'Indian/Kerguelen',NULL,'','',''),(351,226,'Africa/Lome',NULL,'','',''),(352,218,'Asia/Bangkok',NULL,'','',''),(353,221,'Asia/Dushanbe',NULL,'','',''),(354,227,'Pacific/Fakaofo',NULL,'','',''),(355,225,'Asia/Dili',NULL,'','',''),(356,231,'Asia/Ashgabat',NULL,'','',''),(357,230,'Africa/Tunis',NULL,'','',''),(358,228,'Pacific/Tongatapu',NULL,'','',''),(359,232,'Europe/Istanbul',NULL,'','',''),(360,229,'America/Port_of_Spain',NULL,'','',''),(361,233,'Pacific/Funafuti',NULL,'','',''),(362,219,'Asia/Taipei',NULL,'','',''),(363,220,'Africa/Dar_es_Salaam',NULL,'','',''),(364,234,'Europe/Kiev','most locations','','',''),(365,234,'Europe/Uzhgorod','Ruthenia','','',''),(366,234,'Europe/Zaporozhye','Zaporozh\'ye, E Lugansk / Zaporizhia, E Luhansk','','',''),(367,235,'Africa/Kampala',NULL,'','',''),(368,111,'Pacific/Johnston','Johnston Atoll','','',''),(369,111,'Pacific/Midway','Midway Islands','','',''),(370,111,'Pacific/Wake','Wake Island','','',''),(371,70,'America/New_York','Eastern Time','','',''),(372,70,'America/Detroit','Eastern Time - Michigan - most locations','','',''),(373,70,'America/Kentucky/Louisville','Eastern Time - Kentucky - Louisville area','','',''),(374,70,'America/Kentucky/Monticello','Eastern Time - Kentucky - Wayne County','','',''),(375,70,'America/Indiana/Indianapolis','Eastern Time - Indiana - most locations','','',''),(376,70,'America/Indiana/Vincennes','Eastern Time - Indiana - Daviess, Dubois, Knox & Martin Counties','','',''),(377,70,'America/Indiana/Winamac','Eastern Time - Indiana - Pulaski County','','',''),(378,70,'America/Indiana/Marengo','Eastern Time - Indiana - Crawford County','','',''),(379,70,'America/Indiana/Petersburg','Eastern Time - Indiana - Pike County','','',''),(380,70,'America/Indiana/Vevay','Eastern Time - Indiana - Switzerland County','','',''),(381,70,'America/Chicago','Central Time','','',''),(382,70,'America/Indiana/Tell_City','Central Time - Indiana - Perry County','','',''),(383,70,'America/Indiana/Knox','Central Time - Indiana - Starke County','','',''),(384,70,'America/Menominee','Central Time - Michigan - Dickinson, Gogebic, Iron & Menominee Counties','','',''),(385,70,'America/North_Dakota/Center','Central Time - North Dakota - Oliver County','','',''),(386,70,'America/North_Dakota/New_Salem','Central Time - North Dakota - Morton County (except Mandan area)','','',''),(387,70,'America/North_Dakota/Beulah','Central Time - North Dakota - Mercer County','','',''),(388,70,'America/Denver','Mountain Time','','',''),(389,70,'America/Boise','Mountain Time - south Idaho & east Oregon','','',''),(390,70,'America/Phoenix','Mountain Standard Time - Arizona (except Navajo)','','',''),(391,70,'America/Los_Angeles','Pacific Time','','',''),(392,70,'America/Metlakatla','Pacific Standard Time - Annette Island, Alaska','','',''),(393,70,'America/Anchorage','Alaska Time','','',''),(394,70,'America/Juneau','Alaska Time - Alaska panhandle','','',''),(395,70,'America/Sitka','Alaska Time - southeast Alaska panhandle','','',''),(396,70,'America/Yakutat','Alaska Time - Alaska panhandle neck','','',''),(397,70,'America/Nome','Alaska Time - west Alaska','','',''),(398,70,'America/Adak','Aleutian Islands','','',''),(399,70,'Pacific/Honolulu','Hawaii','','',''),(400,236,'America/Montevideo',NULL,'','',''),(401,237,'Asia/Samarkand','west Uzbekistan','','',''),(402,237,'Asia/Tashkent','east Uzbekistan','','',''),(403,43,'Europe/Vatican',NULL,'','',''),(404,199,'America/St_Vincent',NULL,'','',''),(405,239,'America/Caracas',NULL,'','',''),(406,115,'America/Tortola',NULL,'','',''),(407,116,'America/St_Thomas',NULL,'','',''),(408,240,'Asia/Ho_Chi_Minh',NULL,'','',''),(409,238,'Pacific/Efate',NULL,'','',''),(410,241,'Pacific/Wallis',NULL,'','',''),(411,192,'Pacific/Apia',NULL,'','',''),(412,242,'Asia/Aden',NULL,'','',''),(413,148,'Indian/Mayotte',NULL,'','',''),(414,212,'Africa/Johannesburg',NULL,'','',''),(415,244,'Africa/Lusaka',NULL,'','',''),(416,245,'Africa/Harare',NULL,'','','');
/*!40000 ALTER TABLE `Timezones` ENABLE KEYS */;
UNLOCK TABLES;

--
-- Table structure for table `TransformationRulesetGroupsTrunks`
--

DROP TABLE IF EXISTS `TransformationRulesetGroupsTrunks`;
/*!40101 SET @saved_cs_client     = @@character_set_client */;
/*!40101 SET character_set_client = utf8 */;
CREATE TABLE `TransformationRulesetGroupsTrunks` (
  `id` int(10) unsigned NOT NULL AUTO_INCREMENT,
  `brandId` int(10) unsigned NOT NULL,
  `name` varchar(100) NOT NULL,
  `caller_in` int(11) DEFAULT NULL,
  `callee_in` int(11) DEFAULT NULL,
  `caller_out` int(11) DEFAULT NULL,
  `callee_out` int(11) DEFAULT NULL,
  `description` varchar(500) NOT NULL DEFAULT '',
  `automatic` tinyint(1) unsigned NOT NULL DEFAULT '0',
  `countryId` int(10) unsigned DEFAULT NULL,
  `internationalCode` varchar(10) DEFAULT NULL,
  `nationalNumLength` int(10) unsigned DEFAULT NULL,
  PRIMARY KEY (`id`),
  UNIQUE KEY `name_brand` (`name`,`brandId`),
  KEY `brandId` (`brandId`),
  KEY `countryId` (`countryId`),
  CONSTRAINT `TransformationRulesetGroupsTrunks_ibfk_1` FOREIGN KEY (`brandId`) REFERENCES `Brands` (`id`) ON DELETE CASCADE,
  CONSTRAINT `TransformationRulesetGroupsTrunks_ibfk_2` FOREIGN KEY (`countryId`) REFERENCES `Countries` (`id`) ON DELETE SET NULL
) ENGINE=InnoDB AUTO_INCREMENT=9 DEFAULT CHARSET=utf8 COMMENT='[entity][rest]';
/*!40101 SET character_set_client = @saved_cs_client */;

--
-- Dumping data for table `TransformationRulesetGroupsTrunks`
--

LOCK TABLES `TransformationRulesetGroupsTrunks` WRITE;
/*!40000 ALTER TABLE `TransformationRulesetGroupsTrunks` DISABLE KEYS */;
INSERT INTO `TransformationRulesetGroupsTrunks` VALUES (2,1,'Duo Telecom',NULL,NULL,NULL,5,'Destino 00+E164 - Origen E164',0,NULL,NULL,NULL),(5,1,'Quitar + en entrada',11,10,NULL,NULL,'Quitar + en entrada',0,3,'00',9),(6,1,'Operador Español',15,14,13,12,'Permitimos números nacionales sin prefijo E164',1,70,'00',9),(7,2,'Operador Español',19,18,17,16,'Permitimos números nacionales sin prefijo E164',1,70,'00',9),(8,1,'E.164 with plus',23,22,21,20,'Poner + en salida, quitar en entrada',0,3,'00',9);
/*!40000 ALTER TABLE `TransformationRulesetGroupsTrunks` ENABLE KEYS */;
UNLOCK TABLES;

--
-- Table structure for table `Users`
--

DROP TABLE IF EXISTS `Users`;
/*!40101 SET @saved_cs_client     = @@character_set_client */;
/*!40101 SET character_set_client = utf8 */;
CREATE TABLE `Users` (
  `id` int(10) unsigned NOT NULL AUTO_INCREMENT,
  `companyId` int(10) unsigned NOT NULL,
  `name` varchar(100) NOT NULL,
  `lastname` varchar(100) NOT NULL,
  `email` varchar(100) DEFAULT NULL,
  `pass` varchar(80) DEFAULT NULL COMMENT '[password]',
  `timezoneId` int(10) unsigned DEFAULT NULL,
  `terminalId` int(10) unsigned DEFAULT NULL,
  `extensionId` int(10) unsigned DEFAULT NULL,
  `outgoingDDIId` int(10) unsigned DEFAULT NULL,
  `outgoingDDIRuleId` int(10) unsigned DEFAULT NULL,
  `callACLId` int(10) unsigned DEFAULT NULL,
  `doNotDisturb` tinyint(1) unsigned NOT NULL DEFAULT '0',
  `isBoss` tinyint(1) unsigned NOT NULL DEFAULT '0',
  `bossAssistantId` int(10) unsigned DEFAULT NULL,
  `exceptionBoosAssistantRegExp` varchar(255) DEFAULT NULL,
  `active` tinyint(1) unsigned NOT NULL DEFAULT '0',
  `maxCalls` smallint(5) unsigned NOT NULL DEFAULT '0',
  `externalIpCalls` tinyint(1) NOT NULL DEFAULT '0' COMMENT '[enum:0|1|2|3]',
  `voicemailEnabled` tinyint(1) unsigned NOT NULL DEFAULT '1',
  `voicemailLocutionId` int(10) unsigned DEFAULT NULL,
  `voicemailSendMail` tinyint(1) unsigned NOT NULL DEFAULT '0',
  `voicemailAttachSound` tinyint(1) unsigned NOT NULL DEFAULT '1',
  `tokenKey` varchar(125) DEFAULT NULL,
  `countryId` int(10) unsigned DEFAULT NULL,
  `languageId` int(10) unsigned DEFAULT NULL,
  `areaCode` varchar(10) DEFAULT NULL,
  `gsQRCode` tinyint(1) unsigned NOT NULL DEFAULT '0',
  PRIMARY KEY (`id`),
  UNIQUE KEY `uniqueTerminalId` (`terminalId`),
  UNIQUE KEY `uniqueExtensionId` (`extensionId`),
  UNIQUE KEY `duplicateEmail` (`email`),
  KEY `companyId` (`companyId`),
  KEY `timezoneId` (`timezoneId`),
  KEY `outgoingDDIId` (`outgoingDDIId`),
  KEY `callACLId` (`callACLId`),
  KEY `bossAssistantId` (`bossAssistantId`),
  KEY `countryId` (`countryId`),
  KEY `languageId` (`languageId`),
  KEY `outgoingDDIRuleId` (`outgoingDDIRuleId`),
  KEY `voicemailLocutionId` (`voicemailLocutionId`),
  CONSTRAINT `Users_ibfk_1` FOREIGN KEY (`companyId`) REFERENCES `Companies` (`id`) ON DELETE CASCADE,
  CONSTRAINT `Users_ibfk_10` FOREIGN KEY (`callACLId`) REFERENCES `CallACL` (`id`) ON DELETE SET NULL,
  CONSTRAINT `Users_ibfk_11` FOREIGN KEY (`bossAssistantId`) REFERENCES `Users` (`id`) ON DELETE SET NULL,
  CONSTRAINT `Users_ibfk_12` FOREIGN KEY (`countryId`) REFERENCES `Countries` (`id`) ON DELETE SET NULL,
  CONSTRAINT `Users_ibfk_13` FOREIGN KEY (`languageId`) REFERENCES `Languages` (`id`) ON DELETE SET NULL,
  CONSTRAINT `Users_ibfk_14` FOREIGN KEY (`outgoingDDIRuleId`) REFERENCES `OutgoingDDIRules` (`id`) ON DELETE SET NULL,
  CONSTRAINT `Users_ibfk_15` FOREIGN KEY (`voicemailLocutionId`) REFERENCES `Locutions` (`id`) ON DELETE SET NULL,
  CONSTRAINT `Users_ibfk_3` FOREIGN KEY (`terminalId`) REFERENCES `Terminals` (`id`) ON DELETE SET NULL,
  CONSTRAINT `Users_ibfk_7` FOREIGN KEY (`extensionId`) REFERENCES `Extensions` (`id`) ON DELETE SET NULL,
  CONSTRAINT `Users_ibfk_8` FOREIGN KEY (`timezoneId`) REFERENCES `Timezones` (`id`) ON DELETE SET NULL,
  CONSTRAINT `Users_ibfk_9` FOREIGN KEY (`outgoingDDIId`) REFERENCES `DDIs` (`id`) ON DELETE SET NULL
) ENGINE=InnoDB AUTO_INCREMENT=375 DEFAULT CHARSET=utf8 COMMENT='[entity][rest]';
/*!40101 SET character_set_client = @saved_cs_client */;

--
-- Dumping data for table `Users`
--

LOCK TABLES `Users` WRITE;
/*!40000 ALTER TABLE `Users` DISABLE KEYS */;
INSERT INTO `Users` VALUES (3,3,'Carlos','Cruz','carloscruz@irontec.com','$5$rounds=5000$438276fb$ortTpr/3jRad4Sy7DwJEpGDfjbXlZEblZ.wVX3pdii6',145,42,32,16,NULL,NULL,0,0,NULL,'',1,1,0,1,NULL,0,1,'ec6a6536ca304edf844d1d248a4f08dc',NULL,2,'admin',0),(9,5,'Rafael','Rivadulla','rafael@agronovo.es','$5$rounds=5000$896dd38c$AZJF45qmfFJOyEXujh1gyPbwxcnVKUTtA.HrpDEJGQ9',145,13,16,9,NULL,4,0,0,NULL,'',1,1,0,1,NULL,1,1,'d061a028bd871886815285c836d73680',NULL,NULL,'',0),(10,5,'Xisela','Agronovo','xisela@agronovo.es','$5$rounds=5000$5169cd2e$AGpIGEW0rgouyJof.gIN.nn5F0k3aahk62Ps3SoKuq9',145,14,17,9,NULL,4,0,0,NULL,'',1,1,0,1,NULL,1,1,'908f5e1e19a88d407b491cf7967e903f',NULL,NULL,'',0),(11,5,'Javier','Agronovo','javier@agronovo.es','$5$rounds=5000$aaba3c4a$yVLmuJ1sf9Vh5Y0vlYdHyNunw5z5VbGNHsM39q.4ju6',145,23,15,9,NULL,4,0,0,NULL,'',1,1,0,1,NULL,1,1,'1591ecaac30637773bf421a1470ee543',NULL,NULL,'',0),(12,5,'Suso','Agronovo','suso@agronovo.es','$5$rounds=5000$982b0546$JuzEDKTOmsdsUhs9yKwpx1JYSKJmDaKekY0yXYlh1F/',145,22,14,9,NULL,4,0,0,NULL,'',1,1,0,1,NULL,1,1,'ce3de02e5227a8f43d31bea75cefdf8a',NULL,NULL,'',0),(13,5,'Luisa','Agronovo','luisa@agronovo.es','$5$rounds=5000$9c9de8c6$pf5xq7Hz9Uo1mGJccEMewmsUnYlkctnr7DQTuPf8zO4',145,19,18,9,NULL,4,0,0,NULL,'',1,1,0,1,NULL,1,1,'3dfcf1a589719cf535fed5925ebc21bf',NULL,NULL,NULL,0),(20,6,'Christian','Garcia','christian.garcia@tedra.es','$5$rounds=5000$d7b0143a$QCsp3dO2m0iICTSjWX1TtXzEQhPMrFRKa63eFpWROqC',145,31,396,10,NULL,NULL,0,1,296,'',1,2,1,1,NULL,1,1,'94d0ec5bc5df0d2c8f7672d9f8a4c0be',NULL,NULL,'',0),(24,7,'Bloomberg','.',NULL,NULL,145,36,27,285,NULL,6,0,0,NULL,'',0,1,0,1,NULL,0,1,'05ad6e83a22aaf9c305885077d6931d5',NULL,NULL,'',0),(25,7,'Yolanda','.',NULL,NULL,145,37,28,285,NULL,6,0,0,NULL,'',0,1,0,1,NULL,0,1,'55257a5b74d57ba1210a1ed8947498b5',NULL,NULL,'',0),(26,7,'Jaime','.',NULL,NULL,145,38,29,285,NULL,6,0,0,NULL,'',0,1,0,1,NULL,0,1,'2693cfd85db50097e1fc832b8e36594e',NULL,1,'',0),(27,7,'Susana','.',NULL,NULL,145,39,30,285,NULL,NULL,0,0,NULL,'',0,4,0,1,NULL,0,1,'852eff41982ec90c032a471a40f3bdbf',NULL,1,'',0),(28,7,'MAngeles','.',NULL,NULL,145,40,31,285,NULL,6,0,0,NULL,'',0,4,0,1,NULL,0,1,'02392ee12354296981c72bad5cc7d6f0',NULL,1,'',0),(29,3,'Demo','One','carlos@irontec.com',NULL,145,43,3,16,NULL,11,0,0,NULL,'',0,1,0,1,NULL,1,1,'def30236dbc2097182b3433c9480f1db',NULL,2,'',0),(30,6,'Christian','Nautico',NULL,NULL,145,44,33,10,NULL,5,0,0,NULL,'',0,1,0,1,NULL,1,1,'4b92451c2461ac8a3d89f19f3760b55c',NULL,NULL,'',0),(31,3,'Demo','Two',NULL,NULL,145,45,34,16,NULL,11,0,0,NULL,'',0,1,0,1,NULL,0,1,'ec6a6536ca304edf844d1d248a4f08dc',NULL,NULL,'',0),(33,7,'Sala Pequeña','.',NULL,NULL,145,47,36,285,NULL,6,0,0,NULL,'',0,1,0,1,NULL,0,1,'05039f9dde713185c3915350a6923041',NULL,NULL,'',0),(34,7,'Sala Grande','.',NULL,NULL,145,48,37,285,NULL,6,0,0,NULL,'',0,1,0,1,NULL,0,1,'c0e7cc56deafe3ff76c5d41d3ede3ec4',NULL,NULL,'',0),(35,7,'Esther','.',NULL,NULL,145,49,42,285,NULL,6,0,0,NULL,'',0,1,0,1,NULL,0,1,'356dddc0fa1816364933163ff98cd89e',NULL,NULL,'',0),(36,7,'Miguel','.',NULL,NULL,145,50,43,285,NULL,6,0,0,NULL,'',0,1,0,1,NULL,0,1,'ce4817cf4b90eb1fce202b7be4bf015b',NULL,NULL,'',0),(37,7,'Gabriel','.',NULL,NULL,145,51,44,285,NULL,6,0,0,NULL,'',0,1,0,1,NULL,0,1,'b4ff5dfc36080f7d8674f6ed55e8bd2d',NULL,NULL,'',0),(38,7,'JLG','.',NULL,NULL,145,52,45,285,NULL,6,0,0,NULL,'',0,1,0,1,NULL,0,1,'1132f631c1bb6771e7ba73bbd890785a',NULL,NULL,'',0),(39,7,'JCC','.',NULL,NULL,145,53,46,285,NULL,6,0,0,NULL,'',0,1,0,1,NULL,0,1,'9a57afda3043644fc95e8dbcde11bfa5',NULL,NULL,'',0),(40,7,'JLC','.',NULL,NULL,145,54,47,285,NULL,6,0,0,NULL,'',0,1,0,1,NULL,0,1,'f0ae89d3315c8f51f6bf25bf67d5a113',NULL,NULL,'',0),(41,7,'Cocina','.',NULL,NULL,145,334,48,285,NULL,6,0,0,NULL,'',0,1,0,1,NULL,0,1,'3942e1f65c7ff35e1712960b017c9c0d',NULL,NULL,'',0),(42,6,'Jose Luis','Correa Pombo','joseluis.correa@tedra.es','$5$rounds=5000$25c64eb7$J40bPqaPsVi3Rc8FVtWtqyeeDu/TG1JHYrbLwYjjiRA',145,56,49,10,NULL,5,0,0,NULL,'',1,1,0,1,NULL,1,1,'7a90a432efac67c62a3895644ac8e240',NULL,NULL,NULL,0),(43,9,'Administración','Álvarez','chus@alvarezyasociados.com','$5$rounds=5000$ecfa6277$.gyof8arIbAsqQiCGgWum178oSLKHZwY4OQnxhbXyH6',145,59,50,23,NULL,7,0,0,NULL,'',1,1,0,1,NULL,1,1,'10cb3e9fc8e658dfe430ee9932172061',NULL,1,'',0),(44,9,'TEST','Alvarez','carlos+alvarez@irontec.com',NULL,145,57,53,23,NULL,7,0,0,NULL,'',0,1,0,1,NULL,1,1,'0cae0f89606d38bd0ac10a05fee00392',NULL,NULL,'',0),(45,9,'Recepción','Alvarez','infoclinica@alvarezyasociados.com','$5$rounds=5000$be3e55a1$r3e8XfeChPcip4xGsZadYYMUrEbf8uFt1fCxlaHDUgC',145,58,51,23,NULL,7,0,0,NULL,'',1,1,0,1,NULL,1,1,'895ab8fb2993147ea9aa39c57035d9fa',NULL,NULL,NULL,0),(46,9,'Despacho','Alvarez',NULL,NULL,145,60,52,23,NULL,7,0,0,NULL,'',0,1,0,1,NULL,0,1,'5a14c0fe54ae1bdedda5d1197788baa5',NULL,NULL,'',0),(47,9,'SEC','Alvarez',NULL,NULL,145,61,54,23,NULL,7,0,0,NULL,'',0,1,0,1,NULL,1,1,'e18066e38b5dcd7fb149b93f1d3205f2',NULL,NULL,NULL,0),(48,9,'Consulta2','Álvarez',NULL,NULL,145,62,55,23,NULL,7,0,0,NULL,'',0,1,0,1,NULL,1,1,'e820d793f28a6448673dba20376db45b',NULL,NULL,NULL,0),(56,3,'Carlos','GS','carlos+gs@irontec.com','$5$rounds=5000$0014714a$D0RphCukm5.uGzzf2zBXbaAG4c.maFLVMpj1FdKe1gB',145,358,60,16,NULL,11,0,0,NULL,'',1,1,0,1,NULL,0,1,'8020744947ab8cfe686e78bc3c53039f',NULL,NULL,'',1),(57,6,'Christian','Bria',NULL,NULL,145,69,61,10,NULL,5,0,0,NULL,'',0,1,0,1,NULL,0,1,'5029c4afb28eccc2e940d0a3b4a80091',NULL,NULL,'',0),(58,10,'ELAB1','NOVAQUALITY',NULL,NULL,145,70,62,47,NULL,8,0,0,NULL,'',0,1,0,1,NULL,1,1,'aa6afbe479b67d4fc6c92e8fb7f227b6',NULL,NULL,NULL,0),(59,10,'ELAB2','NOVAQUALITY',NULL,NULL,145,81,63,47,NULL,8,0,0,NULL,'',0,1,0,1,NULL,1,1,'1eefbb430cb2aff87a591dd88a470e49',NULL,NULL,NULL,0),(60,10,'ELAB3','NOVAQUALITY',NULL,NULL,145,82,64,47,NULL,8,0,0,NULL,'',0,1,0,1,NULL,1,1,'67080976f05519467eab397ea28b5a10',NULL,NULL,NULL,0),(61,10,'ELAB4','NOVAQUALITY',NULL,NULL,145,83,65,47,NULL,8,0,0,NULL,'',0,1,0,1,NULL,1,1,'fcb368e53b2e4cd2bbd1434bdea54b18',NULL,NULL,NULL,0),(62,10,'ELAB5','NOVAQUALITY',NULL,NULL,145,84,66,47,NULL,8,0,0,NULL,'',0,1,0,1,NULL,1,1,'9135efce4263d9e23719c2fc1d987291',NULL,NULL,NULL,0),(63,10,'ELAB6','NOVAQUALITY',NULL,NULL,145,85,67,47,NULL,8,0,0,NULL,'',0,1,0,1,NULL,1,1,'527aab206029ccc4a5f77606bd0d8428',NULL,NULL,NULL,0),(64,10,'ELAB7','NOVAQUALITY',NULL,NULL,145,86,68,47,NULL,8,0,0,NULL,'',0,1,0,1,NULL,1,1,'62c3c27869e71c9a0d1ab1d6e3ce5056',NULL,NULL,NULL,0),(65,10,'ELAB8','NOVAQUALITY',NULL,NULL,145,87,69,47,NULL,8,0,0,NULL,'',0,1,0,1,NULL,1,1,'f945cd6813125ac462da83ee2678ac68',NULL,NULL,NULL,0),(66,10,'ELAB9','NOVAQUALITY',NULL,NULL,145,88,70,47,NULL,8,0,0,NULL,'',0,1,0,1,NULL,0,1,'cba3533714aa99caa5fafb8d3335c634',NULL,NULL,'',0),(67,10,'ELAB10','NOVAQUALITY',NULL,NULL,145,89,71,47,NULL,8,0,0,NULL,'',0,1,0,1,NULL,1,1,'08aca1a2de0a3382bb3ff1e171c3622c',NULL,NULL,NULL,0),(68,10,'Raquel','Hernández',NULL,NULL,145,71,72,47,NULL,8,0,0,NULL,'',0,1,0,1,NULL,0,1,'92cc4ebdc953631f0471504ca390c506',NULL,NULL,'',0),(69,10,'Administracion','Novaquality',NULL,NULL,145,72,73,47,NULL,8,0,0,NULL,'',0,1,0,1,NULL,0,1,'8bfd139fdf63757a9e2f4a800837d86c',NULL,NULL,'',0),(70,10,'Departamento Técnico','Novaquality',NULL,NULL,145,73,74,47,NULL,8,0,0,NULL,'',0,1,0,1,NULL,0,1,'119a64243ab57c5a7e34baa04432a0aa',NULL,NULL,NULL,0),(71,10,'Emailing','Novaquality',NULL,NULL,145,74,75,47,NULL,8,0,0,NULL,'',0,1,0,1,NULL,1,1,'43a9c7dc8e6347eaad6bf7c208373a5d',NULL,NULL,NULL,0),(72,10,'Rocío','Vicente',NULL,NULL,145,75,76,47,NULL,8,0,0,NULL,'',0,1,0,1,NULL,0,1,'0d4bd3c781b05ef6769bb2979109d7f7',NULL,NULL,'',0),(73,10,'Recursos','Humanos',NULL,NULL,145,76,77,47,NULL,8,0,0,NULL,'',0,1,0,1,NULL,1,1,'6369e64dff1dad79fac239904e7c1d60',NULL,NULL,NULL,0),(74,10,'ELAB11','NOVAQUALITY',NULL,NULL,145,77,78,47,NULL,8,0,0,NULL,'',0,1,0,1,NULL,1,1,'f078581c2f93928235482d88cdc219d1',NULL,NULL,NULL,0),(75,10,'Sala','Formación',NULL,NULL,145,78,79,47,NULL,8,0,0,NULL,'',0,1,0,1,NULL,0,1,'7b3f96bed3b54c2737f3f69382ffdbe9',NULL,NULL,'',0),(76,10,'Pedro','Herrera',NULL,NULL,145,79,80,47,NULL,8,0,0,NULL,'',0,1,0,1,NULL,0,1,'6354e065f08bcba22f660e89d1b2eed6',NULL,NULL,'',0),(77,10,'Sala','Reuniones',NULL,NULL,145,80,81,47,NULL,8,0,0,NULL,'',0,1,0,1,NULL,1,1,'8e1705918799ee0a25f5e4f50e0076b8',NULL,NULL,NULL,0),(80,8,'Administration NY','Altamar','jcecala@altamarcapital.com','$5$rounds=5000$2c5ab2c6$tbzT9p5IpmllB2NX.SefLQSB.rt2a21pcw.GxDAAfQ9',371,90,85,52,NULL,9,0,0,NULL,'',1,1,3,1,NULL,1,1,'cad97e3711a78bc68060b447ddec5594',235,2,'646',0),(82,8,'Rocio','Heres','rheres@altamarcapital.com','$5$rounds=5000$9824c615$LUJLwiNn/P1oKAOxFIBK7rW6KR9YOaoL.GJqndbaQD1',371,95,88,55,NULL,9,0,0,NULL,'',1,1,3,1,NULL,1,1,'974e1df2483460cd49ef47ae596809a1',235,2,'646',0),(83,8,'Hector','Moreno','hmoreno@altamarcapital.com','$5$rounds=5000$c0fa2434$8HGUsikHxEqPsxoE/y7DxU.MB.JZ5a/kb414q6sgcF2',371,94,87,54,NULL,9,0,0,NULL,'',1,1,3,1,NULL,1,1,'a5fa213645d4659b4727597db8b84609',235,2,'646',0),(85,8,'Conference room','NY01','info@altamarsecondaries.com','$5$rounds=5000$7f2abeaa$YVH5.xbEMlNViB5OtOhJmWDfecldj3Rn.vPv1/5v7IB',371,96,94,51,NULL,9,0,0,NULL,'',1,1,3,1,NULL,1,1,'e0654a7615b8bb816bb87b58f236712f',235,2,'646',0),(86,8,'Alvaro','Maestre','amaestre@altamarcapital.com','$5$rounds=5000$d0bbaed6$zx6wYkgrq/8RaVY77Ec23NsKhdPmAQ4AqRqggUNkK50',371,97,89,56,NULL,9,0,0,NULL,'',1,1,3,1,NULL,1,1,'648d2230ee7277960c5afe2c91026ed6',235,2,'646',0),(87,11,'test1','april',NULL,NULL,145,NULL,296,248,NULL,10,0,0,NULL,'',0,1,0,1,NULL,0,1,'3268fec2271f97b9221fb4fd09b7f7f0',NULL,NULL,'',0),(88,11,'test2','april',NULL,NULL,145,NULL,297,249,NULL,10,0,0,NULL,'',0,1,0,1,NULL,0,1,'986f652497136d85aeda02608f94b500',NULL,NULL,'',0),(92,8,'Derek','Snyder','dsnyder@altamarcapital.com','$5$rounds=5000$15b7353e$oZfLgflX6Ru21CsyuzoKUU5r6XVdTdy4FbNswBOAYmC',371,102,90,57,NULL,NULL,0,0,NULL,'',1,1,3,1,NULL,1,1,'ec6a6536ca304edf844d1d248a4f08dc',235,2,'646',0),(93,6,'Miguel','Herrero','miguel.herrero@tedra.es','$5$rounds=5000$fcec4742$9kusevHqH87V9U4IfcZuLCLOoBFx3hbnea4VaFCAtF5',145,300,395,10,NULL,5,0,0,NULL,'',1,1,0,1,NULL,1,1,'ec6a6536ca304edf844d1d248a4f08dc',NULL,1,'',0),(95,3,'Josele','Ysutele','carloscruzluengo@irontec.com','$5$rounds=5000$979fe46d$2S0DTFDMN2bPW2PtIc5.v5gYR0VqCCGEmjePJWD.RB/',145,105,301,16,NULL,NULL,0,0,NULL,'',1,1,0,1,NULL,0,1,'8020744947ab8cfe686e78bc3c53039f',NULL,NULL,'',1),(96,3,'Teveintiocho','Conluces','carlos+trap@irontec.com','$5$rounds=5000$078e605b$e2/OcwEkS6uvcjOKzsG04rw8y0RJ9lkeYaDIBCRRBq/',145,315,400,16,NULL,NULL,0,0,NULL,'',1,1,0,1,NULL,1,1,'def30236dbc2097182b3433c9480f1db',NULL,NULL,'',0),(97,10,'ELAB12','NOVAQUALITY',NULL,NULL,145,107,303,47,NULL,NULL,0,0,NULL,'',0,1,0,1,NULL,0,1,NULL,NULL,NULL,'',0),(98,12,'Miguel','Herrero','mhercol@gmail.com','$5$rounds=5000$addd30ed$S476PkCY247USc4e3t0ST6ZycWH9P4ZshiVkb5/7zB2',145,108,304,79,NULL,NULL,0,0,NULL,'',1,1,0,1,NULL,1,1,'ec6a6536ca304edf844d1d248a4f08dc',NULL,NULL,'',0),(99,8,'irontec','migracion',NULL,NULL,145,242,305,63,NULL,NULL,0,0,NULL,'',0,1,3,1,NULL,0,1,NULL,NULL,NULL,'',0),(100,8,'Elisa','Alfonso','ealfonso@altamarcapital.com','$5$rounds=5000$998f2bcf$A39raWMVQLfW4ZWqgMvrS2i8TMIeguu1pnGqGk16Eo0',145,206,143,105,NULL,9,0,0,NULL,'',1,0,3,1,NULL,1,1,'ec6a6536ca304edf844d1d248a4f08dc',70,NULL,'748',0),(101,8,'Marta','Barrionuevo','mbarrionuevo@altamarcapital.com','$5$rounds=5000$3fe210a4$SVJaHuGK3FGy52FolQdouEIyQlzE1TGUBI5uuA8p0jD',145,194,142,186,NULL,9,0,0,NULL,'',1,0,3,1,NULL,1,1,'ec6a6536ca304edf844d1d248a4f08dc',NULL,NULL,'747',0),(102,8,'Victoria','Peña','vpena@altamarcapital.com','$5$rounds=5000$4d52adcb$O/pYs4kJC/N7EX4rKgBQX6n.QAReaK2eSA8KSNch8.D',145,196,147,104,NULL,9,0,0,NULL,'',1,1,3,1,NULL,1,1,'ec6a6536ca304edf844d1d248a4f08dc',70,NULL,'752',0),(103,8,'Angel','Verdejo','averdejo@altamarcapital.com','$5$rounds=5000$74c5b743$TENtUO.jyVrK8NfySGO1LlDIZV6fSgiTIztjtQRqmM7',145,119,162,114,NULL,9,0,0,NULL,'',1,0,3,1,NULL,1,1,'ec6a6536ca304edf844d1d248a4f08dc',70,NULL,'767',0),(104,8,'Florencio','novillo','fnovillo@altamarcapital.com','$5$rounds=5000$b73c4cca$v5fTaobhmzvwa.Q6LeTst8VW9oqtRZ4jaqC.PAFdWZ8',145,125,199,91,NULL,9,0,0,NULL,'',1,0,3,1,NULL,1,1,'ec6a6536ca304edf844d1d248a4f08dc',NULL,NULL,'604',0),(105,8,'Santiago','de Cardenas','sdecardenas@altamarcapital.com','$5$rounds=5000$b3260442$e189fpJ0mIBcNfzQdoq4zSZOgLJlve1Cy6wRQzNXOqC',145,NULL,NULL,107,NULL,9,0,0,NULL,'',1,0,3,1,NULL,1,1,'ec6a6536ca304edf844d1d248a4f08dc',70,NULL,'726',0),(106,8,'Alfonso','Garcia-Morales','agarciamorales@altamarcapital.com','$5$rounds=5000$f867197a$aGxtNl.2MyG5s7KCCqVV3/VVMtN.uT7tR17eQ8NWlZ0',145,190,132,106,NULL,9,0,0,NULL,'',1,0,3,1,NULL,1,1,'ec6a6536ca304edf844d1d248a4f08dc',70,NULL,'737',0),(107,8,'Claudia','Espronceda','cespronceda@altamarcapital.com','$5$rounds=5000$f8a67ce4$mkTGlZGD5JEr0gjVOFNAT0tjid41bRf1z4oXsNx3ih8',145,188,117,109,NULL,9,0,0,NULL,'',1,0,3,1,NULL,1,1,'ec6a6536ca304edf844d1d248a4f08dc',70,NULL,'722',0),(109,8,'Manuel','Corpa','mcorpa@altamarcapital.com','$5$rounds=5000$4ec2d21c$jopBULvEQC3hejUK3Sjs19OL/10.289d1EsiVolUVx9',145,184,110,111,NULL,9,0,0,NULL,'',1,0,3,1,NULL,1,1,'ec6a6536ca304edf844d1d248a4f08dc',70,NULL,'715',0),(110,8,'Alfonso','Gallego','agallego@altamarcapital.com','$5$rounds=5000$f0c29c56$72CGMJRV5lIVWjYYjwVJqzftDKvBbSqWNqsmaB9kok1',145,186,115,110,NULL,9,0,0,NULL,'',1,0,3,1,NULL,1,1,'ec6a6536ca304edf844d1d248a4f08dc',70,NULL,'720',0),(111,8,'Joaquin','Diaz Regañon','jdiazreganon@altamarcapital.com','$5$rounds=5000$8088b3b6$SHRN7inid4Yo4yF6PFHIu088Frz9xM4P4X5yGhpIOBD',145,138,99,112,NULL,9,0,0,NULL,'',1,0,3,1,NULL,1,1,'ec6a6536ca304edf844d1d248a4f08dc',70,NULL,'704',0),(112,8,'Javier','Ezcurdia','jezcurdia@altamarcapital.com','$5$rounds=5000$473a0446$w/aRt8oOsrgpIpNyKTKaxdNOQy9fh1jViqhA5Aa2f99',145,191,133,108,NULL,9,0,0,NULL,'',1,0,3,1,NULL,1,1,'ec6a6536ca304edf844d1d248a4f08dc',70,NULL,'738',0),(113,8,'Manuel','Silvestre','msilvestre@altamarcapital.com','$5$rounds=5000$8616ef68$D6xUymUb/LLAFcSkAotclBGHEzrRn7pCbyJhagrtn4C',145,149,109,113,NULL,9,0,0,NULL,'',1,0,3,1,NULL,1,1,'ec6a6536ca304edf844d1d248a4f08dc',70,NULL,'714',0),(114,8,'Rocio','Fernandez','rfernandez@altamarcapital.com','$5$rounds=5000$fb5a7584$m/fURdJmpTcYPCwVio91nrvzWM0XiUXBDvKM8rbx/P2',145,158,105,121,NULL,9,0,0,NULL,'',1,0,3,1,NULL,1,1,'ec6a6536ca304edf844d1d248a4f08dc',NULL,NULL,'710',0),(115,8,'Ignacio','Alvarez','ialvarez@altamarcapital.com','$5$rounds=5000$437f06b8$IJ2qAqeljIwgOnIs0Uae66c90v5yvUNBS9HS.wgNWX9',145,112,152,97,NULL,NULL,0,0,NULL,'',1,0,3,1,NULL,1,1,'ec6a6536ca304edf844d1d248a4f08dc',70,NULL,'757',0),(116,8,'Monica','Aguirre','maguirre@altamarcapital.com','$5$rounds=5000$46f7a932$vevMlFk3kQ9MdXcgj8LbwYvYn9y/1FeUaaI3x1waQs6',145,111,198,66,NULL,9,0,0,NULL,'',1,0,3,1,NULL,1,1,'ec6a6536ca304edf844d1d248a4f08dc',70,NULL,'603',0),(117,8,'Javier','Simon','jsimon@altamarcapital.com','$5$rounds=5000$eef68df1$uTVhD3AxZ/ANiwkwy8WO37Sh67wXL8g4YFi1fx.eW3A',145,197,149,99,NULL,9,0,0,NULL,'',1,0,3,1,NULL,1,1,'ec6a6536ca304edf844d1d248a4f08dc',NULL,NULL,'754',0),(118,8,'Jose Luis','Vicente','jlvicente@puntotec.com','$5$rounds=5000$a951cbb5$Yh3Rrfr7nUK6TMg9Hbd.3WH5ELiyewfllV42wRXhiND',145,193,140,96,NULL,9,0,0,NULL,'',1,0,3,1,NULL,1,1,'ec6a6536ca304edf844d1d248a4f08dc',NULL,NULL,'745',0),(119,8,'Paloma','Ybarra','pybarra@altamarcapital.com','$5$rounds=5000$c47fef53$HVfEko6Gh3N7/qIesICw51hGONAWMNIE4sMYHWIKcaA',145,174,107,150,NULL,9,0,0,NULL,'',1,0,3,1,NULL,1,1,'ec6a6536ca304edf844d1d248a4f08dc',70,NULL,'712',0),(120,8,'Gonzalo','Verdera','gverdera@altamarcapital.com','$5$rounds=5000$4ef2b088$IZbZg2qvr4WffnVAw0AfL7R/IB8QEtzBkjsPUY026o7',145,130,139,193,NULL,9,0,0,NULL,'',1,0,3,1,NULL,1,1,'ec6a6536ca304edf844d1d248a4f08dc',NULL,NULL,'744',0),(121,8,'Alvaro','Gonzalez','agonzalez@altamarcapital.com','$5$rounds=5000$d2d044d9$FSGIB1v69gQ1qu.WgZfdOOnmbisMsvU8FfKIhPcn/l2',145,116,191,148,NULL,9,0,0,NULL,'',1,0,3,1,NULL,1,1,'ec6a6536ca304edf844d1d248a4f08dc',70,NULL,'796',0),(122,8,'Elena','Gonzalez','egonzalez@altamarcapital.com','$5$rounds=5000$99bcd4ff$5FEFLM0yRZhD4sokDJRd7z5b5r6glN/loddW8iOrBxD',145,205,106,175,NULL,9,0,0,NULL,'',1,0,3,1,NULL,1,1,'ec6a6536ca304edf844d1d248a4f08dc',70,NULL,'711',0),(123,8,'Alejandra','Entrecanales','aentrecanales@altamarcapital.com','$5$rounds=5000$20bc5dd9$kB1HQdIvAmjgLgDuf6TUfwJi1zK1EyFsKil2y526LT8',145,195,146,142,NULL,9,0,0,NULL,'',1,0,3,1,NULL,1,1,'ec6a6536ca304edf844d1d248a4f08dc',NULL,NULL,'751',0),(124,8,'Noemi','Garcia','ngarcia@altamarcapital.com','$5$rounds=5000$46ab15a4$5t25soXu/UYuEqfHHC6PZbUBCt2rmqH0QoM8J4vXvo6',145,207,148,136,NULL,9,0,0,NULL,'',1,0,3,1,NULL,1,1,'ec6a6536ca304edf844d1d248a4f08dc',70,NULL,'753',0),(125,8,'Honorio','Maura','hmaura@altamarcapital.com','$5$rounds=5000$e9fc3064$5eYMN.SP5RN9.t1uXu87t2x/03LL0lNgcwlalEA3kJ/',145,133,165,145,NULL,9,0,0,NULL,'',1,0,3,1,NULL,1,1,'ec6a6536ca304edf844d1d248a4f08dc',NULL,NULL,'770',0),(127,8,'Patricia','Cedrun','pcedrun@altamarcapital.com','$5$rounds=5000$ae5b45d0$057NLIACcm7yKzzgqR/0t5E1D09FVtIeOXT1FPZiyX8',145,209,108,137,NULL,9,0,0,NULL,'',1,0,3,1,NULL,1,1,'ec6a6536ca304edf844d1d248a4f08dc',70,NULL,'713',0),(128,8,'Maria','Domiguez','mdominguez@altamarcapital.com','$5$rounds=5000$2f78d412$bcriFuTZibhu77OklgbBxy3Lhhx4fab5bbBzvEKZC7C',145,192,138,140,NULL,9,0,0,NULL,'',1,0,3,1,NULL,1,1,'ec6a6536ca304edf844d1d248a4f08dc',70,NULL,'742',0),(130,8,'Damien','Vallortigara','dvallortigara@altamarcapital.com','$5$rounds=5000$e94fb04a$QyHMq5Zu0lapXWMAF3XgqWHYARxHyS9FdBGtlVEsRE1',145,198,150,141,NULL,9,0,0,NULL,'',1,0,3,1,NULL,1,1,'ec6a6536ca304edf844d1d248a4f08dc',70,NULL,'755',0),(131,8,'Juan','Villena','jvillena@altamarcapital.com','$5$rounds=5000$f08f3b96$jh.41bzlgsItvCT/mnHs7t8sJraFII9Ty1pFIRbd1qA',145,187,116,122,NULL,9,0,0,NULL,'',1,0,3,1,NULL,1,1,'ec6a6536ca304edf844d1d248a4f08dc',70,NULL,'721',0),(134,8,'Pablo','Gomez','pgomez@altamarcapital.com','$5$rounds=5000$bd01715d$vissxIeWP/TWg83ayA4pviOIzcTRzdf/V/.fzIM7r8/',145,182,100,123,NULL,9,0,0,NULL,'',1,0,3,1,NULL,1,1,'ec6a6536ca304edf844d1d248a4f08dc',NULL,NULL,'705',0),(135,8,'Beatriz','Parias','bparias@altamarcapital.com','$5$rounds=5000$1508f9a0$PQAfPy08CUtKssmhjorIXjqq.G5Z0rGAjC9FnGFvl09',145,122,104,149,NULL,9,0,0,NULL,'',1,0,3,1,NULL,1,1,'ec6a6536ca304edf844d1d248a4f08dc',70,NULL,'709',0),(136,8,'Pilar','Drake','pdrake@altamarcapital.com','$5$rounds=5000$0316a11a$H7NSsjtJO1owcdSr7fENud73D3PT4yHDUoqSkmrcc2C',145,157,192,189,NULL,9,0,0,NULL,'',1,0,3,1,NULL,1,1,'ec6a6536ca304edf844d1d248a4f08dc',NULL,NULL,'797',0),(137,8,'Ignacio','de la Mora','idelamora@altamarcapital.com','$5$rounds=5000$f13bea20$zzHc1JeZveqDlAUlMAJXaphfYDf9fdMVigHgZfLPcv1',145,169,103,174,NULL,9,0,0,NULL,'',1,0,3,1,NULL,1,1,'ec6a6536ca304edf844d1d248a4f08dc',70,NULL,'708',0),(138,8,'Miguel','Echenique','mechenique@altamarcapital.com','$5$rounds=5000$9a25ec20$5.S8Ro0myUdkBvK0poDLpIBSny9NvUAK3xc/sO4Dkm3',371,152,93,60,NULL,9,0,0,NULL,'',1,0,3,1,NULL,1,1,'ec6a6536ca304edf844d1d248a4f08dc',235,NULL,'958',0),(139,8,'Jose Luis','Molina','jmolina@altamarcapital.com','$5$rounds=5000$81cebb7a$cWXGXwPMSEcDQZp7bOuMcTZz6XvIO.5WtAHCLxO7dt1',145,173,98,91,NULL,9,0,0,NULL,'',1,0,3,1,NULL,1,1,'ec6a6536ca304edf844d1d248a4f08dc',70,NULL,'703',0),(140,8,'Miguel','Zurita','mzurita@altamarcapital.com','$5$rounds=5000$1def4a2e$n.P4vsr1/BGGmuPRc3cjb8lwo9N.MsnqS5nros187MC',145,172,97,91,NULL,9,0,0,NULL,'',1,0,3,1,NULL,1,1,'ec6a6536ca304edf844d1d248a4f08dc',70,NULL,'702',0),(141,8,'Ines','Soto','isoto@altamarcapital.com','$5$rounds=5000$80b153f3$j8fcOJnou/0ppOur/5wWgIh6L64Owk0ZwyhHgRuDcgC',145,134,113,157,NULL,9,0,0,NULL,'',1,0,3,1,NULL,1,1,'ec6a6536ca304edf844d1d248a4f08dc',70,NULL,'718',0),(142,8,'Mar','Alvarez','malvarez@altamarcapital.com','$5$rounds=5000$b7b8344c$EnmTnEVIiN3ICr.r6QBYviAJdlbzW8yUhByJHd8240B',145,150,111,155,NULL,9,0,0,NULL,'',1,0,3,1,NULL,1,1,'ec6a6536ca304edf844d1d248a4f08dc',70,NULL,'716',0),(143,8,'Demetrio','Carceller','dcarceller@altamarcapital.com','$5$rounds=5000$06b00cad$c46l1j9Yi9iWWfd4OWkZ5fiuqIvo9E58c/U6dQG1t17',145,126,156,158,NULL,9,0,0,NULL,'',1,0,3,1,NULL,1,1,'ec6a6536ca304edf844d1d248a4f08dc',70,NULL,'761',0),(144,8,'Juan','Bilbao','jbilbao@altamarcapital.com','$5$rounds=5000$b6c2e0a6$1os7km.976HL9n/VFqdnNsXeIOJL5ZW6NuBztzM8wb0',371,146,141,164,NULL,9,0,0,NULL,'',1,0,3,1,NULL,1,1,'ec6a6536ca304edf844d1d248a4f08dc',70,NULL,'746',0),(145,8,'Maria','de Esteban','mdeesteban@altamarcapital.com','$5$rounds=5000$0a1dc37a$Wu6DBIFqBavtQstiPBGCDJrrcyathFfJkE.0cWvqVXA',145,151,183,163,NULL,9,0,0,NULL,'',1,0,3,1,NULL,1,1,'ec6a6536ca304edf844d1d248a4f08dc',70,NULL,'788',0),(146,8,'Francisco','Echeverria','fecheverria@altamarcapital.com','$5$rounds=5000$c958fc02$ksAub81qnKlq2gMg2uuSqQrny73Zljc8WBtpeIMqdWD',119,244,333,301,NULL,9,0,0,NULL,'',1,0,3,1,NULL,1,1,'ec6a6536ca304edf844d1d248a4f08dc',70,NULL,'602',0),(147,8,'Borja','Miguel-Romero','bmiguelromero@altamarcapital.com','$5$rounds=5000$f0f578a1$NeOS8t2GgcuuYmQZymiBQelncJrxqRFaF/lR5TGJeaA',145,123,154,159,NULL,9,0,0,NULL,'',1,0,3,1,NULL,1,1,'ec6a6536ca304edf844d1d248a4f08dc',70,NULL,'759',0),(148,8,'Felipe','Gazitua','fgazitua@altamarcapital.com','$5$rounds=5000$ae62c5ea$7fAbq2ds1xHXn8lEUe9afURabQhjIfIYXciS.RJfDFC',145,128,196,64,NULL,9,0,0,NULL,'',1,0,3,1,NULL,1,1,'ec6a6536ca304edf844d1d248a4f08dc',70,NULL,'601',0),(149,8,'Ignacio','Antoñanzas','iantonanzas@altamarcapital.com','$5$rounds=5000$50a534af$pOxZSKLL5ZJHm4fI9pQd1BGG.abKEsru5SoQqVawiQ/',145,177,135,91,NULL,9,0,0,NULL,'',1,0,3,1,NULL,1,1,'ec6a6536ca304edf844d1d248a4f08dc',70,NULL,'740',0),(150,8,'Antonio','Guinea','aguinea@altamarcapital.com','$5$rounds=5000$2d40dde0$r2Nhjzf7vd/7EZpxeoVR5gT23ogbcJ6FCzKe/we/gn7',145,120,157,168,NULL,9,0,0,NULL,'',1,0,3,1,NULL,1,1,'ec6a6536ca304edf844d1d248a4f08dc',70,NULL,'762',0),(151,8,'Rocio','Oriol','roriol@altamarcapital.com','$5$rounds=5000$6b47517d$vjgygHn7XOLasb7mop08TYjLqKbHo8U9gGKYLXFdhw7',145,216,158,162,NULL,9,0,0,NULL,'',1,1,3,1,NULL,1,1,'ec6a6536ca304edf844d1d248a4f08dc',70,NULL,'763',0),(152,8,'Antonio','Villalba','avillalba@altamarcapital.com','$5$rounds=5000$dfb2bbdb$ytxP708DCNmFWu6ApIgDSkPeyW7bXFxCQkGZn7YnIN4',145,121,161,176,NULL,9,0,0,NULL,'',1,1,3,1,NULL,1,1,'ec6a6536ca304edf844d1d248a4f08dc',70,NULL,'766',0),(153,8,'Guillermo','Gomez','ggomez@altamarcapital.com','$5$rounds=5000$3fec3cef$lYdIsIxHb3H1FkgVBgJ0BCYMZeU3/oaTvJ8PxU1nch1',145,132,125,178,NULL,9,0,0,NULL,'',1,0,3,1,NULL,1,1,'ec6a6536ca304edf844d1d248a4f08dc',70,NULL,'730',0),(154,8,'Teresa','Moreno','tmoreno@altamarcapital.com','$5$rounds=5000$8bfa1f46$gf56DhaxB2n6ERKppR088imPJcub1ZFKKos0PpSlFi6',145,215,160,161,NULL,9,0,0,NULL,'',1,1,3,1,NULL,1,1,'ec6a6536ca304edf844d1d248a4f08dc',70,NULL,'765',0),(155,8,'Eva','Carballo','ecarballo@altamarcapital.com','$5$rounds=5000$c01b5f9e$WoB9l/lBt/tIjk0IYdcBxYTF8RHAbzXYmRHiQh7qyJ0',145,127,155,187,NULL,9,0,0,NULL,'',1,0,3,1,NULL,1,1,'ec6a6536ca304edf844d1d248a4f08dc',70,NULL,'760',0),(156,8,'Alvaro','Yrazusta','ayrazusta@altamarcapital.com','$5$rounds=5000$c39138e0$cBfQeXYpNNtkE/VdfXDbqeESrS3Xsq/..lvi/.qeq32',145,114,201,69,NULL,9,0,0,NULL,'',1,0,3,1,NULL,1,1,'ec6a6536ca304edf844d1d248a4f08dc',70,NULL,'606',0),(157,8,'Ines','Andrade','iandrade@altamarcapital.com','$5$rounds=5000$d86ec056$2QzgRCxLGAPbYGU/Xu1NOIG/K6s27lrXrW.tKA/cjf4',145,175,118,91,NULL,9,0,0,NULL,'',1,0,3,1,NULL,1,1,'ec6a6536ca304edf844d1d248a4f08dc',70,NULL,'723',0),(158,8,'Rodrigo','Echenique','rechenique@altamarcapital.com','$5$rounds=5000$48848d92$6PtR9rrYQQEQy536S688L/bISXmrHQrwbkP.UF7raw.',145,159,207,81,NULL,9,0,0,NULL,'',1,0,3,1,NULL,1,1,'ec6a6536ca304edf844d1d248a4f08dc',NULL,NULL,'612',0),(159,8,'Monica','Martinez','mmartinez@altamarcapital.com','$5$rounds=5000$2e3750dd$9h/b.d5ME47SYVUWVofQJodRLeUzRbIjPK6Hf79eyYC',145,154,202,70,NULL,9,0,0,NULL,'',1,0,3,1,NULL,1,1,'ec6a6536ca304edf844d1d248a4f08dc',70,NULL,'607',0),(160,8,'Teresa','Benjumea','tbenjumea@altamarcapital.com','$5$rounds=5000$728e3023$dtPviUHOFKzNXKs4MomNIm2nkkXvTuA1NXuresukgwD',145,156,203,71,NULL,9,0,0,NULL,'',1,0,3,1,NULL,1,1,'ec6a6536ca304edf844d1d248a4f08dc',70,1,'608',0),(163,8,'Jesus','Ipiña','jipina@altamarcapital.com','$5$rounds=5000$f242d1f6$oboN.KUPKz8L0/3K.zSB9M43cvm4XUXwnhsfAVuEmn1',145,137,159,169,NULL,9,0,0,NULL,'',1,0,3,1,NULL,1,1,'ec6a6536ca304edf844d1d248a4f08dc',70,NULL,'764',0),(164,8,'Javier','de Moragas','jdemoragas@altamarcapital.com','$5$rounds=5000$1786f418$ZcRwDCf0JJajpwUf7pS2eHbPKijnXvk6aImIzM2E.V8',145,136,153,167,NULL,9,0,0,NULL,'',1,0,3,1,NULL,1,1,'ec6a6536ca304edf844d1d248a4f08dc',70,NULL,'758',0),(166,8,'Ana','de Cos','adecos@altamarcapital.com','$5$rounds=5000$96eb59de$vkEw2mNTwrnKoS/VC2SFA/HmO3yAkK9.rcqnmPMW0wD',145,117,206,80,NULL,9,0,0,NULL,'',1,0,3,1,NULL,1,1,'ec6a6536ca304edf844d1d248a4f08dc',70,NULL,'611',0),(167,8,'Nicolas','Hart-Pallavicini','nhart@altamarcapital.com','$5$rounds=5000$c5b0041a$8xoMSSRO5z/j14n.8VAYjnnmrIzQRmZyRaYvr.nKt82',145,155,112,156,NULL,9,0,0,NULL,'',1,0,3,1,NULL,1,1,'ec6a6536ca304edf844d1d248a4f08dc',70,NULL,'717',0),(168,8,'Fabricio','Agrimi','fagrimi@altancapital.com','$5$rounds=5000$35b95150$80W/CEPMGoAUNk.Rt4C7g7vo5ZALxsmtwVMH0PR.Do7',145,181,178,134,NULL,9,0,0,NULL,'',1,0,3,1,NULL,1,1,'ec6a6536ca304edf844d1d248a4f08dc',NULL,NULL,'783',0),(169,8,'Carlos','Esteban','cesteban@altancapital.com','$5$rounds=5000$19959287$QEDGYT9yuAzxHWgLfqGqSMhl6C4rAzpzR5wg2cLorb5',145,200,179,134,NULL,9,0,0,NULL,'',1,0,3,1,NULL,1,1,'ec6a6536ca304edf844d1d248a4f08dc',70,NULL,'784',0),(170,8,'Marusa','Forjan','mforjan@altancapital.com','$5$rounds=5000$3c152821$FVwkoc37MFd2xKTeFFqIfllu8b3d7VqFp.kAemQES1D',145,199,176,134,NULL,9,0,0,NULL,'',1,0,3,1,NULL,1,1,'ec6a6536ca304edf844d1d248a4f08dc',NULL,NULL,'781',0),(171,8,'Cristina','Garcia-Lomas','cgarcia-lomas@altancapital.com','$5$rounds=5000$0e201b12$W/WhpCSSWoLqZi7Sto3/JKi0RkNcMGSyK/MhnvYMAvA',145,201,180,134,NULL,9,0,0,NULL,'',1,0,3,1,NULL,1,1,'ec6a6536ca304edf844d1d248a4f08dc',NULL,NULL,'785',0),(172,8,'Marta','Herrero','mherrero@altancapital.com','$5$rounds=5000$71d013a9$1NvXjILjVbnDfatkwS578LrydzM6cB6DojzikTHEY25',145,202,181,134,NULL,9,0,0,NULL,'',1,0,3,1,NULL,1,1,'ec6a6536ca304edf844d1d248a4f08dc',NULL,NULL,'786',0),(173,8,'Fernando','Olaso','folaso@altancapital.com','$5$rounds=5000$edf66a97$ZYqytQjoGOcqreEExfXLTyBmf1Fm/Z6qtmXIAvz67O4',145,180,177,134,NULL,9,0,0,NULL,'',1,0,3,1,NULL,1,1,'ec6a6536ca304edf844d1d248a4f08dc',NULL,NULL,'782',0),(174,8,'Enrique','Sanchez-Rey','esanchezrey@altancapital.com','$5$rounds=5000$e2958fd7$6PHyB86d9uGp8.LJODa/l7PBIY9MCQFkK2H3lDcnMh3',145,203,182,134,NULL,9,0,0,NULL,'',1,0,3,1,NULL,1,1,'ec6a6536ca304edf844d1d248a4f08dc',70,NULL,'787',0),(175,8,'Beatriz','Sanz','bsanz@altancapital.com','$5$rounds=5000$28c78991$tglEKbmGpcKF7kYFTIgO88DYVUlNvbO1PK36pKluya7',145,142,175,134,NULL,9,0,0,NULL,'',1,0,3,1,NULL,1,1,'ec6a6536ca304edf844d1d248a4f08dc',70,NULL,'780',0),(176,8,'Marta','Utrera','mutrera@altancapital.com','$5$rounds=5000$e032be67$rXm/l0fJcUPy7bthouqtr3ad9qMOuG.P7nhpwWdxuA.',145,204,184,134,NULL,9,0,0,NULL,'',1,1,3,1,NULL,1,1,'ec6a6536ca304edf844d1d248a4f08dc',NULL,NULL,'789',0),(177,8,'Gonzalo','Aguirre','gaguirre@altamaradvisory.com','$5$rounds=5000$8a395a0c$NND2fFFQS/Ul72WczaN52b7k5UpZQwilMV/2I4ImthD',145,131,NULL,153,NULL,NULL,0,0,NULL,'',1,0,3,1,NULL,1,1,'ec6a6536ca304edf844d1d248a4f08dc',NULL,NULL,'773',0),(178,8,'Juan','Arena','jarena@altamaradvisory.com','$5$rounds=5000$7a955b53$ywYR9ubJBiHhM3QZBTeOIMcJVgYVQM0ynMe9O3WEZB4',145,148,170,152,NULL,9,0,0,NULL,'',1,0,3,1,NULL,1,1,'ec6a6536ca304edf844d1d248a4f08dc',70,NULL,'775',0),(179,8,'Jose','Epalza','jepalza@altamaradvisory.com','$5$rounds=5000$c8bc5999$P6PPRHfsSrO.ym4M2kefdjNrF9ifoTe3NvNxXikuaw0',145,179,167,181,NULL,9,0,0,NULL,'',1,0,3,1,NULL,1,1,'ec6a6536ca304edf844d1d248a4f08dc',NULL,NULL,'772',0),(180,8,'Jaime','Fernandez-Pita','jfernandezpita@altamaradvisory.com','$5$rounds=5000$9ef41d9f$.LGOeYe2H7uzhwo7Wml56AVCi9VTqP6HOzUe.8gF/T7',145,135,171,172,NULL,9,0,0,NULL,'',1,0,3,1,NULL,1,1,'ec6a6536ca304edf844d1d248a4f08dc',70,NULL,'776',0),(181,8,'Sonia','Menendez','smenendez@altamaradvisroy.com','$5$rounds=5000$e57510cb$B5wYUvCC1YfNTsz4ENJ1wTV9AhWCg5oAeFjsPWbr6f9',145,218,169,171,NULL,9,0,0,NULL,'',1,0,3,1,NULL,1,1,'ec6a6536ca304edf844d1d248a4f08dc',70,NULL,'774',0),(182,8,'Ramon','Pelaez','rpelaez@altamaradvisory.com','$5$rounds=5000$970dabbf$nwWAvqu3p7XnvXNOjnYmOu.y0edOr/fqiqzJess8jv8',145,178,166,170,NULL,9,0,0,NULL,'',1,0,3,1,NULL,1,1,'ec6a6536ca304edf844d1d248a4f08dc',70,NULL,'771',0),(184,8,'Diana','Huidobro','dhuidobro@altamarcapital.com','$5$rounds=5000$be8243fa$p6EQMrlvKGD6ucspFsp9s3NLp3sbJmMPovTjjkzDZg/',119,143,328,289,NULL,NULL,0,0,NULL,'',1,0,3,1,NULL,1,1,'ec6a6536ca304edf844d1d248a4f08dc',46,NULL,'',0),(185,8,'Jose Ramon','Moreno','jmoreno@altamarcapital.com','$5$rounds=5000$9a38be4d$lx5dJtCQChBJY9LCXR523VZQPIP8eRLwzQJjNR1ISKB',119,224,329,289,NULL,NULL,0,0,NULL,'',1,0,3,1,NULL,1,1,'ec6a6536ca304edf844d1d248a4f08dc',46,NULL,'503',0),(186,8,'Johana','Paineman','jpaineman@altamarcapital.com','$5$rounds=5000$6a330134$lF5ulxi7xY16rsHmPKXI6mqd9QRzl5sYQxA1nlb9uX0',119,145,330,289,NULL,NULL,0,0,NULL,'',1,0,3,1,NULL,1,1,'ec6a6536ca304edf844d1d248a4f08dc',46,NULL,'',0),(187,8,'Isidora','Zenteno','izenteno@altamarcapital.com','$5$rounds=5000$3b7e4ba4$oGFxDUmWfXTKE7g5gFyRNEASJrkLvhKQCG1nsXgjnU/',119,144,327,289,NULL,NULL,0,0,NULL,'',1,0,3,1,NULL,1,1,'ec6a6536ca304edf844d1d248a4f08dc',46,NULL,'',0),(188,8,'Miguel Angel','Campa','mcampa@altamarcapital.com','$5$rounds=5000$3746fe38$kyDoXpX1K2Eh7by/v6ewekl0pHAxi8m3Z9BhuIquHN5',145,153,208,82,NULL,9,0,0,NULL,'',1,0,3,1,NULL,1,1,'ec6a6536ca304edf844d1d248a4f08dc',70,NULL,'613',0),(189,8,'Carlos','Mateos','cmateos@altamaradvisory.com','$5$rounds=5000$6b75c00e$Y23aYUcNyj5q6TxuydHpOqEysLQ3be4orDpxBNXzqSA',145,160,172,151,NULL,9,0,0,NULL,'',1,1,3,1,NULL,1,1,'ec6a6536ca304edf844d1d248a4f08dc',70,NULL,'777',0),(190,8,'Sandra','Cuadros','scuadros@altamarcapital.com','$5$rounds=5000$2b09f728$9gIK96859BziwPeSHSxtz8Tb78SHfBRg3Ds/Rqra1BD',145,161,102,190,NULL,9,0,0,NULL,'',1,0,3,1,NULL,1,1,'ec6a6536ca304edf844d1d248a4f08dc',70,NULL,'707',0),(191,8,'Stefania','Repse','srepse@altamarcapital.com','$5$rounds=5000$15dc0b7e$Ocdd21B14By6ISS1UikLzWRGuJ0Kyn0MatUpIC6c9J3',145,162,205,73,NULL,9,0,0,NULL,'',1,0,3,1,NULL,1,1,'ec6a6536ca304edf844d1d248a4f08dc',70,NULL,'610',0),(192,8,'Violeta','Diaz','vdiaz@altamarcapital.com','$5$rounds=5000$690238c3$YwifXIznJXcqeqZTpxIaE7sp9qE1t9sSJogLs0gBnwC',145,163,200,68,NULL,9,0,0,NULL,'',1,1,3,1,NULL,1,1,'ec6a6536ca304edf844d1d248a4f08dc',70,NULL,'605',0),(193,8,'Pedro','Rodrigo Bellot','pbellot@altamarcapital.com','$5$rounds=5000$4235ed82$naICKTNiVQ1lT3HTQ4c.1bW.Pm3pHjLX4ponb/r3Ws5',145,110,204,72,NULL,9,0,0,NULL,'',1,0,3,1,NULL,1,1,'ec6a6536ca304edf844d1d248a4f08dc',70,NULL,'609',0),(194,8,'Claudio','Aguirre','caguirre@altamarcapital.com','$5$rounds=5000$d91c3759$vy11yb.L9pAvPp5d4mh.l7DKKrXTjUjddOky62/2i8A',145,171,96,91,NULL,9,0,0,NULL,'',1,0,3,1,NULL,1,1,'ec6a6536ca304edf844d1d248a4f08dc',70,NULL,'701',0),(195,8,'Rocio','Gonzalez','rgonzalez@altamarcapital.com','$5$rounds=5000$beedcb19$wRVc0cUYMUH1ANKtK51O33Rbd3Zo35JQFLrwspg2C.C',145,213,120,194,NULL,9,0,0,NULL,'',1,1,3,1,NULL,1,1,'ec6a6536ca304edf844d1d248a4f08dc',NULL,NULL,'725',0),(196,8,'Nieves','Hernandez','nhernandez@altamarcapital.com','$5$rounds=5000$b3c4e671$wBjRPmC7iBe5czzlHCrJ114vgbHJD6sJM466Qmdih85',145,208,95,91,NULL,9,0,0,NULL,'',1,0,3,1,NULL,1,1,'ec6a6536ca304edf844d1d248a4f08dc',70,NULL,'',0),(197,8,'Juan Jose','Perez','jperez@altamarcapital.com','$5$rounds=5000$41052147$CCf1MXnD96TbegKZQtltgFYck0jPIwYI9nWnJqmXNAD',145,217,137,139,NULL,9,0,0,NULL,'',1,0,3,1,NULL,1,1,'ec6a6536ca304edf844d1d248a4f08dc',70,NULL,'742',0),(198,8,'Paula','Sala de Borja','psaladeborja@altamarcapital.com','$5$rounds=5000$f3ce0274$PfvhNWkeoqoEonVFanxodqSezGcHh6UVuKEnUU3ydB2',145,297,411,277,NULL,9,0,0,NULL,'',1,0,3,1,NULL,1,1,'ec6a6536ca304edf844d1d248a4f08dc',NULL,1,'',0),(199,8,'Maria','Sanz','msanz@altamarcapital.com','$5$rounds=5000$0697e99f$7ZK9Hp56rt4IT3bk2odiKTatQe9IW4awu17uslb65PC',145,170,145,91,NULL,9,0,0,NULL,'',1,0,3,1,NULL,1,1,'ec6a6536ca304edf844d1d248a4f08dc',70,NULL,'750',0),(202,8,'Aldara','Fernandez de Cordova','aldara@altamarcapital.com','$5$rounds=5000$a8841e8d$WPW5yqOSPiUmiWgLlv0zqzjgkLuksSkMsa55xG37PB3',145,113,134,165,NULL,9,0,0,NULL,'',1,0,3,1,NULL,1,1,'ec6a6536ca304edf844d1d248a4f08dc',70,NULL,'739',0),(203,8,'sala2','polycom',NULL,NULL,145,164,287,195,NULL,9,0,0,NULL,'',0,1,3,1,NULL,0,1,NULL,NULL,NULL,'692',0),(204,8,'sala4','polycom',NULL,NULL,145,165,289,92,NULL,9,0,0,NULL,'',0,1,3,1,NULL,0,1,NULL,70,NULL,'694',0),(205,8,'sala5','polycom',NULL,NULL,145,166,290,90,NULL,9,0,0,NULL,'',0,1,3,1,NULL,0,1,NULL,70,NULL,'695',0),(206,8,'sala6','polycom',NULL,NULL,145,167,291,93,NULL,9,0,0,NULL,'',0,1,3,1,NULL,0,1,NULL,70,NULL,'696',0),(207,8,'sala7','polycom',NULL,NULL,145,168,292,94,NULL,9,0,0,NULL,'',0,1,3,1,NULL,0,1,NULL,70,NULL,'697',0),(209,8,'tedra','test','tedratest@test.com','$5$rounds=5000$d183fd9c$nomYTcOWbONoIsdk1tbw0CEU6CYvZXJ6qZzA/5eH4x0',145,219,306,NULL,NULL,NULL,0,0,NULL,'',1,1,3,1,NULL,1,1,'ec6a6536ca304edf844d1d248a4f08dc',NULL,NULL,NULL,0),(211,8,'Leydi','Cardona',NULL,NULL,145,221,186,200,NULL,9,0,0,NULL,'',0,0,3,1,NULL,0,1,NULL,70,NULL,'',0),(212,8,'IP5000','Claudio',NULL,NULL,145,357,194,91,NULL,9,0,0,NULL,'',0,0,3,1,NULL,0,1,NULL,NULL,NULL,'799',0),(214,8,'Miguel','Angel Carbonell','mcarbonell@altamarcapital.com','$5$rounds=5000$a2e322c0$M1hW1g6IZy/oHaHl3wMEAhCrFQXm5LRe0521HfWpxgD',145,225,331,207,NULL,NULL,0,0,NULL,'',1,0,3,1,NULL,1,1,'ec6a6536ca304edf844d1d248a4f08dc',NULL,NULL,'',0),(215,8,'David','Castany','david@galdanaventures.com',NULL,145,257,358,247,NULL,NULL,0,0,NULL,'',0,1,3,1,NULL,0,1,NULL,NULL,NULL,'',0),(216,8,'Rocio','Hodaly','rocio@galdanaventures.com',NULL,145,253,352,247,NULL,NULL,0,0,NULL,'',0,0,3,1,NULL,0,1,NULL,NULL,NULL,'',0),(217,8,'Didac','Lee',NULL,NULL,145,NULL,NULL,NULL,NULL,NULL,0,0,NULL,'',0,1,3,1,NULL,0,1,NULL,NULL,NULL,'',0),(219,8,'Eva','Pasarisas',NULL,NULL,145,258,359,247,NULL,NULL,0,0,NULL,'',0,1,3,1,NULL,0,1,NULL,NULL,NULL,'',0),(220,8,'Marcel','Rafart',NULL,NULL,145,254,355,247,NULL,NULL,0,0,NULL,'',0,1,3,1,NULL,0,1,NULL,NULL,NULL,'',0),(221,8,'Javier','Martínez Zabarte',NULL,NULL,145,256,357,247,NULL,NULL,0,0,NULL,'',0,1,3,1,NULL,0,1,NULL,NULL,NULL,'',0),(222,8,'Roque','Velasco',NULL,NULL,145,255,356,247,NULL,NULL,0,0,NULL,'',0,1,3,1,NULL,0,1,NULL,NULL,NULL,'',0),(223,8,'sala8','terminal',NULL,NULL,145,226,293,95,NULL,9,0,0,NULL,'',0,1,3,1,NULL,0,1,NULL,70,NULL,'698',0),(224,8,'Galdana','Sala 1',NULL,NULL,145,230,310,247,NULL,NULL,0,0,NULL,'',0,1,3,1,NULL,0,1,NULL,NULL,NULL,'',0),(225,8,'Galdana','Sala 2',NULL,NULL,145,231,311,247,NULL,NULL,0,0,NULL,'',0,1,3,1,NULL,0,1,NULL,NULL,NULL,'',0),(227,8,'Jorge','Garcia','jgacia@altamarcapital.com','$5$rounds=5000$c8df6d02$RKB6epeoIEy2hK57z4LofynXGBdVTKhJFGdhVu2lU40',145,233,211,86,NULL,9,0,0,NULL,'',1,0,3,1,NULL,1,1,'ec6a6536ca304edf844d1d248a4f08dc',NULL,NULL,'616',0),(228,8,'Juan','Fontaine','jfontaine@altamaradvisory.com','$5$rounds=5000$5f620284$17ewcoJIJ0tZrUP4C4Ds5xqv/1HYMItZfUt8xGdTx41',145,234,174,154,NULL,9,0,0,NULL,'',1,0,3,1,NULL,1,1,'ec6a6536ca304edf844d1d248a4f08dc',70,NULL,'779',0),(229,8,'Jose Maria','Fernandez','jmfernandez@altamarcapital.com','$5$rounds=5000$b39ec92e$urSDBK48yrXw6x5qDo4EXm1fsgbHOW0HJwNNxT1lYEC',145,235,209,84,NULL,9,0,0,NULL,'',1,0,3,1,NULL,1,1,'ec6a6536ca304edf844d1d248a4f08dc',NULL,NULL,'614',0),(230,8,'Polycom','Consejo','recepcion@altamarcapital.com','$5$rounds=5000$42627eaa$AwNHfXiYzNKF8hRmbCri3oFQfRvWOwlaVRMierVDVZA',145,236,312,199,NULL,NULL,0,0,NULL,'',1,1,3,1,NULL,1,1,'ec6a6536ca304edf844d1d248a4f08dc',NULL,NULL,'',0),(234,8,'Miguel','Rona','mrona@altamarcapital.com','$5$rounds=5000$c137eca5$3QWNvQK.seYaZmPzgwiEkKpaY.ELG/I0Yt1AbJQmMw0',145,241,325,91,NULL,9,0,0,NULL,'',1,0,3,1,NULL,1,1,'ec6a6536ca304edf844d1d248a4f08dc',70,1,'728',0),(235,8,'irontec','migracion2',NULL,NULL,145,243,326,63,NULL,NULL,0,0,NULL,'',0,1,3,1,NULL,0,1,NULL,NULL,NULL,'',0),(236,8,'vacante','chile',NULL,NULL,145,NULL,NULL,289,NULL,9,0,0,NULL,'',0,0,3,1,NULL,0,1,NULL,46,NULL,'',0),(237,8,'salareuniones','pequeña',NULL,NULL,119,245,334,289,NULL,NULL,0,0,NULL,'',0,0,3,1,NULL,0,1,NULL,46,NULL,'',0),(238,8,'biblioteca','chile',NULL,NULL,145,246,399,206,NULL,9,0,0,NULL,'',0,0,3,1,NULL,0,1,NULL,46,NULL,'',0),(239,8,'Trinidad','Guzman Chile',NULL,NULL,119,247,332,289,NULL,NULL,0,0,NULL,'',0,0,3,1,NULL,0,1,NULL,46,NULL,'',0),(241,8,'sala3','polycom',NULL,NULL,145,249,338,208,NULL,9,0,0,NULL,'',0,0,3,1,NULL,0,1,NULL,70,NULL,'',0),(243,8,'Luis','Martinez','lmartinezbrocal@altamarcapital.com','$5$rounds=5000$63bcba68$QZwmplIVWdNNZxs/1hOahtLV4D4MhMP9b5YEh1FRAQ5',145,251,114,209,NULL,9,0,0,NULL,'',1,0,3,1,NULL,1,1,'ec6a6536ca304edf844d1d248a4f08dc',70,NULL,'719',0),(244,8,'Jorge','Vivancos','jvivancos@altancapital.com','$5$rounds=5000$4f53fcda$/g8b8BEc06008E8IqRoUTiiZC2ipd3xSfNR134eJYpB',145,252,129,210,NULL,9,0,0,NULL,'',1,0,3,1,NULL,1,1,'ec6a6536ca304edf844d1d248a4f08dc',70,NULL,'734',0),(245,8,'Lourdes','Panizo','lpanizo@galdanaventures.com','$5$rounds=5000$6b4a8d4f$FzTeBq5hvlmlCphkujTdm1fGq2cPjSp5jRa0iHxv1z2',145,259,353,247,NULL,NULL,0,0,NULL,'',1,1,3,1,NULL,1,1,'ec6a6536ca304edf844d1d248a4f08dc',NULL,NULL,'',0),(246,8,'Rafael','Muñoz','rafael.munoz@inspirit.net','$5$rounds=5000$d11ae311$rOuZtTFlyEdLYIoJD.6urorkMgIZ4RjkyrOyDYABNe2',145,260,354,247,NULL,NULL,0,0,NULL,'',1,1,3,1,NULL,1,1,'ec6a6536ca304edf844d1d248a4f08dc',NULL,NULL,'',0),(247,8,'Alex','Chueh','achueh@galdanaventures.com','$5$rounds=5000$173685ad$Wkmb9R6L9bZ5GndKKERw285Qga9kccQFMt1GNbrXBEB',145,261,360,247,NULL,NULL,0,0,NULL,'',1,1,3,1,NULL,1,1,'ec6a6536ca304edf844d1d248a4f08dc',NULL,NULL,'',0),(248,8,'Almudena','Comin','acomin@altamarcapital.com','$5$rounds=5000$5cf45d62$22cKDUqkaFjpmB8XTLT9gDjkr4U77.QS7MbJ5457QFD',145,262,144,244,NULL,9,0,0,NULL,'',1,0,3,1,NULL,1,1,'ec6a6536ca304edf844d1d248a4f08dc',70,1,'',0),(251,8,'Alvaro','Bueso-Inchasuti','abueso@altamarcapital.com','$5$rounds=5000$24df009d$lJCtbqF5q2rnYXTbJj9TGT8C/.8s7IU1zmtfCWyeqE2',145,263,212,87,NULL,9,0,0,NULL,'',1,0,3,1,NULL,1,1,'ec6a6536ca304edf844d1d248a4f08dc',70,1,'',0),(252,8,'Polycom','Consejo CL','recepcion-chile@altamarcapital.com','$5$rounds=5000$8e96d466$y8f1ks.eLMJn2j5O4FP9BK9SlaRbpAyFvIBc8.q/nX3',145,264,363,206,NULL,NULL,0,0,NULL,'',1,1,3,1,NULL,1,1,'ec6a6536ca304edf844d1d248a4f08dc',NULL,NULL,NULL,0),(255,15,'Javier','Miramar','javi@miramarcruises.com','$5$rounds=5000$f0f6ba17$.o6vcj1m21aF2FqBlFI0Ktl4wmyCc.9NnKg0AzHrPm2',145,277,375,255,NULL,NULL,0,0,NULL,'',1,0,0,1,NULL,1,1,'ec6a6536ca304edf844d1d248a4f08dc',NULL,NULL,'',0),(256,15,'Ana','Miramar','ana@miramarcruises.com','$5$rounds=5000$16d3636e$Q7PshipSdibyI3NB1G2ZRIBVXEDZN13rgDyCmwtzEy.',145,279,377,255,NULL,NULL,0,0,NULL,'',1,1,0,1,NULL,1,1,'ec6a6536ca304edf844d1d248a4f08dc',NULL,NULL,NULL,0),(257,15,'Pablo','Miramar','pablo@miramarcruises.com','$5$rounds=5000$3659a741$9MHAnMqbIG2GKytpqjgEqq/WHjxZJdFkJ3AuI8EHbQ9',145,285,383,255,NULL,NULL,0,0,NULL,'',1,1,0,1,NULL,1,1,'ec6a6536ca304edf844d1d248a4f08dc',NULL,NULL,NULL,0),(258,15,'Begoña','Miramar','bego@miramarcruises.com','$5$rounds=5000$1c869890$z5I.lzTWwAy5DzDx.iEuH8Kxgw5m1LcB552yqABAfc/',145,291,389,255,NULL,NULL,0,0,NULL,'',1,1,0,1,NULL,1,1,'ec6a6536ca304edf844d1d248a4f08dc',NULL,NULL,NULL,0),(259,15,'Marta','Miramar','marta@miramarcruises.com','$5$rounds=5000$38b16e0d$bQiHbvoK51nqMPTIBq/RLp9wNg.w9DRCwHvjlV4Z3.7',145,288,386,255,NULL,NULL,0,0,NULL,'',1,1,0,1,NULL,1,1,'ec6a6536ca304edf844d1d248a4f08dc',NULL,NULL,NULL,0),(260,15,'Rocío','Miramar','rocio@miramarcruises.com','$5$rounds=5000$01c766ae$ibSJzixRLqKd48EySdsp2Skb19U/atnK5mApuaH1cT2',145,286,384,255,NULL,NULL,0,0,NULL,'',1,1,0,1,NULL,1,1,'ec6a6536ca304edf844d1d248a4f08dc',NULL,NULL,NULL,0),(261,15,'Carmen','Miramar','carmen@miramarcruises.com','$5$rounds=5000$9eca6dc8$.SPKYRSd.oRE2BnQdbNMfWtw2j97P4ldSiHbxkthhR/',145,278,376,255,NULL,NULL,0,0,NULL,'',1,1,0,1,NULL,1,1,'ec6a6536ca304edf844d1d248a4f08dc',NULL,NULL,NULL,0),(262,15,'Adrián','Miramar','adrian@miramarcruises.com','$5$rounds=5000$1e6a86bc$r4.CHrOvqcJF9qXQKr/3ifVLr7.0UiiqLO25DFoNPsB',145,290,388,255,NULL,NULL,0,0,NULL,'',1,1,0,1,NULL,1,1,'ec6a6536ca304edf844d1d248a4f08dc',NULL,NULL,'',0),(263,15,'Lea','Miramar','a.decherf@miramarcroisieres.com','$5$rounds=5000$c5c7c2fd$fVnO/LlJFjTymCZQVxKgIWoSmsB3XM61Riuj8Z0DGn.',145,268,366,254,NULL,NULL,0,0,NULL,'',1,2,2,1,NULL,1,1,'ec6a6536ca304edf844d1d248a4f08dc',77,NULL,'',0),(264,15,'Flora','Miramar','flora@miramarcroisieres.com','$5$rounds=5000$3a9bb63b$Sx5m.CZw50wdXjTshV9S9JissU0pQGRV632LTErs4h6',145,270,368,254,NULL,NULL,0,0,NULL,'',1,1,0,1,NULL,1,1,'ec6a6536ca304edf844d1d248a4f08dc',77,NULL,'',0),(265,15,'Alba','Miramar','alba@miramarcruises.com','$5$rounds=5000$d4d7f187$ndKdU3tp6E4dZa9w9EU/S0SUQTRt7UDxIcyHocQ230D',145,280,378,255,NULL,NULL,0,0,NULL,'',1,1,0,1,NULL,1,1,'ec6a6536ca304edf844d1d248a4f08dc',NULL,NULL,NULL,0),(266,15,'Ester','Miramar','ester@miramarcruises.com','$5$rounds=5000$f47f7c65$vSDDaZnxDb1gi4jdtvu4k79rixJeBvLia5KD5xgkcC1',145,289,387,255,NULL,NULL,0,0,NULL,'',1,1,0,1,NULL,1,1,'ec6a6536ca304edf844d1d248a4f08dc',NULL,NULL,NULL,0),(267,15,'Ester','Nudoss','dev@nudoss.com','$5$rounds=5000$4b1c82fd$7UYXo.EdOuU.Z2gshwT.VWNJ470dFrsYqO9dieKnQOB',145,292,390,255,NULL,NULL,0,0,NULL,'',1,1,0,1,NULL,1,1,'ec6a6536ca304edf844d1d248a4f08dc',NULL,NULL,NULL,0),(268,15,'Carlos','Cruz',NULL,NULL,145,295,393,254,NULL,NULL,0,0,NULL,'',0,1,0,1,NULL,0,1,NULL,NULL,NULL,NULL,0),(273,15,'Test','Miramar',NULL,NULL,145,NULL,367,254,NULL,NULL,0,0,NULL,'',0,1,0,1,NULL,0,1,NULL,NULL,1,'',0),(274,8,'Pablo','Ruiz de Velasco','pruiz@altamarcapital.com','$5$rounds=5000$706992d1$Hq72GDM6aK27X6u3utksR//jBE1a6UGN/ifLE61WIjC',145,NULL,NULL,277,NULL,9,0,0,NULL,'',1,0,3,1,NULL,1,1,'ec6a6536ca304edf844d1d248a4f08dc',NULL,1,'',0),(275,8,'Pablo','Alonso Comba','palonso@altamarcapital.com','$5$rounds=5000$de761e87$zm0T9fo/ZlvS5.QmzJCgQuKP7jNtffLMpr.mHrs2/o/',145,299,213,88,NULL,9,0,0,NULL,'',1,0,3,1,NULL,1,1,'ec6a6536ca304edf844d1d248a4f08dc',NULL,1,'',0),(277,8,'Laura','Hayas','lhayas@altamarcapital.com','$5$rounds=5000$f57546b1$mQ5qVyHLtqDe8wBki6IFBXAGLNJ5rVDh3I0jCo26ED9',145,302,126,259,NULL,9,0,0,NULL,'',1,0,3,1,NULL,1,1,'ec6a6536ca304edf844d1d248a4f08dc',NULL,1,'',0),(278,8,'Violeta','Lopez','vlopez@altamarcapital.com','$5$rounds=5000$077880c9$BdCX9rHN4264QxNCbasZ1t9TxaUg2RHpgHmJovtKJJ3',145,303,397,260,NULL,9,0,0,NULL,'',1,0,3,1,NULL,1,1,'ec6a6536ca304edf844d1d248a4f08dc',NULL,1,'',0),(279,8,'Juan','Nieto','jnieto@altamarcapital.com','$5$rounds=5000$d93a48c8$HpqNKD9Kg22uW8HsUkxeJWT1xWp.txjc7MsbQoHgu/4',145,298,163,143,NULL,9,0,0,NULL,'',1,0,3,1,NULL,1,1,'ec6a6536ca304edf844d1d248a4f08dc',NULL,1,'',0),(280,8,'Marco','Pitrelli','mpitrelli@altamarcapital.com','$5$rounds=5000$56bf14e2$AFXWC4IEit2N.OtJHfsGCSeNunb/4rhZ1mzE12DGTj4',145,305,127,261,NULL,9,0,0,NULL,'',1,0,3,1,NULL,1,1,'ec6a6536ca304edf844d1d248a4f08dc',NULL,1,'',0),(284,8,'Polycom IP6000','Chile',NULL,NULL,145,309,398,206,NULL,NULL,0,0,NULL,'',0,1,3,1,NULL,0,1,NULL,NULL,NULL,'',0),(285,7,'ME','.',NULL,NULL,145,310,39,285,NULL,NULL,0,0,NULL,'',0,1,0,1,NULL,0,1,NULL,NULL,1,'',0),(286,7,'Jorge','.',NULL,NULL,145,311,40,285,NULL,NULL,0,0,NULL,'',0,1,0,1,NULL,0,1,NULL,NULL,1,'',0),(287,7,'Maria','.',NULL,NULL,145,312,41,285,NULL,NULL,0,0,NULL,'',0,1,0,1,NULL,0,1,NULL,NULL,1,'',0),(288,15,'Martine','Miramar Croisieres',NULL,NULL,145,273,371,254,NULL,NULL,0,0,NULL,'',0,1,0,1,NULL,0,1,NULL,77,NULL,'',0),(290,8,'Javier','Dancausa','jdancausa@altamarcapital.com','$5$rounds=5000$fd00c75f$6Yge9wSlsmMkcRtXjyjYsDiqM6yAiRlhVpan0zrLXP9',145,316,401,266,NULL,NULL,0,0,NULL,'',1,0,3,1,NULL,1,1,'ec6a6536ca304edf844d1d248a4f08dc',NULL,1,'',0),(292,6,'Conferencias','Tedra',NULL,NULL,145,318,402,10,NULL,NULL,0,0,NULL,'',0,0,0,1,NULL,0,1,NULL,NULL,NULL,'',0),(293,16,'Rafael','Sánchez Sánchez','admin',NULL,145,322,406,267,NULL,NULL,0,0,NULL,'',0,1,1,1,NULL,0,1,NULL,NULL,NULL,'',0),(294,8,'IgnacioAlvarez','DRP',NULL,NULL,145,NULL,NULL,97,NULL,NULL,0,0,NULL,NULL,0,0,3,1,NULL,0,1,NULL,NULL,NULL,NULL,0),(295,8,'Jaime','García Suárez','jaimegarcia@altamarcapital.com','$5$rounds=5000$256e99ef$DlbHBl/epjANBI8Cbs7c7YvE9PPZR/QxDBWpscUMLf2',145,320,405,268,NULL,9,0,0,NULL,'',1,0,3,1,NULL,1,1,'ec6a6536ca304edf844d1d248a4f08dc',NULL,NULL,'',0),(296,6,'Patricia','Huerga','patricia.huerga@tedra.es','$5$rounds=5000$0ed26e7b$7DaLxqf23NQcQsPp9rN6fN2q9zE72mnBeTG89FXIfQ0',145,321,24,10,NULL,NULL,0,0,NULL,NULL,1,0,0,1,NULL,1,1,'ec6a6536ca304edf844d1d248a4f08dc',NULL,NULL,NULL,0),(298,8,'Victor','Martínez de Salinas','vmartinez@altamarcapital.com','$5$rounds=5000$b3eabc49$URqUwHDQGRSl3W2zj8rOk.gF9ZMgeNuV2JCBGYa6gGC',145,323,407,272,NULL,NULL,0,0,NULL,'',1,0,3,1,NULL,1,1,'ec6a6536ca304edf844d1d248a4f08dc',NULL,NULL,'',0),(299,8,'Teresa','Cela','tcela@altamarcapital.com','$5$rounds=5000$f5a6fdd1$TkJgFunToAQH.WuWqEkAZo0XN1bnGeAGki7VXzzGn1/',145,324,408,273,NULL,NULL,0,0,NULL,'',1,0,3,1,NULL,1,1,'ec6a6536ca304edf844d1d248a4f08dc',NULL,NULL,'',0),(300,8,'Sara','García',NULL,NULL,145,326,136,201,NULL,9,0,0,NULL,'',0,0,3,1,NULL,0,1,NULL,70,1,'',0),(301,15,'María','Miramar',NULL,NULL,145,287,385,255,NULL,NULL,0,0,NULL,'',0,0,0,1,NULL,0,1,NULL,NULL,NULL,'',0),(302,8,'Rocío','Espinosa','respinosa@altamarcapital.es','$5$rounds=5000$d4d01071$hxCQQruSVTWffnHRO7xCiUNGfZRbGM1UW09/TA7R0yC',145,124,193,144,NULL,NULL,0,0,NULL,'',1,0,0,1,NULL,1,1,'ec6a6536ca304edf844d1d248a4f08dc',NULL,NULL,'',0),(303,18,'Clinica','Eras','clinicaeras@yahoo.es','$5$rounds=5000$8535f8e5$Tz5466TzIo5bzSwF2RmKi3oWWgy9oFDheRw8t5iH1R9',145,327,412,284,NULL,NULL,0,0,NULL,'',1,1,1,1,NULL,1,1,'ec6a6536ca304edf844d1d248a4f08dc',NULL,NULL,'',0),(304,6,'Diego','Vega','diego.vega@tedra.es','$5$rounds=5000$ed4928cb$COjXQvrLtPAg2uE0se0H2IHe.3v4D0kao4K3pVbtiS.',145,328,604,10,NULL,NULL,0,0,NULL,'',1,2,1,1,NULL,1,1,'ec6a6536ca304edf844d1d248a4f08dc',NULL,NULL,'',0),(305,8,'Fabiola','Yañez','fyanez@altamarcapital.com','$5$rounds=5000$6da3b53f$ptVarhKDk6dDtZ4dwQGdFzU/RXn4YOGLOpy/cAvGSn0',119,329,336,289,NULL,NULL,0,0,NULL,'',1,0,3,1,NULL,1,1,'ec6a6536ca304edf844d1d248a4f08dc',46,NULL,'',0),(309,7,'Inalambrico','.',NULL,NULL,145,55,418,285,NULL,6,0,0,NULL,'',0,0,0,1,NULL,0,1,NULL,NULL,NULL,'',0),(310,15,'Sabrina','Miramar','sabrina@miramarcruises.com','$5$rounds=5000$d75450e6$.vXer/uA5SFunnLbczzY3pUtGxgtRUx5tPKm5eReRz3',145,271,369,254,NULL,NULL,0,0,NULL,'',1,1,0,1,NULL,1,1,'ec6a6536ca304edf844d1d248a4f08dc',77,NULL,'',0),(311,7,'Temporal','.',NULL,NULL,145,336,419,285,NULL,6,0,0,NULL,'',0,1,0,1,NULL,0,1,NULL,NULL,NULL,'',0),(312,13,'Despacho1','colab',NULL,NULL,145,337,420,294,NULL,19,0,0,NULL,'',0,0,0,1,NULL,0,1,NULL,NULL,NULL,'',0),(313,13,'Despacho2','Colab',NULL,NULL,145,338,421,294,NULL,19,0,0,NULL,'',0,2,1,1,NULL,0,1,NULL,NULL,1,'',0),(314,13,'Despacho3','colab',NULL,NULL,145,339,422,294,NULL,19,0,0,NULL,'',0,0,0,1,NULL,0,1,NULL,NULL,NULL,'',0),(315,13,'Despacho4','colab',NULL,NULL,145,340,423,294,NULL,19,0,0,NULL,'',0,0,0,1,NULL,0,1,NULL,NULL,NULL,'',0),(316,13,'Despacho5_1','colab',NULL,NULL,145,341,424,294,NULL,19,0,0,NULL,'',0,0,0,1,NULL,0,1,NULL,NULL,NULL,'',0),(318,13,'Ana','FB',NULL,NULL,145,343,426,293,NULL,20,0,0,NULL,'',0,1,0,1,NULL,0,1,NULL,NULL,1,'',0),(319,13,'Cris','FB',NULL,NULL,145,345,427,293,NULL,20,0,0,NULL,'',0,1,0,1,NULL,0,1,NULL,NULL,1,'',0),(320,13,'Silvia','FB',NULL,NULL,145,352,428,293,NULL,20,0,0,NULL,'',0,1,0,1,NULL,0,1,NULL,NULL,1,'',0),(321,13,'Inalámbrico1','FB',NULL,NULL,145,346,429,NULL,NULL,NULL,0,0,NULL,'',0,0,0,1,NULL,0,1,NULL,NULL,NULL,'',0),(322,13,'Susi','FB',NULL,NULL,145,354,430,293,NULL,20,0,0,NULL,'',0,1,0,1,NULL,0,1,NULL,NULL,1,'',0),(323,13,'Ricardo','FB',NULL,NULL,145,351,431,293,NULL,20,0,0,NULL,'',0,1,0,1,NULL,0,1,NULL,NULL,1,'',0),(324,13,'Carlos','FB',NULL,NULL,145,344,432,293,NULL,20,0,0,NULL,'',0,1,0,1,NULL,0,1,NULL,NULL,1,'',0),(325,13,'Inalámbrico2','FB',NULL,NULL,145,347,433,NULL,NULL,NULL,0,0,NULL,'',0,0,0,1,NULL,0,1,NULL,NULL,NULL,'',0),(326,13,'UCOGA','FB',NULL,NULL,145,NULL,434,NULL,NULL,NULL,0,0,NULL,'',0,0,0,1,NULL,0,1,NULL,NULL,NULL,'',0),(327,13,'Marta y Nere','FB',NULL,NULL,145,348,435,293,NULL,NULL,0,0,NULL,'',0,0,0,1,NULL,0,1,NULL,NULL,NULL,'',0),(328,13,'Panphone','FB',NULL,NULL,145,349,436,NULL,NULL,NULL,0,0,NULL,'',0,0,0,1,NULL,0,1,NULL,NULL,NULL,'',0),(329,13,'Panphone','colab',NULL,NULL,145,350,437,NULL,NULL,NULL,0,0,NULL,'',0,0,0,1,NULL,0,1,NULL,NULL,NULL,'',0),(330,8,'Manuel','Delclaux','mdelclaux@altamarcapital.com','$5$rounds=5000$20dca52a$KdyfRDuUz84vWpySHjUdkTFjqYxkYZtU.HFvySy0rM0',145,356,168,153,NULL,NULL,0,0,NULL,'',1,0,0,1,NULL,1,1,'ec6a6536ca304edf844d1d248a4f08dc',NULL,1,'773',0),(331,8,'Jaime','Velasco','jvelasco@altamarcapital.com','$5$rounds=5000$2a628d20$HqckaMtIhl5sDq5loKsHDbFJERtX9Ujfhjzog1Czjt3',145,306,124,262,NULL,9,0,0,NULL,'',1,0,0,1,NULL,1,1,'ec6a6536ca304edf844d1d248a4f08dc',70,1,'729',0),(332,8,'Alvaro','Ortiz','aortiz@altamarcapital.com','$5$rounds=5000$6c87e975$SC3H97/DPdr2ikQ7xDLeaI9CVclMePtvyG3caRVUn7C',145,360,130,265,NULL,9,0,0,NULL,'',1,3,0,1,NULL,1,1,'ec6a6536ca304edf844d1d248a4f08dc',70,1,'735',0),(333,19,'Usuario','1',NULL,NULL,145,361,571,341,NULL,NULL,0,0,NULL,'',0,0,0,1,NULL,0,1,NULL,NULL,NULL,'',0),(335,20,'Paqui','Centralita','fcorraliza@iberiacards.com','$5$rounds=5000$0ceefe75$p1N1TcDNwb7RgKGSshtUn9hsny17XQtJaAgHje7XnH0',145,NULL,573,306,NULL,NULL,0,0,NULL,'',1,0,0,1,NULL,1,1,'ec6a6536ca304edf844d1d248a4f08dc',NULL,NULL,'',0),(336,20,'Javier','Amo','jamo@iberiacards.com','$5$rounds=5000$dcd1c1c9$gxivo5rAyzNc9KYQx6fciZ3i8XG3uozKIAJuVOKoi0/',145,NULL,574,308,NULL,NULL,0,0,NULL,'',1,0,0,1,NULL,1,1,'ec6a6536ca304edf844d1d248a4f08dc',NULL,NULL,'',0),(337,20,'Luis','Gutiérrez','lgutierrez@iberiacards.com','$5$rounds=5000$e15df1ca$BzNHsGSF8MYeoKW961lUSSg1xcQrUG8YaQsPAKpNdU8',145,NULL,575,309,NULL,NULL,0,0,NULL,'',1,0,0,1,NULL,1,1,'ec6a6536ca304edf844d1d248a4f08dc',NULL,NULL,'',0),(338,20,'Antonio','Fernández-Golfín','agolfin@iberiacards.com','$5$rounds=5000$2a25d43a$0X8gPvAks3MgwgliD0rYTqZcXw4ipi11NrUI5UoUd19',145,NULL,576,310,NULL,NULL,0,0,NULL,'',1,0,0,1,NULL,1,1,'ec6a6536ca304edf844d1d248a4f08dc',NULL,NULL,'',0),(339,20,'Juan Carlos','Rearte','jcrearte@iberiacards.com','$5$rounds=5000$090ee6d5$Cf48vlU6SDfUcsoUezjQ89GIVLZsuFxYMh3JKV9C4p2',145,NULL,578,311,NULL,NULL,0,0,NULL,'',1,0,0,1,NULL,1,1,'ec6a6536ca304edf844d1d248a4f08dc',NULL,NULL,'',0),(340,20,'Gonzalo','Sánchez Mellado','gsmellado@iberiacards.com','$5$rounds=5000$65e528cd$Pdv23fMRAmMxhBaLxqxe79J1VY23VjsH6j23ztQIaC1',145,NULL,579,312,NULL,NULL,0,0,NULL,'',1,0,0,1,NULL,1,1,'ec6a6536ca304edf844d1d248a4f08dc',NULL,NULL,'',0),(341,20,'Alejandra','Caldas','acaldas@iberiacards.com','$5$rounds=5000$fb68a521$p12hVLFqEau/8F.O624FKbUtTRvkT0zaGa9A5fBeDW1',145,NULL,585,313,NULL,NULL,0,0,NULL,'',1,0,0,1,NULL,1,1,'ec6a6536ca304edf844d1d248a4f08dc',NULL,NULL,'',0),(342,20,'Cinta','Cardús','ccardus@iberiacards.com','$5$rounds=5000$49c1afb7$bXEh.T2uhiX6hzXkF8wkl/JkLjnZP1Cs4CQSnTH1ZLC',145,NULL,577,314,NULL,NULL,0,0,NULL,'',1,0,0,1,NULL,1,1,'ec6a6536ca304edf844d1d248a4f08dc',NULL,NULL,'',0),(343,20,'Sagrario','Gómez','sgomez@iberiacards.com','$5$rounds=5000$9c972eaa$5ibhnOqfAEBCJDf92GUXQOspOVMV4TEuLe5kRE8aa52',145,NULL,580,315,NULL,NULL,0,0,NULL,'',1,0,0,1,NULL,1,1,'ec6a6536ca304edf844d1d248a4f08dc',NULL,NULL,'',0),(344,20,'Rafael','Murillo','rmurillo@iberiacards.com','$5$rounds=5000$79f4eecb$bXH5VPEkfdhuKF0jzdBhulCFmmqleZZBw1XODRxfaQ2',145,NULL,581,316,NULL,NULL,0,0,NULL,'',1,0,0,1,NULL,1,1,'ec6a6536ca304edf844d1d248a4f08dc',NULL,NULL,'',0),(345,20,'Soledad','García','sgarcia@iberiacards.com','$5$rounds=5000$bb6bd327$l1tMXnwMQNtkFHWsSeB7zsEAHWVF/n2Cbua6pe8fWC3',145,NULL,582,317,NULL,NULL,0,0,NULL,'',1,0,0,1,NULL,1,1,'ec6a6536ca304edf844d1d248a4f08dc',NULL,NULL,'',0),(346,20,'Cristina','de Corral','cdecorral@iberiacards.com','$5$rounds=5000$c370a180$SOjRjrQmZ3bepUE7WjI9L0Ll0RjDfR3kzlSbYZOGhD7',145,NULL,583,318,NULL,NULL,0,0,NULL,'',1,0,0,1,NULL,1,1,'ec6a6536ca304edf844d1d248a4f08dc',NULL,NULL,'',0),(347,20,'Jairo','Rodríguez','jrodriguez@iberiacards.com','$5$rounds=5000$0d6b7dfd$VAH82tz2.uwevmUnnsV54bMjvlsJOmwd4yw5eQ6p/q9',145,NULL,584,319,NULL,NULL,0,0,NULL,'',1,0,0,1,NULL,1,1,'ec6a6536ca304edf844d1d248a4f08dc',NULL,NULL,'',0),(348,20,'Lara Beatríz','Fernández','lbfernandez@iberiacards.com','$5$rounds=5000$4a608840$qkTypP872bkmtffkUpMUKrvZVeTtN7cb8AxfsVw6aw/',145,NULL,586,320,NULL,NULL,0,0,NULL,'',1,0,0,1,NULL,1,1,'ec6a6536ca304edf844d1d248a4f08dc',NULL,NULL,'',0),(349,20,'Sonia','Sánchez','ssanchez@iberiacards.com','$5$rounds=5000$ccdf6021$skm544b7CYg43PT/fSRmHEZ0cKSR3hm0zQ/iXuMypv6',145,NULL,587,321,NULL,NULL,0,0,NULL,'',1,0,0,1,NULL,1,1,'ec6a6536ca304edf844d1d248a4f08dc',NULL,NULL,'',0),(350,20,'Javier','Martínez','jmartinez@iberiacards.com','$5$rounds=5000$63c5f546$2YyOq1fWEnN2Bb2fD5zZlJlnrklWENMnHo/5Bn3wV02',145,NULL,601,322,NULL,NULL,0,0,NULL,'',1,0,0,1,NULL,1,1,'ec6a6536ca304edf844d1d248a4f08dc',NULL,NULL,'',0),(351,20,'Mercedes','López','mlopez@iberiacards.com','$5$rounds=5000$2e9c6410$NxjfUypmN6LiXA7VubBOlydX4sGJ9VWBGUdmvzY8Ke.',145,NULL,588,323,NULL,NULL,0,0,NULL,'',1,0,0,1,NULL,1,1,'ec6a6536ca304edf844d1d248a4f08dc',NULL,NULL,'',0),(352,20,'Luis','Urquía','lurquia@iberiacards.com','$5$rounds=5000$e14b39f7$M2L49W4pX/u1UnQj..nAfU/b25zZNC86di/G4dXEbm1',145,NULL,589,324,NULL,NULL,0,0,NULL,'',1,0,0,1,NULL,1,1,'ec6a6536ca304edf844d1d248a4f08dc',NULL,NULL,'',0),(353,20,'M.Angeles','Crespo','macrespo@iberiacards.com','$5$rounds=5000$ab8e540d$cK4b3F12hbzD1dPejnHnwjykSAXPS6w8JhMvwTpB9O8',145,NULL,590,325,NULL,NULL,0,0,NULL,'',1,0,0,1,NULL,1,1,'ec6a6536ca304edf844d1d248a4f08dc',NULL,NULL,'',0),(354,20,'Jesús','Vozmediano','jvozmediano@iberiacards.com','$5$rounds=5000$e6d7101c$EJ6QZn/1.kCS7vN1rIFd/sE.p3bfRaGtb/sdFJy2Oy5',145,NULL,591,326,NULL,NULL,0,0,NULL,'',1,0,0,1,NULL,1,1,'ec6a6536ca304edf844d1d248a4f08dc',NULL,NULL,'',0),(355,20,'Pedro','del Amo','pamo@iberiacards.com','$5$rounds=5000$cc61f64a$vq9VH9JVMZ8/Qr.sCrM8rJg2k71TUuPuOEQUm8daKD2',145,NULL,592,327,NULL,NULL,0,0,NULL,'',1,0,0,1,NULL,1,1,'ec6a6536ca304edf844d1d248a4f08dc',NULL,NULL,'',0),(356,20,'Begoña','Ortega','bortega@iberiacards.com','$5$rounds=5000$dd0f7d0c$dc2dTUMLxG76L7wAgk/kIU/oXVnG6B/rYbTATDCEPmD',145,NULL,593,328,NULL,NULL,0,0,NULL,'',1,0,0,1,NULL,1,1,'ec6a6536ca304edf844d1d248a4f08dc',NULL,NULL,'',0),(357,20,'Diego','Moreno','dmoreno@iberiacards.com','$5$rounds=5000$3a47ac9a$HtRb5/xLisqKQSpwsnJ.kq3FwLvTDNcW3NKY3zaxhs1',145,NULL,594,329,NULL,NULL,0,0,NULL,'',1,0,0,1,NULL,1,1,'ec6a6536ca304edf844d1d248a4f08dc',NULL,NULL,'',0),(358,20,'Alejandra','Chinchilla','achinchilla@iberiacards.com','$5$rounds=5000$4703882d$wyTC7.pIXD.WLm8TF0JCL/bsNGdjFk3Bsm83XMdvC48',145,NULL,595,330,NULL,NULL,0,0,NULL,'',1,0,0,1,NULL,1,1,'ec6a6536ca304edf844d1d248a4f08dc',NULL,NULL,'',0),(359,20,'Montse','Blazquez','mblazquez@iberiacards.com','$5$rounds=5000$61147b96$sciMXQUUVPpVIXhaXWslocloDmKW69lj3uvauB2O2A5',145,NULL,596,331,NULL,NULL,0,0,NULL,'',1,0,0,1,NULL,1,1,'ec6a6536ca304edf844d1d248a4f08dc',NULL,NULL,'',0),(360,20,'Almudena','González','agonzalez@iberiacards.com','$5$rounds=5000$6cd6573a$iqEhawlUvC1oJvJHqXMb83ZRkdFCk2KLQU232mkC7H9',145,NULL,597,332,NULL,NULL,0,0,NULL,'',1,0,0,1,NULL,1,1,'ec6a6536ca304edf844d1d248a4f08dc',NULL,NULL,'',0),(361,20,'Marta','Fernández-Ávila','mfavila@iberiacards.com','$5$rounds=5000$81d924bb$TdYDmsGqxBZIXkEfSnY5juez87UlRAnXOMeMQwacJRA',145,NULL,598,333,NULL,NULL,0,0,NULL,'',1,0,0,1,NULL,1,1,'ec6a6536ca304edf844d1d248a4f08dc',NULL,NULL,'',0),(362,20,'Verónica','Valdivia','vvaldivia@iberiacards.com','$5$rounds=5000$99adbb97$a4nEKGOKcPttk/kHj1sSOyrS34g.jBp4/59MHbjeO08',145,NULL,602,334,NULL,NULL,0,0,NULL,'',1,0,0,1,NULL,1,1,'ec6a6536ca304edf844d1d248a4f08dc',NULL,NULL,'',0),(363,20,'Lydia','Cereceda','lcereceda','$5$rounds=5000$f2ff2292$ipE3w9G7Z0YQkSbzP.xd/cPJ.G.x3rhXpmhbjpRSsy7',145,NULL,599,335,NULL,NULL,0,0,NULL,'',1,0,0,1,NULL,1,1,'ec6a6536ca304edf844d1d248a4f08dc',NULL,NULL,'',0),(364,20,'Sala','Consejo',NULL,NULL,145,NULL,600,336,NULL,NULL,0,0,NULL,'',0,0,0,1,NULL,0,1,NULL,NULL,NULL,'',0),(365,19,'Usuario','2',NULL,NULL,145,362,572,342,NULL,NULL,0,0,NULL,'',0,0,0,1,NULL,0,1,NULL,NULL,NULL,'',0),(366,8,'Jordi','Nieto','jordinieto@altamarcapital.com','$5$rounds=5000$f9707696$iyt1ynOtbqLjxpK5N7St9w45H6HDdb7hsABGlJMaHy/',145,365,603,337,NULL,NULL,0,0,NULL,NULL,1,0,0,1,NULL,1,1,'ec6a6536ca304edf844d1d248a4f08dc',NULL,NULL,NULL,0),(367,8,'Álvaro','Ortiz-Echagüe','aortiz@altancapital.com','$5$rounds=5000$12a5552b$ydC2oJruQmBEdPLaF.9ZK5WHvztt7RHWIo.MhcJUhp5',145,NULL,NULL,NULL,NULL,NULL,0,0,NULL,NULL,1,0,0,1,NULL,1,1,'ec6a6536ca304edf844d1d248a4f08dc',NULL,NULL,NULL,0),(368,8,'Laura','Setién','lsetien@altamarcapital.com','$5$rounds=5000$fddda145$VF01xTgPCFxT/Yjp5WPvQS3m18yp12KFgsajdk8G06A',145,189,121,107,NULL,NULL,0,0,NULL,'',1,0,0,1,NULL,1,1,'ec6a6536ca304edf844d1d248a4f08dc',NULL,NULL,'',0),(370,8,'Ana','González','anagonzalez@altamarcapital.com','$5$rounds=5000$09c6756f$VelDA26LDR2t2TUtntkvetVeZ/wgKNCouXWPIM037q7',145,210,195,91,NULL,9,0,0,NULL,'',1,0,3,1,NULL,1,1,'ec6a6536ca304edf844d1d248a4f08dc',70,NULL,'',0),(371,10,'Pruebas','1',NULL,NULL,145,366,605,339,NULL,NULL,0,0,NULL,'',0,0,0,1,NULL,0,1,NULL,NULL,NULL,'',0),(372,10,'Pruebas','2',NULL,NULL,145,367,606,340,NULL,NULL,0,0,NULL,'',0,0,0,1,NULL,0,1,NULL,NULL,NULL,'',0),(374,8,'Beatriz','SanJuan','bsanjuan@altamarcapital.com','$5$rounds=5000$8c4b64a1$/L1jHUCcPOCUzuiy92bgadcvOWxQEe2BD1bZs9UPza1',145,307,128,263,NULL,9,0,0,NULL,'',1,0,0,1,NULL,1,1,'ec6a6536ca304edf844d1d248a4f08dc',NULL,NULL,'',0);
/*!40000 ALTER TABLE `Users` ENABLE KEYS */;
UNLOCK TABLES;

--
-- Table structure for table `XMLRPCLogs`
--

DROP TABLE IF EXISTS `XMLRPCLogs`;
/*!40101 SET @saved_cs_client     = @@character_set_client */;
/*!40101 SET character_set_client = utf8 */;
CREATE TABLE `XMLRPCLogs` (
  `id` int(10) unsigned NOT NULL AUTO_INCREMENT,
  `proxy` varchar(10) NOT NULL,
  `module` varchar(10) NOT NULL,
  `method` varchar(10) NOT NULL,
  `mapperName` varchar(20) NOT NULL,
  `startDate` timestamp NOT NULL DEFAULT CURRENT_TIMESTAMP,
  `execDate` datetime DEFAULT NULL,
  `finishDate` datetime DEFAULT NULL,
  PRIMARY KEY (`id`)
) ENGINE=InnoDB AUTO_INCREMENT=19 DEFAULT CHARSET=utf8 COMMENT='[entity][rest]';
/*!40101 SET character_set_client = @saved_cs_client */;

--
-- Dumping data for table `XMLRPCLogs`
--

LOCK TABLES `XMLRPCLogs` WRITE;
/*!40000 ALTER TABLE `XMLRPCLogs` DISABLE KEYS */;
INSERT INTO `XMLRPCLogs` VALUES (1,'trunks','uac','reg_reload','KamTrunksUacreg','2016-05-31 11:03:37','2016-05-31 11:03:38',NULL),(2,'trunks','uac','reg_reload','KamTrunksUacreg','2016-06-27 10:41:39','2016-06-27 10:41:39','2016-06-27 10:41:39'),(3,'trunks','uac','reg_reload','KamTrunksUacreg','2016-06-27 10:45:07','2016-06-27 10:45:07','2016-06-27 10:45:07'),(4,'trunks','uac','reg_reload','KamTrunksUacreg','2016-06-27 10:50:33','2016-06-27 10:50:33','2016-06-27 10:50:33'),(5,'trunks','uac','reg_reload','KamTrunksUacreg','2016-06-27 11:06:13','2016-06-27 11:06:13',NULL),(6,'trunks','uac','reg_reload','KamTrunksUacreg','2016-08-11 09:21:23','2016-08-11 09:21:23','2016-08-11 09:21:23'),(7,'trunks','uac','reg_reload','KamTrunksUacreg','2016-09-01 19:24:02','2016-09-01 19:24:02','2016-09-01 19:24:02'),(8,'trunks','uac','reg_reload','KamTrunksUacreg','2016-10-27 09:17:47','2016-10-27 09:17:47','2016-10-27 09:17:47'),(9,'trunks','uac','reg_reload','KamTrunksUacreg','2016-12-01 11:48:12','2016-12-01 11:48:12','2016-12-01 11:48:12'),(10,'trunks','uac','reg_reload','KamTrunksUacreg','2016-12-01 14:45:41','2016-12-01 14:45:41','2016-12-01 14:45:41'),(11,'trunks','uac','reg_reload','KamTrunksUacreg','2016-12-01 14:48:34','2016-12-01 14:48:34','2016-12-01 14:48:34'),(12,'trunks','uac','reg_reload','KamTrunksUacreg','2016-12-29 18:28:22','2016-12-29 18:28:22','2016-12-29 18:28:22'),(13,'trunks','uac','reg_reload','KamTrunksUacreg','2016-12-29 18:28:49','2016-12-29 18:28:49',NULL),(14,'trunks','uac','reg_reload','KamTrunksUacreg','2016-12-29 18:29:14','2016-12-29 18:29:14',NULL),(15,'trunks','uac','reg_reload','KamTrunksUacreg','2017-04-07 10:05:39','2017-04-07 10:05:39','2017-04-07 10:05:39'),(16,'trunks','uac','reg_reload','KamTrunksUacreg','2017-05-03 17:20:42','2017-05-03 17:20:42','2017-05-03 17:20:42'),(17,'trunks','uac','reg_reload','KamTrunksUacreg','2017-05-04 11:11:51','2017-05-04 11:11:51','2017-05-04 11:11:51'),(18,'trunks','uac','reg_reload','KamTrunksUacreg','2017-10-22 15:38:48','2017-10-22 15:38:48','2017-10-22 15:38:48');
/*!40000 ALTER TABLE `XMLRPCLogs` ENABLE KEYS */;
UNLOCK TABLES;

--
-- Temporary table structure for view `ast_hints`
--

DROP TABLE IF EXISTS `ast_hints`;
/*!50001 DROP VIEW IF EXISTS `ast_hints`*/;
SET @saved_cs_client     = @@character_set_client;
SET character_set_client = utf8;
/*!50001 CREATE TABLE `ast_hints` (
  `exten` tinyint NOT NULL,
  `context` tinyint NOT NULL,
  `device` tinyint NOT NULL
) ENGINE=MyISAM */;
SET character_set_client = @saved_cs_client;

--
-- Table structure for table `ast_musiconhold`
--

DROP TABLE IF EXISTS `ast_musiconhold`;
/*!40101 SET @saved_cs_client     = @@character_set_client */;
/*!40101 SET character_set_client = utf8 */;
CREATE TABLE `ast_musiconhold` (
  `id` int(10) NOT NULL AUTO_INCREMENT,
  `name` varchar(80) NOT NULL,
  `mode` enum('custom','files','mp3nb','quietmp3nb','quietmp3') DEFAULT NULL,
  `directory` varchar(255) DEFAULT NULL,
  `application` varchar(255) DEFAULT NULL,
  `digit` varchar(1) DEFAULT NULL,
  `sort` varchar(10) DEFAULT NULL,
  `format` varchar(10) DEFAULT NULL,
  `stamp` datetime DEFAULT NULL,
  PRIMARY KEY (`id`),
  UNIQUE KEY `name` (`name`)
) ENGINE=InnoDB AUTO_INCREMENT=7 DEFAULT CHARSET=utf8 COMMENT='[entity][rest]';
/*!40101 SET character_set_client = @saved_cs_client */;

--
-- Dumping data for table `ast_musiconhold`
--

LOCK TABLES `ast_musiconhold` WRITE;
/*!40000 ALTER TABLE `ast_musiconhold` DISABLE KEYS */;
INSERT INTO `ast_musiconhold` VALUES (1,'brand1','files','/opt/irontec/ivozprovider/storage/ivozprovider_model_genericmusiconhold.encodedfile/brand1',NULL,NULL,NULL,'alaw','2016-06-01 11:08:42'),(2,'company1','files','/opt/irontec/ivozprovider/storage/ivozprovider_model_musiconhold.encodedfile/company1',NULL,NULL,NULL,'alaw','2016-06-06 14:41:44'),(3,'company9','files','/opt/irontec/ivozprovider/storage/ivozprovider_model_musiconhold.encodedfile/company9',NULL,NULL,NULL,'alaw','2016-09-15 17:04:27'),(4,'brand2','files','/opt/irontec/ivozprovider/storage/ivozprovider_model_genericmusiconhold.encodedfile/brand2',NULL,NULL,NULL,'alaw','2016-10-28 11:38:27'),(5,'company3','files','/opt/irontec/ivozprovider/storage/ivozprovider_model_musiconhold.encodedfile/company3',NULL,NULL,NULL,'alaw','2016-11-24 18:53:46'),(6,'company6','files','/opt/irontec/ivozprovider/storage/ivozprovider_model_musiconhold.encodedfile/company6',NULL,NULL,NULL,'alaw','2017-07-19 07:47:01');
/*!40000 ALTER TABLE `ast_musiconhold` ENABLE KEYS */;
UNLOCK TABLES;

--
-- Table structure for table `ast_ps_aors`
--

DROP TABLE IF EXISTS `ast_ps_aors`;
/*!40101 SET @saved_cs_client     = @@character_set_client */;
/*!40101 SET character_set_client = utf8 */;
CREATE TABLE `ast_ps_aors` (
  `id` int(10) unsigned NOT NULL,
  `sorcery_id` varchar(40) NOT NULL,
  `default_expiration` int(11) DEFAULT NULL,
  `max_contacts` int(11) DEFAULT NULL,
  `minimum_expiration` int(11) DEFAULT NULL,
  `remove_existing` enum('yes','no') DEFAULT NULL,
  `authenticate_qualify` enum('yes','no') DEFAULT NULL,
  `maximum_expiration` int(11) DEFAULT NULL,
  `support_path` enum('yes','no') DEFAULT NULL,
  `contact` varchar(200) DEFAULT NULL,
  `qualify_frequency` int(11) DEFAULT NULL,
  PRIMARY KEY (`id`),
  UNIQUE KEY `id` (`id`),
  KEY `sorcery_idx` (`sorcery_id`),
  KEY `contact_idx` (`contact`),
  CONSTRAINT `ast_ps_aors_ibfk_1` FOREIGN KEY (`id`) REFERENCES `ast_ps_endpoints` (`id`) ON DELETE CASCADE
) ENGINE=InnoDB DEFAULT CHARSET=utf8 COMMENT='[entity][rest]';
/*!40101 SET character_set_client = @saved_cs_client */;

--
-- Dumping data for table `ast_ps_aors`
--

LOCK TABLES `ast_ps_aors` WRITE;
/*!40000 ALTER TABLE `ast_ps_aors` DISABLE KEYS */;
INSERT INTO `ast_ps_aors` VALUES (11,'b1c5t13_Rafa',NULL,1,NULL,'yes',NULL,NULL,NULL,'sip:Rafa@agronovo-voz.tedra.es',0),(12,'b1c5t14_Xisela',NULL,1,NULL,'yes',NULL,NULL,NULL,'sip:Xisela@agronovo-voz.tedra.es',0),(17,'b1c5t19_Luisa',NULL,1,NULL,'yes',NULL,NULL,NULL,'sip:Luisa@agronovo-voz.tedra.es',0),(20,'b1c5t22_Suso',NULL,1,NULL,'yes',NULL,NULL,NULL,'sip:Suso@agronovo-voz.tedra.es',0),(21,'b1c5t23_Javier',NULL,1,NULL,'yes',NULL,NULL,NULL,'sip:Javier@agronovo-voz.tedra.es',0),(29,'b1c6t31_ChristianGarcia',NULL,1,NULL,'yes',NULL,NULL,NULL,'sip:ChristianGarcia@tedra-voz.tedra.es',0),(34,'b1c7t36_BloombergGestion',NULL,1,NULL,'yes',NULL,NULL,NULL,'sip:BloombergGestion@profit-voz.tedra.es',0),(35,'b1c7t37_Yolanda',NULL,1,NULL,'yes',NULL,NULL,NULL,'sip:Yolanda@profit-voz.tedra.es',0),(36,'b1c7t38_Jaime',NULL,1,NULL,'yes',NULL,NULL,NULL,'sip:Jaime@profit-voz.tedra.es',0),(37,'b1c7t39_Susana',NULL,1,NULL,'yes',NULL,NULL,NULL,'sip:Susana@profit-voz.tedra.es',0),(38,'b1c7t40_Mangeles',NULL,1,NULL,'yes',NULL,NULL,NULL,'sip:Mangeles@profit-voz.tedra.es',0),(40,'b1c3t42_CBT132300M9',NULL,1,NULL,'yes',NULL,NULL,NULL,'sip:CBT132300M9@irontec-tedra.irontec.com',0),(41,'b1c3t43_dect1',NULL,1,NULL,'yes',NULL,NULL,NULL,'sip:dect1@irontec-tedra.irontec.com',0),(42,'b1c6t44_ChristianNautico',NULL,1,NULL,'yes',NULL,NULL,NULL,'sip:ChristianNautico@tedra-voz.tedra.es',0),(43,'b1c3t45_dect2',NULL,1,NULL,'yes',NULL,NULL,NULL,'sip:dect2@irontec-tedra.irontec.com',0),(45,'b1c7t47_SalaPequena',NULL,1,NULL,'yes',NULL,NULL,NULL,'sip:SalaPequena@profit-voz.tedra.es',0),(46,'b1c7t48_SalaGrande',NULL,1,NULL,'yes',NULL,NULL,NULL,'sip:SalaGrande@profit-voz.tedra.es',0),(47,'b1c7t49_Esther',NULL,1,NULL,'yes',NULL,NULL,NULL,'sip:Esther@profit-voz.tedra.es',0),(48,'b1c7t50_Miguel',NULL,1,NULL,'yes',NULL,NULL,NULL,'sip:Miguel@profit-voz.tedra.es',0),(49,'b1c7t51_Gabriel',NULL,1,NULL,'yes',NULL,NULL,NULL,'sip:Gabriel@profit-voz.tedra.es',0),(50,'b1c7t52_JLG',NULL,1,NULL,'yes',NULL,NULL,NULL,'sip:JLG@profit-voz.tedra.es',0),(51,'b1c7t53_JCC',NULL,1,NULL,'yes',NULL,NULL,NULL,'sip:JCC@profit-voz.tedra.es',0),(52,'b1c7t54_JLC',NULL,1,NULL,'yes',NULL,NULL,NULL,'sip:JLC@profit-voz.tedra.es',0),(53,'b1c7t55_Inalambrico',NULL,1,NULL,'yes',NULL,NULL,NULL,'sip:Inalambrico@profit-voz.tedra.es',0),(54,'b1c6t56_JoseBria',NULL,1,NULL,'yes',NULL,NULL,NULL,'sip:JoseBria@tedra-voz.tedra.es',0),(55,'b1c9t57_TESTAlvarez',NULL,1,NULL,'yes',NULL,NULL,NULL,'sip:TESTAlvarez@alvarez-voz.tedra.es',0),(56,'b1c9t58_Recepcion',NULL,1,NULL,'yes',NULL,NULL,NULL,'sip:Recepcion@alvarez-voz.tedra.es',0),(57,'b1c9t59_Administracion',NULL,1,NULL,'yes',NULL,NULL,NULL,'sip:Administracion@alvarez-voz.tedra.es',0),(58,'b1c9t60_Despacho',NULL,1,NULL,'yes',NULL,NULL,NULL,'sip:Despacho@alvarez-voz.tedra.es',0),(59,'b1c9t61_SEC',NULL,1,NULL,'yes',NULL,NULL,NULL,'sip:SEC@alvarez-voz.tedra.es',0),(60,'b1c9t62_Consulta2',NULL,1,NULL,'yes',NULL,NULL,NULL,'sip:Consulta2@alvarez-voz.tedra.es',0),(67,'b1c6t69_ChristianBria',NULL,1,NULL,'yes',NULL,NULL,NULL,'sip:ChristianBria@tedra-voz.tedra.es',0),(68,'b2c10t70_ELAB1',NULL,1,NULL,'yes',NULL,NULL,NULL,'sip:ELAB1@novaquality-voz.mgiconsultores.com',0),(69,'b2c10t71_Recepcion',NULL,1,NULL,'yes',NULL,NULL,NULL,'sip:Recepcion@novaquality-voz.mgiconsultores.com',0),(70,'b2c10t72_Administracion',NULL,1,NULL,'yes',NULL,NULL,NULL,'sip:Administracion@novaquality-voz.mgiconsultores.com',0),(71,'b2c10t73_DptoTecnico',NULL,1,NULL,'yes',NULL,NULL,NULL,'sip:DptoTecnico@novaquality-voz.mgiconsultores.com',0),(72,'b2c10t74_Emailing',NULL,1,NULL,'yes',NULL,NULL,NULL,'sip:Emailing@novaquality-voz.mgiconsultores.com',0),(73,'b2c10t75_RocioVicente',NULL,1,NULL,'yes',NULL,NULL,NULL,'sip:RocioVicente@novaquality-voz.mgiconsultores.com',0),(74,'b2c10t76_RRHH',NULL,1,NULL,'yes',NULL,NULL,NULL,'sip:RRHH@novaquality-voz.mgiconsultores.com',0),(75,'b2c10t77_ELAB11',NULL,1,NULL,'yes',NULL,NULL,NULL,'sip:ELAB11@novaquality-voz.mgiconsultores.com',0),(76,'b2c10t78_SalaFormacion',NULL,1,NULL,'yes',NULL,NULL,NULL,'sip:SalaFormacion@novaquality-voz.mgiconsultores.com',0),(77,'b2c10t79_PedroHerrera',NULL,1,NULL,'yes',NULL,NULL,NULL,'sip:PedroHerrera@novaquality-voz.mgiconsultores.com',0),(78,'b2c10t80_SalaReuniones',NULL,1,NULL,'yes',NULL,NULL,NULL,'sip:SalaReuniones@novaquality-voz.mgiconsultores.com',0),(79,'b2c10t81_ELAB2',NULL,1,NULL,'yes',NULL,NULL,NULL,'sip:ELAB2@novaquality-voz.mgiconsultores.com',0),(80,'b2c10t82_ELAB3',NULL,1,NULL,'yes',NULL,NULL,NULL,'sip:ELAB3@novaquality-voz.mgiconsultores.com',0),(81,'b2c10t83_ELAB4',NULL,1,NULL,'yes',NULL,NULL,NULL,'sip:ELAB4@novaquality-voz.mgiconsultores.com',0),(82,'b2c10t84_ELAB5',NULL,1,NULL,'yes',NULL,NULL,NULL,'sip:ELAB5@novaquality-voz.mgiconsultores.com',0),(83,'b2c10t85_ELAB6',NULL,1,NULL,'yes',NULL,NULL,NULL,'sip:ELAB6@novaquality-voz.mgiconsultores.com',0),(84,'b2c10t86_ELAB7',NULL,1,NULL,'yes',NULL,NULL,NULL,'sip:ELAB7@novaquality-voz.mgiconsultores.com',0),(85,'b2c10t87_ELAB8',NULL,1,NULL,'yes',NULL,NULL,NULL,'sip:ELAB8@novaquality-voz.mgiconsultores.com',0),(86,'b2c10t88_ELAB9',NULL,1,NULL,'yes',NULL,NULL,NULL,'sip:ELAB9@novaquality-voz.mgiconsultores.com',0),(87,'b2c10t89_ELAB10',NULL,1,NULL,'yes',NULL,NULL,NULL,'sip:ELAB10@novaquality-voz.mgiconsultores.com',0),(88,'b1c8t90_administrationalt',NULL,1,NULL,'yes',NULL,NULL,NULL,'sip:administrationalt@altamar-voz.tedra.es',0),(91,'b1c8t93_harveylambertterminal',NULL,1,NULL,'yes',NULL,NULL,NULL,'sip:harveylambertterminal@altamar-voz.tedra.es',0),(92,'b1c8t94_hectormorenoterminal',NULL,1,NULL,'yes',NULL,NULL,NULL,'sip:hectormorenoterminal@altamar-voz.tedra.es',0),(93,'b1c8t95_rocioheresterminal',NULL,1,NULL,'yes',NULL,NULL,NULL,'sip:rocioheresterminal@altamar-voz.tedra.es',0),(94,'b1c8t96_ip5000ny01',NULL,1,NULL,'yes',NULL,NULL,NULL,'sip:ip5000ny01@altamar-voz.tedra.es',0),(95,'b1c8t97_alvaromaestreterminal',NULL,1,NULL,'yes',NULL,NULL,NULL,'sip:alvaromaestreterminal@altamar-voz.tedra.es',0),(99,'b1c8t101_temporal600',NULL,1,NULL,'yes',NULL,NULL,NULL,'sip:temporal600@altamar-voz.tedra.es',0),(101,'b1c8t102_dereksnyderterminal',NULL,1,NULL,'yes',NULL,NULL,NULL,'sip:dereksnyderterminal@altamar-voz.tedra.es',0),(102,'b1c6t103_MiguelBria',NULL,1,NULL,'yes',NULL,NULL,NULL,'sip:MiguelBria@tedra-voz.tedra.es',0),(105,'b1c3t105_CBT141000PG',NULL,1,NULL,'yes',NULL,NULL,NULL,'sip:CBT141000PG@irontec-tedra.irontec.com',0),(107,'b2c10t107_ELAB12',NULL,1,NULL,'yes',NULL,NULL,NULL,'sip:ELAB12@novaquality-voz.mgiconsultores.com',0),(108,'b1c12t108_miguelcasa',NULL,1,NULL,'yes',NULL,NULL,NULL,'sip:miguelcasa@miguelherrero-voz.tedra.es',0),(109,'b1c8f3_altamarpbx',NULL,1,NULL,'yes',NULL,NULL,NULL,'sip:altamarpbx@altamar-voz.tedra.es',0),(111,'b1c8t110_pbellotterminal',NULL,1,NULL,'yes',NULL,NULL,NULL,'sip:pbellotterminal@altamar-voz.tedra.es',0),(112,'b1c8t111_maguirreterminal',NULL,1,NULL,'yes',NULL,NULL,NULL,'sip:maguirreterminal@altamar-voz.tedra.es',0),(113,'b1c8t112_ialvarezterminal',NULL,1,NULL,'yes',NULL,NULL,NULL,'sip:ialvarezterminal@altamar-voz.tedra.es',0),(114,'b1c8t113_aldaraterminal',NULL,1,NULL,'yes',NULL,NULL,NULL,'sip:aldaraterminal@altamar-voz.tedra.es',0),(115,'b1c8t114_ayrazustaterminal',NULL,1,NULL,'yes',NULL,NULL,NULL,'sip:ayrazustaterminal@altamar-voz.tedra.es',0),(117,'b1c8t116_agonzalezterminal',NULL,1,NULL,'yes',NULL,NULL,NULL,'sip:agonzalezterminal@altamar-voz.tedra.es',0),(118,'b1c8t117_adecosterminal',NULL,1,NULL,'yes',NULL,NULL,NULL,'sip:adecosterminal@altamar-voz.tedra.es',0),(120,'b1c8t119_averdejoterminal',NULL,1,NULL,'yes',NULL,NULL,NULL,'sip:averdejoterminal@altamar-voz.tedra.es',0),(121,'b1c8t120_aguineaterminal',NULL,1,NULL,'yes',NULL,NULL,NULL,'sip:aguineaterminal@altamar-voz.tedra.es',0),(122,'b1c8t121_avillalbaterminal',NULL,1,NULL,'yes',NULL,NULL,NULL,'sip:avillalbaterminal@altamar-voz.tedra.es',0),(123,'b1c8t122_bpariasterminal',NULL,1,NULL,'yes',NULL,NULL,NULL,'sip:bpariasterminal@altamar-voz.tedra.es',0),(124,'b1c8t123_bmiguelromeroterminal',NULL,1,NULL,'yes',NULL,NULL,NULL,'sip:bmiguelromeroterminal@altamar-voz.tedra.es',0),(125,'b1c8t124_respinosaterminal',NULL,1,NULL,'yes',NULL,NULL,NULL,'sip:respinosaterminal@altamar-voz.tedra.es',0),(126,'b1c8t125_fnovilloterminal',NULL,1,NULL,'yes',NULL,NULL,NULL,'sip:fnovilloterminal@altamar-voz.tedra.es',0),(127,'b1c8t126_dcancellerterminal',NULL,1,NULL,'yes',NULL,NULL,NULL,'sip:dcancellerterminal@altamar-voz.tedra.es',0),(128,'b1c8t127_ecarballoterminal',NULL,1,NULL,'yes',NULL,NULL,NULL,'sip:ecarballoterminal@altamar-voz.tedra.es',0),(129,'b1c8t128_fgazituaterminal',NULL,1,NULL,'yes',NULL,NULL,NULL,'sip:fgazituaterminal@altamar-voz.tedra.es',0),(130,'b1c8t129_fecheverriaterminal',NULL,1,NULL,'yes',NULL,NULL,NULL,'sip:fecheverriaterminal@altamar-voz.tedra.es',0),(131,'b1c8t130_gverderaterminal',NULL,1,NULL,'yes',NULL,NULL,NULL,'sip:gverderaterminal@altamar-voz.tedra.es',0),(132,'b1c8t131_gaguirreterminal',NULL,1,NULL,'yes',NULL,NULL,NULL,'sip:gaguirreterminal@altamar-voz.tedra.es',0),(133,'b1c8t132_ggomezterminal',NULL,1,NULL,'yes',NULL,NULL,NULL,'sip:ggomezterminal@altamar-voz.tedra.es',0),(134,'b1c8t133_hmauraterminal',NULL,1,NULL,'yes',NULL,NULL,NULL,'sip:hmauraterminal@altamar-voz.tedra.es',0),(135,'b1c8t134_isototerminal',NULL,1,NULL,'yes',NULL,NULL,NULL,'sip:isototerminal@altamar-voz.tedra.es',0),(136,'b1c8t135_jfernandezterminal',NULL,1,NULL,'yes',NULL,NULL,NULL,'sip:jfernandezterminal@altamar-voz.tedra.es',0),(137,'b1c8t136_jdemoragasterminal',NULL,1,NULL,'yes',NULL,NULL,NULL,'sip:jdemoragasterminal@altamar-voz.tedra.es',0),(138,'b1c8t137_jipinaterminal',NULL,1,NULL,'yes',NULL,NULL,NULL,'sip:jipinaterminal@altamar-voz.tedra.es',0),(139,'b1c8t138_jdiazreganonterminal',NULL,1,NULL,'yes',NULL,NULL,NULL,'sip:jdiazreganonterminal@altamar-voz.tedra.es',0),(141,'b1c8t142_bsanzterminal',NULL,1,NULL,'yes',NULL,NULL,NULL,'sip:bsanzterminal@altamar-voz.tedra.es',0),(142,'b1c8t143_dhuidobroterminal',NULL,1,NULL,'yes',NULL,NULL,NULL,'sip:dhuidobroterminal@altamar-voz.tedra.es',0),(143,'b1c8t144_izentenoterminal',NULL,1,NULL,'yes',NULL,NULL,NULL,'sip:izentenoterminal@altamar-voz.tedra.es',0),(144,'b1c8t145_jpainemanterminal',NULL,1,NULL,'yes',NULL,NULL,NULL,'sip:jpainemanterminal@altamar-voz.tedra.es',0),(145,'b1c8t146_jbilbaoterminal',NULL,1,NULL,'yes',NULL,NULL,NULL,'sip:jbilbaoterminal@altamar-voz.tedra.es',0),(147,'b1c8t148_jarenaterminal',NULL,1,NULL,'yes',NULL,NULL,NULL,'sip:jarenaterminal@altamar-voz.tedra.es',0),(148,'b1c8t149_msilvestreterminal',NULL,1,NULL,'yes',NULL,NULL,NULL,'sip:msilvestreterminal@altamar-voz.tedra.es',0),(149,'b1c8t150_malvarezterminal',NULL,1,NULL,'yes',NULL,NULL,NULL,'sip:malvarezterminal@altamar-voz.tedra.es',0),(150,'b1c8t151_mdeestebanterminal',NULL,1,NULL,'yes',NULL,NULL,NULL,'sip:mdeestebanterminal@altamar-voz.tedra.es',0),(151,'b1c8t152_mecheniqueterminal',NULL,1,NULL,'yes',NULL,NULL,NULL,'sip:mecheniqueterminal@altamar-voz.tedra.es',0),(152,'b1c8t153_macampaterminal',NULL,1,NULL,'yes',NULL,NULL,NULL,'sip:macampaterminal@altamar-voz.tedra.es',0),(153,'b1c8t154_mmartinezterminal',NULL,1,NULL,'yes',NULL,NULL,NULL,'sip:mmartinezterminal@altamar-voz.tedra.es',0),(154,'b1c8t155_nhartterminal',NULL,1,NULL,'yes',NULL,NULL,NULL,'sip:nhartterminal@altamar-voz.tedra.es',0),(155,'b1c8t156_tbenjumeaterminal',NULL,1,NULL,'yes',NULL,NULL,NULL,'sip:tbenjumeaterminal@altamar-voz.tedra.es',0),(156,'b1c8t157_pdraketerminal',NULL,1,NULL,'yes',NULL,NULL,NULL,'sip:pdraketerminal@altamar-voz.tedra.es',0),(157,'b1c8t158_rfernandezterminal',NULL,1,NULL,'yes',NULL,NULL,NULL,'sip:rfernandezterminal@altamar-voz.tedra.es',0),(158,'b1c8t159_recheniqueterminal',NULL,1,NULL,'yes',NULL,NULL,NULL,'sip:recheniqueterminal@altamar-voz.tedra.es',0),(159,'b1c8t160_cmateosterminal',NULL,1,NULL,'yes',NULL,NULL,NULL,'sip:cmateosterminal@altamar-voz.tedra.es',0),(160,'b1c8t161_scuadrosterminal',NULL,1,NULL,'yes',NULL,NULL,NULL,'sip:scuadrosterminal@altamar-voz.tedra.es',0),(161,'b1c8t162_srepseterminal',NULL,1,NULL,'yes',NULL,NULL,NULL,'sip:srepseterminal@altamar-voz.tedra.es',0),(162,'b1c8t163_vdiazterminal',NULL,1,NULL,'yes',NULL,NULL,NULL,'sip:vdiazterminal@altamar-voz.tedra.es',0),(163,'b1c8t164_sala2polycomterminal',NULL,1,NULL,'yes',NULL,NULL,NULL,'sip:sala2polycomterminal@altamar-voz.tedra.es',0),(164,'b1c8t165_sala4polycomterminal',NULL,1,NULL,'yes',NULL,NULL,NULL,'sip:sala4polycomterminal@altamar-voz.tedra.es',0),(165,'b1c8t166_sala5polycomterminal',NULL,1,NULL,'yes',NULL,NULL,NULL,'sip:sala5polycomterminal@altamar-voz.tedra.es',0),(166,'b1c8t167_sala6polycomterminal',NULL,1,NULL,'yes',NULL,NULL,NULL,'sip:sala6polycomterminal@altamar-voz.tedra.es',0),(167,'b1c8t168_sala7polycomterminal',NULL,1,NULL,'yes',NULL,NULL,NULL,'sip:sala7polycomterminal@altamar-voz.tedra.es',0),(168,'b1c8t169_idelamoraterminal',NULL,1,NULL,'yes',NULL,NULL,NULL,'sip:idelamoraterminal@altamar-voz.tedra.es',0),(169,'b1c8t170_msanzterminal',NULL,1,NULL,'yes',NULL,NULL,NULL,'sip:msanzterminal@altamar-voz.tedra.es',0),(170,'b1c8t171_caguirreterminal',NULL,1,NULL,'yes',NULL,NULL,NULL,'sip:caguirreterminal@altamar-voz.tedra.es',0),(171,'b1c8t172_mzuritaterminal',NULL,1,NULL,'yes',NULL,NULL,NULL,'sip:mzuritaterminal@altamar-voz.tedra.es',0),(172,'b1c8t173_jmolinaterminal',NULL,1,NULL,'yes',NULL,NULL,NULL,'sip:jmolinaterminal@altamar-voz.tedra.es',0),(173,'b1c8t174_pybarraterminal',NULL,1,NULL,'yes',NULL,NULL,NULL,'sip:pybarraterminal@altamar-voz.tedra.es',0),(174,'b1c8t175_iandradeterminal',NULL,1,NULL,'yes',NULL,NULL,NULL,'sip:iandradeterminal@altamar-voz.tedra.es',0),(176,'b1c8t177_iantonanzasterminal',NULL,1,NULL,'yes',NULL,NULL,NULL,'sip:iantonanzasterminal@altamar-voz.tedra.es',0),(177,'b1c8t178_rpelaezterminal',NULL,1,NULL,'yes',NULL,NULL,NULL,'sip:rpelaezterminal@altamar-voz.tedra.es',0),(178,'b1c8t179_jepalzaterminal',NULL,1,NULL,'yes',NULL,NULL,NULL,'sip:jepalzaterminal@altamar-voz.tedra.es',0),(179,'b1c8t180_folasoterminal',NULL,1,NULL,'yes',NULL,NULL,NULL,'sip:folasoterminal@altamar-voz.tedra.es',0),(180,'b1c8t181_fagrimiterminal',NULL,1,NULL,'yes',NULL,NULL,NULL,'sip:fagrimiterminal@altamar-voz.tedra.es',0),(181,'b1c8t182_pgomezterminal',NULL,1,NULL,'yes',NULL,NULL,NULL,'sip:pgomezterminal@altamar-voz.tedra.es',0),(182,'b1c8t184_mcorpaterminal',NULL,1,NULL,'yes',NULL,NULL,NULL,'sip:mcorpaterminal@altamar-voz.tedra.es',0),(184,'b1c8t186_agallegoterminal',NULL,1,NULL,'yes',NULL,NULL,NULL,'sip:agallegoterminal@altamar-voz.tedra.es',0),(185,'b1c8t187_jvillenaterminal',NULL,1,NULL,'yes',NULL,NULL,NULL,'sip:jvillenaterminal@altamar-voz.tedra.es',0),(186,'b1c8t188_cesproncedaterminal',NULL,1,NULL,'yes',NULL,NULL,NULL,'sip:cesproncedaterminal@altamar-voz.tedra.es',0),(187,'b1c8t189_lsetienterminal',NULL,1,NULL,'yes',NULL,NULL,NULL,'sip:lsetienterminal@altamar-voz.tedra.es',0),(188,'b1c8t190_agarciamoralesterminal',NULL,1,NULL,'yes',NULL,NULL,NULL,'sip:agarciamoralesterminal@altamar-voz.tedra.es',0),(189,'b1c8t191_jezcurdiaterminal',NULL,1,NULL,'yes',NULL,NULL,NULL,'sip:jezcurdiaterminal@altamar-voz.tedra.es',0),(190,'b1c8t192_mdominguezterminal',NULL,1,NULL,'yes',NULL,NULL,NULL,'sip:mdominguezterminal@altamar-voz.tedra.es',0),(191,'b1c8t193_jlvicenteterminal',NULL,1,NULL,'yes',NULL,NULL,NULL,'sip:jlvicenteterminal@altamar-voz.tedra.es',0),(192,'b1c8t194_mbarrionuevoterminal',NULL,1,NULL,'yes',NULL,NULL,NULL,'sip:mbarrionuevoterminal@altamar-voz.tedra.es',0),(193,'b1c8t195_aentrecanalesterminal',NULL,1,NULL,'yes',NULL,NULL,NULL,'sip:aentrecanalesterminal@altamar-voz.tedra.es',0),(194,'b1c8t196_vpenaterminal',NULL,1,NULL,'yes',NULL,NULL,NULL,'sip:vpenaterminal@altamar-voz.tedra.es',0),(195,'b1c8t197_jsimonterminal',NULL,1,NULL,'yes',NULL,NULL,NULL,'sip:jsimonterminal@altamar-voz.tedra.es',0),(196,'b1c8t198_dvallortigaraterminal',NULL,1,NULL,'yes',NULL,NULL,NULL,'sip:dvallortigaraterminal@altamar-voz.tedra.es',0),(197,'b1c8t199_mforjanterminal',NULL,1,NULL,'yes',NULL,NULL,NULL,'sip:mforjanterminal@altamar-voz.tedra.es',0),(198,'b1c8t200_cestebanterminal',NULL,1,NULL,'yes',NULL,NULL,NULL,'sip:cestebanterminal@altamar-voz.tedra.es',0),(199,'b1c8t201_cgarcialomasterminal',NULL,1,NULL,'yes',NULL,NULL,NULL,'sip:cgarcialomasterminal@altamar-voz.tedra.es',0),(200,'b1c8t202_mherreroterminal',NULL,1,NULL,'yes',NULL,NULL,NULL,'sip:mherreroterminal@altamar-voz.tedra.es',0),(201,'b1c8t203_esanchezterminal',NULL,1,NULL,'yes',NULL,NULL,NULL,'sip:esanchezterminal@altamar-voz.tedra.es',0),(202,'b1c8t204_mutreraterminal',NULL,1,NULL,'yes',NULL,NULL,NULL,'sip:mutreraterminal@altamar-voz.tedra.es',0),(203,'b1c8t205_egonzalezterminal',NULL,1,NULL,'yes',NULL,NULL,NULL,'sip:egonzalezterminal@altamar-voz.tedra.es',0),(204,'b1c8t206_ealfonsoterminal',NULL,1,NULL,'yes',NULL,NULL,NULL,'sip:ealfonsoterminal@altamar-voz.tedra.es',0),(205,'b1c8t207_ngarciaterminal',NULL,1,NULL,'yes',NULL,NULL,NULL,'sip:ngarciaterminal@altamar-voz.tedra.es',0),(206,'b1c8t208_nhernandezterminal',NULL,1,NULL,'yes',NULL,NULL,NULL,'sip:nhernandezterminal@altamar-voz.tedra.es',0),(207,'b1c8t209_pcedrumterminal',NULL,1,NULL,'yes',NULL,NULL,NULL,'sip:pcedrumterminal@altamar-voz.tedra.es',0),(208,'b1c8t210_anagonzalezterminal',NULL,1,NULL,'yes',NULL,NULL,NULL,'sip:anagonzalezterminal@altamar-voz.tedra.es',0),(210,'b1c8t213_rgonzalezterminal',NULL,1,NULL,'yes',NULL,NULL,NULL,'sip:rgonzalezterminal@altamar-voz.tedra.es',0),(212,'b1c8t215_tmorenoterminal',NULL,1,NULL,'yes',NULL,NULL,NULL,'sip:tmorenoterminal@altamar-voz.tedra.es',0),(213,'b1c8t216_roriolterminal',NULL,1,NULL,'yes',NULL,NULL,NULL,'sip:roriolterminal@altamar-voz.tedra.es',0),(214,'b1c8t217_jjperezterminal',NULL,1,NULL,'yes',NULL,NULL,NULL,'sip:jjperezterminal@altamar-voz.tedra.es',0),(215,'b1c8t218_smenendezterminal',NULL,1,NULL,'yes',NULL,NULL,NULL,'sip:smenendezterminal@altamar-voz.tedra.es',0),(216,'b1c8t219_tedramigracion',NULL,1,NULL,'yes',NULL,NULL,NULL,'sip:tedramigracion@altamar-voz.tedra.es',0),(218,'b1c8t221_planta9cocinaterminal',NULL,1,NULL,'yes',NULL,NULL,NULL,'sip:planta9cocinaterminal@altamar-voz.tedra.es',0),(221,'b1c8t224_jrmorenoterminal',NULL,1,NULL,'yes',NULL,NULL,NULL,'sip:jrmorenoterminal@altamar-voz.tedra.es',0),(222,'b1c8t225_mcarbonellbria',NULL,1,NULL,'yes',NULL,NULL,NULL,'sip:mcarbonellbria@altamar-voz.tedra.es',0),(223,'b1c8t226_sala8terminal',NULL,1,NULL,'yes',NULL,NULL,NULL,'sip:sala8terminal@altamar-voz.tedra.es',0),(224,'b1c3t227_usuario',NULL,1,NULL,'yes',NULL,NULL,NULL,'sip:usuario@irontec-tedra.irontec.com',0),(225,'b1c8t228_salaaltanterminal',NULL,1,NULL,'yes',NULL,NULL,NULL,'sip:salaaltanterminal@altamar-voz.tedra.es',0),(226,'b1c3t229_001565A1C585',NULL,1,NULL,'yes',NULL,NULL,NULL,'sip:001565A1C585@irontec-tedra.irontec.com',0),(227,'b1c8t230_galdanasala1',NULL,1,NULL,'yes',NULL,NULL,NULL,'sip:galdanasala1@altamar-voz.tedra.es',0),(228,'b1c8t231_galdanasala2',NULL,1,NULL,'yes',NULL,NULL,NULL,'sip:galdanasala2@altamar-voz.tedra.es',0),(230,'b1c8t233_jgarciaterminal',NULL,1,NULL,'yes',NULL,NULL,NULL,'sip:jgarciaterminal@altamar-voz.tedra.es',0),(231,'b1c8t234_jfontaineterminal',NULL,1,NULL,'yes',NULL,NULL,NULL,'sip:jfontaineterminal@altamar-voz.tedra.es',0),(232,'b1c8t235_jmfernandezterminal',NULL,1,NULL,'yes',NULL,NULL,NULL,'sip:jmfernandezterminal@altamar-voz.tedra.es',0),(233,'b1c8t236_polycomconsejo',NULL,1,NULL,'yes',NULL,NULL,NULL,'sip:polycomconsejo@altamar-voz.tedra.es',0),(234,'b1c3t237_testt27',NULL,1,NULL,'yes',NULL,NULL,NULL,'sip:testt27@irontec-tedra.irontec.com',0),(237,'b1c8t240_inversiones1',NULL,1,NULL,'yes',NULL,NULL,NULL,'sip:inversiones1@altamar-voz.tedra.es',0),(238,'b1c8t241_mronaterminal',NULL,1,NULL,'yes',NULL,NULL,NULL,'sip:mronaterminal@altamar-voz.tedra.es',0),(239,'b1c8t242_yealinkirontec',NULL,1,NULL,'yes',NULL,NULL,NULL,'sip:yealinkirontec@altamar-voz.tedra.es',0),(240,'b1c8t243_ciscoirontec',NULL,1,NULL,'yes',NULL,NULL,NULL,'sip:ciscoirontec@altamar-voz.tedra.es',0),(241,'b1c8t244_fecheverriachileterminal',NULL,1,NULL,'yes',NULL,NULL,NULL,'sip:fecheverriachileterminal@altamar-voz.tedra.es',0),(242,'b1c8t245_salareunionchile',NULL,1,NULL,'yes',NULL,NULL,NULL,'sip:salareunionchile@altamar-voz.tedra.es',0),(243,'b1c8t246_bibliotecachileterminal',NULL,1,NULL,'yes',NULL,NULL,NULL,'sip:bibliotecachileterminal@altamar-voz.tedra.es',0),(244,'b1c8t247_tguzmanchile',NULL,1,NULL,'yes',NULL,NULL,NULL,'sip:tguzmanchile@altamar-voz.tedra.es',0),(246,'b1c8t249_sala3polycomterminal',NULL,1,NULL,'yes',NULL,NULL,NULL,'sip:sala3polycomterminal@altamar-voz.tedra.es',0),(248,'b1c8t251_lmartinezterminal',NULL,1,NULL,'yes',NULL,NULL,NULL,'sip:lmartinezterminal@altamar-voz.tedra.es',0),(249,'b1c8t252_jvivancosterminal',NULL,1,NULL,'yes',NULL,NULL,NULL,'sip:jvivancosterminal@altamar-voz.tedra.es',0),(250,'b1c8t253_rhodalyterminal',NULL,1,NULL,'yes',NULL,NULL,NULL,'sip:rhodalyterminal@altamar-voz.tedra.es',0),(251,'b1c8t254_mrafartterminal',NULL,1,NULL,'yes',NULL,NULL,NULL,'sip:mrafartterminal@altamar-voz.tedra.es',0),(252,'b1c8t255_rvelascoterminal',NULL,1,NULL,'yes',NULL,NULL,NULL,'sip:rvelascoterminal@altamar-voz.tedra.es',0),(253,'b1c8t256_jzabarteterminal',NULL,1,NULL,'yes',NULL,NULL,NULL,'sip:jzabarteterminal@altamar-voz.tedra.es',0),(254,'b1c8t257_dcastanyterminal',NULL,1,NULL,'yes',NULL,NULL,NULL,'sip:dcastanyterminal@altamar-voz.tedra.es',0),(255,'b1c8t258_epasarisasterminal',NULL,1,NULL,'yes',NULL,NULL,NULL,'sip:epasarisasterminal@altamar-voz.tedra.es',0),(256,'b1c8t259_lpanizoterminal',NULL,1,NULL,'yes',NULL,NULL,NULL,'sip:lpanizoterminal@altamar-voz.tedra.es',0),(257,'b1c8t260_rmunozterminal',NULL,1,NULL,'yes',NULL,NULL,NULL,'sip:rmunozterminal@altamar-voz.tedra.es',0),(258,'b1c8t261_achuehterminal',NULL,1,NULL,'yes',NULL,NULL,NULL,'sip:achuehterminal@altamar-voz.tedra.es',0),(259,'b1c8t262_acominterminal',NULL,1,NULL,'yes',NULL,NULL,NULL,'sip:acominterminal@altamar-voz.tedra.es',0),(260,'b1c8t263_abuesoterminal',NULL,1,NULL,'yes',NULL,NULL,NULL,'sip:abuesoterminal@altamar-voz.tedra.es',0),(261,'b1c8t264_polycomconsejochile',NULL,1,NULL,'yes',NULL,NULL,NULL,'sip:polycomconsejochile@altamar-voz.tedra.es',0),(262,'b1c8t265_konftelclaudioterminal',NULL,1,NULL,'yes',NULL,NULL,NULL,'sip:konftelclaudioterminal@altamar-voz.tedra.es',0),(265,'b1c15t268_1000',NULL,1,NULL,'yes',NULL,NULL,NULL,'sip:1000@miramar-voz.tedra.es',0),(266,'b1c15t269_1001',NULL,1,NULL,'yes',NULL,NULL,NULL,'sip:1001@miramar-voz.tedra.es',0),(267,'b1c15t270_1002',NULL,1,NULL,'yes',NULL,NULL,NULL,'sip:1002@miramar-voz.tedra.es',0),(268,'b1c15t271_1003',NULL,1,NULL,'yes',NULL,NULL,NULL,'sip:1003@miramar-voz.tedra.es',0),(269,'b1c15t272_1004',NULL,1,NULL,'yes',NULL,NULL,NULL,'sip:1004@miramar-voz.tedra.es',0),(270,'b1c15t273_1005',NULL,1,NULL,'yes',NULL,NULL,NULL,'sip:1005@miramar-voz.tedra.es',0),(271,'b1c15t274_1006',NULL,1,NULL,'yes',NULL,NULL,NULL,'sip:1006@miramar-voz.tedra.es',0),(272,'b1c15t275_2000',NULL,1,NULL,'yes',NULL,NULL,NULL,'sip:2000@miramar-voz.tedra.es',0),(273,'b1c15t276_2001',NULL,1,NULL,'yes',NULL,NULL,NULL,'sip:2001@miramar-voz.tedra.es',0),(274,'b1c15t277_2002',NULL,1,NULL,'yes',NULL,NULL,NULL,'sip:2002@miramar-voz.tedra.es',0),(275,'b1c15t278_2003',NULL,1,NULL,'yes',NULL,NULL,NULL,'sip:2003@miramar-voz.tedra.es',0),(276,'b1c15t279_2004',NULL,1,NULL,'yes',NULL,NULL,NULL,'sip:2004@miramar-voz.tedra.es',0),(277,'b1c15t280_3001',NULL,1,NULL,'yes',NULL,NULL,NULL,'sip:3001@miramar-voz.tedra.es',0),(278,'b1c15t281_3002',NULL,1,NULL,'yes',NULL,NULL,NULL,'sip:3002@miramar-voz.tedra.es',0),(279,'b1c15t282_3003',NULL,1,NULL,'yes',NULL,NULL,NULL,'sip:3003@miramar-voz.tedra.es',0),(280,'b1c15t283_3004',NULL,1,NULL,'yes',NULL,NULL,NULL,'sip:3004@miramar-voz.tedra.es',0),(281,'b1c15t284_3005',NULL,1,NULL,'yes',NULL,NULL,NULL,'sip:3005@miramar-voz.tedra.es',0),(282,'b1c15t285_3006',NULL,1,NULL,'yes',NULL,NULL,NULL,'sip:3006@miramar-voz.tedra.es',0),(283,'b1c15t286_3007',NULL,1,NULL,'yes',NULL,NULL,NULL,'sip:3007@miramar-voz.tedra.es',0),(284,'b1c15t287_3008',NULL,1,NULL,'yes',NULL,NULL,NULL,'sip:3008@miramar-voz.tedra.es',0),(285,'b1c15t288_3009',NULL,1,NULL,'yes',NULL,NULL,NULL,'sip:3009@miramar-voz.tedra.es',0),(286,'b1c15t289_3010',NULL,1,NULL,'yes',NULL,NULL,NULL,'sip:3010@miramar-voz.tedra.es',0),(287,'b1c15t290_3011',NULL,1,NULL,'yes',NULL,NULL,NULL,'sip:3011@miramar-voz.tedra.es',0),(288,'b1c15t291_3012',NULL,1,NULL,'yes',NULL,NULL,NULL,'sip:3012@miramar-voz.tedra.es',0),(289,'b1c15t292_4001',NULL,1,NULL,'yes',NULL,NULL,NULL,'sip:4001@miramar-voz.tedra.es',0),(290,'b1c15t293_4002',NULL,1,NULL,'yes',NULL,NULL,NULL,'sip:4002@miramar-voz.tedra.es',0),(291,'b1c15t294_4003',NULL,1,NULL,'yes',NULL,NULL,NULL,'sip:4003@miramar-voz.tedra.es',0),(292,'b1c15t295_spacarlos',NULL,1,NULL,'yes',NULL,NULL,NULL,'sip:spacarlos@miramar-voz.tedra.es',0),(293,'b1c15f4_miramarpbx',NULL,1,NULL,'yes',NULL,NULL,NULL,'sip:miramarpbx@miramar-voz.tedra.es',0),(295,'b1c8t297_psaladeborjaterminal',NULL,1,NULL,'yes',NULL,NULL,NULL,'sip:psaladeborjaterminal@altamar-voz.tedra.es',0),(296,'b1c8t298_jnietoterminal',NULL,1,NULL,'yes',NULL,NULL,NULL,'sip:jnietoterminal@altamar-voz.tedra.es',0),(297,'b1c8t299_palonsoterminal',NULL,1,NULL,'yes',NULL,NULL,NULL,'sip:palonsoterminal@altamar-voz.tedra.es',0),(298,'b1c6t300_MiguelHerreroTerminal',NULL,1,NULL,'yes',NULL,NULL,NULL,'sip:MiguelHerreroTerminal@tedra-voz.tedra.es',0),(300,'b1c8t302_lhayaterminal',NULL,1,NULL,'yes',NULL,NULL,NULL,'sip:lhayaterminal@altamar-voz.tedra.es',0),(301,'b1c8t303_vlopezterminal',NULL,1,NULL,'yes',NULL,NULL,NULL,'sip:vlopezterminal@altamar-voz.tedra.es',0),(302,'b1c8t305_mpitrelliterminal',NULL,1,NULL,'yes',NULL,NULL,NULL,'sip:mpitrelliterminal@altamar-voz.tedra.es',0),(303,'b1c8t306_jvelascoterminal',NULL,1,NULL,'yes',NULL,NULL,NULL,'sip:jvelascoterminal@altamar-voz.tedra.es',0),(304,'b1c8t307_bsanjuanterminal',NULL,1,NULL,'yes',NULL,NULL,NULL,'sip:bsanjuanterminal@altamar-voz.tedra.es',0),(306,'b1c8t309_ip6000terminalchile',NULL,1,NULL,'yes',NULL,NULL,NULL,'sip:ip6000terminalchile@altamar-voz.tedra.es',0),(307,'b1c7t310_MElvira',NULL,1,NULL,'yes',NULL,NULL,NULL,'sip:MElvira@profit-voz.tedra.es',0),(308,'b1c7t311_Jorge',NULL,1,NULL,'yes',NULL,NULL,NULL,'sip:Jorge@profit-voz.tedra.es',0),(309,'b1c7t312_Maria',NULL,1,NULL,'yes',NULL,NULL,NULL,'sip:Maria@profit-voz.tedra.es',0),(310,'b1c8f9_altamarchile',NULL,1,NULL,'yes',NULL,NULL,NULL,'sip:altamarchile@altamar-voz.tedra.es',0),(311,'b1c8t313_carloscruz',NULL,1,NULL,'yes',NULL,NULL,NULL,'sip:carloscruz@altamar-voz.tedra.es',0),(312,'b1c8t314_spacarlosaux',NULL,1,NULL,'yes',NULL,NULL,NULL,'sip:spacarlosaux@altamar-voz.tedra.es',0),(313,'b1c3t315_yealinkt28',NULL,1,NULL,'yes',NULL,NULL,NULL,'sip:yealinkt28@irontec-tedra.irontec.com',0),(314,'b1c8t316_jdancausaterminal',NULL,1,NULL,'yes',NULL,NULL,NULL,'sip:jdancausaterminal@altamar-voz.tedra.es',0),(315,'b1c8t317_adiscoloterminal',NULL,1,NULL,'yes',NULL,NULL,NULL,'sip:adiscoloterminal@altamar-voz.tedra.es',0),(316,'b1c6t318_CP860_LE01',NULL,1,NULL,'yes',NULL,NULL,NULL,'sip:CP860_LE01@tedra-voz.tedra.es',0),(317,'b1c8t320_jgarciasuarezterminal',NULL,1,NULL,'yes',NULL,NULL,NULL,'sip:jgarciasuarezterminal@altamar-voz.tedra.es',0),(318,'b1c6t321_PatriciaHuergaTerminal',NULL,1,NULL,'yes',NULL,NULL,NULL,'sip:PatriciaHuergaTerminal@tedra-voz.tedra.es',0),(319,'b1c16t322_rafaelsanchezterminal',NULL,1,NULL,'yes',NULL,NULL,NULL,'sip:rafaelsanchezterminal@rafaelsanchez-voz.tedra.es',0),(320,'b1c8t323_vmartinezterminal',NULL,1,NULL,'yes',NULL,NULL,NULL,'sip:vmartinezterminal@altamar-voz.tedra.es',0),(321,'b1c8t324_tcelaterminal',NULL,1,NULL,'yes',NULL,NULL,NULL,'sip:tcelaterminal@altamar-voz.tedra.es',0),(323,'b1c8t326_saragarciaterminal',NULL,1,NULL,'yes',NULL,NULL,NULL,'sip:saragarciaterminal@altamar-voz.tedra.es',0),(324,'b1c17r1_duo01',NULL,1,NULL,'yes',NULL,NULL,NULL,'sip:duo01@sip.tedra.es',0),(325,'b1c18t327_clinicaeras',NULL,1,NULL,'yes',NULL,NULL,NULL,'sip:clinicaeras@clinicaeras-voz.tedra.es',0),(326,'b1c6t328_diegovegaterminal',NULL,1,NULL,'yes',NULL,NULL,NULL,'sip:diegovegaterminal@tedra-voz.tedra.es',0),(327,'b1c8t329_fyanezterminal',NULL,1,NULL,'yes',NULL,NULL,NULL,'sip:fyanezterminal@altamar-voz.tedra.es',0),(328,'b1c17r2_duo02',NULL,1,NULL,'yes',NULL,NULL,NULL,'sip:duo02@sip.tedra.es',0),(329,'b1c7t334_Cocina',NULL,1,NULL,'yes',NULL,NULL,NULL,'sip:Cocina@profit-voz.tedra.es',0),(331,'b1c7t336_Temporal',NULL,1,NULL,'yes',NULL,NULL,NULL,'sip:Temporal@profit-voz.tedra.es',0),(332,'b1c13t337_despacho1terminal',NULL,1,NULL,'yes',NULL,NULL,NULL,'sip:despacho1terminal@fbconsultores-voz.tedra.es',0),(333,'b1c13t338_despacho2terminal',NULL,1,NULL,'yes',NULL,NULL,NULL,'sip:despacho2terminal@fbconsultores-voz.tedra.es',0),(334,'b1c13t339_despacho3terminal',NULL,1,NULL,'yes',NULL,NULL,NULL,'sip:despacho3terminal@fbconsultores-voz.tedra.es',0),(335,'b1c13t340_despacho4terminal',NULL,1,NULL,'yes',NULL,NULL,NULL,'sip:despacho4terminal@fbconsultores-voz.tedra.es',0),(336,'b1c13t341_despacho5terminal',NULL,1,NULL,'yes',NULL,NULL,NULL,'sip:despacho5terminal@fbconsultores-voz.tedra.es',0),(338,'b1c13t343_anaterminal',NULL,1,NULL,'yes',NULL,NULL,NULL,'sip:anaterminal@fbconsultores-voz.tedra.es',0),(339,'b1c13t344_carlosterminal',NULL,1,NULL,'yes',NULL,NULL,NULL,'sip:carlosterminal@fbconsultores-voz.tedra.es',0),(340,'b1c13t345_cristerminal',NULL,1,NULL,'yes',NULL,NULL,NULL,'sip:cristerminal@fbconsultores-voz.tedra.es',0),(341,'b1c13t346_inalambrico1terminal',NULL,1,NULL,'yes',NULL,NULL,NULL,'sip:inalambrico1terminal@fbconsultores-voz.tedra.es',0),(342,'b1c13t347_inalambrico2terminal',NULL,1,NULL,'yes',NULL,NULL,NULL,'sip:inalambrico2terminal@fbconsultores-voz.tedra.es',0),(343,'b1c13t348_martaynereterminal',NULL,1,NULL,'yes',NULL,NULL,NULL,'sip:martaynereterminal@fbconsultores-voz.tedra.es',0),(344,'b1c13t349_panphonefbterminal',NULL,1,NULL,'yes',NULL,NULL,NULL,'sip:panphonefbterminal@fbconsultores-voz.tedra.es',0),(345,'b1c13t350_88',NULL,1,NULL,'yes',NULL,NULL,NULL,'sip:88@fbconsultores-voz.tedra.es',0),(346,'b1c13t351_ricardoterminal',NULL,1,NULL,'yes',NULL,NULL,NULL,'sip:ricardoterminal@fbconsultores-voz.tedra.es',0),(347,'b1c13t352_silviaterminal',NULL,1,NULL,'yes',NULL,NULL,NULL,'sip:silviaterminal@fbconsultores-voz.tedra.es',0),(349,'b1c13t354_susiterminal',NULL,1,NULL,'yes',NULL,NULL,NULL,'sip:susiterminal@fbconsultores-voz.tedra.es',0),(351,'b1c8t356_mdelclauxterminal',NULL,1,NULL,'yes',NULL,NULL,NULL,'sip:mdelclauxterminal@altamar-voz.tedra.es',0),(352,'b1c8t357_ip5000claudio',NULL,1,NULL,'yes',NULL,NULL,NULL,'sip:ip5000claudio@altamar-voz.tedra.es',0),(353,'b1c3t358_carlosgs',NULL,1,NULL,'yes',NULL,NULL,NULL,'sip:carlosgs@irontec-tedra.irontec.com',0),(354,'b1c8t359_tpruebasny',NULL,1,NULL,'yes',NULL,NULL,NULL,'sip:tpruebasny@altamar-voz.tedra.es',0),(355,'b1c17r3_duo03',NULL,1,NULL,'yes',NULL,NULL,NULL,'sip:duo03@sip.tedra.es',0),(356,'b1c8t360_aortizterminal',NULL,1,NULL,'yes',NULL,NULL,NULL,'sip:aortizterminal@altamar-voz.tedra.es',0),(357,'b2c19t361_Usuario1',NULL,1,NULL,'yes',NULL,NULL,NULL,'sip:Usuario1@varianza-voz.mgiconsultores.com',0),(358,'b2c19t362_Usuario2',NULL,1,NULL,'yes',NULL,NULL,NULL,'sip:Usuario2@varianza-voz.mgiconsultores.com',0),(359,'b1c8t365_jordinietoterminal',NULL,1,NULL,'yes',NULL,NULL,NULL,'sip:jordinietoterminal@altamar-voz.tedra.es',0),(360,'b2c10t366_pruebas1',NULL,1,NULL,'yes',NULL,NULL,NULL,'sip:pruebas1@novaquality-voz.mgiconsultores.com',0),(361,'b2c10t367_pruebas2',NULL,1,NULL,'yes',NULL,NULL,NULL,'sip:pruebas2@novaquality-voz.mgiconsultores.com',0);
/*!40000 ALTER TABLE `ast_ps_aors` ENABLE KEYS */;
UNLOCK TABLES;

--
-- Table structure for table `ast_ps_endpoints`
--

DROP TABLE IF EXISTS `ast_ps_endpoints`;
/*!40101 SET @saved_cs_client     = @@character_set_client */;
/*!40101 SET character_set_client = utf8 */;
CREATE TABLE `ast_ps_endpoints` (
  `id` int(10) unsigned NOT NULL AUTO_INCREMENT,
  `sorcery_id` varchar(40) NOT NULL,
  `from_domain` varchar(190) DEFAULT NULL,
  `terminalId` int(10) unsigned DEFAULT NULL,
  `friendId` int(10) unsigned DEFAULT NULL,
  `retailAccountId` int(10) unsigned DEFAULT NULL,
  `aors` varchar(200) DEFAULT NULL,
  `callerid` varchar(100) DEFAULT NULL,
  `context` varchar(40) NOT NULL DEFAULT 'users',
  `disallow` varchar(200) NOT NULL DEFAULT 'all',
  `allow` varchar(200) NOT NULL DEFAULT 'all',
  `direct_media` enum('yes','no') DEFAULT 'yes',
  `direct_media_method` enum('invite','reinvite','update') DEFAULT 'update' COMMENT '[enum:update|invite|reinvite]',
  `mailboxes` varchar(100) DEFAULT NULL,
  `named_pickup_group` varchar(40) DEFAULT NULL,
  `send_diversion` enum('yes','no') DEFAULT 'yes',
  `send_pai` enum('yes','no') DEFAULT 'yes',
  `100rel` enum('no','required','yes') NOT NULL DEFAULT 'no',
  `outbound_proxy` varchar(256) DEFAULT NULL,
  `trust_id_inbound` enum('yes','no') DEFAULT NULL,
  PRIMARY KEY (`id`),
  UNIQUE KEY `id` (`id`),
  KEY `terminalId` (`terminalId`),
  KEY `friendId` (`friendId`),
  KEY `sorcery_idx` (`sorcery_id`),
  KEY `retailAccountId` (`retailAccountId`),
  CONSTRAINT `ast_ps_endpoints_ibfk_1` FOREIGN KEY (`terminalId`) REFERENCES `Terminals` (`id`) ON DELETE CASCADE,
  CONSTRAINT `ast_ps_endpoints_ibfk_2` FOREIGN KEY (`friendId`) REFERENCES `Friends` (`id`) ON DELETE CASCADE,
  CONSTRAINT `ast_ps_endpoints_ibfk_3` FOREIGN KEY (`retailAccountId`) REFERENCES `RetailAccounts` (`id`) ON DELETE CASCADE
) ENGINE=InnoDB AUTO_INCREMENT=362 DEFAULT CHARSET=utf8 COMMENT='[entity][rest]';
/*!40101 SET character_set_client = @saved_cs_client */;

--
-- Dumping data for table `ast_ps_endpoints`
--

LOCK TABLES `ast_ps_endpoints` WRITE;
/*!40000 ALTER TABLE `ast_ps_endpoints` DISABLE KEYS */;
INSERT INTO `ast_ps_endpoints` VALUES (11,'b1c5t13_Rafa','agronovo-voz.tedra.es',13,NULL,NULL,'b1c5t13_Rafa','Rafael Rivadulla <44>','users','all','alaw',NULL,'invite','44@company5','','yes','yes','no','sip:users.ivozprovider.local^3Blr',NULL),(12,'b1c5t14_Xisela','agronovo-voz.tedra.es',14,NULL,NULL,'b1c5t14_Xisela','Xisela Agronovo <55>','users','all','alaw',NULL,'invite','55@company5','','yes','yes','no','sip:users.ivozprovider.local^3Blr',NULL),(17,'b1c5t19_Luisa','agronovo-voz.tedra.es',19,NULL,NULL,'b1c5t19_Luisa','Luisa Agronovo <66>','users','all','alaw',NULL,'invite','66@company5','','yes','yes','no','sip:users.ivozprovider.local^3Blr',NULL),(20,'b1c5t22_Suso','agronovo-voz.tedra.es',22,NULL,NULL,'b1c5t22_Suso','Suso Agronovo <22>','users','all','alaw',NULL,'invite','22@company5','','yes','yes','no','sip:users.ivozprovider.local^3Blr',NULL),(21,'b1c5t23_Javier','agronovo-voz.tedra.es',23,NULL,NULL,'b1c5t23_Javier','Javier Agronovo <33>','users','all','alaw',NULL,'invite','33@company5','','yes','yes','no','sip:users.ivozprovider.local^3Blr',NULL),(29,'b1c6t31_ChristianGarcia','tedra-voz.tedra.es',31,NULL,NULL,'b1c6t31_ChristianGarcia','Christian Garcia <501>','users','all','alaw',NULL,'update','501@company6','','yes','yes','no','sip:users.ivozprovider.local^3Blr',NULL),(34,'b1c7t36_BloombergGestion','profit-voz.tedra.es',36,NULL,NULL,'b1c7t36_BloombergGestion','Bloomberg . <209>','users','all','alaw',NULL,'update','209@company7','18','yes','yes','no','sip:users.ivozprovider.local^3Blr',NULL),(35,'b1c7t37_Yolanda','profit-voz.tedra.es',37,NULL,NULL,'b1c7t37_Yolanda','Yolanda . <212>','users','all','alaw',NULL,'update','212@company7','18','yes','yes','no','sip:users.ivozprovider.local^3Blr',NULL),(36,'b1c7t38_Jaime','profit-voz.tedra.es',38,NULL,NULL,'b1c7t38_Jaime','Jaime . <208>','users','all','alaw',NULL,'update','208@company7','18','yes','yes','no','sip:users.ivozprovider.local^3Blr',NULL),(37,'b1c7t39_Susana','profit-voz.tedra.es',39,NULL,NULL,'b1c7t39_Susana','Susana . <200>','users','all','alaw',NULL,'update','200@company7','18','yes','yes','no','sip:users.ivozprovider.local^3Blr',NULL),(38,'b1c7t40_Mangeles','profit-voz.tedra.es',40,NULL,NULL,'b1c7t40_Mangeles','MAngeles . <201>','users','all','alaw',NULL,'update','201@company7','18','yes','yes','no','sip:users.ivozprovider.local^3Blr',NULL),(40,'b1c3t42_CBT132300M9','irontec-tedra.irontec.com',42,NULL,NULL,'b1c3t42_CBT132300M9','Carlos Cruz <1007>','users','all','alaw',NULL,'update','1007@company3','2','yes','yes','no','sip:users.ivozprovider.local^3Blr',NULL),(41,'b1c3t43_dect1','irontec-tedra.irontec.com',43,NULL,NULL,'b1c3t43_dect1','Demo One <1001>','users','all','alaw',NULL,'invite','1001@company3','2','yes','yes','no','sip:users.ivozprovider.local^3Blr',NULL),(42,'b1c6t44_ChristianNautico','tedra-voz.tedra.es',44,NULL,NULL,'b1c6t44_ChristianNautico','Christian Nautico <598>','users','all','alaw',NULL,'invite','598@company6','','yes','yes','no','sip:users.ivozprovider.local^3Blr',NULL),(43,'b1c3t45_dect2','irontec-tedra.irontec.com',45,NULL,NULL,'b1c3t45_dect2','Demo Two <1002>','users','all','alaw',NULL,'update','1002@company3','2','yes','yes','no','sip:users.ivozprovider.local^3Blr',NULL),(45,'b1c7t47_SalaPequena','profit-voz.tedra.es',47,NULL,NULL,'b1c7t47_SalaPequena','Sala Pequeña . <202>','users','all','alaw',NULL,'update','202@company7','18','yes','yes','no','sip:users.ivozprovider.local^3Blr',NULL),(46,'b1c7t48_SalaGrande','profit-voz.tedra.es',48,NULL,NULL,'b1c7t48_SalaGrande','Sala Grande . <203>','users','all','alaw',NULL,'update','203@company7','18','yes','yes','no','sip:users.ivozprovider.local^3Blr',NULL),(47,'b1c7t49_Esther','profit-voz.tedra.es',49,NULL,NULL,'b1c7t49_Esther','Esther . <210>','users','all','alaw',NULL,'update','210@company7','18','yes','yes','no','sip:users.ivozprovider.local^3Blr',NULL),(48,'b1c7t50_Miguel','profit-voz.tedra.es',50,NULL,NULL,'b1c7t50_Miguel','Miguel . <211>','users','all','alaw',NULL,'update','211@company7','18','yes','yes','no','sip:users.ivozprovider.local^3Blr',NULL),(49,'b1c7t51_Gabriel','profit-voz.tedra.es',51,NULL,NULL,'b1c7t51_Gabriel','Gabriel . <213>','users','all','alaw',NULL,'update','213@company7','18','yes','yes','no','sip:users.ivozprovider.local^3Blr',NULL),(50,'b1c7t52_JLG','profit-voz.tedra.es',52,NULL,NULL,'b1c7t52_JLG','JLG . <216>','users','all','alaw',NULL,'update','216@company7','18','yes','yes','no','sip:users.ivozprovider.local^3Blr',NULL),(51,'b1c7t53_JCC','profit-voz.tedra.es',53,NULL,NULL,'b1c7t53_JCC','JCC . <217>','users','all','alaw',NULL,'update','217@company7','18','yes','yes','no','sip:users.ivozprovider.local^3Blr',NULL),(52,'b1c7t54_JLC','profit-voz.tedra.es',54,NULL,NULL,'b1c7t54_JLC','JLC . <218>','users','all','alaw',NULL,'update','218@company7','18','yes','yes','no','sip:users.ivozprovider.local^3Blr',NULL),(53,'b1c7t55_Inalambrico','profit-voz.tedra.es',55,NULL,NULL,'b1c7t55_Inalambrico','Inalambrico . <221>','users','all','alaw',NULL,'update','221@company7','','yes','yes','no','sip:users.ivozprovider.local^3Blr',NULL),(54,'b1c6t56_JoseBria','tedra-voz.tedra.es',56,NULL,NULL,'b1c6t56_JoseBria','Jose Luis Correa Pombo <303>','users','all','alaw',NULL,'update','303@company6','','yes','yes','no','sip:users.ivozprovider.local^3Blr',NULL),(55,'b1c9t57_TESTAlvarez','alvarez-voz.tedra.es',57,NULL,NULL,'b1c9t57_TESTAlvarez','TEST Alvarez <666>','users','all','alaw',NULL,'update','666@company9','','yes','yes','no','sip:users.ivozprovider.local^3Blr',NULL),(56,'b1c9t58_Recepcion','alvarez-voz.tedra.es',58,NULL,NULL,'b1c9t58_Recepcion','Recepción Alvarez <22>','users','all','alaw',NULL,'update','22@company9','','yes','yes','no','sip:users.ivozprovider.local^3Blr',NULL),(57,'b1c9t59_Administracion','alvarez-voz.tedra.es',59,NULL,NULL,'b1c9t59_Administracion','Administración Álvarez <11>','users','all','alaw',NULL,'update','11@company9','','yes','yes','no','sip:users.ivozprovider.local^3Blr',NULL),(58,'b1c9t60_Despacho','alvarez-voz.tedra.es',60,NULL,NULL,'b1c9t60_Despacho','Despacho Alvarez <33>','users','all','alaw',NULL,'update','33@company9','','yes','yes','no','sip:users.ivozprovider.local^3Blr',NULL),(59,'b1c9t61_SEC','alvarez-voz.tedra.es',61,NULL,NULL,'b1c9t61_SEC','SEC Alvarez <55>','users','all','alaw',NULL,'update','55@company9','','yes','yes','no','sip:users.ivozprovider.local^3Blr',NULL),(60,'b1c9t62_Consulta2','alvarez-voz.tedra.es',62,NULL,NULL,'b1c9t62_Consulta2','Consulta2 Álvarez <44>','users','all','alaw',NULL,'update','44@company9','','yes','yes','no','sip:users.ivozprovider.local^3Blr',NULL),(67,'b1c6t69_ChristianBria','tedra-voz.tedra.es',69,NULL,NULL,'b1c6t69_ChristianBria','Christian Bria <998>','users','all','alaw',NULL,'update','998@company6','','yes','yes','no','sip:users.ivozprovider.local^3Blr',NULL),(68,'b2c10t70_ELAB1','novaquality-voz.mgiconsultores.com',70,NULL,NULL,'b2c10t70_ELAB1','ELAB1 NOVAQUALITY <210>','users','all','alaw',NULL,'update','210@company10','3','yes','yes','no','sip:users.ivozprovider.local^3Blr',NULL),(69,'b2c10t71_Recepcion','novaquality-voz.mgiconsultores.com',71,NULL,NULL,'b2c10t71_Recepcion','Raquel Hernández <200>','users','all','alaw',NULL,'update','200@company10','3','yes','yes','no','sip:users.ivozprovider.local^3Blr',NULL),(70,'b2c10t72_Administracion','novaquality-voz.mgiconsultores.com',72,NULL,NULL,'b2c10t72_Administracion','Administracion Novaquality <201>','users','all','alaw',NULL,'update','201@company10','3','yes','yes','no','sip:users.ivozprovider.local^3Blr',NULL),(71,'b2c10t73_DptoTecnico','novaquality-voz.mgiconsultores.com',73,NULL,NULL,'b2c10t73_DptoTecnico','Departamento Técnico Novaquality <202>','users','all','alaw',NULL,'update','202@company10','3','yes','yes','no','sip:users.ivozprovider.local^3Blr',NULL),(72,'b2c10t74_Emailing','novaquality-voz.mgiconsultores.com',74,NULL,NULL,'b2c10t74_Emailing','Emailing Novaquality <203>','users','all','alaw',NULL,'update','203@company10','3','yes','yes','no','sip:users.ivozprovider.local^3Blr',NULL),(73,'b2c10t75_RocioVicente','novaquality-voz.mgiconsultores.com',75,NULL,NULL,'b2c10t75_RocioVicente','Rocío Vicente <204>','users','all','alaw',NULL,'update','204@company10','3','yes','yes','no','sip:users.ivozprovider.local^3Blr',NULL),(74,'b2c10t76_RRHH','novaquality-voz.mgiconsultores.com',76,NULL,NULL,'b2c10t76_RRHH','Recursos Humanos <205>','users','all','alaw',NULL,'update','205@company10','3','yes','yes','no','sip:users.ivozprovider.local^3Blr',NULL),(75,'b2c10t77_ELAB11','novaquality-voz.mgiconsultores.com',77,NULL,NULL,'b2c10t77_ELAB11','ELAB11 NOVAQUALITY <206>','users','all','alaw',NULL,'update','206@company10','3','yes','yes','no','sip:users.ivozprovider.local^3Blr',NULL),(76,'b2c10t78_SalaFormacion','novaquality-voz.mgiconsultores.com',78,NULL,NULL,'b2c10t78_SalaFormacion','Sala Formación <207>','users','all','alaw',NULL,'update','207@company10','3','yes','yes','no','sip:users.ivozprovider.local^3Blr',NULL),(77,'b2c10t79_PedroHerrera','novaquality-voz.mgiconsultores.com',79,NULL,NULL,'b2c10t79_PedroHerrera','Pedro Herrera <208>','users','all','alaw',NULL,'update','208@company10','3','yes','yes','no','sip:users.ivozprovider.local^3Blr',NULL),(78,'b2c10t80_SalaReuniones','novaquality-voz.mgiconsultores.com',80,NULL,NULL,'b2c10t80_SalaReuniones','Sala Reuniones <209>','users','all','alaw',NULL,'update','209@company10','3','yes','yes','no','sip:users.ivozprovider.local^3Blr',NULL),(79,'b2c10t81_ELAB2','novaquality-voz.mgiconsultores.com',81,NULL,NULL,'b2c10t81_ELAB2','ELAB2 NOVAQUALITY <211>','users','all','alaw',NULL,'update','211@company10','3','yes','yes','no','sip:users.ivozprovider.local^3Blr',NULL),(80,'b2c10t82_ELAB3','novaquality-voz.mgiconsultores.com',82,NULL,NULL,'b2c10t82_ELAB3','ELAB3 NOVAQUALITY <212>','users','all','alaw',NULL,'update','212@company10','3','yes','yes','no','sip:users.ivozprovider.local^3Blr',NULL),(81,'b2c10t83_ELAB4','novaquality-voz.mgiconsultores.com',83,NULL,NULL,'b2c10t83_ELAB4','ELAB4 NOVAQUALITY <213>','users','all','alaw',NULL,'update','213@company10','3','yes','yes','no','sip:users.ivozprovider.local^3Blr',NULL),(82,'b2c10t84_ELAB5','novaquality-voz.mgiconsultores.com',84,NULL,NULL,'b2c10t84_ELAB5','ELAB5 NOVAQUALITY <214>','users','all','alaw',NULL,'update','214@company10','3','yes','yes','no','sip:users.ivozprovider.local^3Blr',NULL),(83,'b2c10t85_ELAB6','novaquality-voz.mgiconsultores.com',85,NULL,NULL,'b2c10t85_ELAB6','ELAB6 NOVAQUALITY <215>','users','all','alaw',NULL,'update','215@company10','3','yes','yes','no','sip:users.ivozprovider.local^3Blr',NULL),(84,'b2c10t86_ELAB7','novaquality-voz.mgiconsultores.com',86,NULL,NULL,'b2c10t86_ELAB7','ELAB7 NOVAQUALITY <216>','users','all','alaw',NULL,'update','216@company10','3','yes','yes','no','sip:users.ivozprovider.local^3Blr',NULL),(85,'b2c10t87_ELAB8','novaquality-voz.mgiconsultores.com',87,NULL,NULL,'b2c10t87_ELAB8','ELAB8 NOVAQUALITY <217>','users','all','alaw',NULL,'update','217@company10','3','yes','yes','no','sip:users.ivozprovider.local^3Blr',NULL),(86,'b2c10t88_ELAB9','novaquality-voz.mgiconsultores.com',88,NULL,NULL,'b2c10t88_ELAB9','ELAB9 NOVAQUALITY <218>','users','all','alaw',NULL,'update','218@company10','3','yes','yes','no','sip:users.ivozprovider.local^3Blr',NULL),(87,'b2c10t89_ELAB10','novaquality-voz.mgiconsultores.com',89,NULL,NULL,'b2c10t89_ELAB10','ELAB10 NOVAQUALITY <219>','users','all','alaw',NULL,'update','219@company10','3','yes','yes','no','sip:users.ivozprovider.local^3Blr',NULL),(88,'b1c8t90_administrationalt','altamar-voz.tedra.es',90,NULL,NULL,'b1c8t90_administrationalt','Administration NY Altamar <950>','users','all','alaw',NULL,'update','950@company8','14','yes','yes','no','sip:users.ivozprovider.local^3Blr',NULL),(91,'b1c8t93_harveylambertterminal','altamar-voz.tedra.es',93,NULL,NULL,'b1c8t93_harveylambertterminal',NULL,'users','all','alaw',NULL,'update',NULL,'14','yes','yes','no','sip:users.ivozprovider.local^3Blr',NULL),(92,'b1c8t94_hectormorenoterminal','altamar-voz.tedra.es',94,NULL,NULL,'b1c8t94_hectormorenoterminal','Hector Moreno <952>','users','all','alaw',NULL,'update','952@company8','14','yes','yes','no','sip:users.ivozprovider.local^3Blr',NULL),(93,'b1c8t95_rocioheresterminal','altamar-voz.tedra.es',95,NULL,NULL,'b1c8t95_rocioheresterminal','Rocio Heres <953>','users','all','alaw',NULL,'update','953@company8','14','yes','yes','no','sip:users.ivozprovider.local^3Blr',NULL),(94,'b1c8t96_ip5000ny01','altamar-voz.tedra.es',96,NULL,NULL,'b1c8t96_ip5000ny01','Conference room NY01 <959>','users','all','alaw',NULL,'invite','959@company8','','yes','yes','no','sip:users.ivozprovider.local^3Blr',NULL),(95,'b1c8t97_alvaromaestreterminal','altamar-voz.tedra.es',97,NULL,NULL,'b1c8t97_alvaromaestreterminal','Alvaro Maestre <954>','users','all','alaw',NULL,'update','954@company8','14','yes','yes','no','sip:users.ivozprovider.local^3Blr',NULL),(99,'b1c8t101_temporal600','altamar-voz.tedra.es',101,NULL,NULL,'b1c8t101_temporal600',NULL,'users','all','alaw',NULL,'invite',NULL,'','yes','yes','no','sip:users.ivozprovider.local^3Blr',NULL),(101,'b1c8t102_dereksnyderterminal','altamar-voz.tedra.es',102,NULL,NULL,'b1c8t102_dereksnyderterminal','Derek Snyder <955>','users','all','alaw',NULL,'update','955@company8','14','yes','yes','no','sip:users.ivozprovider.local^3Blr',NULL),(102,'b1c6t103_MiguelBria','tedra-voz.tedra.es',103,NULL,NULL,'b1c6t103_MiguelBria',NULL,'users','all','alaw',NULL,'invite',NULL,'','yes','yes','no','sip:users.ivozprovider.local^3Blr',NULL),(105,'b1c3t105_CBT141000PG','irontec-tedra.irontec.com',105,NULL,NULL,'b1c3t105_CBT141000PG','Josele Ysutele <1020>','users','all','alaw',NULL,'update','1020@company3','','yes','yes','no','sip:users.ivozprovider.local^3Blr',NULL),(107,'b2c10t107_ELAB12','novaquality-voz.mgiconsultores.com',107,NULL,NULL,'b2c10t107_ELAB12','ELAB12 NOVAQUALITY <220>','users','all','alaw',NULL,'update','220@company10','3','yes','yes','no','sip:users.ivozprovider.local^3Blr',NULL),(108,'b1c12t108_miguelcasa','miguelherrero-voz.tedra.es',108,NULL,NULL,'b1c12t108_miguelcasa','Miguel Herrero <500>','users','all','alaw',NULL,'invite','500@company12','','yes','yes','no','sip:users.ivozprovider.local^3Blr',NULL),(109,'b1c8f3_altamarpbx','altamar-voz.tedra.es',NULL,3,NULL,'b1c8f3_altamarpbx',NULL,'friends','all','alaw',NULL,'invite',NULL,NULL,'yes','yes','no','sip:users.ivozprovider.local^3Blr','yes'),(111,'b1c8t110_pbellotterminal','altamar-voz.tedra.es',110,NULL,NULL,'b1c8t110_pbellotterminal','Pedro Rodrigo Bellot <609>','users','all','alaw',NULL,'update','609@company8','12','yes','yes','no','sip:users.ivozprovider.local^3Blr',NULL),(112,'b1c8t111_maguirreterminal','altamar-voz.tedra.es',111,NULL,NULL,'b1c8t111_maguirreterminal','Monica Aguirre <603>','users','all','alaw',NULL,'update','603@company8','12','yes','yes','no','sip:users.ivozprovider.local^3Blr',NULL),(113,'b1c8t112_ialvarezterminal','altamar-voz.tedra.es',112,NULL,NULL,'b1c8t112_ialvarezterminal','Ignacio Alvarez <757>','users','all','alaw',NULL,'update','757@company8','12','yes','yes','no','sip:users.ivozprovider.local^3Blr',NULL),(114,'b1c8t113_aldaraterminal','altamar-voz.tedra.es',113,NULL,NULL,'b1c8t113_aldaraterminal','Aldara Fernandez de Cordova <739>','users','all','alaw',NULL,'update','739@company8','','yes','yes','no','sip:users.ivozprovider.local^3Blr',NULL),(115,'b1c8t114_ayrazustaterminal','altamar-voz.tedra.es',114,NULL,NULL,'b1c8t114_ayrazustaterminal','Alvaro Yrazusta <606>','users','all','alaw',NULL,'update','606@company8','16','yes','yes','no','sip:users.ivozprovider.local^3Blr',NULL),(117,'b1c8t116_agonzalezterminal','altamar-voz.tedra.es',116,NULL,NULL,'b1c8t116_agonzalezterminal','Alvaro Gonzalez <796>','users','all','alaw',NULL,'update','796@company8','6','yes','yes','no','sip:users.ivozprovider.local^3Blr',NULL),(118,'b1c8t117_adecosterminal','altamar-voz.tedra.es',117,NULL,NULL,'b1c8t117_adecosterminal','Ana de Cos <611>','users','all','alaw',NULL,'update','611@company8','8','yes','yes','no','sip:users.ivozprovider.local^3Blr',NULL),(120,'b1c8t119_averdejoterminal','altamar-voz.tedra.es',119,NULL,NULL,'b1c8t119_averdejoterminal','Angel Verdejo <767>','users','all','alaw',NULL,'update','767@company8','4','yes','yes','no','sip:users.ivozprovider.local^3Blr',NULL),(121,'b1c8t120_aguineaterminal','altamar-voz.tedra.es',120,NULL,NULL,'b1c8t120_aguineaterminal','Antonio Guinea <762>','users','all','alaw',NULL,'update','762@company8','8','yes','yes','no','sip:users.ivozprovider.local^3Blr',NULL),(122,'b1c8t121_avillalbaterminal','altamar-voz.tedra.es',121,NULL,NULL,'b1c8t121_avillalbaterminal','Antonio Villalba <766>','users','all','alaw',NULL,'update','766@company8','8','yes','yes','no','sip:users.ivozprovider.local^3Blr',NULL),(123,'b1c8t122_bpariasterminal','altamar-voz.tedra.es',122,NULL,NULL,'b1c8t122_bpariasterminal','Beatriz Parias <709>','users','all','alaw',NULL,'update','709@company8','','yes','yes','no','sip:users.ivozprovider.local^3Blr',NULL),(124,'b1c8t123_bmiguelromeroterminal','altamar-voz.tedra.es',123,NULL,NULL,'b1c8t123_bmiguelromeroterminal','Borja Miguel-Romero <759>','users','all','alaw',NULL,'update','759@company8','16','yes','yes','no','sip:users.ivozprovider.local^3Blr',NULL),(125,'b1c8t124_respinosaterminal','altamar-voz.tedra.es',124,NULL,NULL,'b1c8t124_respinosaterminal','Rocío Espinosa <798>','users','all','alaw',NULL,'update','798@company8','6','yes','yes','no','sip:users.ivozprovider.local^3Blr',NULL),(126,'b1c8t125_fnovilloterminal','altamar-voz.tedra.es',125,NULL,NULL,'b1c8t125_fnovilloterminal','Florencio novillo <604>','users','all','alaw',NULL,'update','604@company8','4','yes','yes','no','sip:users.ivozprovider.local^3Blr',NULL),(127,'b1c8t126_dcancellerterminal','altamar-voz.tedra.es',126,NULL,NULL,'b1c8t126_dcancellerterminal','Demetrio Carceller <761>','users','all','alaw',NULL,'update','761@company8','16','yes','yes','no','sip:users.ivozprovider.local^3Blr',NULL),(128,'b1c8t127_ecarballoterminal','altamar-voz.tedra.es',127,NULL,NULL,'b1c8t127_ecarballoterminal','Eva Carballo <760>','users','all','alaw',NULL,'update','760@company8','8,16,19','yes','yes','no','sip:users.ivozprovider.local^3Blr',NULL),(129,'b1c8t128_fgazituaterminal','altamar-voz.tedra.es',128,NULL,NULL,'b1c8t128_fgazituaterminal','Felipe Gazitua <601>','users','all','alaw',NULL,'update','601@company8','16','yes','yes','no','sip:users.ivozprovider.local^3Blr',NULL),(130,'b1c8t129_fecheverriaterminal','altamar-voz.tedra.es',129,NULL,NULL,'b1c8t129_fecheverriaterminal',NULL,'users','all','alaw',NULL,'update',NULL,NULL,'yes','yes','no','sip:users.ivozprovider.local^3Blr',NULL),(131,'b1c8t130_gverderaterminal','altamar-voz.tedra.es',130,NULL,NULL,'b1c8t130_gverderaterminal','Gonzalo Verdera <744>','users','all','alaw',NULL,'update','744@company8','6','yes','yes','no','sip:users.ivozprovider.local^3Blr',NULL),(132,'b1c8t131_gaguirreterminal','altamar-voz.tedra.es',131,NULL,NULL,'b1c8t131_gaguirreterminal','Gonzalo Aguirre <>','users','all','alaw',NULL,'update','@company8','9','yes','yes','no','sip:users.ivozprovider.local^3Blr',NULL),(133,'b1c8t132_ggomezterminal','altamar-voz.tedra.es',132,NULL,NULL,'b1c8t132_ggomezterminal','Guillermo Gomez <730>','users','all','alaw',NULL,'update','730@company8','8','yes','yes','no','sip:users.ivozprovider.local^3Blr',NULL),(134,'b1c8t133_hmauraterminal','altamar-voz.tedra.es',133,NULL,NULL,'b1c8t133_hmauraterminal','Honorio Maura <770>','users','all','alaw',NULL,'update','770@company8','','yes','yes','no','sip:users.ivozprovider.local^3Blr',NULL),(135,'b1c8t134_isototerminal','altamar-voz.tedra.es',134,NULL,NULL,'b1c8t134_isototerminal','Ines Soto <718>','users','all','alaw',NULL,'update','718@company8','16','yes','yes','no','sip:users.ivozprovider.local^3Blr',NULL),(136,'b1c8t135_jfernandezterminal','altamar-voz.tedra.es',135,NULL,NULL,'b1c8t135_jfernandezterminal','Jaime Fernandez-Pita <776>','users','all','alaw',NULL,'update','776@company8','9','yes','yes','no','sip:users.ivozprovider.local^3Blr',NULL),(137,'b1c8t136_jdemoragasterminal','altamar-voz.tedra.es',136,NULL,NULL,'b1c8t136_jdemoragasterminal','Javier de Moragas <758>','users','all','alaw',NULL,'update','758@company8','15','yes','yes','no','sip:users.ivozprovider.local^3Blr',NULL),(138,'b1c8t137_jipinaterminal','altamar-voz.tedra.es',137,NULL,NULL,'b1c8t137_jipinaterminal','Jesus Ipiña <764>','users','all','alaw',NULL,'update','764@company8','15','yes','yes','no','sip:users.ivozprovider.local^3Blr',NULL),(139,'b1c8t138_jdiazreganonterminal','altamar-voz.tedra.es',138,NULL,NULL,'b1c8t138_jdiazreganonterminal','Joaquin Diaz Regañon <704>','users','all','alaw',NULL,'update','704@company8','11','yes','yes','no','sip:users.ivozprovider.local^3Blr',NULL),(141,'b1c8t142_bsanzterminal','altamar-voz.tedra.es',142,NULL,NULL,'b1c8t142_bsanzterminal','Beatriz Sanz <780>','users','all','alaw',NULL,'invite','780@company8','5','yes','yes','no','sip:users.ivozprovider.local^3Blr',NULL),(142,'b1c8t143_dhuidobroterminal','altamar-voz.tedra.es',143,NULL,NULL,'b1c8t143_dhuidobroterminal','Diana Huidobro <502>','users','all','alaw',NULL,'update','502@company8','10','yes','yes','no','sip:users.ivozprovider.local^3Blr',NULL),(143,'b1c8t144_izentenoterminal','altamar-voz.tedra.es',144,NULL,NULL,'b1c8t144_izentenoterminal','Isidora Zenteno <500>','users','all','alaw',NULL,'update','500@company8','10','yes','yes','no','sip:users.ivozprovider.local^3Blr',NULL),(144,'b1c8t145_jpainemanterminal','altamar-voz.tedra.es',145,NULL,NULL,'b1c8t145_jpainemanterminal','Johana Paineman <505>','users','all','alaw',NULL,'update','505@company8','10','yes','yes','no','sip:users.ivozprovider.local^3Blr',NULL),(145,'b1c8t146_jbilbaoterminal','altamar-voz.tedra.es',146,NULL,NULL,'b1c8t146_jbilbaoterminal','Juan Bilbao <746>','users','all','alaw',NULL,'update','746@company8','16','yes','yes','no','sip:users.ivozprovider.local^3Blr',NULL),(147,'b1c8t148_jarenaterminal','altamar-voz.tedra.es',148,NULL,NULL,'b1c8t148_jarenaterminal','Juan Arena <775>','users','all','alaw',NULL,'update','775@company8','9','yes','yes','no','sip:users.ivozprovider.local^3Blr',NULL),(148,'b1c8t149_msilvestreterminal','altamar-voz.tedra.es',149,NULL,NULL,'b1c8t149_msilvestreterminal','Manuel Silvestre <714>','users','all','alaw',NULL,'update','714@company8','11','yes','yes','no','sip:users.ivozprovider.local^3Blr',NULL),(149,'b1c8t150_malvarezterminal','altamar-voz.tedra.es',150,NULL,NULL,'b1c8t150_malvarezterminal','Mar Alvarez <716>','users','all','alaw',NULL,'update','716@company8','16','yes','yes','no','sip:users.ivozprovider.local^3Blr',NULL),(150,'b1c8t151_mdeestebanterminal','altamar-voz.tedra.es',151,NULL,NULL,'b1c8t151_mdeestebanterminal','Maria de Esteban <788>','users','all','alaw',NULL,'update','788@company8','16','yes','yes','no','sip:users.ivozprovider.local^3Blr',NULL),(151,'b1c8t152_mecheniqueterminal','altamar-voz.tedra.es',152,NULL,NULL,'b1c8t152_mecheniqueterminal','Miguel Echenique <958>','users','all','alaw',NULL,'update','958@company8','16','yes','yes','no','sip:users.ivozprovider.local^3Blr',NULL),(152,'b1c8t153_macampaterminal','altamar-voz.tedra.es',153,NULL,NULL,'b1c8t153_macampaterminal','Miguel Angel Campa <613>','users','all','alaw',NULL,'update','613@company8','11','yes','yes','no','sip:users.ivozprovider.local^3Blr',NULL),(153,'b1c8t154_mmartinezterminal','altamar-voz.tedra.es',154,NULL,NULL,'b1c8t154_mmartinezterminal','Monica Martinez <607>','users','all','alaw',NULL,'update','607@company8','20','yes','yes','no','sip:users.ivozprovider.local^3Blr',NULL),(154,'b1c8t155_nhartterminal','altamar-voz.tedra.es',155,NULL,NULL,'b1c8t155_nhartterminal','Nicolas Hart-Pallavicini <717>','users','all','alaw',NULL,'update','717@company8','8','yes','yes','no','sip:users.ivozprovider.local^3Blr',NULL),(155,'b1c8t156_tbenjumeaterminal','altamar-voz.tedra.es',156,NULL,NULL,'b1c8t156_tbenjumeaterminal','Teresa Benjumea <608>','users','all','alaw',NULL,'update','608@company8','6','yes','yes','no','sip:users.ivozprovider.local^3Blr',NULL),(156,'b1c8t157_pdraketerminal','altamar-voz.tedra.es',157,NULL,NULL,'b1c8t157_pdraketerminal','Pilar Drake <797>','users','all','alaw',NULL,'update','797@company8','6,19','yes','yes','no','sip:users.ivozprovider.local^3Blr',NULL),(157,'b1c8t158_rfernandezterminal','altamar-voz.tedra.es',158,NULL,NULL,'b1c8t158_rfernandezterminal','Rocio Fernandez <710>','users','all','alaw',NULL,'update','710@company8','11','yes','yes','no','sip:users.ivozprovider.local^3Blr',NULL),(158,'b1c8t159_recheniqueterminal','altamar-voz.tedra.es',159,NULL,NULL,'b1c8t159_recheniqueterminal','Rodrigo Echenique <612>','users','all','alaw',NULL,'update','612@company8','23','yes','yes','no','sip:users.ivozprovider.local^3Blr',NULL),(159,'b1c8t160_cmateosterminal','altamar-voz.tedra.es',160,NULL,NULL,'b1c8t160_cmateosterminal','Carlos Mateos <777>','users','all','alaw',NULL,'update','777@company8','9','yes','yes','no','sip:users.ivozprovider.local^3Blr',NULL),(160,'b1c8t161_scuadrosterminal','altamar-voz.tedra.es',161,NULL,NULL,'b1c8t161_scuadrosterminal','Sandra Cuadros <707>','users','all','alaw',NULL,'update','707@company8','16,8,19','yes','yes','no','sip:users.ivozprovider.local^3Blr',NULL),(161,'b1c8t162_srepseterminal','altamar-voz.tedra.es',162,NULL,NULL,'b1c8t162_srepseterminal','Stefania Repse <610>','users','all','alaw',NULL,'update','610@company8','','yes','yes','no','sip:users.ivozprovider.local^3Blr',NULL),(162,'b1c8t163_vdiazterminal','altamar-voz.tedra.es',163,NULL,NULL,'b1c8t163_vdiazterminal','Violeta Diaz <605>','users','all','alaw',NULL,'update','605@company8','','yes','yes','no','sip:users.ivozprovider.local^3Blr',NULL),(163,'b1c8t164_sala2polycomterminal','altamar-voz.tedra.es',164,NULL,NULL,'b1c8t164_sala2polycomterminal','sala2 polycom <692>','users','all','alaw',NULL,'invite','692@company8','','yes','yes','no','sip:users.ivozprovider.local^3Blr',NULL),(164,'b1c8t165_sala4polycomterminal','altamar-voz.tedra.es',165,NULL,NULL,'b1c8t165_sala4polycomterminal','sala4 polycom <694>','users','all','alaw',NULL,'invite','694@company8','','yes','yes','no','sip:users.ivozprovider.local^3Blr',NULL),(165,'b1c8t166_sala5polycomterminal','altamar-voz.tedra.es',166,NULL,NULL,'b1c8t166_sala5polycomterminal','sala5 polycom <695>','users','all','alaw',NULL,'invite','695@company8','','yes','yes','no','sip:users.ivozprovider.local^3Blr',NULL),(166,'b1c8t167_sala6polycomterminal','altamar-voz.tedra.es',167,NULL,NULL,'b1c8t167_sala6polycomterminal','sala6 polycom <696>','users','all','alaw',NULL,'invite','696@company8','','yes','yes','no','sip:users.ivozprovider.local^3Blr',NULL),(167,'b1c8t168_sala7polycomterminal','altamar-voz.tedra.es',168,NULL,NULL,'b1c8t168_sala7polycomterminal','sala7 polycom <697>','users','all','alaw',NULL,'invite','697@company8','','yes','yes','no','sip:users.ivozprovider.local^3Blr',NULL),(168,'b1c8t169_idelamoraterminal','altamar-voz.tedra.es',169,NULL,NULL,'b1c8t169_idelamoraterminal','Ignacio de la Mora <708>','users','all','alaw',NULL,'update','708@company8','16','yes','yes','no','sip:users.ivozprovider.local^3Blr',NULL),(169,'b1c8t170_msanzterminal','altamar-voz.tedra.es',170,NULL,NULL,'b1c8t170_msanzterminal','Maria Sanz <750>','users','all','alaw',NULL,'update','750@company8','21','yes','yes','no','sip:users.ivozprovider.local^3Blr',NULL),(170,'b1c8t171_caguirreterminal','altamar-voz.tedra.es',171,NULL,NULL,'b1c8t171_caguirreterminal','Claudio Aguirre <701>','users','all','alaw',NULL,'update','701@company8','20','yes','yes','no','sip:users.ivozprovider.local^3Blr',NULL),(171,'b1c8t172_mzuritaterminal','altamar-voz.tedra.es',172,NULL,NULL,'b1c8t172_mzuritaterminal','Miguel Zurita <702>','users','all','alaw',NULL,'update','702@company8','16','yes','yes','no','sip:users.ivozprovider.local^3Blr',NULL),(172,'b1c8t173_jmolinaterminal','altamar-voz.tedra.es',173,NULL,NULL,'b1c8t173_jmolinaterminal','Jose Luis Molina <703>','users','all','alaw',NULL,'update','703@company8','16','yes','yes','no','sip:users.ivozprovider.local^3Blr',NULL),(173,'b1c8t174_pybarraterminal','altamar-voz.tedra.es',174,NULL,NULL,'b1c8t174_pybarraterminal','Paloma Ybarra <712>','users','all','alaw',NULL,'update','712@company8','6','yes','yes','no','sip:users.ivozprovider.local^3Blr',NULL),(174,'b1c8t175_iandradeterminal','altamar-voz.tedra.es',175,NULL,NULL,'b1c8t175_iandradeterminal','Ines Andrade <723>','users','all','alaw',NULL,'update','723@company8','20','yes','yes','no','sip:users.ivozprovider.local^3Blr',NULL),(176,'b1c8t177_iantonanzasterminal','altamar-voz.tedra.es',177,NULL,NULL,'b1c8t177_iantonanzasterminal','Ignacio Antoñanzas <740>','users','all','alaw',NULL,'update','740@company8','8','yes','yes','no','sip:users.ivozprovider.local^3Blr',NULL),(177,'b1c8t178_rpelaezterminal','altamar-voz.tedra.es',178,NULL,NULL,'b1c8t178_rpelaezterminal','Ramon Pelaez <771>','users','all','alaw',NULL,'update','771@company8','9','yes','yes','no','sip:users.ivozprovider.local^3Blr',NULL),(178,'b1c8t179_jepalzaterminal','altamar-voz.tedra.es',179,NULL,NULL,'b1c8t179_jepalzaterminal','Jose Epalza <772>','users','all','alaw',NULL,'update','772@company8','9','yes','yes','no','sip:users.ivozprovider.local^3Blr',NULL),(179,'b1c8t180_folasoterminal','altamar-voz.tedra.es',180,NULL,NULL,'b1c8t180_folasoterminal','Fernando Olaso <782>','users','all','alaw',NULL,'update','782@company8','5','yes','yes','no','sip:users.ivozprovider.local^3Blr',NULL),(180,'b1c8t181_fagrimiterminal','altamar-voz.tedra.es',181,NULL,NULL,'b1c8t181_fagrimiterminal','Fabricio Agrimi <783>','users','all','alaw',NULL,'update','783@company8','5','yes','yes','no','sip:users.ivozprovider.local^3Blr',NULL),(181,'b1c8t182_pgomezterminal','altamar-voz.tedra.es',182,NULL,NULL,'b1c8t182_pgomezterminal','Pablo Gomez <705>','users','all','alaw',NULL,'update','705@company8','7','yes','yes','no','sip:users.ivozprovider.local^3Blr',NULL),(182,'b1c8t184_mcorpaterminal','altamar-voz.tedra.es',184,NULL,NULL,'b1c8t184_mcorpaterminal','Manuel Corpa <715>','users','all','alaw',NULL,'update','715@company8','4','yes','yes','no','sip:users.ivozprovider.local^3Blr',NULL),(184,'b1c8t186_agallegoterminal','altamar-voz.tedra.es',186,NULL,NULL,'b1c8t186_agallegoterminal','Alfonso Gallego <720>','users','all','alaw',NULL,'update','720@company8','4','yes','yes','no','sip:users.ivozprovider.local^3Blr',NULL),(185,'b1c8t187_jvillenaterminal','altamar-voz.tedra.es',187,NULL,NULL,'b1c8t187_jvillenaterminal','Juan Villena <721>','users','all','alaw',NULL,'update','721@company8','7','yes','yes','no','sip:users.ivozprovider.local^3Blr',NULL),(186,'b1c8t188_cesproncedaterminal','altamar-voz.tedra.es',188,NULL,NULL,'b1c8t188_cesproncedaterminal','Claudia Espronceda <722>','users','all','alaw',NULL,'update','722@company8','4','yes','yes','no','sip:users.ivozprovider.local^3Blr',NULL),(187,'b1c8t189_lsetienterminal','altamar-voz.tedra.es',189,NULL,NULL,'b1c8t189_lsetienterminal','Laura Setién <726>','users','all','alaw',NULL,'update','726@company8','','yes','yes','no','sip:users.ivozprovider.local^3Blr',NULL),(188,'b1c8t190_agarciamoralesterminal','altamar-voz.tedra.es',190,NULL,NULL,'b1c8t190_agarciamoralesterminal','Alfonso Garcia-Morales <737>','users','all','alaw',NULL,'update','737@company8','4','yes','yes','no','sip:users.ivozprovider.local^3Blr',NULL),(189,'b1c8t191_jezcurdiaterminal','altamar-voz.tedra.es',191,NULL,NULL,'b1c8t191_jezcurdiaterminal','Javier Ezcurdia <738>','users','all','alaw',NULL,'update','738@company8','11','yes','yes','no','sip:users.ivozprovider.local^3Blr',NULL),(190,'b1c8t192_mdominguezterminal','altamar-voz.tedra.es',192,NULL,NULL,'b1c8t192_mdominguezterminal','Maria Domiguez <743>','users','all','alaw',NULL,'update','743@company8','','yes','yes','no','sip:users.ivozprovider.local^3Blr',NULL),(191,'b1c8t193_jlvicenteterminal','altamar-voz.tedra.es',193,NULL,NULL,'b1c8t193_jlvicenteterminal','Jose Luis Vicente <745>','users','all','alaw',NULL,'update','745@company8','12','yes','yes','no','sip:users.ivozprovider.local^3Blr',NULL),(192,'b1c8t194_mbarrionuevoterminal','altamar-voz.tedra.es',194,NULL,NULL,'b1c8t194_mbarrionuevoterminal','Marta Barrionuevo <747>','users','all','alaw',NULL,'update','747@company8','4','yes','yes','no','sip:users.ivozprovider.local^3Blr',NULL),(193,'b1c8t195_aentrecanalesterminal','altamar-voz.tedra.es',195,NULL,NULL,'b1c8t195_aentrecanalesterminal','Alejandra Entrecanales <751>','users','all','alaw',NULL,'update','751@company8','6','yes','yes','no','sip:users.ivozprovider.local^3Blr',NULL),(194,'b1c8t196_vpenaterminal','altamar-voz.tedra.es',196,NULL,NULL,'b1c8t196_vpenaterminal','Victoria Peña <752>','users','all','alaw',NULL,'update','752@company8','4','yes','yes','no','sip:users.ivozprovider.local^3Blr',NULL),(195,'b1c8t197_jsimonterminal','altamar-voz.tedra.es',197,NULL,NULL,'b1c8t197_jsimonterminal','Javier Simon <754>','users','all','alaw',NULL,'update','754@company8','12','yes','yes','no','sip:users.ivozprovider.local^3Blr',NULL),(196,'b1c8t198_dvallortigaraterminal','altamar-voz.tedra.es',198,NULL,NULL,'b1c8t198_dvallortigaraterminal','Damien Vallortigara <755>','users','all','alaw',NULL,'update','755@company8','','yes','yes','no','sip:users.ivozprovider.local^3Blr',NULL),(197,'b1c8t199_mforjanterminal','altamar-voz.tedra.es',199,NULL,NULL,'b1c8t199_mforjanterminal','Marusa Forjan <781>','users','all','alaw',NULL,'update','781@company8','5','yes','yes','no','sip:users.ivozprovider.local^3Blr',NULL),(198,'b1c8t200_cestebanterminal','altamar-voz.tedra.es',200,NULL,NULL,'b1c8t200_cestebanterminal','Carlos Esteban <784>','users','all','alaw',NULL,'update','784@company8','5','yes','yes','no','sip:users.ivozprovider.local^3Blr',NULL),(199,'b1c8t201_cgarcialomasterminal','altamar-voz.tedra.es',201,NULL,NULL,'b1c8t201_cgarcialomasterminal','Cristina Garcia-Lomas <785>','users','all','alaw',NULL,'update','785@company8','5','yes','yes','no','sip:users.ivozprovider.local^3Blr',NULL),(200,'b1c8t202_mherreroterminal','altamar-voz.tedra.es',202,NULL,NULL,'b1c8t202_mherreroterminal','Marta Herrero <786>','users','all','alaw',NULL,'update','786@company8','5','yes','yes','no','sip:users.ivozprovider.local^3Blr',NULL),(201,'b1c8t203_esanchezterminal','altamar-voz.tedra.es',203,NULL,NULL,'b1c8t203_esanchezterminal','Enrique Sanchez-Rey <787>','users','all','alaw',NULL,'update','787@company8','5','yes','yes','no','sip:users.ivozprovider.local^3Blr',NULL),(202,'b1c8t204_mutreraterminal','altamar-voz.tedra.es',204,NULL,NULL,'b1c8t204_mutreraterminal','Marta Utrera <789>','users','all','alaw',NULL,'update','789@company8','5','yes','yes','no','sip:users.ivozprovider.local^3Blr',NULL),(203,'b1c8t205_egonzalezterminal','altamar-voz.tedra.es',205,NULL,NULL,'b1c8t205_egonzalezterminal','Elena Gonzalez <711>','users','all','alaw',NULL,'update','711@company8','6','yes','yes','no','sip:users.ivozprovider.local^3Blr',NULL),(204,'b1c8t206_ealfonsoterminal','altamar-voz.tedra.es',206,NULL,NULL,'b1c8t206_ealfonsoterminal','Elisa Alfonso <748>','users','all','alaw',NULL,'update','748@company8','4','yes','yes','no','sip:users.ivozprovider.local^3Blr',NULL),(205,'b1c8t207_ngarciaterminal','altamar-voz.tedra.es',207,NULL,NULL,'b1c8t207_ngarciaterminal','Noemi Garcia <753>','users','all','alaw',NULL,'update','753@company8','6','yes','yes','no','sip:users.ivozprovider.local^3Blr',NULL),(206,'b1c8t208_nhernandezterminal','altamar-voz.tedra.es',208,NULL,NULL,'b1c8t208_nhernandezterminal','Nieves Hernandez <700>','users','all','alaw',NULL,'invite','700@company8','19','yes','yes','no','sip:users.ivozprovider.local^3Blr',NULL),(207,'b1c8t209_pcedrumterminal','altamar-voz.tedra.es',209,NULL,NULL,'b1c8t209_pcedrumterminal','Patricia Cedrun <713>','users','all','alaw',NULL,'update','713@company8','','yes','yes','no','sip:users.ivozprovider.local^3Blr',NULL),(208,'b1c8t210_anagonzalezterminal','altamar-voz.tedra.es',210,NULL,NULL,'b1c8t210_anagonzalezterminal','Ana González <600>','users','all','alaw',NULL,'invite','600@company8','','yes','yes','no','sip:users.ivozprovider.local^3Blr',NULL),(210,'b1c8t213_rgonzalezterminal','altamar-voz.tedra.es',213,NULL,NULL,'b1c8t213_rgonzalezterminal','Rocio Gonzalez <725>','users','all','alaw',NULL,'update','725@company8','19,20','yes','yes','no','sip:users.ivozprovider.local^3Blr',NULL),(212,'b1c8t215_tmorenoterminal','altamar-voz.tedra.es',215,NULL,NULL,'b1c8t215_tmorenoterminal','Teresa Moreno <765>','users','all','alaw',NULL,'update','765@company8','8','yes','yes','no','sip:users.ivozprovider.local^3Blr',NULL),(213,'b1c8t216_roriolterminal','altamar-voz.tedra.es',216,NULL,NULL,'b1c8t216_roriolterminal','Rocio Oriol <763>','users','all','alaw',NULL,'update','763@company8','8','yes','yes','no','sip:users.ivozprovider.local^3Blr',NULL),(214,'b1c8t217_jjperezterminal','altamar-voz.tedra.es',217,NULL,NULL,'b1c8t217_jjperezterminal','Juan Jose Perez <742>','users','all','alaw',NULL,'update','742@company8','','yes','yes','no','sip:users.ivozprovider.local^3Blr',NULL),(215,'b1c8t218_smenendezterminal','altamar-voz.tedra.es',218,NULL,NULL,'b1c8t218_smenendezterminal','Sonia Menendez <774>','users','all','alaw',NULL,'update','774@company8','9','yes','yes','no','sip:users.ivozprovider.local^3Blr',NULL),(216,'b1c8t219_tedramigracion','altamar-voz.tedra.es',219,NULL,NULL,'b1c8t219_tedramigracion','tedra test <300>','users','all','alaw',NULL,'invite','300@company8','','yes','yes','no','sip:users.ivozprovider.local^3Blr',NULL),(218,'b1c8t221_planta9cocinaterminal','altamar-voz.tedra.es',221,NULL,NULL,'b1c8t221_planta9cocinaterminal','Leydi Cardona <791>','users','all','alaw',NULL,'invite','791@company8','','yes','yes','no','sip:users.ivozprovider.local^3Blr',NULL),(221,'b1c8t224_jrmorenoterminal','altamar-voz.tedra.es',224,NULL,NULL,'b1c8t224_jrmorenoterminal','Jose Ramon Moreno <503>','users','all','alaw',NULL,'update','503@company8','10','yes','yes','no','sip:users.ivozprovider.local^3Blr',NULL),(222,'b1c8t225_mcarbonellbria','altamar-voz.tedra.es',225,NULL,NULL,'b1c8t225_mcarbonellbria','Miguel Angel Carbonell <756>','users','all','alaw',NULL,'invite','756@company8','12','yes','yes','no','sip:users.ivozprovider.local^3Blr',NULL),(223,'b1c8t226_sala8terminal','altamar-voz.tedra.es',226,NULL,NULL,'b1c8t226_sala8terminal','sala8 terminal <698>','users','all','alaw',NULL,'update','698@company8','','yes','yes','no','sip:users.ivozprovider.local^3Blr',NULL),(224,'b1c3t227_usuario','irontec-tedra.irontec.com',227,NULL,NULL,'b1c3t227_usuario',NULL,'users','all','alaw',NULL,'invite',NULL,NULL,'yes','yes','no','sip:users.ivozprovider.local^3Blr',NULL),(225,'b1c8t228_salaaltanterminal','altamar-voz.tedra.es',228,NULL,NULL,'b1c8t228_salaaltanterminal',NULL,'users','all','alaw',NULL,'update',NULL,NULL,'yes','yes','no','sip:users.ivozprovider.local^3Blr',NULL),(226,'b1c3t229_001565A1C585','irontec-tedra.irontec.com',229,NULL,NULL,'b1c3t229_001565A1C585',NULL,'users','all','alaw',NULL,'invite',NULL,NULL,'yes','yes','no','sip:users.ivozprovider.local^3Blr',NULL),(227,'b1c8t230_galdanasala1','altamar-voz.tedra.es',230,NULL,NULL,'b1c8t230_galdanasala1','Galdana Sala 1 <207>','users','all','alaw',NULL,'invite','207@company8','','yes','yes','no','sip:users.ivozprovider.local^3Blr',NULL),(228,'b1c8t231_galdanasala2','altamar-voz.tedra.es',231,NULL,NULL,'b1c8t231_galdanasala2','Galdana Sala 2 <208>','users','all','alaw',NULL,'invite','208@company8','','yes','yes','no','sip:users.ivozprovider.local^3Blr',NULL),(230,'b1c8t233_jgarciaterminal','altamar-voz.tedra.es',233,NULL,NULL,'b1c8t233_jgarciaterminal','Jorge Garcia <616>','users','all','alaw',NULL,'update','616@company8','11','yes','yes','no','sip:users.ivozprovider.local^3Blr',NULL),(231,'b1c8t234_jfontaineterminal','altamar-voz.tedra.es',234,NULL,NULL,'b1c8t234_jfontaineterminal','Juan Fontaine <779>','users','all','alaw',NULL,'update','779@company8','','yes','yes','no','sip:users.ivozprovider.local^3Blr',NULL),(232,'b1c8t235_jmfernandezterminal','altamar-voz.tedra.es',235,NULL,NULL,'b1c8t235_jmfernandezterminal','Jose Maria Fernandez <614>','users','all','alaw',NULL,'update','614@company8','23','yes','yes','no','sip:users.ivozprovider.local^3Blr',NULL),(233,'b1c8t236_polycomconsejo','altamar-voz.tedra.es',236,NULL,NULL,'b1c8t236_polycomconsejo','Polycom Consejo <795>','users','all','alaw',NULL,'invite','795@company8','','yes','yes','no','sip:users.ivozprovider.local^3Blr',NULL),(234,'b1c3t237_testt27','irontec-tedra.irontec.com',237,NULL,NULL,'b1c3t237_testt27',NULL,'users','all','alaw',NULL,'invite',NULL,NULL,'yes','yes','no','sip:users.ivozprovider.local^3Blr',NULL),(237,'b1c8t240_inversiones1','altamar-voz.tedra.es',240,NULL,NULL,'b1c8t240_inversiones1',NULL,'users','all','alaw',NULL,'update',NULL,'','yes','yes','no','sip:users.ivozprovider.local^3Blr',NULL),(238,'b1c8t241_mronaterminal','altamar-voz.tedra.es',241,NULL,NULL,'b1c8t241_mronaterminal','Miguel Rona <728>','users','all','alaw',NULL,'update','728@company8','15','yes','yes','no','sip:users.ivozprovider.local^3Blr',NULL),(239,'b1c8t242_yealinkirontec','altamar-voz.tedra.es',242,NULL,NULL,'b1c8t242_yealinkirontec','irontec migracion <915>','users','all','alaw',NULL,'invite','915@company8','','yes','yes','no','sip:users.ivozprovider.local^3Blr',NULL),(240,'b1c8t243_ciscoirontec','altamar-voz.tedra.es',243,NULL,NULL,'b1c8t243_ciscoirontec','irontec migracion2 <987>','users','all','alaw',NULL,'update','987@company8','','yes','yes','no','sip:users.ivozprovider.local^3Blr',NULL),(241,'b1c8t244_fecheverriachileterminal','altamar-voz.tedra.es',244,NULL,NULL,'b1c8t244_fecheverriachileterminal','Francisco Echeverria <506>','users','all','alaw',NULL,'update','506@company8','16','yes','yes','no','sip:users.ivozprovider.local^3Blr',NULL),(242,'b1c8t245_salareunionchile','altamar-voz.tedra.es',245,NULL,NULL,'b1c8t245_salareunionchile','salareuniones pequeña <507>','users','all','alaw',NULL,'update','507@company8','10','yes','yes','no','sip:users.ivozprovider.local^3Blr',NULL),(243,'b1c8t246_bibliotecachileterminal','altamar-voz.tedra.es',246,NULL,NULL,'b1c8t246_bibliotecachileterminal','biblioteca chile <301>','users','all','alaw',NULL,'update','301@company8','10','yes','yes','no','sip:users.ivozprovider.local^3Blr',NULL),(244,'b1c8t247_tguzmanchile','altamar-voz.tedra.es',247,NULL,NULL,'b1c8t247_tguzmanchile','Trinidad Guzman Chile <504>','users','all','alaw',NULL,'update','504@company8','10','yes','yes','no','sip:users.ivozprovider.local^3Blr',NULL),(246,'b1c8t249_sala3polycomterminal','altamar-voz.tedra.es',249,NULL,NULL,'b1c8t249_sala3polycomterminal','sala3 polycom <693>','users','all','alaw',NULL,'invite','693@company8','','yes','yes','no','sip:users.ivozprovider.local^3Blr',NULL),(248,'b1c8t251_lmartinezterminal','altamar-voz.tedra.es',251,NULL,NULL,'b1c8t251_lmartinezterminal','Luis Martinez <719>','users','all','alaw',NULL,'update','719@company8','','yes','yes','no','sip:users.ivozprovider.local^3Blr',NULL),(249,'b1c8t252_jvivancosterminal','altamar-voz.tedra.es',252,NULL,NULL,'b1c8t252_jvivancosterminal','Jorge Vivancos <734>','users','all','alaw',NULL,'update','734@company8','5','yes','yes','no','sip:users.ivozprovider.local^3Blr',NULL),(250,'b1c8t253_rhodalyterminal','altamar-voz.tedra.es',253,NULL,NULL,'b1c8t253_rhodalyterminal','Rocio Hodaly <200>','users','all','alaw',NULL,'invite','200@company8','17','yes','yes','no','sip:users.ivozprovider.local^3Blr',NULL),(251,'b1c8t254_mrafartterminal','altamar-voz.tedra.es',254,NULL,NULL,'b1c8t254_mrafartterminal','Marcel Rafart <203>','users','all','alaw',NULL,'invite','203@company8','17','yes','yes','no','sip:users.ivozprovider.local^3Blr',NULL),(252,'b1c8t255_rvelascoterminal','altamar-voz.tedra.es',255,NULL,NULL,'b1c8t255_rvelascoterminal','Roque Velasco <204>','users','all','alaw',NULL,'invite','204@company8','17','yes','yes','no','sip:users.ivozprovider.local^3Blr',NULL),(253,'b1c8t256_jzabarteterminal','altamar-voz.tedra.es',256,NULL,NULL,'b1c8t256_jzabarteterminal','Javier Martínez Zabarte <205>','users','all','alaw',NULL,'invite','205@company8','17','yes','yes','no','sip:users.ivozprovider.local^3Blr',NULL),(254,'b1c8t257_dcastanyterminal','altamar-voz.tedra.es',257,NULL,NULL,'b1c8t257_dcastanyterminal','David Castany <206>','users','all','alaw',NULL,'invite','206@company8','17','yes','yes','no','sip:users.ivozprovider.local^3Blr',NULL),(255,'b1c8t258_epasarisasterminal','altamar-voz.tedra.es',258,NULL,NULL,'b1c8t258_epasarisasterminal','Eva Pasarisas <209>','users','all','alaw',NULL,'invite','209@company8','17','yes','yes','no','sip:users.ivozprovider.local^3Blr',NULL),(256,'b1c8t259_lpanizoterminal','altamar-voz.tedra.es',259,NULL,NULL,'b1c8t259_lpanizoterminal','Lourdes Panizo <201>','users','all','alaw',NULL,'invite','201@company8','','yes','yes','no','sip:users.ivozprovider.local^3Blr',NULL),(257,'b1c8t260_rmunozterminal','altamar-voz.tedra.es',260,NULL,NULL,'b1c8t260_rmunozterminal','Rafael Muñoz <202>','users','all','alaw',NULL,'invite','202@company8','','yes','yes','no','sip:users.ivozprovider.local^3Blr',NULL),(258,'b1c8t261_achuehterminal','altamar-voz.tedra.es',261,NULL,NULL,'b1c8t261_achuehterminal','Alex Chueh <210>','users','all','alaw',NULL,'invite','210@company8','','yes','yes','no','sip:users.ivozprovider.local^3Blr',NULL),(259,'b1c8t262_acominterminal','altamar-voz.tedra.es',262,NULL,NULL,'b1c8t262_acominterminal','Almudena Comin <749>','users','all','alaw',NULL,'update','749@company8','21','yes','yes','no','sip:users.ivozprovider.local^3Blr',NULL),(260,'b1c8t263_abuesoterminal','altamar-voz.tedra.es',263,NULL,NULL,'b1c8t263_abuesoterminal','Alvaro Bueso-Inchasuti <617>','users','all','alaw',NULL,'update','617@company8','23','yes','yes','no','sip:users.ivozprovider.local^3Blr',NULL),(261,'b1c8t264_polycomconsejochile','altamar-voz.tedra.es',264,NULL,NULL,'b1c8t264_polycomconsejochile','Polycom Consejo CL <599>','users','all','alaw',NULL,'invite','599@company8','','yes','yes','no','sip:users.ivozprovider.local^3Blr',NULL),(262,'b1c8t265_konftelclaudioterminal','altamar-voz.tedra.es',265,NULL,NULL,'b1c8t265_konftelclaudioterminal',NULL,'users','all','alaw',NULL,'invite',NULL,NULL,'yes','yes','no','sip:users.ivozprovider.local^3Blr',NULL),(265,'b1c15t268_1000','miramar-voz.tedra.es',268,NULL,NULL,'b1c15t268_1000','Lea Miramar <1000>','users','all','alaw',NULL,'invite','1000@company15','','yes','yes','no','sip:users.ivozprovider.local^3Blr',NULL),(266,'b1c15t269_1001','miramar-voz.tedra.es',269,NULL,NULL,'b1c15t269_1001',NULL,'users','all','alaw',NULL,'invite',NULL,NULL,'yes','yes','no','sip:users.ivozprovider.local^3Blr',NULL),(267,'b1c15t270_1002','miramar-voz.tedra.es',270,NULL,NULL,'b1c15t270_1002','Flora Miramar <1002>','users','all','alaw',NULL,'invite','1002@company15','','yes','yes','no','sip:users.ivozprovider.local^3Blr',NULL),(268,'b1c15t271_1003','miramar-voz.tedra.es',271,NULL,NULL,'b1c15t271_1003','Sabrina Miramar <1003>','users','all','alaw',NULL,'invite','1003@company15','','yes','yes','no','sip:users.ivozprovider.local^3Blr',NULL),(269,'b1c15t272_1004','miramar-voz.tedra.es',272,NULL,NULL,'b1c15t272_1004',NULL,'users','all','alaw',NULL,'invite',NULL,NULL,'yes','yes','no','sip:users.ivozprovider.local^3Blr',NULL),(270,'b1c15t273_1005','miramar-voz.tedra.es',273,NULL,NULL,'b1c15t273_1005','Martine Miramar Croisieres <1005>','users','all','alaw',NULL,'invite','1005@company15','','yes','yes','no','sip:users.ivozprovider.local^3Blr',NULL),(271,'b1c15t274_1006','miramar-voz.tedra.es',274,NULL,NULL,'b1c15t274_1006',NULL,'users','all','alaw',NULL,'invite',NULL,NULL,'yes','yes','no','sip:users.ivozprovider.local^3Blr',NULL),(272,'b1c15t275_2000','miramar-voz.tedra.es',275,NULL,NULL,'b1c15t275_2000',NULL,'users','all','alaw',NULL,'invite',NULL,NULL,'yes','yes','no','sip:users.ivozprovider.local^3Blr',NULL),(273,'b1c15t276_2001','miramar-voz.tedra.es',276,NULL,NULL,'b1c15t276_2001',NULL,'users','all','alaw',NULL,'invite',NULL,NULL,'yes','yes','no','sip:users.ivozprovider.local^3Blr',NULL),(274,'b1c15t277_2002','miramar-voz.tedra.es',277,NULL,NULL,'b1c15t277_2002','Javier Miramar <2002>','users','all','alaw',NULL,'invite','2002@company15','','yes','yes','no','sip:users.ivozprovider.local^3Blr',NULL),(275,'b1c15t278_2003','miramar-voz.tedra.es',278,NULL,NULL,'b1c15t278_2003','Carmen Miramar <2003>','users','all','alaw',NULL,'invite','2003@company15','','yes','yes','no','sip:users.ivozprovider.local^3Blr',NULL),(276,'b1c15t279_2004','miramar-voz.tedra.es',279,NULL,NULL,'b1c15t279_2004','Ana Miramar <2004>','users','all','alaw',NULL,'invite','2004@company15','','yes','yes','no','sip:users.ivozprovider.local^3Blr',NULL),(277,'b1c15t280_3001','miramar-voz.tedra.es',280,NULL,NULL,'b1c15t280_3001','Alba Miramar <3001>','users','all','alaw',NULL,'invite','3001@company15','','yes','yes','no','sip:users.ivozprovider.local^3Blr',NULL),(278,'b1c15t281_3002','miramar-voz.tedra.es',281,NULL,NULL,'b1c15t281_3002',NULL,'users','all','alaw',NULL,'invite',NULL,NULL,'yes','yes','no','sip:users.ivozprovider.local^3Blr',NULL),(279,'b1c15t282_3003','miramar-voz.tedra.es',282,NULL,NULL,'b1c15t282_3003',NULL,'users','all','alaw',NULL,'invite',NULL,NULL,'yes','yes','no','sip:users.ivozprovider.local^3Blr',NULL),(280,'b1c15t283_3004','miramar-voz.tedra.es',283,NULL,NULL,'b1c15t283_3004',NULL,'users','all','alaw',NULL,'invite',NULL,NULL,'yes','yes','no','sip:users.ivozprovider.local^3Blr',NULL),(281,'b1c15t284_3005','miramar-voz.tedra.es',284,NULL,NULL,'b1c15t284_3005',NULL,'users','all','alaw',NULL,'invite',NULL,NULL,'yes','yes','no','sip:users.ivozprovider.local^3Blr',NULL),(282,'b1c15t285_3006','miramar-voz.tedra.es',285,NULL,NULL,'b1c15t285_3006','Pablo Miramar <3006>','users','all','alaw',NULL,'invite','3006@company15','','yes','yes','no','sip:users.ivozprovider.local^3Blr',NULL),(283,'b1c15t286_3007','miramar-voz.tedra.es',286,NULL,NULL,'b1c15t286_3007','Rocío Miramar <3007>','users','all','alaw',NULL,'invite','3007@company15','','yes','yes','no','sip:users.ivozprovider.local^3Blr',NULL),(284,'b1c15t287_3008','miramar-voz.tedra.es',287,NULL,NULL,'b1c15t287_3008','María Miramar <3008>','users','all','alaw',NULL,'invite','3008@company15','','yes','yes','no','sip:users.ivozprovider.local^3Blr',NULL),(285,'b1c15t288_3009','miramar-voz.tedra.es',288,NULL,NULL,'b1c15t288_3009','Marta Miramar <3009>','users','all','alaw',NULL,'invite','3009@company15','','yes','yes','no','sip:users.ivozprovider.local^3Blr',NULL),(286,'b1c15t289_3010','miramar-voz.tedra.es',289,NULL,NULL,'b1c15t289_3010','Ester Miramar <3010>','users','all','alaw',NULL,'invite','3010@company15','','yes','yes','no','sip:users.ivozprovider.local^3Blr',NULL),(287,'b1c15t290_3011','miramar-voz.tedra.es',290,NULL,NULL,'b1c15t290_3011','Adrián Miramar <3011>','users','all','alaw',NULL,'invite','3011@company15','','yes','yes','no','sip:users.ivozprovider.local^3Blr',NULL),(288,'b1c15t291_3012','miramar-voz.tedra.es',291,NULL,NULL,'b1c15t291_3012','Begoña Miramar <3012>','users','all','alaw',NULL,'invite','3012@company15','','yes','yes','no','sip:users.ivozprovider.local^3Blr',NULL),(289,'b1c15t292_4001','miramar-voz.tedra.es',292,NULL,NULL,'b1c15t292_4001','Ester Nudoss <4001>','users','all','alaw',NULL,'invite','4001@company15','','yes','yes','no','sip:users.ivozprovider.local^3Blr',NULL),(290,'b1c15t293_4002','miramar-voz.tedra.es',293,NULL,NULL,'b1c15t293_4002',NULL,'users','all','alaw',NULL,'invite',NULL,NULL,'yes','yes','no','sip:users.ivozprovider.local^3Blr',NULL),(291,'b1c15t294_4003','miramar-voz.tedra.es',294,NULL,NULL,'b1c15t294_4003',NULL,'users','all','alaw',NULL,'invite',NULL,NULL,'yes','yes','no','sip:users.ivozprovider.local^3Blr',NULL),(292,'b1c15t295_spacarlos','miramar-voz.tedra.es',295,NULL,NULL,'b1c15t295_spacarlos','Carlos Cruz <9999>','users','all','alaw',NULL,'update','9999@company15','','yes','yes','no','sip:users.ivozprovider.local^3Blr',NULL),(293,'b1c15f4_miramarpbx','miramar-voz.tedra.es',NULL,4,NULL,'b1c15f4_miramarpbx',NULL,'friends','all','alaw',NULL,'invite',NULL,NULL,'yes','yes','no','sip:users.ivozprovider.local^3Blr','yes'),(295,'b1c8t297_psaladeborjaterminal','altamar-voz.tedra.es',297,NULL,NULL,'b1c8t297_psaladeborjaterminal','Paula Sala de Borja <623>','users','all','alaw',NULL,'update','623@company8','19','yes','yes','no','sip:users.ivozprovider.local^3Blr',NULL),(296,'b1c8t298_jnietoterminal','altamar-voz.tedra.es',298,NULL,NULL,'b1c8t298_jnietoterminal','Juan Nieto <768>','users','all','alaw',NULL,'update','768@company8','','yes','yes','no','sip:users.ivozprovider.local^3Blr',NULL),(297,'b1c8t299_palonsoterminal','altamar-voz.tedra.es',299,NULL,NULL,'b1c8t299_palonsoterminal','Pablo Alonso Comba <618>','users','all','alaw',NULL,'update','618@company8','','yes','yes','no','sip:users.ivozprovider.local^3Blr',NULL),(298,'b1c6t300_MiguelHerreroTerminal','tedra-voz.tedra.es',300,NULL,NULL,'b1c6t300_MiguelHerreroTerminal','Miguel Herrero <504>','users','all','alaw',NULL,'update','504@company6','','yes','yes','no','sip:users.ivozprovider.local^3Blr',NULL),(300,'b1c8t302_lhayaterminal','altamar-voz.tedra.es',302,NULL,NULL,'b1c8t302_lhayaterminal','Laura Hayas <731>','users','all','alaw',NULL,'update','731@company8','7','yes','yes','no','sip:users.ivozprovider.local^3Blr',NULL),(301,'b1c8t303_vlopezterminal','altamar-voz.tedra.es',303,NULL,NULL,'b1c8t303_vlopezterminal','Violeta Lopez <769>','users','all','alaw',NULL,'update','769@company8','4','yes','yes','no','sip:users.ivozprovider.local^3Blr',NULL),(302,'b1c8t305_mpitrelliterminal','altamar-voz.tedra.es',305,NULL,NULL,'b1c8t305_mpitrelliterminal','Marco Pitrelli <732>','users','all','alaw',NULL,'update','732@company8','23','yes','yes','no','sip:users.ivozprovider.local^3Blr',NULL),(303,'b1c8t306_jvelascoterminal','altamar-voz.tedra.es',306,NULL,NULL,'b1c8t306_jvelascoterminal','Jaime Velasco <729>','users','all','alaw',NULL,'update','729@company8','','yes','yes','no','sip:users.ivozprovider.local^3Blr',NULL),(304,'b1c8t307_bsanjuanterminal','altamar-voz.tedra.es',307,NULL,NULL,'b1c8t307_bsanjuanterminal','Beatriz SanJuan <733>','users','all','alaw',NULL,'update','733@company8','','yes','yes','no','sip:users.ivozprovider.local^3Blr',NULL),(306,'b1c8t309_ip6000terminalchile','altamar-voz.tedra.es',309,NULL,NULL,'b1c8t309_ip6000terminalchile','Polycom IP6000 Chile <598>','users','all','alaw',NULL,'invite','598@company8','10','yes','yes','no','sip:users.ivozprovider.local^3Blr',NULL),(307,'b1c7t310_MElvira','profit-voz.tedra.es',310,NULL,NULL,'b1c7t310_MElvira','ME . <205>','users','all','alaw',NULL,'update','205@company7','','yes','yes','no','sip:users.ivozprovider.local^3Blr',NULL),(308,'b1c7t311_Jorge','profit-voz.tedra.es',311,NULL,NULL,'b1c7t311_Jorge','Jorge . <206>','users','all','alaw',NULL,'update','206@company7','','yes','yes','no','sip:users.ivozprovider.local^3Blr',NULL),(309,'b1c7t312_Maria','profit-voz.tedra.es',312,NULL,NULL,'b1c7t312_Maria','Maria . <207>','users','all','alaw',NULL,'update','207@company7','','yes','yes','no','sip:users.ivozprovider.local^3Blr',NULL),(310,'b1c8f9_altamarchile','altamar-voz.tedra.es',NULL,9,NULL,'b1c8f9_altamarchile',NULL,'friends','all','alaw',NULL,'invite',NULL,NULL,'yes','yes','no','sip:users.ivozprovider.local^3Blr','yes'),(311,'b1c8t313_carloscruz','altamar-voz.tedra.es',313,NULL,NULL,'b1c8t313_carloscruz',NULL,'users','all','alaw',NULL,'invite',NULL,NULL,'yes','yes','no','sip:users.ivozprovider.local^3Blr',NULL),(312,'b1c8t314_spacarlosaux','altamar-voz.tedra.es',314,NULL,NULL,'b1c8t314_spacarlosaux',NULL,'users','all','alaw',NULL,'update',NULL,NULL,'yes','yes','no','sip:users.ivozprovider.local^3Blr',NULL),(313,'b1c3t315_yealinkt28','irontec-tedra.irontec.com',315,NULL,NULL,'b1c3t315_yealinkt28','Teveintiocho Conluces <1009>','users','all','alaw',NULL,'invite','1009@company3','','yes','yes','no','sip:users.ivozprovider.local^3Blr',NULL),(314,'b1c8t316_jdancausaterminal','altamar-voz.tedra.es',316,NULL,NULL,'b1c8t316_jdancausaterminal','Javier Dancausa <619>','users','all','alaw',NULL,'update','619@company8','4','yes','yes','no','sip:users.ivozprovider.local^3Blr',NULL),(315,'b1c8t317_adiscoloterminal','altamar-voz.tedra.es',317,NULL,NULL,'b1c8t317_adiscoloterminal',NULL,'users','all','alaw',NULL,'update',NULL,'','yes','yes','no','sip:users.ivozprovider.local^3Blr',NULL),(316,'b1c6t318_CP860_LE01','tedra-voz.tedra.es',318,NULL,NULL,'b1c6t318_CP860_LE01','Conferencias Tedra <599>','users','all','alaw',NULL,'invite','599@company6','','yes','yes','no','sip:users.ivozprovider.local^3Blr',NULL),(317,'b1c8t320_jgarciasuarezterminal','altamar-voz.tedra.es',320,NULL,NULL,'b1c8t320_jgarciasuarezterminal','Jaime García Suárez <620>','users','all','alaw',NULL,'update','620@company8','4','yes','yes','no','sip:users.ivozprovider.local^3Blr',NULL),(318,'b1c6t321_PatriciaHuergaTerminal','tedra-voz.tedra.es',321,NULL,NULL,'b1c6t321_PatriciaHuergaTerminal','Patricia Huerga <502>','users','all','alaw',NULL,'update','502@company6','','yes','yes','no','sip:users.ivozprovider.local^3Blr',NULL),(319,'b1c16t322_rafaelsanchezterminal','rafaelsanchez-voz.tedra.es',322,NULL,NULL,'b1c16t322_rafaelsanchezterminal','Rafael Sánchez Sánchez <100>','users','all','alaw',NULL,'invite','100@company16','','yes','yes','no','sip:users.ivozprovider.local^3Blr',NULL),(320,'b1c8t323_vmartinezterminal','altamar-voz.tedra.es',323,NULL,NULL,'b1c8t323_vmartinezterminal','Victor Martínez de Salinas <621>','users','all','alaw',NULL,'invite','621@company8','7','yes','yes','no','sip:users.ivozprovider.local^3Blr',NULL),(321,'b1c8t324_tcelaterminal','altamar-voz.tedra.es',324,NULL,NULL,'b1c8t324_tcelaterminal','Teresa Cela <622>','users','all','alaw',NULL,'invite','622@company8','11','yes','yes','no','sip:users.ivozprovider.local^3Blr',NULL),(323,'b1c8t326_saragarciaterminal','altamar-voz.tedra.es',326,NULL,NULL,'b1c8t326_saragarciaterminal','Sara García <741>','users','all','alaw',NULL,'update','741@company8','','yes','yes','no','sip:users.ivozprovider.local^3Blr',NULL),(324,'b1c17r1_duo01','sip.tedra.es',NULL,NULL,1,'b1c17r1_duo01',NULL,'retail','all','alaw',NULL,'invite',NULL,NULL,'yes','yes','no','sip:users.ivozprovider.local^3Blr','yes'),(325,'b1c18t327_clinicaeras','clinicaeras-voz.tedra.es',327,NULL,NULL,'b1c18t327_clinicaeras','Clinica Eras <1000>','users','all','alaw',NULL,'invite','1000@company18','','yes','yes','no','sip:users.ivozprovider.local^3Blr',NULL),(326,'b1c6t328_diegovegaterminal','tedra-voz.tedra.es',328,NULL,NULL,'b1c6t328_diegovegaterminal','Diego Vega <503>','users','all','alaw',NULL,'update','503@company6','','yes','yes','no','sip:users.ivozprovider.local^3Blr',NULL),(327,'b1c8t329_fyanezterminal','altamar-voz.tedra.es',329,NULL,NULL,'b1c8t329_fyanezterminal','Fabiola Yañez <501>','users','all','alaw',NULL,'update','501@company8','10','yes','yes','no','sip:users.ivozprovider.local^3Blr',NULL),(328,'b1c17r2_duo02','sip.tedra.es',NULL,NULL,2,'b1c17r2_duo02',NULL,'retail','all','alaw',NULL,'invite',NULL,NULL,'yes','yes','no','sip:users.ivozprovider.local^3Blr','yes'),(329,'b1c7t334_Cocina','profit-voz.tedra.es',334,NULL,NULL,'b1c7t334_Cocina','Cocina . <220>','users','all','alaw',NULL,'update','220@company7','18','yes','yes','no','sip:users.ivozprovider.local^3Blr',NULL),(331,'b1c7t336_Temporal','profit-voz.tedra.es',336,NULL,NULL,'b1c7t336_Temporal','Temporal . <219>','users','all','alaw',NULL,'update','219@company7','18','yes','yes','no','sip:users.ivozprovider.local^3Blr',NULL),(332,'b1c13t337_despacho1terminal','fbconsultores-voz.tedra.es',337,NULL,NULL,'b1c13t337_despacho1terminal','Despacho1 colab <101>','users','all','alaw',NULL,'invite','101@company13','','yes','yes','no','sip:users.ivozprovider.local^3Blr',NULL),(333,'b1c13t338_despacho2terminal','fbconsultores-voz.tedra.es',338,NULL,NULL,'b1c13t338_despacho2terminal','Despacho2 Colab <102>','users','all','alaw',NULL,'invite','102@company13','','yes','yes','no','sip:users.ivozprovider.local^3Blr',NULL),(334,'b1c13t339_despacho3terminal','fbconsultores-voz.tedra.es',339,NULL,NULL,'b1c13t339_despacho3terminal','Despacho3 colab <103>','users','all','alaw',NULL,'invite','103@company13','','yes','yes','no','sip:users.ivozprovider.local^3Blr',NULL),(335,'b1c13t340_despacho4terminal','fbconsultores-voz.tedra.es',340,NULL,NULL,'b1c13t340_despacho4terminal','Despacho4 colab <104>','users','all','alaw',NULL,'invite','104@company13','','yes','yes','no','sip:users.ivozprovider.local^3Blr',NULL),(336,'b1c13t341_despacho5terminal','fbconsultores-voz.tedra.es',341,NULL,NULL,'b1c13t341_despacho5terminal','Despacho5_1 colab <105>','users','all','alaw',NULL,'invite','105@company13','','yes','yes','no','sip:users.ivozprovider.local^3Blr',NULL),(338,'b1c13t343_anaterminal','fbconsultores-voz.tedra.es',343,NULL,NULL,'b1c13t343_anaterminal','Ana FB <02>','users','all','alaw',NULL,'update','02@company13','','yes','yes','no','sip:users.ivozprovider.local^3Blr',NULL),(339,'b1c13t344_carlosterminal','fbconsultores-voz.tedra.es',344,NULL,NULL,'b1c13t344_carlosterminal','Carlos FB <08>','users','all','alaw',NULL,'update','08@company13','','yes','yes','no','sip:users.ivozprovider.local^3Blr',NULL),(340,'b1c13t345_cristerminal','fbconsultores-voz.tedra.es',345,NULL,NULL,'b1c13t345_cristerminal','Cris FB <03>','users','all','alaw',NULL,'update','03@company13','','yes','yes','no','sip:users.ivozprovider.local^3Blr',NULL),(341,'b1c13t346_inalambrico1terminal','fbconsultores-voz.tedra.es',346,NULL,NULL,'b1c13t346_inalambrico1terminal','Inalámbrico1 FB <05>','users','all','alaw',NULL,'invite','05@company13','','yes','yes','no','sip:users.ivozprovider.local^3Blr',NULL),(342,'b1c13t347_inalambrico2terminal','fbconsultores-voz.tedra.es',347,NULL,NULL,'b1c13t347_inalambrico2terminal','Inalámbrico2 FB <09>','users','all','alaw',NULL,'invite','09@company13','','yes','yes','no','sip:users.ivozprovider.local^3Blr',NULL),(343,'b1c13t348_martaynereterminal','fbconsultores-voz.tedra.es',348,NULL,NULL,'b1c13t348_martaynereterminal','Marta y Nere FB <11>','users','all','alaw',NULL,'update','11@company13','','yes','yes','no','sip:users.ivozprovider.local^3Blr',NULL),(344,'b1c13t349_panphonefbterminal','fbconsultores-voz.tedra.es',349,NULL,NULL,'b1c13t349_panphonefbterminal','Panphone FB <99>','users','all','alaw',NULL,'invite','99@company13','','yes','yes','no','sip:users.ivozprovider.local^3Blr',NULL),(345,'b1c13t350_88','fbconsultores-voz.tedra.es',350,NULL,NULL,'b1c13t350_88','Panphone colab <88>','users','all','alaw',NULL,'invite','88@company13','','yes','yes','no','sip:users.ivozprovider.local^3Blr',NULL),(346,'b1c13t351_ricardoterminal','fbconsultores-voz.tedra.es',351,NULL,NULL,'b1c13t351_ricardoterminal','Ricardo FB <07>','users','all','alaw',NULL,'update','07@company13','','yes','yes','no','sip:users.ivozprovider.local^3Blr',NULL),(347,'b1c13t352_silviaterminal','fbconsultores-voz.tedra.es',352,NULL,NULL,'b1c13t352_silviaterminal','Silvia FB <04>','users','all','alaw',NULL,'update','04@company13','','yes','yes','no','sip:users.ivozprovider.local^3Blr',NULL),(349,'b1c13t354_susiterminal','fbconsultores-voz.tedra.es',354,NULL,NULL,'b1c13t354_susiterminal','Susi FB <06>','users','all','alaw',NULL,'update','06@company13','','yes','yes','no','sip:users.ivozprovider.local^3Blr',NULL),(351,'b1c8t356_mdelclauxterminal','altamar-voz.tedra.es',356,NULL,NULL,'b1c8t356_mdelclauxterminal','Manuel Delclaux <773>','users','all','alaw',NULL,'update','773@company8','','yes','yes','no','sip:users.ivozprovider.local^3Blr',NULL),(352,'b1c8t357_ip5000claudio','altamar-voz.tedra.es',357,NULL,NULL,'b1c8t357_ip5000claudio','IP5000 Claudio <799>','users','all','alaw',NULL,'invite','799@company8','','yes','yes','no','sip:users.ivozprovider.local^3Blr',NULL),(353,'b1c3t358_carlosgs','irontec-tedra.irontec.com',358,NULL,NULL,'b1c3t358_carlosgs','Carlos GS <7000>','users','all','alaw',NULL,'invite','7000@company3','','yes','yes','no','sip:users.ivozprovider.local^3Blr',NULL),(354,'b1c8t359_tpruebasny','altamar-voz.tedra.es',359,NULL,NULL,'b1c8t359_tpruebasny',NULL,'users','all','alaw',NULL,'update',NULL,NULL,'yes','yes','no','sip:users.ivozprovider.local^3Blr',NULL),(355,'b1c17r3_duo03','sip.tedra.es',NULL,NULL,3,'b1c17r3_duo03',NULL,'retail','all','alaw',NULL,'invite',NULL,NULL,'yes','yes','no','sip:users.ivozprovider.local^3Blr','yes'),(356,'b1c8t360_aortizterminal','altamar-voz.tedra.es',360,NULL,NULL,'b1c8t360_aortizterminal','Alvaro Ortiz <735>','users','all','alaw',NULL,'update','735@company8','','yes','yes','no','sip:users.ivozprovider.local^3Blr',NULL),(357,'b2c19t361_Usuario1','varianza-voz.mgiconsultores.com',361,NULL,NULL,'b2c19t361_Usuario1','Usuario 1 <200>','users','all','alaw',NULL,'update','200@company19','','yes','yes','no','sip:users.ivozprovider.local^3Blr',NULL),(358,'b2c19t362_Usuario2','varianza-voz.mgiconsultores.com',362,NULL,NULL,'b2c19t362_Usuario2','Usuario 2 <201>','users','all','alaw',NULL,'update','201@company19','','yes','yes','no','sip:users.ivozprovider.local^3Blr',NULL),(359,'b1c8t365_jordinietoterminal','altamar-voz.tedra.es',365,NULL,NULL,'b1c8t365_jordinietoterminal','Jordi Nieto <624>','users','all','alaw',NULL,'update','624@company8','','yes','yes','no','sip:users.ivozprovider.local^3Blr',NULL),(360,'b2c10t366_pruebas1','novaquality-voz.mgiconsultores.com',366,NULL,NULL,'b2c10t366_pruebas1','Pruebas 1 <300>','users','all','alaw',NULL,'invite','300@company10','','yes','yes','no','sip:users.ivozprovider.local^3Blr',NULL),(361,'b2c10t367_pruebas2','novaquality-voz.mgiconsultores.com',367,NULL,NULL,'b2c10t367_pruebas2','Pruebas 2 <301>','users','all','alaw',NULL,'invite','301@company10','','yes','yes','no','sip:users.ivozprovider.local^3Blr',NULL);
/*!40000 ALTER TABLE `ast_ps_endpoints` ENABLE KEYS */;
UNLOCK TABLES;

--
-- Table structure for table `ast_queue_members`
--

DROP TABLE IF EXISTS `ast_queue_members`;
/*!40101 SET @saved_cs_client     = @@character_set_client */;
/*!40101 SET character_set_client = utf8 */;
CREATE TABLE `ast_queue_members` (
  `uniqueid` int(11) unsigned NOT NULL,
  `queue_name` varchar(80) NOT NULL,
  `interface` varchar(80) NOT NULL,
  `membername` varchar(80) DEFAULT NULL,
  `state_interface` varchar(80) DEFAULT NULL,
  `penalty` int(11) DEFAULT NULL,
  `paused` int(11) DEFAULT NULL,
  `queueMemberId` int(10) unsigned DEFAULT NULL,
  PRIMARY KEY (`uniqueid`),
  KEY `queueMemberId` (`queueMemberId`),
  CONSTRAINT `ast_queue_members_ibfk_1` FOREIGN KEY (`queueMemberId`) REFERENCES `QueueMembers` (`id`) ON DELETE CASCADE
) ENGINE=InnoDB DEFAULT CHARSET=utf8 COMMENT='[entity]';
/*!40101 SET character_set_client = @saved_cs_client */;

--
-- Dumping data for table `ast_queue_members`
--

LOCK TABLES `ast_queue_members` WRITE;
/*!40000 ALTER TABLE `ast_queue_members` DISABLE KEYS */;
/*!40000 ALTER TABLE `ast_queue_members` ENABLE KEYS */;
UNLOCK TABLES;

--
-- Table structure for table `ast_queues`
--

DROP TABLE IF EXISTS `ast_queues`;
/*!40101 SET @saved_cs_client     = @@character_set_client */;
/*!40101 SET character_set_client = utf8 */;
CREATE TABLE `ast_queues` (
  `id` int(10) unsigned NOT NULL AUTO_INCREMENT,
  `name` varchar(128) NOT NULL,
  `periodic_announce` varchar(128) DEFAULT NULL,
  `periodic_announce_frequency` int(11) DEFAULT NULL,
  `timeout` int(11) DEFAULT NULL,
  `autopause` enum('yes','no','all') NOT NULL DEFAULT 'no',
  `ringinuse` enum('yes','no') NOT NULL DEFAULT 'no',
  `wrapuptime` int(11) DEFAULT NULL,
  `maxlen` int(11) DEFAULT NULL,
  `strategy` enum('ringall','leastrecent','fewestcalls','random','rrmemory','linear','wrandom','rrordered') DEFAULT NULL,
  `weight` int(11) DEFAULT NULL,
  `queueId` int(10) unsigned NOT NULL,
  PRIMARY KEY (`id`),
  KEY `queueId` (`queueId`),
  CONSTRAINT `ast_queues_ibfk_1` FOREIGN KEY (`queueId`) REFERENCES `Queues` (`id`) ON DELETE CASCADE
) ENGINE=InnoDB DEFAULT CHARSET=utf8 COMMENT='[entity]';
/*!40101 SET character_set_client = @saved_cs_client */;

--
-- Dumping data for table `ast_queues`
--

LOCK TABLES `ast_queues` WRITE;
/*!40000 ALTER TABLE `ast_queues` DISABLE KEYS */;
/*!40000 ALTER TABLE `ast_queues` ENABLE KEYS */;
UNLOCK TABLES;

--
-- Table structure for table `ast_voicemail`
--

DROP TABLE IF EXISTS `ast_voicemail`;
/*!40101 SET @saved_cs_client     = @@character_set_client */;
/*!40101 SET character_set_client = utf8 */;
CREATE TABLE `ast_voicemail` (
  `uniqueid` int(11) NOT NULL AUTO_INCREMENT,
  `context` varchar(80) NOT NULL,
  `mailbox` varchar(80) NOT NULL,
  `password` varchar(80) DEFAULT NULL,
  `fullname` varchar(80) DEFAULT NULL,
  `alias` varchar(80) DEFAULT NULL,
  `email` varchar(80) DEFAULT NULL,
  `pager` varchar(80) DEFAULT NULL,
  `attach` enum('yes','no') DEFAULT NULL,
  `attachfmt` varchar(10) DEFAULT NULL,
  `serveremail` varchar(80) DEFAULT NULL,
  `language` varchar(20) DEFAULT NULL,
  `tz` varchar(30) DEFAULT NULL,
  `deleteast_voicemail` enum('yes','no') DEFAULT NULL,
  `saycid` enum('yes','no') DEFAULT NULL,
  `sendast_voicemail` enum('yes','no') DEFAULT NULL,
  `review` enum('yes','no') DEFAULT NULL,
  `tempgreetwarn` enum('yes','no') DEFAULT NULL,
  `operator` enum('yes','no') DEFAULT NULL,
  `envelope` enum('yes','no') DEFAULT NULL,
  `sayduration` int(11) DEFAULT NULL,
  `forcename` enum('yes','no') DEFAULT NULL,
  `forcegreetings` enum('yes','no') DEFAULT NULL,
  `callback` varchar(80) DEFAULT NULL,
  `dialout` varchar(80) DEFAULT NULL,
  `exitcontext` varchar(80) DEFAULT NULL,
  `maxmsg` int(11) DEFAULT NULL,
  `volgain` decimal(5,2) DEFAULT NULL,
  `imapuser` varchar(80) DEFAULT NULL,
  `imappassword` varchar(80) DEFAULT NULL,
  `imapserver` varchar(80) DEFAULT NULL,
  `imapport` varchar(8) DEFAULT NULL,
  `imapflags` varchar(80) DEFAULT NULL,
  `stamp` datetime DEFAULT NULL,
  `userId` int(10) unsigned DEFAULT NULL,
  PRIMARY KEY (`uniqueid`),
  KEY `ast_voicemail_mailbox` (`mailbox`),
  KEY `ast_voicemail_context` (`context`),
  KEY `ast_voicemail_mailbox_context` (`mailbox`,`context`),
  KEY `ast_voicemail_imapuser` (`imapuser`),
  KEY `userId` (`userId`),
  CONSTRAINT `ast_voicemail_ibfk_1` FOREIGN KEY (`userId`) REFERENCES `Users` (`id`) ON DELETE CASCADE
) ENGINE=InnoDB AUTO_INCREMENT=370 DEFAULT CHARSET=utf8 COMMENT='[entity][rest]';
/*!40101 SET character_set_client = @saved_cs_client */;

--
-- Dumping data for table `ast_voicemail`
--

LOCK TABLES `ast_voicemail` WRITE;
/*!40000 ALTER TABLE `ast_voicemail` DISABLE KEYS */;
INSERT INTO `ast_voicemail` VALUES (4,'company3','1001',NULL,'Demo One',NULL,'carlos@irontec.com',NULL,'yes',NULL,NULL,NULL,'Europe/Madrid',NULL,NULL,NULL,NULL,NULL,NULL,NULL,NULL,NULL,NULL,NULL,NULL,NULL,NULL,NULL,NULL,NULL,NULL,NULL,NULL,NULL,29),(10,'company9','55',NULL,'SEC Alvarez',NULL,'infoclinica@alvarezyasociados.com',NULL,'yes',NULL,NULL,NULL,'Europe/Madrid',NULL,NULL,NULL,NULL,NULL,NULL,NULL,NULL,NULL,NULL,NULL,NULL,NULL,NULL,NULL,NULL,NULL,NULL,NULL,NULL,NULL,47),(11,'company9','44',NULL,'Consulta2 Álvarez',NULL,'infoclinica@alvarezyasociados.com',NULL,'yes',NULL,NULL,NULL,'Europe/Madrid',NULL,NULL,NULL,NULL,NULL,NULL,NULL,NULL,NULL,NULL,NULL,NULL,NULL,NULL,NULL,NULL,NULL,NULL,NULL,NULL,NULL,48),(12,'company9','33',NULL,'Despacho Alvarez',NULL,NULL,NULL,'yes',NULL,NULL,NULL,'Europe/Madrid',NULL,NULL,NULL,NULL,NULL,NULL,NULL,NULL,NULL,NULL,NULL,NULL,NULL,NULL,NULL,NULL,NULL,NULL,NULL,NULL,NULL,46),(13,'company9','22',NULL,'Recepción Alvarez',NULL,'infoclinica@alvarezyasociados.com',NULL,'yes',NULL,NULL,NULL,'Europe/Madrid',NULL,NULL,NULL,NULL,NULL,NULL,NULL,NULL,NULL,NULL,NULL,NULL,NULL,NULL,NULL,NULL,NULL,NULL,NULL,NULL,NULL,45),(14,'company5','66',NULL,'Luisa Agronovo',NULL,'luisa@agronovo.es',NULL,'yes',NULL,NULL,NULL,'Europe/Madrid',NULL,NULL,NULL,NULL,NULL,NULL,NULL,NULL,NULL,NULL,NULL,NULL,NULL,NULL,NULL,NULL,NULL,NULL,NULL,NULL,NULL,13),(21,'company10','209',NULL,'Sala Reuniones',NULL,'test@test.com',NULL,'yes',NULL,NULL,NULL,'Europe/Madrid',NULL,NULL,NULL,NULL,NULL,NULL,NULL,NULL,NULL,NULL,NULL,NULL,NULL,NULL,NULL,NULL,NULL,NULL,NULL,NULL,NULL,77),(22,'company10','212',NULL,'ELAB3 NOVAQUALITY',NULL,'test@test.com',NULL,'yes',NULL,NULL,NULL,'Europe/Madrid',NULL,NULL,NULL,NULL,NULL,NULL,NULL,NULL,NULL,NULL,NULL,NULL,NULL,NULL,NULL,NULL,NULL,NULL,NULL,NULL,NULL,60),(23,'company8','208',NULL,'Galdana Sala 2',NULL,NULL,NULL,'yes',NULL,NULL,NULL,'Europe/Madrid',NULL,NULL,NULL,NULL,NULL,NULL,NULL,NULL,NULL,NULL,NULL,NULL,NULL,NULL,NULL,NULL,NULL,NULL,NULL,NULL,NULL,225),(24,'company11','200',NULL,'test1 april',NULL,NULL,NULL,'yes',NULL,NULL,NULL,'Europe/Madrid',NULL,NULL,NULL,NULL,NULL,NULL,NULL,NULL,NULL,NULL,NULL,NULL,NULL,NULL,NULL,NULL,NULL,NULL,NULL,NULL,NULL,87),(25,'company3','1007',NULL,'Carlos Cruz',NULL,NULL,NULL,'yes',NULL,NULL,NULL,'Europe/Madrid',NULL,NULL,NULL,NULL,NULL,NULL,NULL,NULL,NULL,NULL,NULL,NULL,NULL,NULL,NULL,NULL,NULL,NULL,NULL,NULL,NULL,3),(26,'company6','999',NULL,'Christian Nautico',NULL,'christian.garcia@tedra.es',NULL,'yes',NULL,NULL,NULL,'Europe/Madrid',NULL,NULL,NULL,NULL,NULL,NULL,NULL,NULL,NULL,NULL,NULL,NULL,NULL,NULL,NULL,NULL,NULL,NULL,NULL,NULL,NULL,30),(27,'company3','1002',NULL,'Demo Two',NULL,NULL,NULL,'yes',NULL,NULL,NULL,'Europe/Madrid',NULL,NULL,NULL,NULL,NULL,NULL,NULL,NULL,NULL,NULL,NULL,NULL,NULL,NULL,NULL,NULL,NULL,NULL,NULL,NULL,NULL,31),(30,'company10','202',NULL,'Departamento Técnico Novaquality',NULL,NULL,NULL,'yes',NULL,NULL,NULL,'Europe/Madrid',NULL,NULL,NULL,NULL,NULL,NULL,NULL,NULL,NULL,NULL,NULL,NULL,NULL,NULL,NULL,NULL,NULL,NULL,NULL,NULL,NULL,70),(31,'company10','203',NULL,'Emailing Novaquality',NULL,'test@test.com',NULL,'yes',NULL,NULL,NULL,'Europe/Madrid',NULL,NULL,NULL,NULL,NULL,NULL,NULL,NULL,NULL,NULL,NULL,NULL,NULL,NULL,NULL,NULL,NULL,NULL,NULL,NULL,NULL,71),(32,'company10','210',NULL,'ELAB1 NOVAQUALITY',NULL,'test@test.com',NULL,'yes',NULL,NULL,NULL,'Europe/Madrid',NULL,NULL,NULL,NULL,NULL,NULL,NULL,NULL,NULL,NULL,NULL,NULL,NULL,NULL,NULL,NULL,NULL,NULL,NULL,NULL,NULL,58),(33,'company10','211',NULL,'ELAB2 NOVAQUALITY',NULL,'test@test.com',NULL,'yes',NULL,NULL,NULL,'Europe/Madrid',NULL,NULL,NULL,NULL,NULL,NULL,NULL,NULL,NULL,NULL,NULL,NULL,NULL,NULL,NULL,NULL,NULL,NULL,NULL,NULL,NULL,59),(34,'company10','213',NULL,'ELAB4 NOVAQUALITY',NULL,'test@test.com',NULL,'yes',NULL,NULL,NULL,'Europe/Madrid',NULL,NULL,NULL,NULL,NULL,NULL,NULL,NULL,NULL,NULL,NULL,NULL,NULL,NULL,NULL,NULL,NULL,NULL,NULL,NULL,NULL,61),(35,'company10','216',NULL,'ELAB7 NOVAQUALITY',NULL,'test@test.com',NULL,'yes',NULL,NULL,NULL,'Europe/Madrid',NULL,NULL,NULL,NULL,NULL,NULL,NULL,NULL,NULL,NULL,NULL,NULL,NULL,NULL,NULL,NULL,NULL,NULL,NULL,NULL,NULL,64),(36,'company10','217',NULL,'ELAB8 NOVAQUALITY',NULL,'test@test.com',NULL,'yes',NULL,NULL,NULL,'Europe/Madrid',NULL,NULL,NULL,NULL,NULL,NULL,NULL,NULL,NULL,NULL,NULL,NULL,NULL,NULL,NULL,NULL,NULL,NULL,NULL,NULL,NULL,65),(37,'company10','218',NULL,'ELAB9 NOVAQUALITY',NULL,NULL,NULL,'yes',NULL,NULL,NULL,'Europe/Madrid',NULL,NULL,NULL,NULL,NULL,NULL,NULL,NULL,NULL,NULL,NULL,NULL,NULL,NULL,NULL,NULL,NULL,NULL,NULL,NULL,NULL,66),(38,'company10','220',NULL,'ELAB12 NOVAQUALITY',NULL,NULL,NULL,'yes',NULL,NULL,NULL,'Europe/Madrid',NULL,NULL,NULL,NULL,NULL,NULL,NULL,NULL,NULL,NULL,NULL,NULL,NULL,NULL,NULL,NULL,NULL,NULL,NULL,NULL,NULL,97),(40,'company6','303',NULL,'Jose Luis Correa Pombo',NULL,'joseluis.correa@tedra.es',NULL,'yes',NULL,NULL,NULL,'Europe/Madrid',NULL,NULL,NULL,NULL,NULL,NULL,NULL,NULL,NULL,NULL,NULL,NULL,NULL,NULL,NULL,NULL,NULL,NULL,NULL,NULL,NULL,42),(41,'company9','666',NULL,'TEST Alvarez',NULL,'carlos+alvarez@irontec.com',NULL,'yes',NULL,NULL,NULL,'Europe/Madrid',NULL,NULL,NULL,NULL,NULL,NULL,NULL,NULL,NULL,NULL,NULL,NULL,NULL,NULL,NULL,NULL,NULL,NULL,NULL,NULL,NULL,44),(42,'company9','11',NULL,'Administración Álvarez',NULL,'chus@alvarezyasociados.com',NULL,'yes',NULL,NULL,NULL,'Europe/Madrid',NULL,NULL,NULL,NULL,NULL,NULL,NULL,NULL,NULL,NULL,NULL,NULL,NULL,NULL,NULL,NULL,NULL,NULL,NULL,NULL,NULL,43),(46,'company3','7000',NULL,'Carlos GS',NULL,NULL,NULL,'yes',NULL,NULL,NULL,'Europe/Madrid',NULL,NULL,NULL,NULL,NULL,NULL,NULL,NULL,NULL,NULL,NULL,NULL,NULL,NULL,NULL,NULL,NULL,NULL,NULL,NULL,NULL,56),(47,'company6','998',NULL,'Christian Bria',NULL,NULL,NULL,'yes',NULL,NULL,NULL,'Europe/Madrid',NULL,NULL,NULL,NULL,NULL,NULL,NULL,NULL,NULL,NULL,NULL,NULL,NULL,NULL,NULL,NULL,NULL,NULL,NULL,NULL,NULL,57),(49,'company10','214',NULL,'ELAB5 NOVAQUALITY',NULL,'test@test.com',NULL,'yes',NULL,NULL,NULL,'Europe/Madrid',NULL,NULL,NULL,NULL,NULL,NULL,NULL,NULL,NULL,NULL,NULL,NULL,NULL,NULL,NULL,NULL,NULL,NULL,NULL,NULL,NULL,62),(50,'company10','215',NULL,'ELAB6 NOVAQUALITY',NULL,'test@test.com',NULL,'yes',NULL,NULL,NULL,'Europe/Madrid',NULL,NULL,NULL,NULL,NULL,NULL,NULL,NULL,NULL,NULL,NULL,NULL,NULL,NULL,NULL,NULL,NULL,NULL,NULL,NULL,NULL,63),(51,'company10','219',NULL,'ELAB10 NOVAQUALITY',NULL,'test@test.com',NULL,'yes',NULL,NULL,NULL,'Europe/Madrid',NULL,NULL,NULL,NULL,NULL,NULL,NULL,NULL,NULL,NULL,NULL,NULL,NULL,NULL,NULL,NULL,NULL,NULL,NULL,NULL,NULL,67),(52,'company11','201',NULL,'test2 april',NULL,NULL,NULL,'yes',NULL,NULL,NULL,'Europe/Madrid',NULL,NULL,NULL,NULL,NULL,NULL,NULL,NULL,NULL,NULL,NULL,NULL,NULL,NULL,NULL,NULL,NULL,NULL,NULL,NULL,NULL,88),(53,'company6','504',NULL,'Miguel Herrero',NULL,'miguel.herrero@tedra.es',NULL,'yes',NULL,NULL,NULL,'Europe/Madrid',NULL,NULL,NULL,NULL,NULL,NULL,NULL,NULL,NULL,NULL,NULL,NULL,NULL,NULL,NULL,NULL,NULL,NULL,NULL,NULL,NULL,93),(54,'company10','205',NULL,'Recursos Humanos',NULL,'test@test.com',NULL,'yes',NULL,NULL,NULL,'Europe/Madrid',NULL,NULL,NULL,NULL,NULL,NULL,NULL,NULL,NULL,NULL,NULL,NULL,NULL,NULL,NULL,NULL,NULL,NULL,NULL,NULL,NULL,73),(55,'company10','206',NULL,'ELAB11 NOVAQUALITY',NULL,'test@test.com',NULL,'yes',NULL,NULL,NULL,'Europe/Madrid',NULL,NULL,NULL,NULL,NULL,NULL,NULL,NULL,NULL,NULL,NULL,NULL,NULL,NULL,NULL,NULL,NULL,NULL,NULL,NULL,NULL,74),(56,'company8','207',NULL,'Galdana Sala 1',NULL,NULL,NULL,'yes',NULL,NULL,NULL,'Europe/Madrid',NULL,NULL,NULL,NULL,NULL,NULL,NULL,NULL,NULL,NULL,NULL,NULL,NULL,NULL,NULL,NULL,NULL,NULL,NULL,NULL,NULL,224),(63,'company8','952',NULL,'Hector Moreno',NULL,'hmoreno@altamarcapital.com',NULL,'yes',NULL,NULL,NULL,'America/New_York',NULL,NULL,NULL,NULL,NULL,NULL,NULL,NULL,NULL,NULL,NULL,NULL,NULL,NULL,NULL,NULL,NULL,NULL,NULL,NULL,NULL,83),(64,'company8','953',NULL,'Rocio Heres',NULL,'rheres@altamarcapital.com',NULL,'yes',NULL,NULL,NULL,'America/New_York',NULL,NULL,NULL,NULL,NULL,NULL,NULL,NULL,NULL,NULL,NULL,NULL,NULL,NULL,NULL,NULL,NULL,NULL,NULL,NULL,NULL,82),(66,'company8','959',NULL,'Conference room NY01',NULL,'info@altamarsecondaries.com',NULL,'yes',NULL,NULL,NULL,'America/New_York',NULL,NULL,NULL,NULL,NULL,NULL,NULL,NULL,NULL,NULL,NULL,NULL,NULL,NULL,NULL,NULL,NULL,NULL,NULL,NULL,NULL,85),(67,'company8','954',NULL,'Alvaro Maestre',NULL,'amaestre@altamarcapital.com',NULL,'yes',NULL,NULL,NULL,'America/New_York',NULL,NULL,NULL,NULL,NULL,NULL,NULL,NULL,NULL,NULL,NULL,NULL,NULL,NULL,NULL,NULL,NULL,NULL,NULL,NULL,NULL,86),(72,'company8','955',NULL,'Derek Snyder',NULL,'dsnyder@altamarcapital.com',NULL,'yes',NULL,NULL,NULL,'America/New_York',NULL,NULL,NULL,NULL,NULL,NULL,NULL,NULL,NULL,NULL,NULL,NULL,NULL,NULL,NULL,NULL,NULL,NULL,NULL,NULL,NULL,92),(74,'company3','1020',NULL,'Josele Ysutele',NULL,NULL,NULL,'yes',NULL,NULL,NULL,'Europe/Madrid',NULL,NULL,NULL,NULL,NULL,NULL,NULL,NULL,NULL,NULL,NULL,NULL,NULL,NULL,NULL,NULL,NULL,NULL,NULL,NULL,NULL,95),(75,'company3','1009',NULL,'Teveintiocho Conluces',NULL,'carlos+trap@irontec.com',NULL,'yes',NULL,NULL,NULL,'Europe/Madrid',NULL,NULL,NULL,NULL,NULL,NULL,NULL,NULL,NULL,NULL,NULL,NULL,NULL,NULL,NULL,NULL,NULL,NULL,NULL,NULL,NULL,96),(76,'company8','500',NULL,'Isidora Zenteno',NULL,'izenteno@altamarcapital.com',NULL,'yes',NULL,NULL,NULL,'America/Santiago',NULL,NULL,NULL,NULL,NULL,NULL,NULL,NULL,NULL,NULL,NULL,NULL,NULL,NULL,NULL,NULL,NULL,NULL,NULL,NULL,NULL,187),(77,'company8','915',NULL,'irontec migracion',NULL,NULL,NULL,'yes',NULL,NULL,NULL,'Europe/Madrid',NULL,NULL,NULL,NULL,NULL,NULL,NULL,NULL,NULL,NULL,NULL,NULL,NULL,NULL,NULL,NULL,NULL,NULL,NULL,NULL,NULL,99),(80,'company8','300',NULL,'tedra test',NULL,'tedratest@test.com',NULL,'yes',NULL,NULL,NULL,'Europe/Madrid',NULL,NULL,NULL,NULL,NULL,NULL,NULL,NULL,NULL,NULL,NULL,NULL,NULL,NULL,NULL,NULL,NULL,NULL,NULL,NULL,NULL,209),(81,'company8','695',NULL,'sala5 polycom',NULL,NULL,NULL,'yes',NULL,NULL,NULL,'Europe/Madrid',NULL,NULL,NULL,NULL,NULL,NULL,NULL,NULL,NULL,NULL,NULL,NULL,NULL,NULL,NULL,NULL,NULL,NULL,NULL,NULL,NULL,205),(82,'company8','694',NULL,'sala4 polycom',NULL,NULL,NULL,'yes',NULL,NULL,NULL,'Europe/Madrid',NULL,NULL,NULL,NULL,NULL,NULL,NULL,NULL,NULL,NULL,NULL,NULL,NULL,NULL,NULL,NULL,NULL,NULL,NULL,NULL,NULL,204),(83,'company8','696',NULL,'sala6 polycom',NULL,NULL,NULL,'yes',NULL,NULL,NULL,'Europe/Madrid',NULL,NULL,NULL,NULL,NULL,NULL,NULL,NULL,NULL,NULL,NULL,NULL,NULL,NULL,NULL,NULL,NULL,NULL,NULL,NULL,NULL,206),(84,'company8','697',NULL,'sala7 polycom',NULL,NULL,NULL,'yes',NULL,NULL,NULL,'Europe/Madrid',NULL,NULL,NULL,NULL,NULL,NULL,NULL,NULL,NULL,NULL,NULL,NULL,NULL,NULL,NULL,NULL,NULL,NULL,NULL,NULL,NULL,207),(85,'company8','698',NULL,'sala8 terminal',NULL,NULL,NULL,'yes',NULL,NULL,NULL,'Europe/Madrid',NULL,NULL,NULL,NULL,NULL,NULL,NULL,NULL,NULL,NULL,NULL,NULL,NULL,NULL,NULL,NULL,NULL,NULL,NULL,NULL,NULL,223),(86,'company8','757',NULL,'Ignacio Alvarez',NULL,'ialvarez@altamarcapital.com',NULL,'yes',NULL,NULL,NULL,'Europe/Madrid',NULL,NULL,NULL,NULL,NULL,NULL,NULL,NULL,NULL,NULL,NULL,NULL,NULL,NULL,NULL,NULL,NULL,NULL,NULL,NULL,NULL,115),(87,'company8','609',NULL,'Pedro Rodrigo Bellot',NULL,'pbellot@altamarcapital.com',NULL,'yes',NULL,NULL,NULL,'Europe/Madrid',NULL,NULL,NULL,NULL,NULL,NULL,NULL,NULL,NULL,NULL,NULL,NULL,NULL,NULL,NULL,NULL,NULL,NULL,NULL,NULL,NULL,193),(88,'company8','754',NULL,'Javier Simon',NULL,'jsimon@altamarcapital.com',NULL,'yes',NULL,NULL,NULL,'Europe/Madrid',NULL,NULL,NULL,NULL,NULL,NULL,NULL,NULL,NULL,NULL,NULL,NULL,NULL,NULL,NULL,NULL,NULL,NULL,NULL,NULL,NULL,117),(89,'company8','603',NULL,'Monica Aguirre',NULL,'maguirre@altamarcapital.com',NULL,'yes',NULL,NULL,NULL,'Europe/Madrid',NULL,NULL,NULL,NULL,NULL,NULL,NULL,NULL,NULL,NULL,NULL,NULL,NULL,NULL,NULL,NULL,NULL,NULL,NULL,NULL,NULL,116),(90,'company8','745',NULL,'Jose Luis Vicente',NULL,'jlvicente@puntotec.com',NULL,'yes',NULL,NULL,NULL,'Europe/Madrid',NULL,NULL,NULL,NULL,NULL,NULL,NULL,NULL,NULL,NULL,NULL,NULL,NULL,NULL,NULL,NULL,NULL,NULL,NULL,NULL,NULL,118),(91,'company8','752',NULL,'Victoria Peña',NULL,'vpena@altamarcapital.com',NULL,'yes',NULL,NULL,NULL,'Europe/Madrid',NULL,NULL,NULL,NULL,NULL,NULL,NULL,NULL,NULL,NULL,NULL,NULL,NULL,NULL,NULL,NULL,NULL,NULL,NULL,NULL,NULL,102),(92,'company8','748',NULL,'Elisa Alfonso',NULL,'ealfonso@altamarcapital.com',NULL,'yes',NULL,NULL,NULL,'Europe/Madrid',NULL,NULL,NULL,NULL,NULL,NULL,NULL,NULL,NULL,NULL,NULL,NULL,NULL,NULL,NULL,NULL,NULL,NULL,NULL,NULL,NULL,100),(93,'company8','737',NULL,'Alfonso Garcia-Morales',NULL,'agarciamorales@altamarcapital.com',NULL,'yes',NULL,NULL,NULL,'Europe/Madrid',NULL,NULL,NULL,NULL,NULL,NULL,NULL,NULL,NULL,NULL,NULL,NULL,NULL,NULL,NULL,NULL,NULL,NULL,NULL,NULL,NULL,106),(94,'company8','',NULL,'Santiago de Cardenas',NULL,'sdecardenas@altamarcapital.com',NULL,'yes',NULL,NULL,NULL,'Europe/Madrid',NULL,NULL,NULL,NULL,NULL,NULL,NULL,NULL,NULL,NULL,NULL,NULL,NULL,NULL,NULL,NULL,NULL,NULL,NULL,NULL,NULL,105),(95,'company8','738',NULL,'Javier Ezcurdia',NULL,'jezcurdia@altamarcapital.com',NULL,'yes',NULL,NULL,NULL,'Europe/Madrid',NULL,NULL,NULL,NULL,NULL,NULL,NULL,NULL,NULL,NULL,NULL,NULL,NULL,NULL,NULL,NULL,NULL,NULL,NULL,NULL,NULL,112),(96,'company8','722',NULL,'Claudia Espronceda',NULL,'cespronceda@altamarcapital.com',NULL,'yes',NULL,NULL,NULL,'Europe/Madrid',NULL,NULL,NULL,NULL,NULL,NULL,NULL,NULL,NULL,NULL,NULL,NULL,NULL,NULL,NULL,NULL,NULL,NULL,NULL,NULL,NULL,107),(97,'company8','720',NULL,'Alfonso Gallego',NULL,'agallego@altamarcapital.com',NULL,'yes',NULL,NULL,NULL,'Europe/Madrid',NULL,NULL,NULL,NULL,NULL,NULL,NULL,NULL,NULL,NULL,NULL,NULL,NULL,NULL,NULL,NULL,NULL,NULL,NULL,NULL,NULL,110),(98,'company8','715',NULL,'Manuel Corpa',NULL,'mcorpa@altamarcapital.com',NULL,'yes',NULL,NULL,NULL,'Europe/Madrid',NULL,NULL,NULL,NULL,NULL,NULL,NULL,NULL,NULL,NULL,NULL,NULL,NULL,NULL,NULL,NULL,NULL,NULL,NULL,NULL,NULL,109),(99,'company8','704',NULL,'Joaquin Diaz Regañon',NULL,'jdiazreganon@altamarcapital.com',NULL,'yes',NULL,NULL,NULL,'Europe/Madrid',NULL,NULL,NULL,NULL,NULL,NULL,NULL,NULL,NULL,NULL,NULL,NULL,NULL,NULL,NULL,NULL,NULL,NULL,NULL,NULL,NULL,111),(100,'company8','714',NULL,'Manuel Silvestre',NULL,'msilvestre@altamarcapital.com',NULL,'yes',NULL,NULL,NULL,'Europe/Madrid',NULL,NULL,NULL,NULL,NULL,NULL,NULL,NULL,NULL,NULL,NULL,NULL,NULL,NULL,NULL,NULL,NULL,NULL,NULL,NULL,NULL,113),(101,'company8','767',NULL,'Angel Verdejo',NULL,'averdejo@altamarcapital.com',NULL,'yes',NULL,NULL,NULL,'Europe/Madrid',NULL,NULL,NULL,NULL,NULL,NULL,NULL,NULL,NULL,NULL,NULL,NULL,NULL,NULL,NULL,NULL,NULL,NULL,NULL,NULL,NULL,103),(103,'company8','613',NULL,'Miguel Angel Campa',NULL,'mcampa@altamarcapital.com',NULL,'yes',NULL,NULL,NULL,'Europe/Madrid',NULL,NULL,NULL,NULL,NULL,NULL,NULL,NULL,NULL,NULL,NULL,NULL,NULL,NULL,NULL,NULL,NULL,NULL,NULL,NULL,NULL,188),(104,'company8','616',NULL,'Jorge Garcia',NULL,'jgacia@altamarcapital.com',NULL,'yes',NULL,NULL,NULL,'Europe/Madrid',NULL,NULL,NULL,NULL,NULL,NULL,NULL,NULL,NULL,NULL,NULL,NULL,NULL,NULL,NULL,NULL,NULL,NULL,NULL,NULL,NULL,227),(105,'company8','710',NULL,'Rocio Fernandez',NULL,'rfernandez@altamarcapital.com',NULL,'yes',NULL,NULL,NULL,'Europe/Madrid',NULL,NULL,NULL,NULL,NULL,NULL,NULL,NULL,NULL,NULL,NULL,NULL,NULL,NULL,NULL,NULL,NULL,NULL,NULL,NULL,NULL,114),(106,'company8','721',NULL,'Juan Villena',NULL,'jvillena@altamarcapital.com',NULL,'yes',NULL,NULL,NULL,'Europe/Madrid',NULL,NULL,NULL,NULL,NULL,NULL,NULL,NULL,NULL,NULL,NULL,NULL,NULL,NULL,NULL,NULL,NULL,NULL,NULL,NULL,NULL,131),(107,'company8','705',NULL,'Pablo Gomez',NULL,'pgomez@altamarcapital.com',NULL,'yes',NULL,NULL,NULL,'Europe/Madrid',NULL,NULL,NULL,NULL,NULL,NULL,NULL,NULL,NULL,NULL,NULL,NULL,NULL,NULL,NULL,NULL,NULL,NULL,NULL,NULL,NULL,134),(108,'company8','785',NULL,'Cristina Garcia-Lomas',NULL,'cgarcia-lomas@altancapital.com',NULL,'yes',NULL,NULL,NULL,'Europe/Madrid',NULL,NULL,NULL,NULL,NULL,NULL,NULL,NULL,NULL,NULL,NULL,NULL,NULL,NULL,NULL,NULL,NULL,NULL,NULL,NULL,NULL,171),(109,'company8','789',NULL,'Marta Utrera',NULL,'mutrera@altancapital.com',NULL,'yes',NULL,NULL,NULL,'Europe/Madrid',NULL,NULL,NULL,NULL,NULL,NULL,NULL,NULL,NULL,NULL,NULL,NULL,NULL,NULL,NULL,NULL,NULL,NULL,NULL,NULL,NULL,176),(110,'company8','786',NULL,'Marta Herrero',NULL,'mherrero@altancapital.com',NULL,'yes',NULL,NULL,NULL,'Europe/Madrid',NULL,NULL,NULL,NULL,NULL,NULL,NULL,NULL,NULL,NULL,NULL,NULL,NULL,NULL,NULL,NULL,NULL,NULL,NULL,NULL,NULL,172),(111,'company8','781',NULL,'Marusa Forjan',NULL,'mforjan@altancapital.com',NULL,'yes',NULL,NULL,NULL,'Europe/Madrid',NULL,NULL,NULL,NULL,NULL,NULL,NULL,NULL,NULL,NULL,NULL,NULL,NULL,NULL,NULL,NULL,NULL,NULL,NULL,NULL,NULL,170),(112,'company8','784',NULL,'Carlos Esteban',NULL,'cesteban@altancapital.com',NULL,'yes',NULL,NULL,NULL,'Europe/Madrid',NULL,NULL,NULL,NULL,NULL,NULL,NULL,NULL,NULL,NULL,NULL,NULL,NULL,NULL,NULL,NULL,NULL,NULL,NULL,NULL,NULL,169),(113,'company8','787',NULL,'Enrique Sanchez-Rey',NULL,'esanchezrey@altancapital.com',NULL,'yes',NULL,NULL,NULL,'Europe/Madrid',NULL,NULL,NULL,NULL,NULL,NULL,NULL,NULL,NULL,NULL,NULL,NULL,NULL,NULL,NULL,NULL,NULL,NULL,NULL,NULL,NULL,174),(114,'company8','783',NULL,'Fabricio Agrimi',NULL,'fagrimi@altancapital.com',NULL,'yes',NULL,NULL,NULL,'Europe/Madrid',NULL,NULL,NULL,NULL,NULL,NULL,NULL,NULL,NULL,NULL,NULL,NULL,NULL,NULL,NULL,NULL,NULL,NULL,NULL,NULL,NULL,168),(115,'company8','782',NULL,'Fernando Olaso',NULL,'folaso@altancapital.com',NULL,'yes',NULL,NULL,NULL,'Europe/Madrid',NULL,NULL,NULL,NULL,NULL,NULL,NULL,NULL,NULL,NULL,NULL,NULL,NULL,NULL,NULL,NULL,NULL,NULL,NULL,NULL,NULL,173),(116,'company8','780',NULL,'Beatriz Sanz',NULL,'bsanz@altancapital.com',NULL,'yes',NULL,NULL,NULL,'Europe/Madrid',NULL,NULL,NULL,NULL,NULL,NULL,NULL,NULL,NULL,NULL,NULL,NULL,NULL,NULL,NULL,NULL,NULL,NULL,NULL,NULL,NULL,175),(117,'company8','753',NULL,'Noemi Garcia',NULL,'ngarcia@altamarcapital.com',NULL,'yes',NULL,NULL,NULL,'Europe/Madrid',NULL,NULL,NULL,NULL,NULL,NULL,NULL,NULL,NULL,NULL,NULL,NULL,NULL,NULL,NULL,NULL,NULL,NULL,NULL,NULL,NULL,124),(118,'company8','713',NULL,'Patricia Cedrun',NULL,'pcedrun@altamarcapital.com',NULL,'yes',NULL,NULL,NULL,'Europe/Madrid',NULL,NULL,NULL,NULL,NULL,NULL,NULL,NULL,NULL,NULL,NULL,NULL,NULL,NULL,NULL,NULL,NULL,NULL,NULL,NULL,NULL,127),(119,'company8','742',NULL,'Juan Jose Perez',NULL,'jperez@altamarcapital.com',NULL,'yes',NULL,NULL,NULL,'Europe/Madrid',NULL,NULL,NULL,NULL,NULL,NULL,NULL,NULL,NULL,NULL,NULL,NULL,NULL,NULL,NULL,NULL,NULL,NULL,NULL,NULL,NULL,197),(120,'company8','743',NULL,'Maria Domiguez',NULL,'mdominguez@altamarcapital.com',NULL,'yes',NULL,NULL,NULL,'Europe/Madrid',NULL,NULL,NULL,NULL,NULL,NULL,NULL,NULL,NULL,NULL,NULL,NULL,NULL,NULL,NULL,NULL,NULL,NULL,NULL,NULL,NULL,128),(121,'company8','755',NULL,'Damien Vallortigara',NULL,'dvallortigara@altamarcapital.com',NULL,'yes',NULL,NULL,NULL,'Europe/Madrid',NULL,NULL,NULL,NULL,NULL,NULL,NULL,NULL,NULL,NULL,NULL,NULL,NULL,NULL,NULL,NULL,NULL,NULL,NULL,NULL,NULL,130),(122,'company8','751',NULL,'Alejandra Entrecanales',NULL,'aentrecanales@altamarcapital.com',NULL,'yes',NULL,NULL,NULL,'Europe/Madrid',NULL,NULL,NULL,NULL,NULL,NULL,NULL,NULL,NULL,NULL,NULL,NULL,NULL,NULL,NULL,NULL,NULL,NULL,NULL,NULL,NULL,123),(125,'company8','770',NULL,'Honorio Maura',NULL,'hmaura@altamarcapital.com',NULL,'yes',NULL,NULL,NULL,'Europe/Madrid',NULL,NULL,NULL,NULL,NULL,NULL,NULL,NULL,NULL,NULL,NULL,NULL,NULL,NULL,NULL,NULL,NULL,NULL,NULL,NULL,NULL,125),(126,'company8','612',NULL,'Rodrigo Echenique',NULL,'rechenique@altamarcapital.com',NULL,'yes',NULL,NULL,NULL,'Europe/Madrid',NULL,NULL,NULL,NULL,NULL,NULL,NULL,NULL,NULL,NULL,NULL,NULL,NULL,NULL,NULL,NULL,NULL,NULL,NULL,NULL,NULL,158),(127,'company8','796',NULL,'Alvaro Gonzalez',NULL,'agonzalez@altamarcapital.com',NULL,'yes',NULL,NULL,NULL,'Europe/Madrid',NULL,NULL,NULL,NULL,NULL,NULL,NULL,NULL,NULL,NULL,NULL,NULL,NULL,NULL,NULL,NULL,NULL,NULL,NULL,NULL,NULL,121),(128,'company8','610',NULL,'Stefania Repse',NULL,'srepse@altamarcapital.com',NULL,'yes',NULL,NULL,NULL,'Europe/Madrid',NULL,NULL,NULL,NULL,NULL,NULL,NULL,NULL,NULL,NULL,NULL,NULL,NULL,NULL,NULL,NULL,NULL,NULL,NULL,NULL,NULL,191),(129,'company8','709',NULL,'Beatriz Parias',NULL,'bparias@altamarcapital.com',NULL,'yes',NULL,NULL,NULL,'Europe/Madrid',NULL,NULL,NULL,NULL,NULL,NULL,NULL,NULL,NULL,NULL,NULL,NULL,NULL,NULL,NULL,NULL,NULL,NULL,NULL,NULL,NULL,135),(130,'company8','712',NULL,'Paloma Ybarra',NULL,'pybarra@altamarcapital.com',NULL,'yes',NULL,NULL,NULL,'Europe/Madrid',NULL,NULL,NULL,NULL,NULL,NULL,NULL,NULL,NULL,NULL,NULL,NULL,NULL,NULL,NULL,NULL,NULL,NULL,NULL,NULL,NULL,119),(131,'company8','777',NULL,'Carlos Mateos',NULL,'cmateos@altamaradvisory.com',NULL,'yes',NULL,NULL,NULL,'Europe/Madrid',NULL,NULL,NULL,NULL,NULL,NULL,NULL,NULL,NULL,NULL,NULL,NULL,NULL,NULL,NULL,NULL,NULL,NULL,NULL,NULL,NULL,189),(132,'company8','775',NULL,'Juan Arena',NULL,'jarena@altamaradvisory.com',NULL,'yes',NULL,NULL,NULL,'Europe/Madrid',NULL,NULL,NULL,NULL,NULL,NULL,NULL,NULL,NULL,NULL,NULL,NULL,NULL,NULL,NULL,NULL,NULL,NULL,NULL,NULL,NULL,178),(133,'company8','',NULL,'Gonzalo Aguirre',NULL,'gaguirre@altamaradvisory.com',NULL,'yes',NULL,NULL,NULL,'Europe/Madrid',NULL,NULL,NULL,NULL,NULL,NULL,NULL,NULL,NULL,NULL,NULL,NULL,NULL,NULL,NULL,NULL,NULL,NULL,NULL,NULL,NULL,177),(134,'company8','779',NULL,'Juan Fontaine',NULL,'jfontaine@altamaradvisory.com',NULL,'yes',NULL,NULL,NULL,'Europe/Madrid',NULL,NULL,NULL,NULL,NULL,NULL,NULL,NULL,NULL,NULL,NULL,NULL,NULL,NULL,NULL,NULL,NULL,NULL,NULL,NULL,NULL,228),(136,'company8','605',NULL,'Violeta Diaz',NULL,'vdiaz@altamarcapital.com',NULL,'yes',NULL,NULL,NULL,'Europe/Madrid',NULL,NULL,NULL,NULL,NULL,NULL,NULL,NULL,NULL,NULL,NULL,NULL,NULL,NULL,NULL,NULL,NULL,NULL,NULL,NULL,NULL,192),(137,'company8','606',NULL,'Alvaro Yrazusta',NULL,'ayrazusta@altamarcapital.com',NULL,'yes',NULL,NULL,NULL,'Europe/Madrid',NULL,NULL,NULL,NULL,NULL,NULL,NULL,NULL,NULL,NULL,NULL,NULL,NULL,NULL,NULL,NULL,NULL,NULL,NULL,NULL,NULL,156),(138,'company8','611',NULL,'Ana de Cos',NULL,'adecos@altamarcapital.com',NULL,'yes',NULL,NULL,NULL,'Europe/Madrid',NULL,NULL,NULL,NULL,NULL,NULL,NULL,NULL,NULL,NULL,NULL,NULL,NULL,NULL,NULL,NULL,NULL,NULL,NULL,NULL,NULL,166),(140,'company8','601',NULL,'Felipe Gazitua',NULL,'fgazitua@altamarcapital.com',NULL,'yes',NULL,NULL,NULL,'Europe/Madrid',NULL,NULL,NULL,NULL,NULL,NULL,NULL,NULL,NULL,NULL,NULL,NULL,NULL,NULL,NULL,NULL,NULL,NULL,NULL,NULL,NULL,148),(141,'company8','716',NULL,'Mar Alvarez',NULL,'malvarez@altamarcapital.com',NULL,'yes',NULL,NULL,NULL,'Europe/Madrid',NULL,NULL,NULL,NULL,NULL,NULL,NULL,NULL,NULL,NULL,NULL,NULL,NULL,NULL,NULL,NULL,NULL,NULL,NULL,NULL,NULL,142),(142,'company8','717',NULL,'Nicolas Hart-Pallavicini',NULL,'nhart@altamarcapital.com',NULL,'yes',NULL,NULL,NULL,'Europe/Madrid',NULL,NULL,NULL,NULL,NULL,NULL,NULL,NULL,NULL,NULL,NULL,NULL,NULL,NULL,NULL,NULL,NULL,NULL,NULL,NULL,NULL,167),(143,'company8','718',NULL,'Ines Soto',NULL,'isoto@altamarcapital.com',NULL,'yes',NULL,NULL,NULL,'Europe/Madrid',NULL,NULL,NULL,NULL,NULL,NULL,NULL,NULL,NULL,NULL,NULL,NULL,NULL,NULL,NULL,NULL,NULL,NULL,NULL,NULL,NULL,141),(144,'company8','506',NULL,'Francisco Echeverria',NULL,'fecheverria@altamarcapital.com',NULL,'yes',NULL,NULL,NULL,'America/Santiago',NULL,NULL,NULL,NULL,NULL,NULL,NULL,NULL,NULL,NULL,NULL,NULL,NULL,NULL,NULL,NULL,NULL,NULL,NULL,NULL,NULL,146),(145,'company8','761',NULL,'Demetrio Carceller',NULL,'dcarceller@altamarcapital.com',NULL,'yes',NULL,NULL,NULL,'Europe/Madrid',NULL,NULL,NULL,NULL,NULL,NULL,NULL,NULL,NULL,NULL,NULL,NULL,NULL,NULL,NULL,NULL,NULL,NULL,NULL,NULL,NULL,143),(146,'company8','759',NULL,'Borja Miguel-Romero',NULL,'bmiguelromero@altamarcapital.com',NULL,'yes',NULL,NULL,NULL,'Europe/Madrid',NULL,NULL,NULL,NULL,NULL,NULL,NULL,NULL,NULL,NULL,NULL,NULL,NULL,NULL,NULL,NULL,NULL,NULL,NULL,NULL,NULL,147),(147,'company8','765',NULL,'Teresa Moreno',NULL,'tmoreno@altamarcapital.com',NULL,'yes',NULL,NULL,NULL,'Europe/Madrid',NULL,NULL,NULL,NULL,NULL,NULL,NULL,NULL,NULL,NULL,NULL,NULL,NULL,NULL,NULL,NULL,NULL,NULL,NULL,NULL,NULL,154),(148,'company8','763',NULL,'Rocio Oriol',NULL,'roriol@altamarcapital.com',NULL,'yes',NULL,NULL,NULL,'Europe/Madrid',NULL,NULL,NULL,NULL,NULL,NULL,NULL,NULL,NULL,NULL,NULL,NULL,NULL,NULL,NULL,NULL,NULL,NULL,NULL,NULL,NULL,151),(149,'company8','788',NULL,'Maria de Esteban',NULL,'mdeesteban@altamarcapital.com',NULL,'yes',NULL,NULL,NULL,'Europe/Madrid',NULL,NULL,NULL,NULL,NULL,NULL,NULL,NULL,NULL,NULL,NULL,NULL,NULL,NULL,NULL,NULL,NULL,NULL,NULL,NULL,NULL,145),(150,'company8','746',NULL,'Juan Bilbao',NULL,'jbilbao@altamarcapital.com',NULL,'yes',NULL,NULL,NULL,'America/New_York',NULL,NULL,NULL,NULL,NULL,NULL,NULL,NULL,NULL,NULL,NULL,NULL,NULL,NULL,NULL,NULL,NULL,NULL,NULL,NULL,NULL,144),(151,'company8','739',NULL,'Aldara Fernandez de Cordova',NULL,'aldara@altamarcapital.com',NULL,'yes',NULL,NULL,NULL,'Europe/Madrid',NULL,NULL,NULL,NULL,NULL,NULL,NULL,NULL,NULL,NULL,NULL,NULL,NULL,NULL,NULL,NULL,NULL,NULL,NULL,NULL,NULL,202),(152,'company8','750',NULL,'Maria Sanz',NULL,'msanz@altamarcapital.com',NULL,'yes',NULL,NULL,NULL,'Europe/Madrid',NULL,NULL,NULL,NULL,NULL,NULL,NULL,NULL,NULL,NULL,NULL,NULL,NULL,NULL,NULL,NULL,NULL,NULL,NULL,NULL,NULL,199),(153,'company8','758',NULL,'Javier de Moragas',NULL,'jdemoragas@altamarcapital.com',NULL,'yes',NULL,NULL,NULL,'Europe/Madrid',NULL,NULL,NULL,NULL,NULL,NULL,NULL,NULL,NULL,NULL,NULL,NULL,NULL,NULL,NULL,NULL,NULL,NULL,NULL,NULL,NULL,164),(154,'company8','762',NULL,'Antonio Guinea',NULL,'aguinea@altamarcapital.com',NULL,'yes',NULL,NULL,NULL,'Europe/Madrid',NULL,NULL,NULL,NULL,NULL,NULL,NULL,NULL,NULL,NULL,NULL,NULL,NULL,NULL,NULL,NULL,NULL,NULL,NULL,NULL,NULL,150),(155,'company8','764',NULL,'Jesus Ipiña',NULL,'jipina@altamarcapital.com',NULL,'yes',NULL,NULL,NULL,'Europe/Madrid',NULL,NULL,NULL,NULL,NULL,NULL,NULL,NULL,NULL,NULL,NULL,NULL,NULL,NULL,NULL,NULL,NULL,NULL,NULL,NULL,NULL,163),(156,'company8','771',NULL,'Ramon Pelaez',NULL,'rpelaez@altamaradvisory.com',NULL,'yes',NULL,NULL,NULL,'Europe/Madrid',NULL,NULL,NULL,NULL,NULL,NULL,NULL,NULL,NULL,NULL,NULL,NULL,NULL,NULL,NULL,NULL,NULL,NULL,NULL,NULL,NULL,182),(157,'company8','774',NULL,'Sonia Menendez',NULL,'smenendez@altamaradvisroy.com',NULL,'yes',NULL,NULL,NULL,'Europe/Madrid',NULL,NULL,NULL,NULL,NULL,NULL,NULL,NULL,NULL,NULL,NULL,NULL,NULL,NULL,NULL,NULL,NULL,NULL,NULL,NULL,NULL,181),(158,'company8','776',NULL,'Jaime Fernandez-Pita',NULL,'jfernandezpita@altamaradvisory.com',NULL,'yes',NULL,NULL,NULL,'Europe/Madrid',NULL,NULL,NULL,NULL,NULL,NULL,NULL,NULL,NULL,NULL,NULL,NULL,NULL,NULL,NULL,NULL,NULL,NULL,NULL,NULL,NULL,180),(159,'company8','958',NULL,'Miguel Echenique',NULL,'mechenique@altamarcapital.com',NULL,'yes',NULL,NULL,NULL,'America/New_York',NULL,NULL,NULL,NULL,NULL,NULL,NULL,NULL,NULL,NULL,NULL,NULL,NULL,NULL,NULL,NULL,NULL,NULL,NULL,NULL,NULL,138),(160,'company8','708',NULL,'Ignacio de la Mora',NULL,'idelamora@altamarcapital.com',NULL,'yes',NULL,NULL,NULL,'Europe/Madrid',NULL,NULL,NULL,NULL,NULL,NULL,NULL,NULL,NULL,NULL,NULL,NULL,NULL,NULL,NULL,NULL,NULL,NULL,NULL,NULL,NULL,137),(161,'company8','711',NULL,'Elena Gonzalez',NULL,'egonzalez@altamarcapital.com',NULL,'yes',NULL,NULL,NULL,'Europe/Madrid',NULL,NULL,NULL,NULL,NULL,NULL,NULL,NULL,NULL,NULL,NULL,NULL,NULL,NULL,NULL,NULL,NULL,NULL,NULL,NULL,NULL,122),(162,'company8','723',NULL,'Ines Andrade',NULL,'iandrade@altamarcapital.com',NULL,'yes',NULL,NULL,NULL,'Europe/Madrid',NULL,NULL,NULL,NULL,NULL,NULL,NULL,NULL,NULL,NULL,NULL,NULL,NULL,NULL,NULL,NULL,NULL,NULL,NULL,NULL,NULL,157),(163,'company8','766',NULL,'Antonio Villalba',NULL,'avillalba@altamarcapital.com',NULL,'yes',NULL,NULL,NULL,'Europe/Madrid',NULL,NULL,NULL,NULL,NULL,NULL,NULL,NULL,NULL,NULL,NULL,NULL,NULL,NULL,NULL,NULL,NULL,NULL,NULL,NULL,NULL,152),(164,'company8','703',NULL,'Jose Luis Molina',NULL,'jmolina@altamarcapital.com',NULL,'yes',NULL,NULL,NULL,'Europe/Madrid',NULL,NULL,NULL,NULL,NULL,NULL,NULL,NULL,NULL,NULL,NULL,NULL,NULL,NULL,NULL,NULL,NULL,NULL,NULL,NULL,NULL,139),(165,'company8','730',NULL,'Guillermo Gomez',NULL,'ggomez@altamarcapital.com',NULL,'yes',NULL,NULL,NULL,'Europe/Madrid',NULL,NULL,NULL,NULL,NULL,NULL,NULL,NULL,NULL,NULL,NULL,NULL,NULL,NULL,NULL,NULL,NULL,NULL,NULL,NULL,NULL,153),(166,'company8','702',NULL,'Miguel Zurita',NULL,'mzurita@altamarcapital.com',NULL,'yes',NULL,NULL,NULL,'Europe/Madrid',NULL,NULL,NULL,NULL,NULL,NULL,NULL,NULL,NULL,NULL,NULL,NULL,NULL,NULL,NULL,NULL,NULL,NULL,NULL,NULL,NULL,140),(167,'company8','747',NULL,'Marta Barrionuevo',NULL,'mbarrionuevo@altamarcapital.com',NULL,'yes',NULL,NULL,NULL,'Europe/Madrid',NULL,NULL,NULL,NULL,NULL,NULL,NULL,NULL,NULL,NULL,NULL,NULL,NULL,NULL,NULL,NULL,NULL,NULL,NULL,NULL,NULL,101),(168,'company8','772',NULL,'Jose Epalza',NULL,'jepalza@altamaradvisory.com',NULL,'yes',NULL,NULL,NULL,'Europe/Madrid',NULL,NULL,NULL,NULL,NULL,NULL,NULL,NULL,NULL,NULL,NULL,NULL,NULL,NULL,NULL,NULL,NULL,NULL,NULL,NULL,NULL,179),(170,'company8','701',NULL,'Claudio Aguirre',NULL,'caguirre@altamarcapital.com',NULL,'yes',NULL,NULL,NULL,'Europe/Madrid',NULL,NULL,NULL,NULL,NULL,NULL,NULL,NULL,NULL,NULL,NULL,NULL,NULL,NULL,NULL,NULL,NULL,NULL,NULL,NULL,NULL,194),(171,'company8','608',NULL,'Teresa Benjumea',NULL,'tbenjumea@altamarcapital.com',NULL,'yes',NULL,NULL,NULL,'Europe/Madrid',NULL,NULL,NULL,NULL,NULL,NULL,NULL,NULL,NULL,NULL,NULL,NULL,NULL,NULL,NULL,NULL,NULL,NULL,NULL,NULL,NULL,160),(172,'company8','740',NULL,'Ignacio Antoñanzas',NULL,'iantonanzas@altamarcapital.com',NULL,'yes',NULL,NULL,NULL,'Europe/Madrid',NULL,NULL,NULL,NULL,NULL,NULL,NULL,NULL,NULL,NULL,NULL,NULL,NULL,NULL,NULL,NULL,NULL,NULL,NULL,NULL,NULL,149),(173,'company8','760',NULL,'Eva Carballo',NULL,'ecarballo@altamarcapital.com',NULL,'yes',NULL,NULL,NULL,'Europe/Madrid',NULL,NULL,NULL,NULL,NULL,NULL,NULL,NULL,NULL,NULL,NULL,NULL,NULL,NULL,NULL,NULL,NULL,NULL,NULL,NULL,NULL,155),(174,'company8','707',NULL,'Sandra Cuadros',NULL,'scuadros@altamarcapital.com',NULL,'yes',NULL,NULL,NULL,'Europe/Madrid',NULL,NULL,NULL,NULL,NULL,NULL,NULL,NULL,NULL,NULL,NULL,NULL,NULL,NULL,NULL,NULL,NULL,NULL,NULL,NULL,NULL,190),(175,'company8','797',NULL,'Pilar Drake',NULL,'pdrake@altamarcapital.com',NULL,'yes',NULL,NULL,NULL,'Europe/Madrid',NULL,NULL,NULL,NULL,NULL,NULL,NULL,NULL,NULL,NULL,NULL,NULL,NULL,NULL,NULL,NULL,NULL,NULL,NULL,NULL,NULL,136),(176,'company8','744',NULL,'Gonzalo Verdera',NULL,'gverdera@altamarcapital.com',NULL,'yes',NULL,NULL,NULL,'Europe/Madrid',NULL,NULL,NULL,NULL,NULL,NULL,NULL,NULL,NULL,NULL,NULL,NULL,NULL,NULL,NULL,NULL,NULL,NULL,NULL,NULL,NULL,120),(178,'company8','623',NULL,'Paula Sala de Borja',NULL,'psaladeborja@altamarcapital.com',NULL,'yes',NULL,NULL,NULL,'Europe/Madrid',NULL,NULL,NULL,NULL,NULL,NULL,NULL,NULL,NULL,NULL,NULL,NULL,NULL,NULL,NULL,NULL,NULL,NULL,NULL,NULL,NULL,198),(179,'company8','700',NULL,'Nieves Hernandez',NULL,'nhernandez@altamarcapital.com',NULL,'yes',NULL,NULL,NULL,'Europe/Madrid',NULL,NULL,NULL,NULL,NULL,NULL,NULL,NULL,NULL,NULL,NULL,NULL,NULL,NULL,NULL,NULL,NULL,NULL,NULL,NULL,NULL,196),(180,'company8','607',NULL,'Monica Martinez',NULL,'mmartinez@altamarcapital.com',NULL,'yes',NULL,NULL,NULL,'Europe/Madrid',NULL,NULL,NULL,NULL,NULL,NULL,NULL,NULL,NULL,NULL,NULL,NULL,NULL,NULL,NULL,NULL,NULL,NULL,NULL,NULL,NULL,159),(181,'company8','725',NULL,'Rocio Gonzalez',NULL,'rgonzalez@altamarcapital.com',NULL,'yes',NULL,NULL,NULL,'Europe/Madrid',NULL,NULL,NULL,NULL,NULL,NULL,NULL,NULL,NULL,NULL,NULL,NULL,NULL,NULL,NULL,NULL,NULL,NULL,NULL,NULL,NULL,195),(182,'company8','692',NULL,'sala2 polycom',NULL,NULL,NULL,'yes',NULL,NULL,NULL,'Europe/Madrid',NULL,NULL,NULL,NULL,NULL,NULL,NULL,NULL,NULL,NULL,NULL,NULL,NULL,NULL,NULL,NULL,NULL,NULL,NULL,NULL,NULL,203),(183,'company8','795',NULL,'Polycom Consejo',NULL,'recepcion@altamarcapital.com',NULL,'yes',NULL,NULL,NULL,'Europe/Madrid',NULL,NULL,NULL,NULL,NULL,NULL,NULL,NULL,NULL,NULL,NULL,NULL,NULL,NULL,NULL,NULL,NULL,NULL,NULL,NULL,NULL,230),(185,'company8','791',NULL,'Leydi Cardona',NULL,NULL,NULL,'yes',NULL,NULL,NULL,'Europe/Madrid',NULL,NULL,NULL,NULL,NULL,NULL,NULL,NULL,NULL,NULL,NULL,NULL,NULL,NULL,NULL,NULL,NULL,NULL,NULL,NULL,NULL,211),(189,'company8','799',NULL,'IP5000 Claudio',NULL,NULL,NULL,'yes',NULL,NULL,NULL,'Europe/Madrid',NULL,NULL,NULL,NULL,NULL,NULL,NULL,NULL,NULL,NULL,NULL,NULL,NULL,NULL,NULL,NULL,NULL,NULL,NULL,NULL,NULL,212),(190,'company8','604',NULL,'Florencio novillo',NULL,'fnovillo@altamarcapital.com',NULL,'yes',NULL,NULL,NULL,'Europe/Madrid',NULL,NULL,NULL,NULL,NULL,NULL,NULL,NULL,NULL,NULL,NULL,NULL,NULL,NULL,NULL,NULL,NULL,NULL,NULL,NULL,NULL,104),(193,'company8','728',NULL,'Miguel Rona',NULL,'mrona@altamarcapital.com',NULL,'yes',NULL,NULL,NULL,'Europe/Madrid',NULL,NULL,NULL,NULL,NULL,NULL,NULL,NULL,NULL,NULL,NULL,NULL,NULL,NULL,NULL,NULL,NULL,NULL,NULL,NULL,NULL,234),(194,'company8','987',NULL,'irontec migracion2',NULL,NULL,NULL,'yes',NULL,NULL,NULL,'Europe/Madrid',NULL,NULL,NULL,NULL,NULL,NULL,NULL,NULL,NULL,NULL,NULL,NULL,NULL,NULL,NULL,NULL,NULL,NULL,NULL,NULL,NULL,235),(196,'company8','502',NULL,'Diana Huidobro',NULL,'dhuidobro@altamarcapital.com',NULL,'yes',NULL,NULL,NULL,'America/Santiago',NULL,NULL,NULL,NULL,NULL,NULL,NULL,NULL,NULL,NULL,NULL,NULL,NULL,NULL,NULL,NULL,NULL,NULL,NULL,NULL,NULL,184),(197,'company8','503',NULL,'Jose Ramon Moreno',NULL,'jmoreno@altamarcapital.com',NULL,'yes',NULL,NULL,NULL,'America/Santiago',NULL,NULL,NULL,NULL,NULL,NULL,NULL,NULL,NULL,NULL,NULL,NULL,NULL,NULL,NULL,NULL,NULL,NULL,NULL,NULL,NULL,185),(198,'company8','505',NULL,'Johana Paineman',NULL,'jpaineman@altamarcapital.com',NULL,'yes',NULL,NULL,NULL,'America/Santiago',NULL,NULL,NULL,NULL,NULL,NULL,NULL,NULL,NULL,NULL,NULL,NULL,NULL,NULL,NULL,NULL,NULL,NULL,NULL,NULL,NULL,186),(199,'company8','756',NULL,'Miguel Angel Carbonell',NULL,'mcarbonell@altamarcapital.com',NULL,'yes',NULL,NULL,NULL,'Europe/Madrid',NULL,NULL,NULL,NULL,NULL,NULL,NULL,NULL,NULL,NULL,NULL,NULL,NULL,NULL,NULL,NULL,NULL,NULL,NULL,NULL,NULL,214),(200,'company8','',NULL,'vacante chile',NULL,NULL,NULL,'yes',NULL,NULL,NULL,'Europe/Madrid',NULL,NULL,NULL,NULL,NULL,NULL,NULL,NULL,NULL,NULL,NULL,NULL,NULL,NULL,NULL,NULL,NULL,NULL,NULL,NULL,NULL,236),(201,'company8','507',NULL,'salareuniones pequeña',NULL,NULL,NULL,'yes',NULL,NULL,NULL,'America/Santiago',NULL,NULL,NULL,NULL,NULL,NULL,NULL,NULL,NULL,NULL,NULL,NULL,NULL,NULL,NULL,NULL,NULL,NULL,NULL,NULL,NULL,237),(202,'company8','504',NULL,'Trinidad Guzman Chile',NULL,NULL,NULL,'yes',NULL,NULL,NULL,'America/Santiago',NULL,NULL,NULL,NULL,NULL,NULL,NULL,NULL,NULL,NULL,NULL,NULL,NULL,NULL,NULL,NULL,NULL,NULL,NULL,NULL,NULL,239),(203,'company8','301',NULL,'biblioteca chile',NULL,NULL,NULL,'yes',NULL,NULL,NULL,'Europe/Madrid',NULL,NULL,NULL,NULL,NULL,NULL,NULL,NULL,NULL,NULL,NULL,NULL,NULL,NULL,NULL,NULL,NULL,NULL,NULL,NULL,NULL,238),(205,'company8','693',NULL,'sala3 polycom',NULL,NULL,NULL,'yes',NULL,NULL,NULL,'Europe/Madrid',NULL,NULL,NULL,NULL,NULL,NULL,NULL,NULL,NULL,NULL,NULL,NULL,NULL,NULL,NULL,NULL,NULL,NULL,NULL,NULL,NULL,241),(207,'company8','719',NULL,'Luis Martinez',NULL,'lmartinezbrocal@altamarcapital.com',NULL,'yes',NULL,NULL,NULL,'Europe/Madrid',NULL,NULL,NULL,NULL,NULL,NULL,NULL,NULL,NULL,NULL,NULL,NULL,NULL,NULL,NULL,NULL,NULL,NULL,NULL,NULL,NULL,243),(209,'company5','44',NULL,'Rafael Rivadulla',NULL,'rafael@agronovo.es',NULL,'yes',NULL,NULL,NULL,'Europe/Madrid',NULL,NULL,NULL,NULL,NULL,NULL,NULL,NULL,NULL,NULL,NULL,NULL,NULL,NULL,NULL,NULL,NULL,NULL,NULL,NULL,NULL,9),(210,'company5','55',NULL,'Xisela Agronovo',NULL,'xisela@agronovo.es',NULL,'yes',NULL,NULL,NULL,'Europe/Madrid',NULL,NULL,NULL,NULL,NULL,NULL,NULL,NULL,NULL,NULL,NULL,NULL,NULL,NULL,NULL,NULL,NULL,NULL,NULL,NULL,NULL,10),(211,'company5','22',NULL,'Suso Agronovo',NULL,'suso@agronovo.es',NULL,'yes',NULL,NULL,NULL,'Europe/Madrid',NULL,NULL,NULL,NULL,NULL,NULL,NULL,NULL,NULL,NULL,NULL,NULL,NULL,NULL,NULL,NULL,NULL,NULL,NULL,NULL,NULL,12),(212,'company5','33',NULL,'Javier Agronovo',NULL,'javier@agronovo.es',NULL,'yes',NULL,NULL,NULL,'Europe/Madrid',NULL,NULL,NULL,NULL,NULL,NULL,NULL,NULL,NULL,NULL,NULL,NULL,NULL,NULL,NULL,NULL,NULL,NULL,NULL,NULL,NULL,11),(213,'company6','501',NULL,'Christian Garcia',NULL,'christian.garcia@tedra.es',NULL,'yes',NULL,NULL,NULL,'Europe/Madrid',NULL,NULL,NULL,NULL,NULL,NULL,NULL,NULL,NULL,NULL,NULL,NULL,NULL,NULL,NULL,NULL,NULL,NULL,NULL,NULL,NULL,20),(215,'company7','209',NULL,'Bloomberg .',NULL,NULL,NULL,'yes',NULL,NULL,NULL,'Europe/Madrid',NULL,NULL,NULL,NULL,NULL,NULL,NULL,NULL,NULL,NULL,NULL,NULL,NULL,NULL,NULL,NULL,NULL,NULL,NULL,NULL,NULL,24),(216,'company7','220',NULL,'Cocina .',NULL,NULL,NULL,'yes',NULL,NULL,NULL,'Europe/Madrid',NULL,NULL,NULL,NULL,NULL,NULL,NULL,NULL,NULL,NULL,NULL,NULL,NULL,NULL,NULL,NULL,NULL,NULL,NULL,NULL,NULL,41),(217,'company7','217',NULL,'JCC .',NULL,NULL,NULL,'yes',NULL,NULL,NULL,'Europe/Madrid',NULL,NULL,NULL,NULL,NULL,NULL,NULL,NULL,NULL,NULL,NULL,NULL,NULL,NULL,NULL,NULL,NULL,NULL,NULL,NULL,NULL,39),(218,'company7','218',NULL,'JLC .',NULL,NULL,NULL,'yes',NULL,NULL,NULL,'Europe/Madrid',NULL,NULL,NULL,NULL,NULL,NULL,NULL,NULL,NULL,NULL,NULL,NULL,NULL,NULL,NULL,NULL,NULL,NULL,NULL,NULL,NULL,40),(219,'company7','216',NULL,'JLG .',NULL,NULL,NULL,'yes',NULL,NULL,NULL,'Europe/Madrid',NULL,NULL,NULL,NULL,NULL,NULL,NULL,NULL,NULL,NULL,NULL,NULL,NULL,NULL,NULL,NULL,NULL,NULL,NULL,NULL,NULL,38),(220,'company7','212',NULL,'Yolanda .',NULL,NULL,NULL,'yes',NULL,NULL,NULL,'Europe/Madrid',NULL,NULL,NULL,NULL,NULL,NULL,NULL,NULL,NULL,NULL,NULL,NULL,NULL,NULL,NULL,NULL,NULL,NULL,NULL,NULL,NULL,25),(221,'company7','213',NULL,'Gabriel .',NULL,NULL,NULL,'yes',NULL,NULL,NULL,'Europe/Madrid',NULL,NULL,NULL,NULL,NULL,NULL,NULL,NULL,NULL,NULL,NULL,NULL,NULL,NULL,NULL,NULL,NULL,NULL,NULL,NULL,NULL,37),(222,'company7','208',NULL,'Jaime .',NULL,NULL,NULL,'yes',NULL,NULL,NULL,'Europe/Madrid',NULL,NULL,NULL,NULL,NULL,NULL,NULL,NULL,NULL,NULL,NULL,NULL,NULL,NULL,NULL,NULL,NULL,NULL,NULL,NULL,NULL,26),(223,'company7','202',NULL,'Sala Pequeña .',NULL,NULL,NULL,'yes',NULL,NULL,NULL,'Europe/Madrid',NULL,NULL,NULL,NULL,NULL,NULL,NULL,NULL,NULL,NULL,NULL,NULL,NULL,NULL,NULL,NULL,NULL,NULL,NULL,NULL,NULL,33),(224,'company7','203',NULL,'Sala Grande .',NULL,NULL,NULL,'yes',NULL,NULL,NULL,'Europe/Madrid',NULL,NULL,NULL,NULL,NULL,NULL,NULL,NULL,NULL,NULL,NULL,NULL,NULL,NULL,NULL,NULL,NULL,NULL,NULL,NULL,NULL,34),(225,'company7','201',NULL,'MAngeles .',NULL,NULL,NULL,'yes',NULL,NULL,NULL,'Europe/Madrid',NULL,NULL,NULL,NULL,NULL,NULL,NULL,NULL,NULL,NULL,NULL,NULL,NULL,NULL,NULL,NULL,NULL,NULL,NULL,NULL,NULL,28),(226,'company7','200',NULL,'Susana .',NULL,NULL,NULL,'yes',NULL,NULL,NULL,'Europe/Madrid',NULL,NULL,NULL,NULL,NULL,NULL,NULL,NULL,NULL,NULL,NULL,NULL,NULL,NULL,NULL,NULL,NULL,NULL,NULL,NULL,NULL,27),(227,'company7','210',NULL,'Esther .',NULL,NULL,NULL,'yes',NULL,NULL,NULL,'Europe/Madrid',NULL,NULL,NULL,NULL,NULL,NULL,NULL,NULL,NULL,NULL,NULL,NULL,NULL,NULL,NULL,NULL,NULL,NULL,NULL,NULL,NULL,35),(228,'company7','211',NULL,'Miguel .',NULL,NULL,NULL,'yes',NULL,NULL,NULL,'Europe/Madrid',NULL,NULL,NULL,NULL,NULL,NULL,NULL,NULL,NULL,NULL,NULL,NULL,NULL,NULL,NULL,NULL,NULL,NULL,NULL,NULL,NULL,36),(229,'company8','734',NULL,'Jorge Vivancos',NULL,'jvivancos@altancapital.com',NULL,'yes',NULL,NULL,NULL,'Europe/Madrid',NULL,NULL,NULL,NULL,NULL,NULL,NULL,NULL,NULL,NULL,NULL,NULL,NULL,NULL,NULL,NULL,NULL,NULL,NULL,NULL,NULL,244),(230,'company8','614',NULL,'Jose Maria Fernandez',NULL,'jmfernandez@altamarcapital.com',NULL,'yes',NULL,NULL,NULL,'Europe/Madrid',NULL,NULL,NULL,NULL,NULL,NULL,NULL,NULL,NULL,NULL,NULL,NULL,NULL,NULL,NULL,NULL,NULL,NULL,NULL,NULL,NULL,229),(232,'company8','204',NULL,'Roque Velasco',NULL,NULL,NULL,'yes',NULL,NULL,NULL,'Europe/Madrid',NULL,NULL,NULL,NULL,NULL,NULL,NULL,NULL,NULL,NULL,NULL,NULL,NULL,NULL,NULL,NULL,NULL,NULL,NULL,NULL,NULL,222),(233,'company8','205',NULL,'Javier Martínez Zabarte',NULL,NULL,NULL,'yes',NULL,NULL,NULL,'Europe/Madrid',NULL,NULL,NULL,NULL,NULL,NULL,NULL,NULL,NULL,NULL,NULL,NULL,NULL,NULL,NULL,NULL,NULL,NULL,NULL,NULL,NULL,221),(234,'company8','203',NULL,'Marcel Rafart',NULL,NULL,NULL,'yes',NULL,NULL,NULL,'Europe/Madrid',NULL,NULL,NULL,NULL,NULL,NULL,NULL,NULL,NULL,NULL,NULL,NULL,NULL,NULL,NULL,NULL,NULL,NULL,NULL,NULL,NULL,220),(235,'company8','209',NULL,'Eva Pasarisas',NULL,NULL,NULL,'yes',NULL,NULL,NULL,'Europe/Madrid',NULL,NULL,NULL,NULL,NULL,NULL,NULL,NULL,NULL,NULL,NULL,NULL,NULL,NULL,NULL,NULL,NULL,NULL,NULL,NULL,NULL,219),(237,'company8','',NULL,'Didac Lee',NULL,NULL,NULL,'yes',NULL,NULL,NULL,'Europe/Madrid',NULL,NULL,NULL,NULL,NULL,NULL,NULL,NULL,NULL,NULL,NULL,NULL,NULL,NULL,NULL,NULL,NULL,NULL,NULL,NULL,NULL,217),(238,'company8','200',NULL,'Rocio Hodaly',NULL,NULL,NULL,'yes',NULL,NULL,NULL,'Europe/Madrid',NULL,NULL,NULL,NULL,NULL,NULL,NULL,NULL,NULL,NULL,NULL,NULL,NULL,NULL,NULL,NULL,NULL,NULL,NULL,NULL,NULL,216),(239,'company8','950',NULL,'Administration NY Altamar',NULL,'jcecala@altamarcapital.com',NULL,'yes',NULL,NULL,NULL,'America/New_York',NULL,NULL,NULL,NULL,NULL,NULL,NULL,NULL,NULL,NULL,NULL,NULL,NULL,NULL,NULL,NULL,NULL,NULL,NULL,NULL,NULL,80),(240,'company8','206',NULL,'David Castany',NULL,NULL,NULL,'yes',NULL,NULL,NULL,'Europe/Madrid',NULL,NULL,NULL,NULL,NULL,NULL,NULL,NULL,NULL,NULL,NULL,NULL,NULL,NULL,NULL,NULL,NULL,NULL,NULL,NULL,NULL,215),(241,'company12','500',NULL,'Miguel Herrero',NULL,'mhercol@gmail.com',NULL,'yes',NULL,NULL,NULL,'Europe/Madrid',NULL,NULL,NULL,NULL,NULL,NULL,NULL,NULL,NULL,NULL,NULL,NULL,NULL,NULL,NULL,NULL,NULL,NULL,NULL,NULL,NULL,98),(242,'company10','200',NULL,'Raquel Hernández',NULL,NULL,NULL,'yes',NULL,NULL,NULL,'Europe/Madrid',NULL,NULL,NULL,NULL,NULL,NULL,NULL,NULL,NULL,NULL,NULL,NULL,NULL,NULL,NULL,NULL,NULL,NULL,NULL,NULL,NULL,68),(243,'company10','208',NULL,'Pedro Herrera',NULL,NULL,NULL,'yes',NULL,NULL,NULL,'Europe/Madrid',NULL,NULL,NULL,NULL,NULL,NULL,NULL,NULL,NULL,NULL,NULL,NULL,NULL,NULL,NULL,NULL,NULL,NULL,NULL,NULL,NULL,76),(244,'company10','201',NULL,'Administracion Novaquality',NULL,NULL,NULL,'yes',NULL,NULL,NULL,'Europe/Madrid',NULL,NULL,NULL,NULL,NULL,NULL,NULL,NULL,NULL,NULL,NULL,NULL,NULL,NULL,NULL,NULL,NULL,NULL,NULL,NULL,NULL,69),(245,'company10','207',NULL,'Sala Formación',NULL,NULL,NULL,'yes',NULL,NULL,NULL,'Europe/Madrid',NULL,NULL,NULL,NULL,NULL,NULL,NULL,NULL,NULL,NULL,NULL,NULL,NULL,NULL,NULL,NULL,NULL,NULL,NULL,NULL,NULL,75),(246,'company10','204',NULL,'Rocío Vicente',NULL,NULL,NULL,'yes',NULL,NULL,NULL,'Europe/Madrid',NULL,NULL,NULL,NULL,NULL,NULL,NULL,NULL,NULL,NULL,NULL,NULL,NULL,NULL,NULL,NULL,NULL,NULL,NULL,NULL,NULL,72),(247,'company8','201',NULL,'Lourdes Panizo',NULL,'lpanizo@galdanaventures.com',NULL,'yes',NULL,NULL,NULL,'Europe/Madrid',NULL,NULL,NULL,NULL,NULL,NULL,NULL,NULL,NULL,NULL,NULL,NULL,NULL,NULL,NULL,NULL,NULL,NULL,NULL,NULL,NULL,245),(248,'company8','202',NULL,'Rafael Muñoz',NULL,'rafael.munoz@inspirit.net',NULL,'yes',NULL,NULL,NULL,'Europe/Madrid',NULL,NULL,NULL,NULL,NULL,NULL,NULL,NULL,NULL,NULL,NULL,NULL,NULL,NULL,NULL,NULL,NULL,NULL,NULL,NULL,NULL,246),(249,'company8','210',NULL,'Alex Chueh',NULL,'achueh@galdanaventures.com',NULL,'yes',NULL,NULL,NULL,'Europe/Madrid',NULL,NULL,NULL,NULL,NULL,NULL,NULL,NULL,NULL,NULL,NULL,NULL,NULL,NULL,NULL,NULL,NULL,NULL,NULL,NULL,NULL,247),(250,'company8','749',NULL,'Almudena Comin',NULL,'acomin@altamarcapital.com',NULL,'yes',NULL,NULL,NULL,'Europe/Madrid',NULL,NULL,NULL,NULL,NULL,NULL,NULL,NULL,NULL,NULL,NULL,NULL,NULL,NULL,NULL,NULL,NULL,NULL,NULL,NULL,NULL,248),(253,'company8','617',NULL,'Alvaro Bueso-Inchasuti',NULL,'abueso@altamarcapital.com',NULL,'yes',NULL,NULL,NULL,'Europe/Madrid',NULL,NULL,NULL,NULL,NULL,NULL,NULL,NULL,NULL,NULL,NULL,NULL,NULL,NULL,NULL,NULL,NULL,NULL,NULL,NULL,NULL,251),(254,'company8','599',NULL,'Polycom Consejo CL',NULL,'recepcion-chile@altamarcapital.com',NULL,'yes',NULL,NULL,NULL,'Europe/Madrid',NULL,NULL,NULL,NULL,NULL,NULL,NULL,NULL,NULL,NULL,NULL,NULL,NULL,NULL,NULL,NULL,NULL,NULL,NULL,NULL,NULL,252),(257,'company15','2002',NULL,'Javier Miramar',NULL,'javi@miramarcruises.com',NULL,'yes',NULL,NULL,NULL,'Europe/Madrid',NULL,NULL,NULL,NULL,NULL,NULL,NULL,NULL,NULL,NULL,NULL,NULL,NULL,NULL,NULL,NULL,NULL,NULL,NULL,NULL,NULL,255),(258,'company15','2004',NULL,'Ana Miramar',NULL,'ana@miramarcruises.com',NULL,'yes',NULL,NULL,NULL,'Europe/Madrid',NULL,NULL,NULL,NULL,NULL,NULL,NULL,NULL,NULL,NULL,NULL,NULL,NULL,NULL,NULL,NULL,NULL,NULL,NULL,NULL,NULL,256),(259,'company15','3006',NULL,'Pablo Miramar',NULL,'pablo@miramarcruises.com',NULL,'yes',NULL,NULL,NULL,'Europe/Madrid',NULL,NULL,NULL,NULL,NULL,NULL,NULL,NULL,NULL,NULL,NULL,NULL,NULL,NULL,NULL,NULL,NULL,NULL,NULL,NULL,NULL,257),(260,'company15','3012',NULL,'Begoña Miramar',NULL,'bego@miramarcruises.com',NULL,'yes',NULL,NULL,NULL,'Europe/Madrid',NULL,NULL,NULL,NULL,NULL,NULL,NULL,NULL,NULL,NULL,NULL,NULL,NULL,NULL,NULL,NULL,NULL,NULL,NULL,NULL,NULL,258),(261,'company15','3009',NULL,'Marta Miramar',NULL,'marta@miramarcruises.com',NULL,'yes',NULL,NULL,NULL,'Europe/Madrid',NULL,NULL,NULL,NULL,NULL,NULL,NULL,NULL,NULL,NULL,NULL,NULL,NULL,NULL,NULL,NULL,NULL,NULL,NULL,NULL,NULL,259),(262,'company15','3007',NULL,'Rocío Miramar',NULL,'rocio@miramarcruises.com',NULL,'yes',NULL,NULL,NULL,'Europe/Madrid',NULL,NULL,NULL,NULL,NULL,NULL,NULL,NULL,NULL,NULL,NULL,NULL,NULL,NULL,NULL,NULL,NULL,NULL,NULL,NULL,NULL,260),(263,'company15','2003',NULL,'Carmen Miramar',NULL,'carmen@miramarcruises.com',NULL,'yes',NULL,NULL,NULL,'Europe/Madrid',NULL,NULL,NULL,NULL,NULL,NULL,NULL,NULL,NULL,NULL,NULL,NULL,NULL,NULL,NULL,NULL,NULL,NULL,NULL,NULL,NULL,261),(264,'company15','3011',NULL,'Adrián Miramar',NULL,'adrian@miramarcruises.com',NULL,'yes',NULL,NULL,NULL,'Europe/Madrid',NULL,NULL,NULL,NULL,NULL,NULL,NULL,NULL,NULL,NULL,NULL,NULL,NULL,NULL,NULL,NULL,NULL,NULL,NULL,NULL,NULL,262),(265,'company15','1000',NULL,'Lea Miramar',NULL,'a.decherf@miramarcroisieres.com',NULL,'yes',NULL,NULL,NULL,'Europe/Madrid',NULL,NULL,NULL,NULL,NULL,NULL,NULL,NULL,NULL,NULL,NULL,NULL,NULL,NULL,NULL,NULL,NULL,NULL,NULL,NULL,NULL,263),(266,'company15','1002',NULL,'Flora Miramar',NULL,'flora@miramarcroisieres.com',NULL,'yes',NULL,NULL,NULL,'Europe/Madrid',NULL,NULL,NULL,NULL,NULL,NULL,NULL,NULL,NULL,NULL,NULL,NULL,NULL,NULL,NULL,NULL,NULL,NULL,NULL,NULL,NULL,264),(267,'company15','3001',NULL,'Alba Miramar',NULL,'alba@miramarcruises.com',NULL,'yes',NULL,NULL,NULL,'Europe/Madrid',NULL,NULL,NULL,NULL,NULL,NULL,NULL,NULL,NULL,NULL,NULL,NULL,NULL,NULL,NULL,NULL,NULL,NULL,NULL,NULL,NULL,265),(268,'company15','3010',NULL,'Ester Miramar',NULL,'ester@miramarcruises.com',NULL,'yes',NULL,NULL,NULL,'Europe/Madrid',NULL,NULL,NULL,NULL,NULL,NULL,NULL,NULL,NULL,NULL,NULL,NULL,NULL,NULL,NULL,NULL,NULL,NULL,NULL,NULL,NULL,266),(269,'company15','4001',NULL,'Ester Nudoss',NULL,'dev@nudoss.com',NULL,'yes',NULL,NULL,NULL,'Europe/Madrid',NULL,NULL,NULL,NULL,NULL,NULL,NULL,NULL,NULL,NULL,NULL,NULL,NULL,NULL,NULL,NULL,NULL,NULL,NULL,NULL,NULL,267),(270,'company15','9999',NULL,'Carlos Cruz',NULL,NULL,NULL,'yes',NULL,NULL,NULL,'Europe/Madrid',NULL,NULL,NULL,NULL,NULL,NULL,NULL,NULL,NULL,NULL,NULL,NULL,NULL,NULL,NULL,NULL,NULL,NULL,NULL,NULL,NULL,268),(271,'company15','1001',NULL,'Test Miramar',NULL,NULL,NULL,'yes',NULL,NULL,NULL,'Europe/Madrid',NULL,NULL,NULL,NULL,NULL,NULL,NULL,NULL,NULL,NULL,NULL,NULL,NULL,NULL,NULL,NULL,NULL,NULL,NULL,NULL,NULL,273),(272,'company8','',NULL,'Pablo Ruiz de Velasco',NULL,'pruiz@altamarcapital.com',NULL,'yes',NULL,NULL,NULL,'Europe/Madrid',NULL,NULL,NULL,NULL,NULL,NULL,NULL,NULL,NULL,NULL,NULL,NULL,NULL,NULL,NULL,NULL,NULL,NULL,NULL,NULL,NULL,274),(273,'company8','618',NULL,'Pablo Alonso Comba',NULL,'palonso@altamarcapital.com',NULL,'yes',NULL,NULL,NULL,'Europe/Madrid',NULL,NULL,NULL,NULL,NULL,NULL,NULL,NULL,NULL,NULL,NULL,NULL,NULL,NULL,NULL,NULL,NULL,NULL,NULL,NULL,NULL,275),(275,'company8','731',NULL,'Laura Hayas',NULL,'lhayas@altamarcapital.com',NULL,'yes',NULL,NULL,NULL,'Europe/Madrid',NULL,NULL,NULL,NULL,NULL,NULL,NULL,NULL,NULL,NULL,NULL,NULL,NULL,NULL,NULL,NULL,NULL,NULL,NULL,NULL,NULL,277),(276,'company8','769',NULL,'Violeta Lopez',NULL,'vlopez@altamarcapital.com',NULL,'yes',NULL,NULL,NULL,'Europe/Madrid',NULL,NULL,NULL,NULL,NULL,NULL,NULL,NULL,NULL,NULL,NULL,NULL,NULL,NULL,NULL,NULL,NULL,NULL,NULL,NULL,NULL,278),(277,'company8','768',NULL,'Juan Nieto',NULL,'jnieto@altamarcapital.com',NULL,'yes',NULL,NULL,NULL,'Europe/Madrid',NULL,NULL,NULL,NULL,NULL,NULL,NULL,NULL,NULL,NULL,NULL,NULL,NULL,NULL,NULL,NULL,NULL,NULL,NULL,NULL,NULL,279),(278,'company8','732',NULL,'Marco Pitrelli',NULL,'mpitrelli@altamarcapital.com',NULL,'yes',NULL,NULL,NULL,'Europe/Madrid',NULL,NULL,NULL,NULL,NULL,NULL,NULL,NULL,NULL,NULL,NULL,NULL,NULL,NULL,NULL,NULL,NULL,NULL,NULL,NULL,NULL,280),(282,'company8','598',NULL,'Polycom IP6000 Chile',NULL,NULL,NULL,'yes',NULL,NULL,NULL,'Europe/Madrid',NULL,NULL,NULL,NULL,NULL,NULL,NULL,NULL,NULL,NULL,NULL,NULL,NULL,NULL,NULL,NULL,NULL,NULL,NULL,NULL,NULL,284),(283,'company7','205',NULL,'ME .',NULL,NULL,NULL,'yes',NULL,NULL,NULL,'Europe/Madrid',NULL,NULL,NULL,NULL,NULL,NULL,NULL,NULL,NULL,NULL,NULL,NULL,NULL,NULL,NULL,NULL,NULL,NULL,NULL,NULL,NULL,285),(284,'company7','206',NULL,'Jorge .',NULL,NULL,NULL,'yes',NULL,NULL,NULL,'Europe/Madrid',NULL,NULL,NULL,NULL,NULL,NULL,NULL,NULL,NULL,NULL,NULL,NULL,NULL,NULL,NULL,NULL,NULL,NULL,NULL,NULL,NULL,286),(285,'company7','207',NULL,'Maria .',NULL,NULL,NULL,'yes',NULL,NULL,NULL,'Europe/Madrid',NULL,NULL,NULL,NULL,NULL,NULL,NULL,NULL,NULL,NULL,NULL,NULL,NULL,NULL,NULL,NULL,NULL,NULL,NULL,NULL,NULL,287),(286,'company15','1005',NULL,'Martine Miramar Croisieres',NULL,NULL,NULL,'yes',NULL,NULL,NULL,'Europe/Madrid',NULL,NULL,NULL,NULL,NULL,NULL,NULL,NULL,NULL,NULL,NULL,NULL,NULL,NULL,NULL,NULL,NULL,NULL,NULL,NULL,NULL,288),(288,'company8','619',NULL,'Javier Dancausa',NULL,'jdancausa@altamarcapital.com',NULL,'yes',NULL,NULL,NULL,'Europe/Madrid',NULL,NULL,NULL,NULL,NULL,NULL,NULL,NULL,NULL,NULL,NULL,NULL,NULL,NULL,NULL,NULL,NULL,NULL,NULL,NULL,NULL,290),(290,'company6','599',NULL,'Conferencias Tedra',NULL,NULL,NULL,'yes',NULL,NULL,NULL,'Europe/Madrid',NULL,NULL,NULL,NULL,NULL,NULL,NULL,NULL,NULL,NULL,NULL,NULL,NULL,NULL,NULL,NULL,NULL,NULL,NULL,NULL,NULL,292),(291,'company16','100',NULL,'Rafael Sánchez Sánchez',NULL,NULL,NULL,'yes',NULL,NULL,NULL,'Europe/Madrid',NULL,NULL,NULL,NULL,NULL,NULL,NULL,NULL,NULL,NULL,NULL,NULL,NULL,NULL,NULL,NULL,NULL,NULL,NULL,NULL,NULL,293),(292,'company8','',NULL,'IgnacioAlvarez DRP',NULL,NULL,NULL,'yes',NULL,NULL,NULL,'Europe/Madrid',NULL,NULL,NULL,NULL,NULL,NULL,NULL,NULL,NULL,NULL,NULL,NULL,NULL,NULL,NULL,NULL,NULL,NULL,NULL,NULL,NULL,294),(293,'company8','620',NULL,'Jaime García Suárez',NULL,'jaimegarcia@altamarcapital.com',NULL,'yes',NULL,NULL,NULL,'Europe/Madrid',NULL,NULL,NULL,NULL,NULL,NULL,NULL,NULL,NULL,NULL,NULL,NULL,NULL,NULL,NULL,NULL,NULL,NULL,NULL,NULL,NULL,295),(294,'company6','502',NULL,'Patricia Huerga',NULL,'patricia.huerga@tedra.es',NULL,'yes',NULL,NULL,NULL,'Europe/Madrid',NULL,NULL,NULL,NULL,NULL,NULL,NULL,NULL,NULL,NULL,NULL,NULL,NULL,NULL,NULL,NULL,NULL,NULL,NULL,NULL,NULL,296),(296,'company8','621',NULL,'Victor Martínez de Salinas',NULL,'vmartinez@altamarcapital.com',NULL,'yes',NULL,NULL,NULL,'Europe/Madrid',NULL,NULL,NULL,NULL,NULL,NULL,NULL,NULL,NULL,NULL,NULL,NULL,NULL,NULL,NULL,NULL,NULL,NULL,NULL,NULL,NULL,298),(297,'company8','622',NULL,'Teresa Cela',NULL,'tcela@altamarcapital.com',NULL,'yes',NULL,NULL,NULL,'Europe/Madrid',NULL,NULL,NULL,NULL,NULL,NULL,NULL,NULL,NULL,NULL,NULL,NULL,NULL,NULL,NULL,NULL,NULL,NULL,NULL,NULL,NULL,299),(298,'company8','741',NULL,'Sara García',NULL,NULL,NULL,'yes',NULL,NULL,NULL,'Europe/Madrid',NULL,NULL,NULL,NULL,NULL,NULL,NULL,NULL,NULL,NULL,NULL,NULL,NULL,NULL,NULL,NULL,NULL,NULL,NULL,NULL,NULL,300),(299,'company15','3008',NULL,'María Miramar',NULL,NULL,NULL,'yes',NULL,NULL,NULL,'Europe/Madrid',NULL,NULL,NULL,NULL,NULL,NULL,NULL,NULL,NULL,NULL,NULL,NULL,NULL,NULL,NULL,NULL,NULL,NULL,NULL,NULL,NULL,301),(300,'company8','798',NULL,'Rocío Espinosa',NULL,'respinosa@altamarcapital.es',NULL,'yes',NULL,NULL,NULL,'Europe/Madrid',NULL,NULL,NULL,NULL,NULL,NULL,NULL,NULL,NULL,NULL,NULL,NULL,NULL,NULL,NULL,NULL,NULL,NULL,NULL,NULL,NULL,302),(301,'company18','1000',NULL,'Clinica Eras',NULL,'clinicaeras@yahoo.es',NULL,'yes',NULL,NULL,NULL,'Europe/Madrid',NULL,NULL,NULL,NULL,NULL,NULL,NULL,NULL,NULL,NULL,NULL,NULL,NULL,NULL,NULL,NULL,NULL,NULL,NULL,NULL,NULL,303),(302,'company6','503',NULL,'Diego Vega',NULL,'diego.vega@tedra.es',NULL,'yes',NULL,NULL,NULL,'Europe/Madrid',NULL,NULL,NULL,NULL,NULL,NULL,NULL,NULL,NULL,NULL,NULL,NULL,NULL,NULL,NULL,NULL,NULL,NULL,NULL,NULL,NULL,304),(303,'company8','501',NULL,'Fabiola Yañez',NULL,'fyanez@altamarcapital.com',NULL,'yes',NULL,NULL,NULL,'America/Santiago',NULL,NULL,NULL,NULL,NULL,NULL,NULL,NULL,NULL,NULL,NULL,NULL,NULL,NULL,NULL,NULL,NULL,NULL,NULL,NULL,NULL,305),(305,'company7','221',NULL,'Inalambrico .',NULL,NULL,NULL,'yes',NULL,NULL,NULL,'Europe/Madrid',NULL,NULL,NULL,NULL,NULL,NULL,NULL,NULL,NULL,NULL,NULL,NULL,NULL,NULL,NULL,NULL,NULL,NULL,NULL,NULL,NULL,309),(306,'company15','1003',NULL,'Sabrina Miramar',NULL,'sabrina@miramarcruises.com',NULL,'yes',NULL,NULL,NULL,'Europe/Madrid',NULL,NULL,NULL,NULL,NULL,NULL,NULL,NULL,NULL,NULL,NULL,NULL,NULL,NULL,NULL,NULL,NULL,NULL,NULL,NULL,NULL,310),(307,'company7','219',NULL,'Temporal .',NULL,NULL,NULL,'yes',NULL,NULL,NULL,'Europe/Madrid',NULL,NULL,NULL,NULL,NULL,NULL,NULL,NULL,NULL,NULL,NULL,NULL,NULL,NULL,NULL,NULL,NULL,NULL,NULL,NULL,NULL,311),(308,'company13','101',NULL,'Despacho1 colab',NULL,NULL,NULL,'yes',NULL,NULL,NULL,'Europe/Madrid',NULL,NULL,NULL,NULL,NULL,NULL,NULL,NULL,NULL,NULL,NULL,NULL,NULL,NULL,NULL,NULL,NULL,NULL,NULL,NULL,NULL,312),(309,'company13','102',NULL,'Despacho2 Colab',NULL,NULL,NULL,'yes',NULL,NULL,NULL,'Europe/Madrid',NULL,NULL,NULL,NULL,NULL,NULL,NULL,NULL,NULL,NULL,NULL,NULL,NULL,NULL,NULL,NULL,NULL,NULL,NULL,NULL,NULL,313),(310,'company13','103',NULL,'Despacho3 colab',NULL,NULL,NULL,'yes',NULL,NULL,NULL,'Europe/Madrid',NULL,NULL,NULL,NULL,NULL,NULL,NULL,NULL,NULL,NULL,NULL,NULL,NULL,NULL,NULL,NULL,NULL,NULL,NULL,NULL,NULL,314),(311,'company13','104',NULL,'Despacho4 colab',NULL,NULL,NULL,'yes',NULL,NULL,NULL,'Europe/Madrid',NULL,NULL,NULL,NULL,NULL,NULL,NULL,NULL,NULL,NULL,NULL,NULL,NULL,NULL,NULL,NULL,NULL,NULL,NULL,NULL,NULL,315),(312,'company13','105',NULL,'Despacho5_1 colab',NULL,NULL,NULL,'yes',NULL,NULL,NULL,'Europe/Madrid',NULL,NULL,NULL,NULL,NULL,NULL,NULL,NULL,NULL,NULL,NULL,NULL,NULL,NULL,NULL,NULL,NULL,NULL,NULL,NULL,NULL,316),(314,'company13','02',NULL,'Ana FB',NULL,NULL,NULL,'yes',NULL,NULL,NULL,'Europe/Madrid',NULL,NULL,NULL,NULL,NULL,NULL,NULL,NULL,NULL,NULL,NULL,NULL,NULL,NULL,NULL,NULL,NULL,NULL,NULL,NULL,NULL,318),(315,'company13','03',NULL,'Cris FB',NULL,NULL,NULL,'yes',NULL,NULL,NULL,'Europe/Madrid',NULL,NULL,NULL,NULL,NULL,NULL,NULL,NULL,NULL,NULL,NULL,NULL,NULL,NULL,NULL,NULL,NULL,NULL,NULL,NULL,NULL,319),(316,'company13','04',NULL,'Silvia FB',NULL,NULL,NULL,'yes',NULL,NULL,NULL,'Europe/Madrid',NULL,NULL,NULL,NULL,NULL,NULL,NULL,NULL,NULL,NULL,NULL,NULL,NULL,NULL,NULL,NULL,NULL,NULL,NULL,NULL,NULL,320),(317,'company13','05',NULL,'Inalámbrico1 FB',NULL,NULL,NULL,'yes',NULL,NULL,NULL,'Europe/Madrid',NULL,NULL,NULL,NULL,NULL,NULL,NULL,NULL,NULL,NULL,NULL,NULL,NULL,NULL,NULL,NULL,NULL,NULL,NULL,NULL,NULL,321),(318,'company13','06',NULL,'Susi FB',NULL,NULL,NULL,'yes',NULL,NULL,NULL,'Europe/Madrid',NULL,NULL,NULL,NULL,NULL,NULL,NULL,NULL,NULL,NULL,NULL,NULL,NULL,NULL,NULL,NULL,NULL,NULL,NULL,NULL,NULL,322),(319,'company13','07',NULL,'Ricardo FB',NULL,NULL,NULL,'yes',NULL,NULL,NULL,'Europe/Madrid',NULL,NULL,NULL,NULL,NULL,NULL,NULL,NULL,NULL,NULL,NULL,NULL,NULL,NULL,NULL,NULL,NULL,NULL,NULL,NULL,NULL,323),(320,'company13','08',NULL,'Carlos FB',NULL,NULL,NULL,'yes',NULL,NULL,NULL,'Europe/Madrid',NULL,NULL,NULL,NULL,NULL,NULL,NULL,NULL,NULL,NULL,NULL,NULL,NULL,NULL,NULL,NULL,NULL,NULL,NULL,NULL,NULL,324),(321,'company13','09',NULL,'Inalámbrico2 FB',NULL,NULL,NULL,'yes',NULL,NULL,NULL,'Europe/Madrid',NULL,NULL,NULL,NULL,NULL,NULL,NULL,NULL,NULL,NULL,NULL,NULL,NULL,NULL,NULL,NULL,NULL,NULL,NULL,NULL,NULL,325),(322,'company13','10',NULL,'UCOGA FB',NULL,NULL,NULL,'yes',NULL,NULL,NULL,'Europe/Madrid',NULL,NULL,NULL,NULL,NULL,NULL,NULL,NULL,NULL,NULL,NULL,NULL,NULL,NULL,NULL,NULL,NULL,NULL,NULL,NULL,NULL,326),(323,'company13','11',NULL,'Marta y Nere FB',NULL,NULL,NULL,'yes',NULL,NULL,NULL,'Europe/Madrid',NULL,NULL,NULL,NULL,NULL,NULL,NULL,NULL,NULL,NULL,NULL,NULL,NULL,NULL,NULL,NULL,NULL,NULL,NULL,NULL,NULL,327),(324,'company13','99',NULL,'Panphone FB',NULL,NULL,NULL,'yes',NULL,NULL,NULL,'Europe/Madrid',NULL,NULL,NULL,NULL,NULL,NULL,NULL,NULL,NULL,NULL,NULL,NULL,NULL,NULL,NULL,NULL,NULL,NULL,NULL,NULL,NULL,328),(325,'company13','88',NULL,'Panphone colab',NULL,NULL,NULL,'yes',NULL,NULL,NULL,'Europe/Madrid',NULL,NULL,NULL,NULL,NULL,NULL,NULL,NULL,NULL,NULL,NULL,NULL,NULL,NULL,NULL,NULL,NULL,NULL,NULL,NULL,NULL,329),(326,'company8','773',NULL,'Manuel Delclaux',NULL,'mdelclaux@altamarcapital.com',NULL,'yes',NULL,NULL,NULL,'Europe/Madrid',NULL,NULL,NULL,NULL,NULL,NULL,NULL,NULL,NULL,NULL,NULL,NULL,NULL,NULL,NULL,NULL,NULL,NULL,NULL,NULL,NULL,330),(327,'company8','729',NULL,'Jaime Velasco',NULL,'jvelasco@altamarcapital.com',NULL,'yes',NULL,NULL,NULL,'Europe/Madrid',NULL,NULL,NULL,NULL,NULL,NULL,NULL,NULL,NULL,NULL,NULL,NULL,NULL,NULL,NULL,NULL,NULL,NULL,NULL,NULL,NULL,331),(328,'company8','735',NULL,'Alvaro Ortiz',NULL,'aortiz@altamarcapital.com',NULL,'yes',NULL,NULL,NULL,'Europe/Madrid',NULL,NULL,NULL,NULL,NULL,NULL,NULL,NULL,NULL,NULL,NULL,NULL,NULL,NULL,NULL,NULL,NULL,NULL,NULL,NULL,NULL,332),(329,'company19','200',NULL,'Usuario 1',NULL,NULL,NULL,'yes',NULL,NULL,NULL,'Europe/Madrid',NULL,NULL,NULL,NULL,NULL,NULL,NULL,NULL,NULL,NULL,NULL,NULL,NULL,NULL,NULL,NULL,NULL,NULL,NULL,NULL,NULL,333),(331,'company20','600',NULL,'Paqui Centralita',NULL,'fcorraliza@iberiacards.com',NULL,'yes',NULL,NULL,NULL,'Europe/Madrid',NULL,NULL,NULL,NULL,NULL,NULL,NULL,NULL,NULL,NULL,NULL,NULL,NULL,NULL,NULL,NULL,NULL,NULL,NULL,NULL,NULL,335),(332,'company20','601',NULL,'Javier Amo',NULL,'jamo@iberiacards.com',NULL,'yes',NULL,NULL,NULL,'Europe/Madrid',NULL,NULL,NULL,NULL,NULL,NULL,NULL,NULL,NULL,NULL,NULL,NULL,NULL,NULL,NULL,NULL,NULL,NULL,NULL,NULL,NULL,336),(333,'company20','602',NULL,'Luis Gutiérrez',NULL,'lgutierrez@iberiacards.com',NULL,'yes',NULL,NULL,NULL,'Europe/Madrid',NULL,NULL,NULL,NULL,NULL,NULL,NULL,NULL,NULL,NULL,NULL,NULL,NULL,NULL,NULL,NULL,NULL,NULL,NULL,NULL,NULL,337),(334,'company20','603',NULL,'Antonio Fernández-Golfín',NULL,'agolfin@iberiacards.com',NULL,'yes',NULL,NULL,NULL,'Europe/Madrid',NULL,NULL,NULL,NULL,NULL,NULL,NULL,NULL,NULL,NULL,NULL,NULL,NULL,NULL,NULL,NULL,NULL,NULL,NULL,NULL,NULL,338),(335,'company20','605',NULL,'Juan Carlos Rearte',NULL,'jcrearte@iberiacards.com',NULL,'yes',NULL,NULL,NULL,'Europe/Madrid',NULL,NULL,NULL,NULL,NULL,NULL,NULL,NULL,NULL,NULL,NULL,NULL,NULL,NULL,NULL,NULL,NULL,NULL,NULL,NULL,NULL,339),(336,'company20','606',NULL,'Gonzalo Sánchez Mellado',NULL,'gsmellado@iberiacards.com',NULL,'yes',NULL,NULL,NULL,'Europe/Madrid',NULL,NULL,NULL,NULL,NULL,NULL,NULL,NULL,NULL,NULL,NULL,NULL,NULL,NULL,NULL,NULL,NULL,NULL,NULL,NULL,NULL,340),(337,'company20','612',NULL,'Alejandra Caldas',NULL,'acaldas@iberiacards.com',NULL,'yes',NULL,NULL,NULL,'Europe/Madrid',NULL,NULL,NULL,NULL,NULL,NULL,NULL,NULL,NULL,NULL,NULL,NULL,NULL,NULL,NULL,NULL,NULL,NULL,NULL,NULL,NULL,341),(338,'company20','604',NULL,'Cinta Cardús',NULL,'ccardus@iberiacards.com',NULL,'yes',NULL,NULL,NULL,'Europe/Madrid',NULL,NULL,NULL,NULL,NULL,NULL,NULL,NULL,NULL,NULL,NULL,NULL,NULL,NULL,NULL,NULL,NULL,NULL,NULL,NULL,NULL,342),(339,'company20','607',NULL,'Sagrario Gómez',NULL,'sgomez@iberiacards.com',NULL,'yes',NULL,NULL,NULL,'Europe/Madrid',NULL,NULL,NULL,NULL,NULL,NULL,NULL,NULL,NULL,NULL,NULL,NULL,NULL,NULL,NULL,NULL,NULL,NULL,NULL,NULL,NULL,343),(340,'company20','608',NULL,'Rafael Murillo',NULL,'rmurillo@iberiacards.com',NULL,'yes',NULL,NULL,NULL,'Europe/Madrid',NULL,NULL,NULL,NULL,NULL,NULL,NULL,NULL,NULL,NULL,NULL,NULL,NULL,NULL,NULL,NULL,NULL,NULL,NULL,NULL,NULL,344),(341,'company20','609',NULL,'Soledad García',NULL,'sgarcia@iberiacards.com',NULL,'yes',NULL,NULL,NULL,'Europe/Madrid',NULL,NULL,NULL,NULL,NULL,NULL,NULL,NULL,NULL,NULL,NULL,NULL,NULL,NULL,NULL,NULL,NULL,NULL,NULL,NULL,NULL,345),(342,'company20','610',NULL,'Cristina de Corral',NULL,'cdecorral@iberiacards.com',NULL,'yes',NULL,NULL,NULL,'Europe/Madrid',NULL,NULL,NULL,NULL,NULL,NULL,NULL,NULL,NULL,NULL,NULL,NULL,NULL,NULL,NULL,NULL,NULL,NULL,NULL,NULL,NULL,346),(343,'company20','611',NULL,'Jairo Rodríguez',NULL,'jrodriguez@iberiacards.com',NULL,'yes',NULL,NULL,NULL,'Europe/Madrid',NULL,NULL,NULL,NULL,NULL,NULL,NULL,NULL,NULL,NULL,NULL,NULL,NULL,NULL,NULL,NULL,NULL,NULL,NULL,NULL,NULL,347),(344,'company20','613',NULL,'Lara Beatríz Fernández',NULL,'lbfernandez@iberiacards.com',NULL,'yes',NULL,NULL,NULL,'Europe/Madrid',NULL,NULL,NULL,NULL,NULL,NULL,NULL,NULL,NULL,NULL,NULL,NULL,NULL,NULL,NULL,NULL,NULL,NULL,NULL,NULL,NULL,348),(345,'company20','614',NULL,'Sonia Sánchez',NULL,'ssanchez@iberiacards.com',NULL,'yes',NULL,NULL,NULL,'Europe/Madrid',NULL,NULL,NULL,NULL,NULL,NULL,NULL,NULL,NULL,NULL,NULL,NULL,NULL,NULL,NULL,NULL,NULL,NULL,NULL,NULL,NULL,349),(346,'company20','627',NULL,'Javier Martínez',NULL,'jmartinez@iberiacards.com',NULL,'yes',NULL,NULL,NULL,'Europe/Madrid',NULL,NULL,NULL,NULL,NULL,NULL,NULL,NULL,NULL,NULL,NULL,NULL,NULL,NULL,NULL,NULL,NULL,NULL,NULL,NULL,NULL,350),(347,'company20','615',NULL,'Mercedes López',NULL,'mlopez@iberiacards.com',NULL,'yes',NULL,NULL,NULL,'Europe/Madrid',NULL,NULL,NULL,NULL,NULL,NULL,NULL,NULL,NULL,NULL,NULL,NULL,NULL,NULL,NULL,NULL,NULL,NULL,NULL,NULL,NULL,351),(348,'company20','616',NULL,'Luis Urquía',NULL,'lurquia@iberiacards.com',NULL,'yes',NULL,NULL,NULL,'Europe/Madrid',NULL,NULL,NULL,NULL,NULL,NULL,NULL,NULL,NULL,NULL,NULL,NULL,NULL,NULL,NULL,NULL,NULL,NULL,NULL,NULL,NULL,352),(349,'company20','617',NULL,'M.Angeles Crespo',NULL,'macrespo@iberiacards.com',NULL,'yes',NULL,NULL,NULL,'Europe/Madrid',NULL,NULL,NULL,NULL,NULL,NULL,NULL,NULL,NULL,NULL,NULL,NULL,NULL,NULL,NULL,NULL,NULL,NULL,NULL,NULL,NULL,353),(350,'company20','618',NULL,'Jesús Vozmediano',NULL,'jvozmediano@iberiacards.com',NULL,'yes',NULL,NULL,NULL,'Europe/Madrid',NULL,NULL,NULL,NULL,NULL,NULL,NULL,NULL,NULL,NULL,NULL,NULL,NULL,NULL,NULL,NULL,NULL,NULL,NULL,NULL,NULL,354),(351,'company20','619',NULL,'Pedro del Amo',NULL,'pamo@iberiacards.com',NULL,'yes',NULL,NULL,NULL,'Europe/Madrid',NULL,NULL,NULL,NULL,NULL,NULL,NULL,NULL,NULL,NULL,NULL,NULL,NULL,NULL,NULL,NULL,NULL,NULL,NULL,NULL,NULL,355),(352,'company20','620',NULL,'Begoña Ortega',NULL,'bortega@iberiacards.com',NULL,'yes',NULL,NULL,NULL,'Europe/Madrid',NULL,NULL,NULL,NULL,NULL,NULL,NULL,NULL,NULL,NULL,NULL,NULL,NULL,NULL,NULL,NULL,NULL,NULL,NULL,NULL,NULL,356),(353,'company20','621',NULL,'Diego Moreno',NULL,'dmoreno@iberiacards.com',NULL,'yes',NULL,NULL,NULL,'Europe/Madrid',NULL,NULL,NULL,NULL,NULL,NULL,NULL,NULL,NULL,NULL,NULL,NULL,NULL,NULL,NULL,NULL,NULL,NULL,NULL,NULL,NULL,357),(354,'company20','622',NULL,'Alejandra Chinchilla',NULL,'achinchilla@iberiacards.com',NULL,'yes',NULL,NULL,NULL,'Europe/Madrid',NULL,NULL,NULL,NULL,NULL,NULL,NULL,NULL,NULL,NULL,NULL,NULL,NULL,NULL,NULL,NULL,NULL,NULL,NULL,NULL,NULL,358),(355,'company20','623',NULL,'Montse Blazquez',NULL,'mblazquez@iberiacards.com',NULL,'yes',NULL,NULL,NULL,'Europe/Madrid',NULL,NULL,NULL,NULL,NULL,NULL,NULL,NULL,NULL,NULL,NULL,NULL,NULL,NULL,NULL,NULL,NULL,NULL,NULL,NULL,NULL,359),(356,'company20','624',NULL,'Almudena González',NULL,'agonzalez@iberiacards.com',NULL,'yes',NULL,NULL,NULL,'Europe/Madrid',NULL,NULL,NULL,NULL,NULL,NULL,NULL,NULL,NULL,NULL,NULL,NULL,NULL,NULL,NULL,NULL,NULL,NULL,NULL,NULL,NULL,360),(357,'company20','625',NULL,'Marta Fernández-Ávila',NULL,'mfavila@iberiacards.com',NULL,'yes',NULL,NULL,NULL,'Europe/Madrid',NULL,NULL,NULL,NULL,NULL,NULL,NULL,NULL,NULL,NULL,NULL,NULL,NULL,NULL,NULL,NULL,NULL,NULL,NULL,NULL,NULL,361),(358,'company20','635',NULL,'Verónica Valdivia',NULL,'vvaldivia@iberiacards.com',NULL,'yes',NULL,NULL,NULL,'Europe/Madrid',NULL,NULL,NULL,NULL,NULL,NULL,NULL,NULL,NULL,NULL,NULL,NULL,NULL,NULL,NULL,NULL,NULL,NULL,NULL,NULL,NULL,362),(359,'company20','626',NULL,'Lydia Cereceda',NULL,'lcereceda',NULL,'yes',NULL,NULL,NULL,'Europe/Madrid',NULL,NULL,NULL,NULL,NULL,NULL,NULL,NULL,NULL,NULL,NULL,NULL,NULL,NULL,NULL,NULL,NULL,NULL,NULL,NULL,NULL,363),(360,'company20','628',NULL,'Sala Consejo',NULL,NULL,NULL,'yes',NULL,NULL,NULL,'Europe/Madrid',NULL,NULL,NULL,NULL,NULL,NULL,NULL,NULL,NULL,NULL,NULL,NULL,NULL,NULL,NULL,NULL,NULL,NULL,NULL,NULL,NULL,364),(361,'company19','201',NULL,'Usuario 2',NULL,NULL,NULL,'yes',NULL,NULL,NULL,'Europe/Madrid',NULL,NULL,NULL,NULL,NULL,NULL,NULL,NULL,NULL,NULL,NULL,NULL,NULL,NULL,NULL,NULL,NULL,NULL,NULL,NULL,NULL,365),(362,'company8','624',NULL,'Jordi Nieto',NULL,'jordinieto@altamarcapital.com',NULL,'yes',NULL,NULL,NULL,'Europe/Madrid',NULL,NULL,NULL,NULL,NULL,NULL,NULL,NULL,NULL,NULL,NULL,NULL,NULL,NULL,NULL,NULL,NULL,NULL,NULL,NULL,NULL,366),(363,'company8','',NULL,'Álvaro Ortiz-Echagüe',NULL,'aortiz@altancapital.com',NULL,'yes',NULL,NULL,NULL,'Europe/Madrid',NULL,NULL,NULL,NULL,NULL,NULL,NULL,NULL,NULL,NULL,NULL,NULL,NULL,NULL,NULL,NULL,NULL,NULL,NULL,NULL,NULL,367),(364,'company8','726',NULL,'Laura Setién',NULL,'lsetien@altamarcapital.com',NULL,'yes',NULL,NULL,NULL,'Europe/Madrid',NULL,NULL,NULL,NULL,NULL,NULL,NULL,NULL,NULL,NULL,NULL,NULL,NULL,NULL,NULL,NULL,NULL,NULL,NULL,NULL,NULL,368),(365,'company8','600',NULL,'Ana González',NULL,'anagonzalez@altamarcapital.com',NULL,'yes',NULL,NULL,NULL,'Europe/Madrid',NULL,NULL,NULL,NULL,NULL,NULL,NULL,NULL,NULL,NULL,NULL,NULL,NULL,NULL,NULL,NULL,NULL,NULL,NULL,NULL,NULL,370),(366,'company10','300',NULL,'Pruebas 1',NULL,NULL,NULL,'yes',NULL,NULL,NULL,'Europe/Madrid',NULL,NULL,NULL,NULL,NULL,NULL,NULL,NULL,NULL,NULL,NULL,NULL,NULL,NULL,NULL,NULL,NULL,NULL,NULL,NULL,NULL,371),(367,'company10','301',NULL,'Pruebas 2',NULL,NULL,NULL,'yes',NULL,NULL,NULL,'Europe/Madrid',NULL,NULL,NULL,NULL,NULL,NULL,NULL,NULL,NULL,NULL,NULL,NULL,NULL,NULL,NULL,NULL,NULL,NULL,NULL,NULL,NULL,372),(369,'company8','733',NULL,'Beatriz SanJuan',NULL,'bsanjuan@altamarcapital.com',NULL,'yes',NULL,NULL,NULL,'Europe/Madrid',NULL,NULL,NULL,NULL,NULL,NULL,NULL,NULL,NULL,NULL,NULL,NULL,NULL,NULL,NULL,NULL,NULL,NULL,NULL,NULL,NULL,374);
/*!40000 ALTER TABLE `ast_voicemail` ENABLE KEYS */;
UNLOCK TABLES;

--
-- Table structure for table `changelog`
--

DROP TABLE IF EXISTS `changelog`;
/*!40101 SET @saved_cs_client     = @@character_set_client */;
/*!40101 SET character_set_client = utf8 */;
CREATE TABLE `changelog` (
  `change_number` bigint(20) NOT NULL,
  `delta_set` varchar(10) NOT NULL,
  `start_dt` timestamp NOT NULL DEFAULT CURRENT_TIMESTAMP ON UPDATE CURRENT_TIMESTAMP,
  `complete_dt` timestamp NULL DEFAULT NULL,
  `applied_by` varchar(100) NOT NULL,
  `description` varchar(500) NOT NULL,
  PRIMARY KEY (`change_number`,`delta_set`)
) ENGINE=InnoDB DEFAULT CHARSET=latin1 COMMENT='[ignore]';
/*!40101 SET character_set_client = @saved_cs_client */;

--
-- Dumping data for table `changelog`
--

LOCK TABLES `changelog` WRITE;
/*!40000 ALTER TABLE `changelog` DISABLE KEYS */;
INSERT INTO `changelog` VALUES (1,'Main','2016-05-17 10:38:29','2016-05-17 10:38:29','dbdeploy','001-oasis.sql'),(2,'Main','2016-11-23 12:43:59','2016-11-23 12:43:59','dbdeploy','002-lcr-rules-key.sql'),(3,'Main','2016-11-23 13:15:31','2016-11-23 13:15:31','dbdeploy','003-e164-detection.sql'),(4,'Main','2016-11-24 18:25:01','2016-11-24 18:25:01','dbdeploy','004-extension-route-number.sql'),(5,'Main','2016-11-24 18:25:01','2016-11-24 18:25:01','dbdeploy','005-chile-calling-format.sql'),(6,'Main','2016-11-28 16:05:01','2016-11-28 16:05:01','dbdeploy','006-users-defaults.sql'),(7,'Main','2016-11-28 16:05:01','2016-11-28 16:05:01','dbdeploy','007-hints-user-extensions.sql'),(8,'Main','2016-11-29 16:38:21','2016-11-29 16:38:21','dbdeploy','008-huntgroup-noanswer-handler.sql'),(9,'Main','2016-11-29 16:38:21','2016-11-29 16:38:21','dbdeploy','009-sane-defaults.sql'),(10,'Main','2016-11-29 16:38:21','2016-11-29 16:38:21','dbdeploy','010-call-fw-unique.sql'),(11,'Main','2016-11-29 16:38:21','2016-11-29 16:38:21','dbdeploy','011-kam_users_location-models.sql'),(12,'Main','2016-12-01 18:44:10','2016-12-01 18:44:10','dbdeploy','012-friends-table.sql'),(13,'Main','2016-12-12 17:58:15','2016-12-12 17:58:15','dbdeploy','013-endpoints-default-context.sql'),(14,'Main','2016-12-29 18:24:59','2016-12-29 18:24:59','dbdeploy','014-username-is-email.sql'),(15,'Main','2016-12-29 18:24:59','2016-12-29 18:24:59','dbdeploy','015-multiddi-support.sql'),(16,'Main','2016-12-29 18:24:59','2016-12-29 18:24:59','dbdeploy','016-merge-terminals-n-friends.sql'),(17,'Main','2017-01-02 16:32:24','2017-01-02 16:32:24','dbdeploy','017-company-admin-unique.sql'),(18,'Main','2017-01-02 16:32:24','2017-01-02 16:32:24','dbdeploy','018-user-email-unique.sql'),(19,'Main','2017-02-02 19:04:50','2017-02-02 19:04:50','dbdeploy','019-optimize-index.sql'),(20,'Main','2017-02-02 19:04:51','2017-02-02 19:04:51','dbdeploy','020-parsed-cdrs.sql'),(21,'Main','2017-02-21 18:56:25','2017-02-21 18:56:25','dbdeploy','021-external-rater-extra-opts.sql'),(22,'Main','2017-02-21 18:56:25','2017-02-21 18:56:25','dbdeploy','022-from_domain-astpsendpoints.sql'),(23,'Main','2017-03-15 18:45:11','2017-03-15 18:45:11','dbdeploy','023-ddi-screen-name.sql'),(25,'Main','2017-03-15 18:45:11','2017-03-15 18:45:11','dbdeploy','025-ivr-max-digits.sql'),(26,'Main','2017-03-15 18:45:11','2017-03-15 18:45:11','dbdeploy','026-ivr-entry-regexp.sql'),(27,'Main','2017-03-15 18:45:12','2017-03-15 18:45:12','dbdeploy','027-mail-from-Brands.sql'),(28,'Main','2017-03-15 18:45:12','2017-03-15 18:45:12','dbdeploy','028-disable-voicemail-password.sql'),(29,'Main','2017-03-15 18:45:12','2017-03-15 18:45:12','dbdeploy','029-services-same-code.sql'),(30,'Main','2017-03-15 18:45:12','2017-03-15 18:45:12','dbdeploy','030-add-language-ddi.sql'),(31,'Main','2017-03-15 18:45:12','2017-03-15 18:45:12','dbdeploy','031-add-language-friends.sql'),(32,'Main','2017-03-15 18:45:12','2017-03-15 18:45:12','dbdeploy','032-language-users-null.sql'),(33,'Main','2017-06-12 18:01:15','2017-06-12 18:01:15','dbdeploy','033-recordings-disk-limit.sql'),(34,'Main','2017-06-12 18:01:15','2017-06-12 18:01:15','dbdeploy','034-basic-queue-support.sql'),(35,'Main','2017-06-12 18:01:15','2017-06-12 18:01:15','dbdeploy','035-features-by-brand.sql'),(36,'Main','2017-06-12 18:01:15','2017-06-12 18:01:15','dbdeploy','036-friend-use-reinvite.sql'),(37,'Main','2017-06-12 18:01:15','2017-06-12 18:01:15','dbdeploy','037-pricing-plan-rel-company-required-fields.sql'),(38,'Main','2017-06-12 18:01:15','2017-06-12 18:01:15','dbdeploy','038-voice-error-notifications.sql'),(39,'Main','2017-06-12 18:01:15','2017-06-12 18:01:15','dbdeploy','039-duid-not-used.sql'),(40,'Main','2017-06-12 18:01:16','2017-06-12 18:01:16','dbdeploy','040-kamailio-version.sql'),(41,'Main','2017-06-12 18:03:07','2017-06-12 18:03:07','dbdeploy','041-general-review.sql'),(42,'Main','2017-06-12 18:03:08','2017-06-12 18:03:08','dbdeploy','042-add-description-fixedCosts.sql'),(43,'Main','2017-06-12 18:03:09','2017-06-12 18:03:09','dbdeploy','043-company-outgoing-ddi.sql'),(44,'Main','2017-06-12 18:03:09','2017-06-12 18:03:09','dbdeploy','044-disable-lcr-strip-n-prefix.sql'),(45,'Main','2017-06-12 18:03:09','2017-06-12 18:03:09','dbdeploy','045-callwaiting-to-maxcalls.sql'),(46,'Main','2017-06-12 18:03:11','2017-06-12 18:03:11','dbdeploy','046-operators-required-fields.sql'),(47,'Main','2017-06-12 18:03:11','2017-06-12 18:03:11','dbdeploy','047-users-drop-username.sql'),(48,'Main','2017-06-12 18:03:11','2017-06-12 18:03:11','dbdeploy','048-ip-lengths.sql'),(49,'Main','2017-06-12 18:03:11','2017-06-12 18:03:11','dbdeploy','049-peerserver-name.sql'),(50,'Main','2017-06-12 18:03:13','2017-06-12 18:03:13','dbdeploy','050-add-presence-modules.sql'),(51,'Main','2017-06-12 18:03:13','2017-06-12 18:03:13','dbdeploy','051-fix-missing-delta-041.sql'),(52,'Main','2017-06-29 18:17:35','2017-06-29 18:17:35','dbdeploy','052-terminals-video-support.sql'),(53,'Main','2017-06-29 18:17:36','2017-06-29 18:17:36','dbdeploy','053-active-operators.sql'),(54,'Main','2017-06-29 18:17:36','2017-06-29 18:17:36','dbdeploy','054-retail-customers.sql'),(55,'Main','2017-07-03 09:47:07','2017-06-29 18:17:36','dbdeploy','055-record-locution-service.sql'),(56,'Main','2017-06-29 18:27:11','2017-06-29 18:27:11','dbdeploy','056-delete-stats-on-delete.sql'),(57,'Main','2017-06-29 18:27:11','2017-06-29 18:27:11','dbdeploy','057-fix-notify-uri.sql'),(58,'Main','2017-06-29 18:27:12','2017-06-29 18:27:12','dbdeploy','058-Invoice-templates-footer-and-header.sql'),(59,'Main','2017-06-29 18:27:12','2017-06-29 18:27:12','dbdeploy','059-simplify-kam_users-view.sql'),(60,'Main','2017-06-29 18:27:13','2017-06-29 18:27:13','dbdeploy','060-skip-ip-check-roadwarriors.sql'),(61,'Main','2017-06-29 18:27:13','2017-06-29 18:27:13','dbdeploy','061-fix-recordings-storage-path.sql'),(62,'Main','2017-06-29 18:27:13','2017-06-29 18:27:13','dbdeploy','062-Increase-companies-externallyExtraOpts.sql'),(63,'Main','2017-08-07 17:37:09','2017-08-07 17:37:09','dbdeploy','063-Specific-provision-route-fix.sql'),(64,'Main','2017-08-07 17:37:10','2017-08-07 17:37:10','dbdeploy','064-external-whiteblack-lists.sql'),(65,'Main','2017-08-07 17:37:10','2017-08-07 17:37:10','dbdeploy','065-outgoing-ddi-rules.sql'),(66,'Main','2017-08-07 17:37:10','2017-08-07 17:37:10','dbdeploy','066-users-add-gsQRCode.sql'),(67,'Main','2017-08-07 17:37:10','2017-08-07 17:37:10','dbdeploy','067-voicemail-locution.sql'),(68,'Main','2017-09-24 20:56:26','2017-09-24 20:56:26','dbdeploy','068-asterisk-subscribecontext.sql'),(69,'Main','2017-09-24 20:56:27','2017-09-24 20:56:27','dbdeploy','069-conditional-routes.sql'),(70,'Main','2017-09-24 20:56:27','2017-09-24 20:56:27','dbdeploy','070-asterisk-named-pickup.sql'),(71,'Main','2017-10-10 08:50:08','2017-10-10 08:50:08','dbdeploy','071-retailaccounts-name-constraint.sql'),(72,'Main','2017-10-10 08:50:08','2017-10-10 08:50:08','dbdeploy','072-domain-length-fix.sql'),(73,'Main','2017-10-10 08:50:08','2017-10-10 08:50:08','dbdeploy','073-ast_queues-id-primary-key.sql');
/*!40000 ALTER TABLE `changelog` ENABLE KEYS */;
UNLOCK TABLES;

--
-- Table structure for table `kam_acc_cdrs`
--

DROP TABLE IF EXISTS `kam_acc_cdrs`;
/*!40101 SET @saved_cs_client     = @@character_set_client */;
/*!40101 SET character_set_client = utf8 */;
CREATE TABLE `kam_acc_cdrs` (
  `id` int(10) unsigned NOT NULL AUTO_INCREMENT,
  `proxy` varchar(64) DEFAULT NULL,
  `start_time_utc` timestamp NOT NULL DEFAULT '2000-01-01 00:00:00',
  `end_time_utc` timestamp NOT NULL DEFAULT CURRENT_TIMESTAMP,
  `start_time` datetime NOT NULL DEFAULT '2000-01-01 00:00:00',
  `end_time` datetime NOT NULL DEFAULT '2000-01-01 00:00:00',
  `duration` float(10,3) NOT NULL DEFAULT '0.000',
  `caller` varchar(128) DEFAULT NULL,
  `callee` varchar(128) DEFAULT NULL,
  `referee` varchar(128) DEFAULT NULL,
  `referrer` varchar(128) DEFAULT NULL,
  `companyId` int(10) unsigned DEFAULT NULL,
  `brandId` int(10) unsigned DEFAULT NULL,
  `asIden` varchar(64) DEFAULT NULL,
  `asAddress` varchar(64) DEFAULT NULL,
  `callid` varchar(255) DEFAULT NULL,
  `callidHash` varchar(128) DEFAULT NULL,
  `xcallid` varchar(255) DEFAULT NULL,
  `parsed` enum('yes','no','error') DEFAULT 'no',
  `diversion` varchar(64) DEFAULT NULL,
  `peeringContractId` varchar(64) DEFAULT NULL,
  `bounced` enum('yes','no') NOT NULL DEFAULT 'no',
  `externallyRated` tinyint(1) DEFAULT NULL,
  `metered` tinyint(1) DEFAULT '0',
  `meteringDate` datetime DEFAULT '0000-00-00 00:00:00',
  `pricingPlanId` int(10) unsigned DEFAULT NULL,
  `pricingPlanName` varchar(55) DEFAULT NULL,
  `targetPatternId` int(10) unsigned DEFAULT NULL,
  `targetPatternName` varchar(55) DEFAULT NULL,
  `price` decimal(10,4) DEFAULT NULL,
  `pricingPlanDetails` text,
  `invoiceId` int(10) unsigned DEFAULT NULL,
  `direction` enum('inbound','outbound') DEFAULT NULL,
  `reMeteringDate` datetime DEFAULT NULL,
  PRIMARY KEY (`id`),
  KEY `start_time_idx` (`start_time`),
  KEY `calldate_idx` (`end_time_utc`),
  KEY `callid_idx` (`callid`),
  KEY `xcallid_idx` (`xcallid`),
  KEY `peeringContractId_idx` (`peeringContractId`),
  KEY `pricingPlanId` (`pricingPlanId`),
  KEY `targetPatternId` (`targetPatternId`),
  KEY `invoiceId` (`invoiceId`),
  KEY `brandId` (`brandId`),
  KEY `companyId` (`companyId`),
  CONSTRAINT `kam_acc_cdrs_ibfk_1` FOREIGN KEY (`pricingPlanId`) REFERENCES `PricingPlans` (`id`) ON DELETE SET NULL ON UPDATE CASCADE,
  CONSTRAINT `kam_acc_cdrs_ibfk_2` FOREIGN KEY (`targetPatternId`) REFERENCES `TargetPatterns` (`id`) ON DELETE SET NULL ON UPDATE CASCADE,
  CONSTRAINT `kam_acc_cdrs_ibfk_3` FOREIGN KEY (`invoiceId`) REFERENCES `Invoices` (`id`) ON DELETE SET NULL ON UPDATE CASCADE,
  CONSTRAINT `kam_acc_cdrs_ibfk_4` FOREIGN KEY (`companyId`) REFERENCES `Companies` (`id`) ON DELETE CASCADE ON UPDATE CASCADE,
  CONSTRAINT `kam_acc_cdrs_ibfk_5` FOREIGN KEY (`brandId`) REFERENCES `Brands` (`id`) ON DELETE CASCADE ON UPDATE CASCADE
) ENGINE=InnoDB AUTO_INCREMENT=382574 DEFAULT CHARSET=utf8 COMMENT='[entity][rest]';
/*!40101 SET character_set_client = @saved_cs_client */;

--
-- Table structure for table `kam_dispatcher`
--

DROP TABLE IF EXISTS `kam_dispatcher`;
/*!40101 SET @saved_cs_client     = @@character_set_client */;
/*!40101 SET character_set_client = utf8 */;
CREATE TABLE `kam_dispatcher` (
  `id` int(10) unsigned NOT NULL AUTO_INCREMENT,
  `setid` int(11) NOT NULL DEFAULT '0',
  `destination` varchar(192) NOT NULL DEFAULT '',
  `flags` int(11) NOT NULL DEFAULT '0',
  `priority` int(11) NOT NULL DEFAULT '0',
  `attrs` varchar(128) NOT NULL DEFAULT '',
  `description` varchar(64) NOT NULL DEFAULT '',
  `applicationServerId` int(10) unsigned NOT NULL,
  PRIMARY KEY (`id`),
  KEY `applicationServerId` (`applicationServerId`),
  CONSTRAINT `kam_dispatcher_ibfk_1` FOREIGN KEY (`applicationServerId`) REFERENCES `ApplicationServers` (`id`) ON DELETE CASCADE
) ENGINE=InnoDB AUTO_INCREMENT=7 DEFAULT CHARSET=utf8 COMMENT='[entity][rest]';
/*!40101 SET character_set_client = @saved_cs_client */;

--
-- Dumping data for table `kam_dispatcher`
--

LOCK TABLES `kam_dispatcher` WRITE;
/*!40000 ALTER TABLE `kam_dispatcher` DISABLE KEYS */;
INSERT INTO `kam_dispatcher` VALUES (1,1,'sip:185.23.37.198:6060',0,0,'','AS001',1),(5,1,'sip:185.23.37.199:6060',0,0,'','AS002',5),(6,1,'sip:185.23.37.200:6060',0,0,'','AS003',6);
/*!40000 ALTER TABLE `kam_dispatcher` ENABLE KEYS */;
UNLOCK TABLES;

--
-- Table structure for table `kam_pike_trusted`
--

DROP TABLE IF EXISTS `kam_pike_trusted`;
/*!40101 SET @saved_cs_client     = @@character_set_client */;
/*!40101 SET character_set_client = utf8 */;
CREATE TABLE `kam_pike_trusted` (
  `id` int(10) unsigned NOT NULL AUTO_INCREMENT,
  `src_ip` varchar(50) DEFAULT NULL,
  `proto` varchar(4) DEFAULT NULL,
  `from_pattern` varchar(64) DEFAULT NULL,
  `ruri_pattern` varchar(64) DEFAULT NULL,
  `tag` varchar(64) DEFAULT NULL,
  `priority` int(10) NOT NULL DEFAULT '0',
  PRIMARY KEY (`id`)
) ENGINE=InnoDB AUTO_INCREMENT=5 DEFAULT CHARSET=utf8 COMMENT='[entity][rest]';
/*!40101 SET character_set_client = @saved_cs_client */;

--
-- Dumping data for table `kam_pike_trusted`
--

LOCK TABLES `kam_pike_trusted` WRITE;
/*!40000 ALTER TABLE `kam_pike_trusted` DISABLE KEYS */;
INSERT INTO `kam_pike_trusted` VALUES (1,'185.23.36.14','any',NULL,NULL,'CLIENTES4G',0),(2,'185.23.36.251','any',NULL,NULL,'Altamar HQ',0),(3,'212.81.221.228','any',NULL,NULL,'IronHQ',0),(4,'212.81.221.227','any',NULL,NULL,'IronHQ2',0);
/*!40000 ALTER TABLE `kam_pike_trusted` ENABLE KEYS */;
UNLOCK TABLES;

--
-- Table structure for table `kam_rtpproxy`
--

DROP TABLE IF EXISTS `kam_rtpproxy`;
/*!40101 SET @saved_cs_client     = @@character_set_client */;
/*!40101 SET character_set_client = utf8 */;
CREATE TABLE `kam_rtpproxy` (
  `id` int(10) unsigned NOT NULL AUTO_INCREMENT,
  `setid` varchar(32) NOT NULL DEFAULT '0',
  `url` varchar(128) NOT NULL,
  `flags` int(10) unsigned NOT NULL DEFAULT '0',
  `weight` int(10) unsigned NOT NULL DEFAULT '1',
  `description` varchar(200) DEFAULT NULL,
  `mediaRelaySetsId` int(10) unsigned DEFAULT NULL,
  PRIMARY KEY (`id`),
  KEY `mediaRelaySetsId` (`mediaRelaySetsId`),
  CONSTRAINT `kam_rtpproxy_ibfk_1` FOREIGN KEY (`mediaRelaySetsId`) REFERENCES `MediaRelaySets` (`id`) ON DELETE CASCADE ON UPDATE CASCADE
) ENGINE=InnoDB AUTO_INCREMENT=8 DEFAULT CHARSET=utf8 COMMENT='[entity][rest]';
/*!40101 SET character_set_client = @saved_cs_client */;

--
-- Dumping data for table `kam_rtpproxy`
--

LOCK TABLES `kam_rtpproxy` WRITE;
/*!40000 ALTER TABLE `kam_rtpproxy` DISABLE KEYS */;
INSERT INTO `kam_rtpproxy` VALUES (2,'0','udp:185.23.37.202:22222',0,1,'tedra-proxy02',0),(3,'0','udp:185.23.37.203:22222',0,1,'tedra-proxy03',0),(4,'1','udp:185.23.37.201:22222',0,1,'Solo proxy001',1),(5,'0','udp:185.23.37.201:22222',0,1,'tedra-proxy01',0),(6,'2','udp:185.23.37.202:22222',0,1,'',2),(7,'3','udp:185.23.37.203:22222',0,1,'',3);
/*!40000 ALTER TABLE `kam_rtpproxy` ENABLE KEYS */;
UNLOCK TABLES;

--
-- Table structure for table `kam_trunks_acc`
--

DROP TABLE IF EXISTS `kam_trunks_acc`;
/*!40101 SET @saved_cs_client     = @@character_set_client */;
/*!40101 SET character_set_client = utf8 */;
CREATE TABLE `kam_trunks_acc` (
  `id` int(10) unsigned NOT NULL AUTO_INCREMENT,
  `method` varchar(16) NOT NULL DEFAULT '',
  `from_tag` varchar(64) NOT NULL DEFAULT '',
  `to_tag` varchar(64) NOT NULL DEFAULT '',
  `callid` varchar(255) NOT NULL DEFAULT '',
  `sip_code` varchar(3) NOT NULL DEFAULT '',
  `sip_reason` varchar(128) NOT NULL DEFAULT '',
  `src_ip` varchar(64) DEFAULT NULL,
  `from_user` varchar(64) DEFAULT NULL,
  `from_domain` varchar(64) DEFAULT NULL,
  `ruri_user` varchar(64) DEFAULT NULL,
  `ruri_domain` varchar(64) DEFAULT NULL,
  `cseq` int(10) unsigned DEFAULT NULL,
  `localtime` datetime NOT NULL,
  `utctime` varchar(128) DEFAULT NULL,
  PRIMARY KEY (`id`),
  KEY `callid_idx` (`callid`)
) ENGINE=InnoDB AUTO_INCREMENT=694100 DEFAULT CHARSET=utf8 COMMENT='[ignore]';
/*!40101 SET character_set_client = @saved_cs_client */;

--
-- Dumping data for table `kam_trunks_acc`
--

LOCK TABLES `kam_trunks_acc` WRITE;
/*!40000 ALTER TABLE `kam_trunks_acc` DISABLE KEYS */;
/*!40000 ALTER TABLE `kam_trunks_acc` ENABLE KEYS */;
UNLOCK TABLES;

--
-- Table structure for table `kam_trunks_acc_cdrs`
--

DROP TABLE IF EXISTS `kam_trunks_acc_cdrs`;
/*!40101 SET @saved_cs_client     = @@character_set_client */;
/*!40101 SET character_set_client = utf8 */;
CREATE TABLE `kam_trunks_acc_cdrs` (
  `id` int(10) unsigned NOT NULL AUTO_INCREMENT,
  `calldate` timestamp NOT NULL DEFAULT CURRENT_TIMESTAMP,
  `start_time` datetime NOT NULL DEFAULT '2000-01-01 00:00:00',
  `end_time` datetime NOT NULL DEFAULT '2000-01-01 00:00:00',
  `duration` float(10,3) NOT NULL DEFAULT '0.000',
  `caller` varchar(128) DEFAULT NULL,
  `callee` varchar(128) DEFAULT NULL,
  `type` varchar(64) DEFAULT NULL,
  `subtype` varchar(64) DEFAULT NULL,
  `companyId` varchar(64) DEFAULT NULL,
  `companyName` varchar(64) DEFAULT NULL,
  `asIden` varchar(64) DEFAULT NULL,
  `asAddress` varchar(64) DEFAULT NULL,
  `callid` varchar(128) DEFAULT NULL,
  `xcallid` varchar(128) DEFAULT NULL,
  `parsed` enum('yes','no','error') DEFAULT 'no',
  `diversion` varchar(64) DEFAULT NULL,
  `peeringContractId` varchar(64) DEFAULT NULL,
  PRIMARY KEY (`id`),
  KEY `start_time_idx` (`start_time`)
) ENGINE=InnoDB DEFAULT CHARSET=utf8 COMMENT='[ignore]';
/*!40101 SET character_set_client = @saved_cs_client */;

--
-- Dumping data for table `kam_trunks_acc_cdrs`
--

LOCK TABLES `kam_trunks_acc_cdrs` WRITE;
/*!40000 ALTER TABLE `kam_trunks_acc_cdrs` DISABLE KEYS */;
/*!40000 ALTER TABLE `kam_trunks_acc_cdrs` ENABLE KEYS */;
UNLOCK TABLES;

--
-- Table structure for table `kam_trunks_address`
--

DROP TABLE IF EXISTS `kam_trunks_address`;
/*!40101 SET @saved_cs_client     = @@character_set_client */;
/*!40101 SET character_set_client = utf8 */;
CREATE TABLE `kam_trunks_address` (
  `id` int(10) unsigned NOT NULL AUTO_INCREMENT,
  `grp` int(11) unsigned NOT NULL DEFAULT '1',
  `ip_addr` varchar(50) DEFAULT NULL,
  `mask` int(10) NOT NULL DEFAULT '32',
  `port` int(5) NOT NULL DEFAULT '0',
  `tag` varchar(64) DEFAULT NULL,
  PRIMARY KEY (`id`),
  UNIQUE KEY `grp` (`grp`)
) ENGINE=InnoDB DEFAULT CHARSET=utf8 COMMENT='[entity][rest]';
/*!40101 SET character_set_client = @saved_cs_client */;

--
-- Dumping data for table `kam_trunks_address`
--

LOCK TABLES `kam_trunks_address` WRITE;
/*!40000 ALTER TABLE `kam_trunks_address` DISABLE KEYS */;
/*!40000 ALTER TABLE `kam_trunks_address` ENABLE KEYS */;
UNLOCK TABLES;

--
-- Table structure for table `kam_trunks_dialplan`
--

DROP TABLE IF EXISTS `kam_trunks_dialplan`;
/*!40101 SET @saved_cs_client     = @@character_set_client */;
/*!40101 SET character_set_client = utf8 */;
CREATE TABLE `kam_trunks_dialplan` (
  `id` int(10) unsigned NOT NULL AUTO_INCREMENT,
  `dpid` int(11) NOT NULL,
  `pr` int(11) NOT NULL,
  `match_op` int(11) NOT NULL,
  `match_exp` varchar(64) NOT NULL,
  `match_len` int(11) NOT NULL,
  `subst_exp` varchar(64) NOT NULL,
  `repl_exp` varchar(64) NOT NULL,
  `attrs` varchar(64) NOT NULL,
  `transformationRulesetGroupsTrunksId` int(10) unsigned NOT NULL,
  PRIMARY KEY (`id`),
  KEY `kam_trunks_dialplan_ibfk_2` (`transformationRulesetGroupsTrunksId`),
  CONSTRAINT `kam_trunks_dialplan_ibfk_2` FOREIGN KEY (`transformationRulesetGroupsTrunksId`) REFERENCES `TransformationRulesetGroupsTrunks` (`id`) ON DELETE CASCADE
) ENGINE=InnoDB AUTO_INCREMENT=49 DEFAULT CHARSET=utf8 COMMENT='[entity][rest]';
/*!40101 SET character_set_client = @saved_cs_client */;

--
-- Dumping data for table `kam_trunks_dialplan`
--

LOCK TABLES `kam_trunks_dialplan` WRITE;
/*!40000 ALTER TABLE `kam_trunks_dialplan` DISABLE KEYS */;
INSERT INTO `kam_trunks_dialplan` VALUES (7,5,1,1,'^([0-9]+)$',0,'^([0-9]+)$','00\\1','Poner 00',2),(26,10,1,1,'^(00|\\+)([0-9]+)$',0,'^(00|\\+)([0-9]+)$','\\2','Quitar + si lo tiene',5),(27,11,1,1,'^(00|\\+)([0-9]+)$',0,'^(00|\\+)([0-9]+)$','\\2','Quitar + si lo hay',5),(29,12,1,1,'^34([0-9]+)$',0,'^34([0-9]+)$','\\1','E.164 to national',6),(30,12,2,1,'^([0-9]+)$',0,'^([0-9]+)$','00\\1','E.164 to international',6),(31,13,1,1,'^34([0-9]+)$',0,'^34([0-9]+)$','\\1','E.164 to national',6),(32,13,2,1,'^([0-9]+)$',0,'^([0-9]+)$','00\\1','E.164 to international',6),(33,14,1,1,'^(00|\\+)([1-9][0-9]+)$',0,'^(00|\\+)([1-9][0-9]+)$','\\2','International to E.164',6),(34,14,2,1,'^([1-9][0-9]{8})$',0,'^([1-9][0-9]{8})$','34\\1','National to E.164',6),(35,15,1,1,'^(00|\\+)([1-9][0-9]+)$',0,'^(00|\\+)([1-9][0-9]+)$','\\2','International to E.164',6),(36,15,2,1,'^([1-9][0-9]{8})$',0,'^([1-9][0-9]{8})$','34\\1','National to E.164',6),(37,16,1,1,'^34([0-9]+)$',0,'^34([0-9]+)$','\\1','E.164 to national',7),(38,16,2,1,'^([0-9]+)$',0,'^([0-9]+)$','00\\1','E.164 to international',7),(39,17,1,1,'^34([0-9]+)$',0,'^34([0-9]+)$','\\1','E.164 to national',7),(40,17,2,1,'^([0-9]+)$',0,'^([0-9]+)$','00\\1','E.164 to international',7),(41,18,1,1,'^(00|\\+)([1-9][0-9]+)$',0,'^(00|\\+)([1-9][0-9]+)$','\\2','International to E.164',7),(42,18,2,1,'^([1-9][0-9]{8})$',0,'^([1-9][0-9]{8})$','34\\1','National to E.164',7),(43,19,1,1,'^(00|\\+)([1-9][0-9]+)$',0,'^(00|\\+)([1-9][0-9]+)$','\\2','International to E.164',7),(44,19,2,1,'^([1-9][0-9]{8})$',0,'^([1-9][0-9]{8})$','34\\1','National to E.164',7),(45,20,1,1,'^([0-9]+)$',0,'^([0-9]+)$','+\\1','Poner +',8),(46,21,1,1,'^([0-9]+)$',0,'^([0-9]+)$','+\\1','Poner +',8),(47,22,1,1,'^\\+([0-9]+)$',0,'^\\+([0-9]+)$','\\1','Quitar +',8),(48,23,1,1,'^\\+([0-9]+)$',0,'^\\+([0-9]+)$','\\1','Quitar +',8);
/*!40000 ALTER TABLE `kam_trunks_dialplan` ENABLE KEYS */;
UNLOCK TABLES;

--
-- Temporary table structure for view `kam_trunks_domain`
--

DROP TABLE IF EXISTS `kam_trunks_domain`;
/*!50001 DROP VIEW IF EXISTS `kam_trunks_domain`*/;
SET @saved_cs_client     = @@character_set_client;
SET character_set_client = utf8;
/*!50001 CREATE TABLE `kam_trunks_domain` (
  `domain` tinyint NOT NULL,
  `did` tinyint NOT NULL
) ENGINE=MyISAM */;
SET character_set_client = @saved_cs_client;

--
-- Table structure for table `kam_trunks_domain_attrs`
--

DROP TABLE IF EXISTS `kam_trunks_domain_attrs`;
/*!40101 SET @saved_cs_client     = @@character_set_client */;
/*!40101 SET character_set_client = utf8 */;
CREATE TABLE `kam_trunks_domain_attrs` (
  `id` int(10) unsigned NOT NULL AUTO_INCREMENT,
  `did` varchar(190) NOT NULL,
  `name` varchar(32) NOT NULL,
  `type` int(10) unsigned NOT NULL,
  `value` varchar(255) NOT NULL,
  `last_modified` datetime NOT NULL DEFAULT '1900-01-01 00:00:01',
  PRIMARY KEY (`id`),
  UNIQUE KEY `domain_attrs_idx` (`did`,`name`,`value`)
) ENGINE=InnoDB DEFAULT CHARSET=utf8 COMMENT='[ignore]';
/*!40101 SET character_set_client = @saved_cs_client */;

--
-- Dumping data for table `kam_trunks_domain_attrs`
--

LOCK TABLES `kam_trunks_domain_attrs` WRITE;
/*!40000 ALTER TABLE `kam_trunks_domain_attrs` DISABLE KEYS */;
/*!40000 ALTER TABLE `kam_trunks_domain_attrs` ENABLE KEYS */;
UNLOCK TABLES;

--
-- Table structure for table `kam_trunks_htable`
--

DROP TABLE IF EXISTS `kam_trunks_htable`;
/*!40101 SET @saved_cs_client     = @@character_set_client */;
/*!40101 SET character_set_client = utf8 */;
CREATE TABLE `kam_trunks_htable` (
  `id` int(10) unsigned NOT NULL AUTO_INCREMENT,
  `key_name` varchar(64) NOT NULL DEFAULT '',
  `key_type` int(11) NOT NULL DEFAULT '0',
  `value_type` int(11) NOT NULL DEFAULT '0',
  `key_value` varchar(128) NOT NULL DEFAULT '',
  `expires` int(11) NOT NULL DEFAULT '0',
  PRIMARY KEY (`id`)
) ENGINE=InnoDB DEFAULT CHARSET=utf8 COMMENT='[ignore]';
/*!40101 SET character_set_client = @saved_cs_client */;

--
-- Dumping data for table `kam_trunks_htable`
--

LOCK TABLES `kam_trunks_htable` WRITE;
/*!40000 ALTER TABLE `kam_trunks_htable` DISABLE KEYS */;
/*!40000 ALTER TABLE `kam_trunks_htable` ENABLE KEYS */;
UNLOCK TABLES;

--
-- Table structure for table `kam_trunks_uacreg`
--

DROP TABLE IF EXISTS `kam_trunks_uacreg`;
/*!40101 SET @saved_cs_client     = @@character_set_client */;
/*!40101 SET character_set_client = utf8 */;
CREATE TABLE `kam_trunks_uacreg` (
  `id` int(10) unsigned NOT NULL AUTO_INCREMENT,
  `l_uuid` varchar(64) NOT NULL DEFAULT '',
  `l_username` varchar(64) NOT NULL DEFAULT 'unused',
  `l_domain` varchar(190) NOT NULL DEFAULT 'unused',
  `r_username` varchar(64) NOT NULL DEFAULT '',
  `r_domain` varchar(190) NOT NULL DEFAULT '',
  `realm` varchar(64) NOT NULL DEFAULT '',
  `auth_username` varchar(64) NOT NULL DEFAULT '',
  `auth_password` varchar(64) NOT NULL DEFAULT '',
  `auth_proxy` varchar(64) NOT NULL DEFAULT '',
  `expires` int(11) NOT NULL DEFAULT '0',
  `flags` int(11) NOT NULL DEFAULT '0',
  `reg_delay` int(11) NOT NULL DEFAULT '0',
  `brandId` int(10) unsigned NOT NULL,
  `peeringContractId` int(10) unsigned NOT NULL,
  `multiDDI` tinyint(1) unsigned NOT NULL DEFAULT '0',
  PRIMARY KEY (`id`),
  UNIQUE KEY `l_uuid_idx` (`l_uuid`),
  KEY `brandId` (`brandId`),
  KEY `peeringContractId` (`peeringContractId`),
  CONSTRAINT `kam_trunks_uacreg_ibfk_1` FOREIGN KEY (`brandId`) REFERENCES `Brands` (`id`) ON DELETE CASCADE,
  CONSTRAINT `kam_trunks_uacreg_ibfk_2` FOREIGN KEY (`peeringContractId`) REFERENCES `PeeringContracts` (`id`) ON DELETE CASCADE
) ENGINE=InnoDB AUTO_INCREMENT=8 DEFAULT CHARSET=utf8 COMMENT='[entity][rest]';
/*!40101 SET character_set_client = @saved_cs_client */;

--
-- Dumping data for table `kam_trunks_uacreg`
--

LOCK TABLES `kam_trunks_uacreg` WRITE;
/*!40000 ALTER TABLE `kam_trunks_uacreg` DISABLE KEYS */;
INSERT INTO `kam_trunks_uacreg` VALUES (1,'1483036102259','unused','unused','26007','sarevoz.com','','26007','_jzNo8gowT','sip:194.30.6.32',3600,0,0,1,1,1),(3,'1483036129435','unused','unused','trk-tedra-2','sip01.duotelecom.es','','trk-tedra-2','jujh87-6tr65gbv','sip:sip01.duotelecom.es',3600,0,0,1,2,1),(5,'1483036154212','unused','unused','26215','sarevoz.com','','26215','45Rl9XJXDx','sip:194.30.6.32',3600,0,0,2,9,1),(6,'946941176','unused','unused','24014','sarevoz.com','','24014','VTQjxDFWq','sip:sarevoz.com',3600,0,0,1,5,0),(7,'1508686728732','unused','unused','23920','sarevoz.com','','23920','TC3um8BZv3','sip:194.30.6.32',3600,0,0,1,15,1);
/*!40000 ALTER TABLE `kam_trunks_uacreg` ENABLE KEYS */;
UNLOCK TABLES;

--
-- Temporary table structure for view `kam_users`
--

DROP TABLE IF EXISTS `kam_users`;
/*!50001 DROP VIEW IF EXISTS `kam_users`*/;
SET @saved_cs_client     = @@character_set_client;
SET character_set_client = utf8;
/*!50001 CREATE TABLE `kam_users` (
  `type` tinyint NOT NULL,
  `name` tinyint NOT NULL,
  `domain` tinyint NOT NULL,
  `password` tinyint NOT NULL,
  `companyId` tinyint NOT NULL
) ENGINE=MyISAM */;
SET character_set_client = @saved_cs_client;

--
-- Table structure for table `kam_users_acc`
--

DROP TABLE IF EXISTS `kam_users_acc`;
/*!40101 SET @saved_cs_client     = @@character_set_client */;
/*!40101 SET character_set_client = utf8 */;
CREATE TABLE `kam_users_acc` (
  `id` int(10) unsigned NOT NULL AUTO_INCREMENT,
  `method` varchar(16) NOT NULL DEFAULT '',
  `from_tag` varchar(64) NOT NULL DEFAULT '',
  `to_tag` varchar(64) NOT NULL DEFAULT '',
  `callid` varchar(255) NOT NULL DEFAULT '',
  `sip_code` varchar(3) NOT NULL DEFAULT '',
  `sip_reason` varchar(128) NOT NULL DEFAULT '',
  `src_ip` varchar(64) DEFAULT NULL,
  `from_user` varchar(64) DEFAULT NULL,
  `from_domain` varchar(190) DEFAULT NULL,
  `ruri_user` varchar(64) DEFAULT NULL,
  `ruri_domain` varchar(190) DEFAULT NULL,
  `cseq` int(10) unsigned DEFAULT NULL,
  `localtime` datetime NOT NULL,
  `utctime` varchar(128) DEFAULT NULL,
  PRIMARY KEY (`id`),
  KEY `callid_idx` (`callid`)
) ENGINE=InnoDB AUTO_INCREMENT=1300801 DEFAULT CHARSET=utf8 COMMENT='[ignore]';
/*!40101 SET character_set_client = @saved_cs_client */;

--
-- Dumping data for table `kam_users_acc`
--

LOCK TABLES `kam_users_acc` WRITE;
/*!40000 ALTER TABLE `kam_users_acc` DISABLE KEYS */;
/*!40000 ALTER TABLE `kam_users_acc` ENABLE KEYS */;
UNLOCK TABLES;

--
-- Table structure for table `kam_users_acc_cdrs`
--

DROP TABLE IF EXISTS `kam_users_acc_cdrs`;
/*!40101 SET @saved_cs_client     = @@character_set_client */;
/*!40101 SET character_set_client = utf8 */;
CREATE TABLE `kam_users_acc_cdrs` (
  `id` int(10) unsigned NOT NULL AUTO_INCREMENT,
  `calldate` timestamp NOT NULL DEFAULT CURRENT_TIMESTAMP,
  `start_time` datetime NOT NULL DEFAULT '2000-01-01 00:00:00',
  `end_time` datetime NOT NULL DEFAULT '2000-01-01 00:00:00',
  `duration` float(10,3) NOT NULL DEFAULT '0.000',
  `caller` varchar(128) DEFAULT NULL,
  `callee` varchar(128) DEFAULT NULL,
  `type` varchar(64) DEFAULT NULL,
  `subtype` varchar(64) DEFAULT NULL,
  `companyId` varchar(64) DEFAULT NULL,
  `companyName` varchar(64) DEFAULT NULL,
  `asIden` varchar(64) DEFAULT NULL,
  `asAddress` varchar(64) DEFAULT NULL,
  `callid` varchar(128) DEFAULT NULL,
  `xcallid` varchar(128) DEFAULT NULL,
  `parsed` enum('yes','no','error') DEFAULT 'no',
  `diversion` varchar(64) DEFAULT NULL,
  `peeringContractId` varchar(64) DEFAULT NULL,
  PRIMARY KEY (`id`),
  KEY `start_time_idx` (`start_time`)
) ENGINE=InnoDB DEFAULT CHARSET=utf8 COMMENT='[ignore]';
/*!40101 SET character_set_client = @saved_cs_client */;

--
-- Dumping data for table `kam_users_acc_cdrs`
--

LOCK TABLES `kam_users_acc_cdrs` WRITE;
/*!40000 ALTER TABLE `kam_users_acc_cdrs` DISABLE KEYS */;
/*!40000 ALTER TABLE `kam_users_acc_cdrs` ENABLE KEYS */;
UNLOCK TABLES;

--
-- Table structure for table `kam_users_active_watchers`
--

DROP TABLE IF EXISTS `kam_users_active_watchers`;
/*!40101 SET @saved_cs_client     = @@character_set_client */;
/*!40101 SET character_set_client = utf8 */;
CREATE TABLE `kam_users_active_watchers` (
  `id` int(10) unsigned NOT NULL AUTO_INCREMENT,
  `presentity_uri` varchar(128) NOT NULL,
  `watcher_username` varchar(64) NOT NULL,
  `watcher_domain` varchar(64) NOT NULL,
  `to_user` varchar(64) NOT NULL,
  `to_domain` varchar(190) NOT NULL,
  `event` varchar(64) NOT NULL DEFAULT 'presence',
  `event_id` varchar(64) DEFAULT NULL,
  `to_tag` varchar(64) NOT NULL,
  `from_tag` varchar(64) NOT NULL,
  `callid` varchar(255) NOT NULL,
  `local_cseq` int(11) NOT NULL,
  `remote_cseq` int(11) NOT NULL,
  `contact` varchar(128) NOT NULL,
  `record_route` text,
  `expires` int(11) NOT NULL,
  `status` int(11) NOT NULL DEFAULT '2',
  `reason` varchar(64) NOT NULL,
  `version` int(11) NOT NULL DEFAULT '0',
  `socket_info` varchar(64) NOT NULL,
  `local_contact` varchar(128) NOT NULL,
  `from_user` varchar(64) NOT NULL,
  `from_domain` varchar(190) NOT NULL,
  `updated` int(11) NOT NULL,
  `updated_winfo` int(11) NOT NULL,
  `flags` int(11) NOT NULL DEFAULT '0',
  `user_agent` varchar(255) NOT NULL DEFAULT '',
  PRIMARY KEY (`id`),
  UNIQUE KEY `kam_users_active_watchers_idx` (`callid`,`to_tag`,`from_tag`),
  KEY `kam_users_active_watchers_expires` (`expires`),
  KEY `kam_users_active_watchers_pres` (`presentity_uri`,`event`),
  KEY `updated_idx` (`updated`),
  KEY `updated_winfo_idx` (`updated_winfo`,`presentity_uri`)
) ENGINE=InnoDB AUTO_INCREMENT=8368 DEFAULT CHARSET=utf8 COMMENT='[ignore]';
/*!40101 SET character_set_client = @saved_cs_client */;

--
-- Dumping data for table `kam_users_active_watchers`
--

LOCK TABLES `kam_users_active_watchers` WRITE;
/*!40000 ALTER TABLE `kam_users_active_watchers` DISABLE KEYS */;
/*!40000 ALTER TABLE `kam_users_active_watchers` ENABLE KEYS */;
UNLOCK TABLES;

--
-- Table structure for table `kam_users_address`
--

DROP TABLE IF EXISTS `kam_users_address`;
/*!40101 SET @saved_cs_client     = @@character_set_client */;
/*!40101 SET character_set_client = utf8 */;
CREATE TABLE `kam_users_address` (
  `id` int(10) unsigned NOT NULL AUTO_INCREMENT,
  `companyId` int(10) unsigned NOT NULL,
  `source_address` varchar(100) NOT NULL,
  `ip_addr` varchar(50) DEFAULT NULL,
  `mask` int(10) NOT NULL DEFAULT '32',
  `port` int(5) NOT NULL DEFAULT '0',
  `tag` varchar(64) DEFAULT NULL,
  `description` varchar(200) DEFAULT NULL,
  PRIMARY KEY (`id`),
  KEY `companyId` (`companyId`),
  CONSTRAINT `kam_users_address_ibfk_1` FOREIGN KEY (`companyId`) REFERENCES `Companies` (`id`) ON DELETE CASCADE ON UPDATE CASCADE
) ENGINE=InnoDB AUTO_INCREMENT=28 DEFAULT CHARSET=utf8 COMMENT='[entity][rest]';
/*!40101 SET character_set_client = @saved_cs_client */;

--
-- Dumping data for table `kam_users_address`
--

LOCK TABLES `kam_users_address` WRITE;
/*!40000 ALTER TABLE `kam_users_address` DISABLE KEYS */;
INSERT INTO `kam_users_address` VALUES (3,3,'62.99.78.6','62.99.78.6',32,0,NULL,'Irontec HQ'),(6,7,'185.23.37.146','185.23.37.146',32,0,NULL,'Gesprofit'),(8,8,'185.23.36.251','185.23.36.251',32,0,NULL,'Altamar HQ'),(9,8,'190.98.220.98','190.98.220.98',32,0,NULL,'Chile?'),(10,15,'185.23.38.46','185.23.38.46',32,0,NULL,'OFICINA_CORUÑA'),(11,15,'185.23.36.14','185.23.36.14',32,0,NULL,'BACKUP_CORUÑA'),(12,15,'79.149.15.156','79.149.15.156',32,0,NULL,'HUGO_CASA'),(13,7,'185.23.37.130','185.23.37.130',32,0,NULL,''),(19,8,'212.170.168.61','212.170.168.61',32,0,NULL,''),(20,8,'212.81.221.227','212.81.221.227',32,0,NULL,''),(21,9,'185.23.38.2','185.23.38.2',32,0,NULL,''),(22,9,'185.23.36.14','185.23.36.14',32,0,NULL,''),(23,12,'185.23.36.14','185.23.36.14',32,0,NULL,''),(24,6,'213.96.240.185','213.96.240.185',32,0,NULL,'OFICINA_LEON'),(25,7,'185.23.38.18','185.23.38.18',32,0,NULL,'GESPROFIT_SERRANO'),(26,13,'185.23.38.58','185.23.38.58',32,0,NULL,'FB_LUGO'),(27,19,'83.48.12.70','83.48.12.70',32,0,NULL,'VARIANZA_OFICINA');
/*!40000 ALTER TABLE `kam_users_address` ENABLE KEYS */;
UNLOCK TABLES;

--
-- Temporary table structure for view `kam_users_domain`
--

DROP TABLE IF EXISTS `kam_users_domain`;
/*!50001 DROP VIEW IF EXISTS `kam_users_domain`*/;
SET @saved_cs_client     = @@character_set_client;
SET character_set_client = utf8;
/*!50001 CREATE TABLE `kam_users_domain` (
  `domain` tinyint NOT NULL,
  `did` tinyint NOT NULL
) ENGINE=MyISAM */;
SET character_set_client = @saved_cs_client;

--
-- Table structure for table `kam_users_domain_attrs`
--

DROP TABLE IF EXISTS `kam_users_domain_attrs`;
/*!40101 SET @saved_cs_client     = @@character_set_client */;
/*!40101 SET character_set_client = utf8 */;
CREATE TABLE `kam_users_domain_attrs` (
  `id` int(10) unsigned NOT NULL AUTO_INCREMENT,
  `did` varchar(190) NOT NULL,
  `name` varchar(32) NOT NULL,
  `type` int(10) unsigned NOT NULL,
  `value` varchar(255) NOT NULL,
  `last_modified` datetime NOT NULL DEFAULT '1900-01-01 00:00:01',
  PRIMARY KEY (`id`),
  UNIQUE KEY `domain_attrs_idx` (`did`,`name`,`value`),
  CONSTRAINT `kam_users_domain_attrs_ibfk_1` FOREIGN KEY (`did`) REFERENCES `Domains` (`domain`) ON DELETE CASCADE ON UPDATE CASCADE
) ENGINE=InnoDB AUTO_INCREMENT=34 DEFAULT CHARSET=utf8 COMMENT='[entity][rest]';
/*!40101 SET character_set_client = @saved_cs_client */;

--
-- Dumping data for table `kam_users_domain_attrs`
--

LOCK TABLES `kam_users_domain_attrs` WRITE;
/*!40000 ALTER TABLE `kam_users_domain_attrs` DISABLE KEYS */;
INSERT INTO `kam_users_domain_attrs` VALUES (13,'agronovo-voz.tedra.es','brandId',0,'1','1900-01-01 00:00:01'),(14,'irontec-tedra.irontec.com','brandId',0,'1','1900-01-01 00:00:01'),(15,'tedra-voz.tedra.es','brandId',0,'1','1900-01-01 00:00:01'),(16,'profit-voz.tedra.es','brandId',0,'1','1900-01-01 00:00:01'),(17,'altamar-voz.tedra.es','brandId',0,'1','1900-01-01 00:00:01'),(18,'alvarez-voz.tedra.es','brandId',0,'1','1900-01-01 00:00:01'),(19,'novaquality-voz.mgiconsultores.com','brandId',0,'2','1900-01-01 00:00:01'),(20,'april-voz.mgiconsultores.com','brandId',0,'2','1900-01-01 00:00:01'),(21,'miguelherrero-voz.tedra.es','brandId',0,'1','1900-01-01 00:00:01'),(23,'miramar-voz.tedra.es','brandId',0,'1','1900-01-01 00:00:01'),(28,'rafaelsanchez-voz.tedra.es','brandId',0,'1','1900-01-01 00:00:01'),(29,'sip.tedra.es','brandId',0,'1','1900-01-01 00:00:01'),(30,'clinicaeras-voz.tedra.es','brandId',0,'1','1900-01-01 00:00:01'),(31,'varianza-voz.mgiconsultores.com','brandId',0,'2','1900-01-01 00:00:01'),(32,'iberiacards-voz.mgiconsultores.com','brandId',0,'2','1900-01-01 00:00:01'),(33,'pbx.grupoohleon.com','brandId',0,'1','1900-01-01 00:00:01');
/*!40000 ALTER TABLE `kam_users_domain_attrs` ENABLE KEYS */;
UNLOCK TABLES;

--
-- Temporary table structure for view `kam_users_exten`
--

DROP TABLE IF EXISTS `kam_users_exten`;
/*!50001 DROP VIEW IF EXISTS `kam_users_exten`*/;
SET @saved_cs_client     = @@character_set_client;
SET character_set_client = utf8;
/*!50001 CREATE TABLE `kam_users_exten` (
  `name` tinyint NOT NULL,
  `domain` tinyint NOT NULL,
  `extension` tinyint NOT NULL,
  `externalIpCalls` tinyint NOT NULL
) ENGINE=MyISAM */;
SET character_set_client = @saved_cs_client;

--
-- Table structure for table `kam_users_htable`
--

DROP TABLE IF EXISTS `kam_users_htable`;
/*!40101 SET @saved_cs_client     = @@character_set_client */;
/*!40101 SET character_set_client = utf8 */;
CREATE TABLE `kam_users_htable` (
  `id` int(10) unsigned NOT NULL AUTO_INCREMENT,
  `key_name` varchar(64) NOT NULL DEFAULT '',
  `key_type` int(11) NOT NULL DEFAULT '0',
  `value_type` int(11) NOT NULL DEFAULT '0',
  `key_value` varchar(128) NOT NULL DEFAULT '',
  `expires` int(11) NOT NULL DEFAULT '0',
  PRIMARY KEY (`id`)
) ENGINE=InnoDB DEFAULT CHARSET=utf8 COMMENT='[ignore]';
/*!40101 SET character_set_client = @saved_cs_client */;

--
-- Dumping data for table `kam_users_htable`
--

LOCK TABLES `kam_users_htable` WRITE;
/*!40000 ALTER TABLE `kam_users_htable` DISABLE KEYS */;
/*!40000 ALTER TABLE `kam_users_htable` ENABLE KEYS */;
UNLOCK TABLES;

--
-- Table structure for table `kam_users_location`
--

DROP TABLE IF EXISTS `kam_users_location`;
/*!40101 SET @saved_cs_client     = @@character_set_client */;
/*!40101 SET character_set_client = utf8 */;
CREATE TABLE `kam_users_location` (
  `id` int(10) unsigned NOT NULL AUTO_INCREMENT,
  `ruid` varchar(64) NOT NULL DEFAULT '',
  `username` varchar(64) NOT NULL DEFAULT '',
  `domain` varchar(190) DEFAULT NULL,
  `contact` varchar(255) NOT NULL DEFAULT '',
  `received` varchar(128) DEFAULT NULL,
  `path` varchar(512) DEFAULT NULL,
  `expires` datetime NOT NULL DEFAULT '2030-05-28 21:32:15',
  `q` float(10,2) NOT NULL DEFAULT '1.00',
  `callid` varchar(255) NOT NULL DEFAULT 'Default-Call-ID',
  `cseq` int(11) NOT NULL DEFAULT '1',
  `last_modified` datetime NOT NULL DEFAULT '1900-01-01 00:00:01',
  `flags` int(11) NOT NULL DEFAULT '0',
  `cflags` int(11) NOT NULL DEFAULT '0',
  `user_agent` varchar(255) NOT NULL DEFAULT '',
  `socket` varchar(64) DEFAULT NULL,
  `methods` int(11) DEFAULT NULL,
  `instance` varchar(255) DEFAULT NULL,
  `reg_id` int(11) NOT NULL DEFAULT '0',
  `server_id` int(11) NOT NULL DEFAULT '0',
  `connection_id` int(11) NOT NULL DEFAULT '0',
  `keepalive` int(11) NOT NULL DEFAULT '0',
  `partition` int(11) NOT NULL DEFAULT '0',
  PRIMARY KEY (`id`),
  UNIQUE KEY `ruid_idx` (`ruid`),
  KEY `account_contact_idx` (`username`,`domain`,`contact`),
  KEY `expires_idx` (`expires`)
) ENGINE=InnoDB AUTO_INCREMENT=23636 DEFAULT CHARSET=utf8 COMMENT='[entity][rest]';
/*!40101 SET character_set_client = @saved_cs_client */;

--
-- Dumping data for table `kam_users_location`
--

LOCK TABLES `kam_users_location` WRITE;
/*!40000 ALTER TABLE `kam_users_location` DISABLE KEYS */;
INSERT INTO `kam_users_location` VALUES (10405,'uloc-58ac90ad-79e4-f8de4','gverderaterminal','altamar-voz.tedra.es','sip:gverderaterminal@192.168.166.110:5060','sip:185.23.36.251:42930',NULL,'2017-10-24 18:53:32',-1.00,'48e340dd-b91d21a8@192.168.166.110',144419,'2017-10-24 17:53:32',0,192,'Cisco/SPA525G2-7.5.6c','udp:185.23.37.205:5060',6815,NULL,0,0,-1,1,20),(11562,'uloc-58c98c46-2bc2-bc3d3','tmorenoterminal','altamar-voz.tedra.es','sip:tmorenoterminal@192.168.166.93:5060','sip:185.23.36.251:54245',NULL,'2017-10-24 18:49:07',-1.00,'30787756-dcb43938@192.168.166.93',166432,'2017-10-24 17:49:07',0,192,'Cisco/SPA504G-7.5.2','udp:185.23.37.205:5060',6815,NULL,0,0,-1,1,20),(11564,'uloc-58c98c46-2bc1-2bfc3','malvarezterminal','altamar-voz.tedra.es','sip:malvarezterminal@192.168.166.74:5060','sip:185.23.36.251:39651',NULL,'2017-10-24 18:48:13',-1.00,'567ffcbc-b2a90338@192.168.166.74',133766,'2017-10-24 17:48:13',0,192,'Cisco/SPA504G-7.5.2','udp:185.23.37.205:5060',6815,NULL,0,0,-1,1,22),(11584,'uloc-58c98c46-2bbf-981d3','mdeestebanterminal','altamar-voz.tedra.es','sip:mdeestebanterminal@192.168.166.85:5060','sip:185.23.36.251:45802',NULL,'2017-10-24 18:46:15',-1.00,'44ea8dca-ebb9f558@192.168.166.85',130373,'2017-10-24 17:46:15',0,192,'Cisco/SPA504G-7.5.2','udp:185.23.37.205:5060',6815,NULL,0,0,-1,1,12),(11585,'uloc-58c98c46-2bc5-890d3','sala8terminal','altamar-voz.tedra.es','sip:sala8terminal@192.168.166.31:5060','sip:185.23.36.251:40351',NULL,'2017-10-24 18:48:01',-1.00,'9b3e8287-9405bff0@192.168.166.31',134908,'2017-10-24 17:48:01',0,192,'Cisco/SPA504G-7.5.2','udp:185.23.37.205:5060',6815,NULL,0,0,-1,1,13),(11586,'uloc-58c98c46-2bc0-711d3','ecarballoterminal','altamar-voz.tedra.es','sip:ecarballoterminal@192.168.166.103:5060','sip:185.23.36.251:42830',NULL,'2017-10-24 18:45:36',-1.00,'b2c360c-619a00@192.168.166.103',139841,'2017-10-24 17:45:36',0,192,'Cisco/SPA509G-7.5.2','udp:185.23.37.205:5060',6815,NULL,0,0,-1,1,14),(11587,'uloc-58c98c46-2bbf-e81d3','fecheverriaterminal','altamar-voz.tedra.es','sip:fecheverriaterminal@192.168.166.66:5060','sip:185.23.36.251:21580',NULL,'2017-10-24 18:49:18',-1.00,'e3cfa3a7-90b2113e@192.168.166.66',87707,'2017-10-24 17:49:18',0,192,'Cisco/SPA504G-7.5.2','udp:185.23.37.205:5060',6815,NULL,0,0,-1,1,15),(11590,'uloc-58c98c46-2bc1-400d3','avillalbaterminal','altamar-voz.tedra.es','sip:avillalbaterminal@192.168.166.88:5060','sip:185.23.36.251:12839',NULL,'2017-10-24 18:45:41',-1.00,'7f126692-c602b360@192.168.166.88',120972,'2017-10-24 17:45:41',0,192,'Cisco/SPA504G-7.5.2','udp:185.23.37.205:5060',6815,NULL,0,0,-1,1,18),(11667,'uloc-58c98c46-2bc6-cfd94','acominterminal','altamar-voz.tedra.es','sip:acominterminal@192.168.166.115:5060','sip:185.23.36.251:55217',NULL,'2017-10-24 18:47:36',-1.00,'975c9ca-b047e870@192.168.166.115',160978,'2017-10-24 17:47:36',0,192,'Cisco/SPA504G-7.5.2','udp:185.23.37.205:5060',6815,NULL,0,0,-1,1,5),(12704,'uloc-58f7a276-549d-d8474','jgarciaterminal','altamar-voz.tedra.es','sip:jgarciaterminal@192.168.166.45:5060','sip:185.23.36.251:12951',NULL,'2017-10-24 18:49:40',-1.00,'c66bd23e-2e4a5b79@192.168.166.45',140887,'2017-10-24 17:49:40',0,192,'Cisco/SPA504G-7.5.2','udp:185.23.37.205:5060',6815,NULL,0,0,-1,1,21),(12710,'uloc-58f7a276-549b-a6474','fgazituaterminal','altamar-voz.tedra.es','sip:fgazituaterminal@192.168.166.68:5060','sip:185.23.36.251:40772',NULL,'2017-10-24 18:45:06',-1.00,'95fcd796-58e15646@192.168.166.68',140028,'2017-10-24 17:45:06',0,192,'Cisco/SPA504G-7.5.2','udp:185.23.37.205:5060',6815,NULL,0,0,-1,1,27),(12714,'uloc-58f7a276-549b-d7474','jdemoragasterminal','altamar-voz.tedra.es','sip:jdemoragasterminal@192.168.166.89:5060','sip:185.23.36.251:26762',NULL,'2017-10-24 18:46:45',-1.00,'10ec30af-8653a7d2@192.168.166.89',138808,'2017-10-24 17:46:45',0,192,'Cisco/SPA504G-7.5.2','udp:185.23.37.205:5060',6815,NULL,0,0,-1,1,1),(12718,'uloc-58f7a276-549d-b4774','bmiguelromeroterminal','altamar-voz.tedra.es','sip:bmiguelromeroterminal@192.168.166.67:5060','sip:185.23.36.251:41190',NULL,'2017-10-24 18:46:57',-1.00,'19fd21a2-6ad8b393@192.168.166.67',144382,'2017-10-24 17:46:57',0,192,'Cisco/SPA504G-7.5.2','udp:185.23.37.205:5060',6815,NULL,0,0,-1,1,5),(12719,'uloc-58f7a276-54a2-99574','adecosterminal','altamar-voz.tedra.es','sip:adecosterminal@192.168.166.71:5060','sip:185.23.36.251:17012',NULL,'2017-10-24 18:47:56',-1.00,'d310f29c-4de986c0@192.168.166.71',88397,'2017-10-24 17:47:56',0,192,'Cisco/SPA504G-7.5.2','udp:185.23.37.205:5060',6815,NULL,0,0,-1,1,6),(12720,'uloc-58f7a276-549e-69874','nhartterminal','altamar-voz.tedra.es','sip:nhartterminal@192.168.166.72:5060','sip:185.23.36.251:1991',NULL,'2017-10-24 18:49:32',-1.00,'1d089a4e-b1cdb2e1@192.168.166.72',112651,'2017-10-24 17:49:32',0,192,'Cisco/SPA504G-7.5.2','udp:185.23.37.205:5060',6815,NULL,0,0,-1,1,7),(12725,'uloc-58f7a276-549f-5eb74','vdiazterminal','altamar-voz.tedra.es','sip:vdiazterminal@192.168.166.65:5060','sip:185.23.36.251:57467',NULL,'2017-10-24 18:48:42',-1.00,'20f537f4-3c464159@192.168.166.65',96874,'2017-10-24 17:48:42',0,192,'Cisco/SPA504G-7.5.2','udp:185.23.37.205:5060',6815,NULL,0,0,-1,1,12),(12728,'uloc-58f7a276-549e-7d874','rfernandezterminal','altamar-voz.tedra.es','sip:rfernandezterminal@192.168.166.123:5060','sip:185.23.36.251:58911',NULL,'2017-10-24 18:10:49',-1.00,'d880a780-daf0b351@192.168.166.123',163642,'2017-10-24 18:05:49',0,192,'Cisco/SPA525G2-7.5.6c','udp:185.23.37.205:5060',6815,NULL,0,0,-1,1,15),(12735,'uloc-58f7a276-549d-11874','nhernandezterminal','altamar-voz.tedra.es','sip:nhernandezterminal@192.168.166.127:5060','sip:185.23.36.251:42563',NULL,'2017-10-24 18:11:18',-1.00,'1_2116162136@192.168.166.127',8608,'2017-10-24 18:06:18',0,192,'Yealink SIP-T46G 28.80.0.95','udp:185.23.37.205:5060',16383,NULL,0,0,-1,1,22),(13856,'uloc-5908c22a-55d4-2f748','abuesoterminal','altamar-voz.tedra.es','sip:abuesoterminal@192.168.166.142:5060','sip:185.23.36.251:38099',NULL,'2017-10-24 18:47:03',-1.00,'49826e07-dce6ca4f@192.168.166.142',125509,'2017-10-24 17:47:03',0,192,'Cisco/SPA504G-7.5.2','udp:185.23.37.205:5060',6815,NULL,0,0,-1,1,11),(14111,'uloc-5908c22a-55d4-1570a','tbenjumeaterminal','altamar-voz.tedra.es','sip:tbenjumeaterminal@192.168.166.102:5060','sip:185.23.36.251:5935',NULL,'2017-10-24 18:31:40',-1.00,'910221c2-cd0ab201@192.168.166.102',51582,'2017-10-24 17:31:40',0,192,'Cisco/SPA504G-7.5.2','udp:185.23.37.205:5060',6815,NULL,0,0,-1,1,26),(14123,'uloc-5908c22a-55d2-0e42a','jnietoterminal','altamar-voz.tedra.es','sip:jnietoterminal@192.168.166.49:5060','sip:185.23.36.251:31581',NULL,'2017-10-24 18:46:35',-1.00,'ebb813c7-71d75fbd@192.168.166.49',91643,'2017-10-24 17:46:35',0,192,'Cisco/SPA504G-7.5.2','udp:185.23.37.205:5060',6815,NULL,0,0,-1,1,8),(16137,'uloc-595d0de0-5071-2','dcancellerterminal','altamar-voz.tedra.es','sip:dcancellerterminal@192.168.166.77:5060','sip:185.23.36.251:37486',NULL,'2017-10-24 18:48:40',-1.00,'7ffa9d37-89e0e4cf@192.168.166.77',103418,'2017-10-24 17:48:40',0,192,'Cisco/SPA504G-7.5.2','udp:185.23.37.205:5060',6815,NULL,0,0,-1,1,21),(16138,'uloc-595d0de0-5074-a','jfernandezterminal','altamar-voz.tedra.es','sip:jfernandezterminal@192.168.166.90:5060','sip:185.23.36.251:41075',NULL,'2017-10-24 18:10:33',-1.00,'ed5918e-4f320af@192.168.166.90',178036,'2017-10-24 18:05:33',0,192,'Cisco/SPA525G2-7.5.6c','udp:185.23.37.205:5060',6815,NULL,0,0,-1,1,22),(16139,'uloc-595d0de0-5075-7','vlopezterminal','altamar-voz.tedra.es','sip:vlopezterminal@192.168.166.148:5060','sip:185.23.36.251:60570',NULL,'2017-10-24 18:47:13',-1.00,'4803c36a-6d293c45@192.168.166.148',75277,'2017-10-24 17:47:13',0,192,'Cisco/SPA504G-7.5.2','udp:185.23.37.205:5060',6815,NULL,0,0,-1,1,23),(16140,'uloc-595d0de0-5071-8','egonzalezterminal','altamar-voz.tedra.es','sip:egonzalezterminal@192.168.166.92:5060','sip:185.23.36.251:42388',NULL,'2017-10-24 18:10:56',-1.00,'b6c8329e-52f272db@192.168.166.92',196946,'2017-10-24 18:05:56',0,192,'Cisco/SPA525G2-7.5.6c','udp:185.23.37.205:5060',6815,NULL,0,0,-1,1,24),(16141,'uloc-595d0de0-5071-9','agonzalezterminal','altamar-voz.tedra.es','sip:agonzalezterminal@192.168.166.108:5060','sip:185.23.36.251:37620',NULL,'2017-10-24 18:12:12',-1.00,'d014ced8-8f8ef3ef@192.168.166.108',63248,'2017-10-24 18:07:12',0,192,'Cisco/SPA525G2-7.5.6c','udp:185.23.37.205:5060',6815,NULL,0,0,-1,1,25),(16143,'uloc-595d0de0-5072-7','maguirreterminal','altamar-voz.tedra.es','sip:maguirreterminal@192.168.166.91:5060','sip:185.23.36.251:47673',NULL,'2017-10-24 18:53:31',-1.00,'7ac1a905-496197a4@192.168.166.91',119459,'2017-10-24 17:53:31',0,192,'Cisco/SPA525G2-7.5.6c','udp:185.23.37.205:5060',6815,NULL,0,0,-1,1,27),(16144,'uloc-595d0de0-5078-6','jfontaineterminal','altamar-voz.tedra.es','sip:jfontaineterminal@192.168.166.55:5060','sip:185.23.36.251:7538',NULL,'2017-10-24 18:48:35',-1.00,'276e984c-5c189cd4@192.168.166.55',139721,'2017-10-24 17:48:35',0,192,'Cisco/SPA504G-7.5.2','udp:185.23.37.205:5060',6815,NULL,0,0,-1,1,28),(16148,'uloc-595d0de0-5073-c','ialvarezterminal','altamar-voz.tedra.es','sip:ialvarezterminal@192.168.166.83:5060','sip:185.23.36.251:44450',NULL,'2017-10-24 18:50:04',-1.00,'bf6db3f3-a1c59ac@192.168.166.83',135569,'2017-10-24 17:50:04',0,192,'Cisco/SPA525G2-7.5.6c','udp:185.23.37.205:5060',6815,NULL,0,0,-1,1,2),(16149,'uloc-595d0de0-5071-7','ggomezterminal','altamar-voz.tedra.es','sip:ggomezterminal@192.168.166.97:5060','sip:185.23.36.251:11659',NULL,'2017-10-24 18:48:07',-1.00,'a52427-33a68aea@192.168.166.97',120480,'2017-10-24 17:48:07',0,192,'Cisco/SPA504G-7.5.2','udp:185.23.37.205:5060',6815,NULL,0,0,-1,1,3),(16150,'uloc-595d0de0-5074-9','cmateosterminal','altamar-voz.tedra.es','sip:cmateosterminal@192.168.166.54:5060','sip:185.23.36.251:52040',NULL,'2017-10-24 18:49:15',-1.00,'59f4f634-4ff981e@192.168.166.54',87702,'2017-10-24 17:49:15',0,192,'Cisco/SPA504G-7.5.2','udp:185.23.37.205:5060',6815,NULL,0,0,-1,1,4),(16156,'uloc-595d0de0-5075-8','roriolterminal','altamar-voz.tedra.es','sip:roriolterminal@192.168.166.73:5060','sip:185.23.36.251:50620',NULL,'2017-10-24 18:45:48',-1.00,'ec9938a2-c393885b@192.168.166.73',88688,'2017-10-24 17:45:48',0,192,'Cisco/SPA504G-7.5.2','udp:185.23.37.205:5060',6815,NULL,0,0,-1,1,10),(16158,'uloc-595d0de0-5076-4','msilvestreterminal','altamar-voz.tedra.es','sip:msilvestreterminal@192.168.166.122:5060','sip:185.23.36.251:61388',NULL,'2017-10-24 18:10:44',-1.00,'e4e6a161-d26b9afc@192.168.166.122',161150,'2017-10-24 18:05:44',0,192,'Cisco/SPA525G2-7.5.6c','udp:185.23.37.205:5060',6815,NULL,0,0,-1,1,12),(16160,'uloc-595d0de0-5071-3','sala7polycomterminal','altamar-voz.tedra.es','sip:sala7polycomterminal@192.168.166.86','sip:185.23.36.251:24069',NULL,'2017-10-24 18:09:05',-1.00,'ff4f7614-85156363-b3597456@192.168.166.86',82135,'2017-10-24 18:04:05',0,192,'PolycomSoundStationIP-SSIP_5000-UA/4.0.4.2906','udp:185.23.37.205:5060',8159,NULL,0,0,-1,1,14),(16162,'uloc-595d0de0-5074-3','pbellotterminal','altamar-voz.tedra.es','sip:pbellotterminal@192.168.166.36:5060','sip:185.23.36.251:49291',NULL,'2017-10-24 18:11:30',-1.00,'7834b8d8-46e015ab@192.168.166.36',195062,'2017-10-24 18:06:30',0,192,'Cisco/SPA504G-7.5.2','udp:185.23.37.205:5060',6815,NULL,0,0,-1,1,16),(16167,'uloc-595d0de0-5073-9','jarenaterminal','altamar-voz.tedra.es','sip:jarenaterminal@192.168.166.53:5060','sip:185.23.36.251:36094',NULL,'2017-10-24 18:45:37',-1.00,'2ea9e7d4-ed2652ed@192.168.166.53',115201,'2017-10-24 17:45:37',0,192,'Cisco/SPA504G-7.5.2','udp:185.23.37.205:5060',6815,NULL,0,0,-1,1,21),(16169,'uloc-595d0de0-5077-5','mpitrelliterminal','altamar-voz.tedra.es','sip:mpitrelliterminal@192.168.166.146:5060','sip:185.23.36.251:36171',NULL,'2017-10-24 18:47:48',-1.00,'49c42ea6-eb236946@192.168.166.146',94812,'2017-10-24 17:47:48',0,192,'Cisco/SPA504G-7.5.2','udp:185.23.37.205:5060',6815,NULL,0,0,-1,1,23),(16171,'uloc-595d0de0-5072-a','aldaraterminal','altamar-voz.tedra.es','sip:aldaraterminal@192.168.166.118:5060','sip:185.23.36.251:52316',NULL,'2017-10-24 18:10:30',-1.00,'b6cf61b0-3d8dbf0c@192.168.166.118',189681,'2017-10-24 18:05:30',0,192,'Cisco/SPA525G2-7.5.6c','udp:185.23.37.205:5060',6815,NULL,0,0,-1,1,25),(16175,'uloc-595d0de0-5072-5','averdejoterminal','altamar-voz.tedra.es','sip:averdejoterminal@192.168.166.42:5060','sip:185.23.36.251:7417',NULL,'2017-10-24 18:47:56',-1.00,'93c81c88-a2485c6@192.168.166.42',137250,'2017-10-24 17:47:56',0,192,'Cisco/SPA504G-7.5.2','udp:185.23.37.205:5060',6815,NULL,0,0,-1,1,29),(16181,'uloc-595d0de0-5076-7','sala6polycomterminal','altamar-voz.tedra.es','sip:sala6polycomterminal@192.168.166.120','sip:185.23.36.251:48312',NULL,'2017-10-24 18:09:33',-1.00,'38989a8e-9a06f61b-51c78998@192.168.166.120',94067,'2017-10-24 18:04:33',0,192,'PolycomSoundStationIP-SSIP_5000-UA/4.0.4.2906','udp:185.23.37.205:5060',8159,NULL,0,0,-1,1,5),(16183,'uloc-595d0de0-5071-1','jipinaterminal','altamar-voz.tedra.es','sip:jipinaterminal@192.168.166.95:5060','sip:185.23.36.251:60290',NULL,'2017-10-24 18:48:33',-1.00,'24b83746-54bdf911@192.168.166.95',107109,'2017-10-24 17:48:33',0,192,'Cisco/SPA504G-7.5.2','udp:185.23.37.205:5060',6815,NULL,0,0,-1,1,7),(16186,'uloc-595d0de0-5074-2','ayrazustaterminal','altamar-voz.tedra.es','sip:ayrazustaterminal@192.168.166.76:5060','sip:185.23.36.251:9533',NULL,'2017-10-24 18:46:50',-1.00,'e5de16cd-66b6c851@192.168.166.76',137758,'2017-10-24 17:46:50',0,192,'Cisco/SPA504G-7.5.2','udp:185.23.37.205:5060',6815,NULL,0,0,-1,1,10),(16187,'uloc-595d0de0-5074-1','jdiazreganonterminal','altamar-voz.tedra.es','sip:jdiazreganonterminal@192.168.166.165:5060','sip:185.23.36.251:2854',NULL,'2017-10-24 18:11:08',-1.00,'f7608de3-c77dc85d@192.168.166.165',108689,'2017-10-24 18:06:08',0,192,'Cisco/SPA525G2-7.5.6c','udp:185.23.37.205:5060',6815,NULL,0,0,-1,1,11),(16188,'uloc-595d0de0-5073-b','lhayaterminal','altamar-voz.tedra.es','sip:lhayaterminal@192.168.166.147:5060','sip:185.23.36.251:54364',NULL,'2017-10-24 18:47:11',-1.00,'74bde17b-71eacd8e@192.168.166.147',72688,'2017-10-24 17:47:11',0,192,'Cisco/SPA504G-7.5.2','udp:185.23.37.205:5060',6815,NULL,0,0,-1,1,12),(16190,'uloc-595d0de0-5072-3','smenendezterminal','altamar-voz.tedra.es','sip:smenendezterminal@192.168.166.82:5060','sip:185.23.36.251:61892',NULL,'2017-10-24 18:46:26',-1.00,'8e3336e1-ecc0744@192.168.166.82',163872,'2017-10-24 17:46:26',0,192,'Cisco/SPA504G-7.5.2','udp:185.23.37.205:5060',6815,NULL,0,0,-1,1,14),(16193,'uloc-595d0de0-5077-4','fnovilloterminal','altamar-voz.tedra.es','sip:fnovilloterminal@192.168.166.131:5060','sip:185.23.36.251:44298',NULL,'2017-10-24 18:46:00',-1.00,'b8cd68b6-bad4f78d@192.168.166.131',96634,'2017-10-24 17:46:00',0,192,'Cisco/SPA504G-7.5.2','udp:185.23.37.205:5060',6815,NULL,0,0,-1,1,17),(16194,'uloc-595d0de0-5074-7','scuadrosterminal','altamar-voz.tedra.es','sip:scuadrosterminal@192.168.166.105:5060','sip:185.23.36.251:64351',NULL,'2017-10-24 18:47:17',-1.00,'18bce2d5-7be32bd1@192.168.166.105',130821,'2017-10-24 17:47:17',0,192,'Cisco/SPA509G-7.5.2','udp:185.23.37.205:5060',6815,NULL,0,0,-1,1,18),(16195,'uloc-595d0de0-5073-8','hmauraterminal','altamar-voz.tedra.es','sip:hmauraterminal@192.168.166.60:5060','sip:185.23.36.251:3539',NULL,'2017-10-24 18:49:18',-1.00,'5ede0d4-ad8aae0d@192.168.166.60',79141,'2017-10-24 17:49:18',0,192,'Cisco/SPA504G-7.5.2','udp:185.23.37.205:5060',6815,NULL,0,0,-1,1,19),(16196,'uloc-595d0de0-5078-2','macampaterminal','altamar-voz.tedra.es','sip:macampaterminal@192.168.166.44:5060','sip:185.23.36.251:56766',NULL,'2017-10-24 18:45:57',-1.00,'49826dee-124f37b@192.168.166.44',123654,'2017-10-24 17:45:57',0,192,'Cisco/SPA504G-7.5.2','udp:185.23.37.205:5060',6815,NULL,0,0,-1,1,20),(16200,'uloc-595d0de0-5074-4','jvivancosterminal','altamar-voz.tedra.es','sip:jvivancosterminal@192.168.166.151:5060','sip:185.23.36.251:59507',NULL,'2017-10-24 18:46:16',-1.00,'5f1e7bf3-7ce23465@192.168.166.151',84497,'2017-10-24 17:46:16',0,192,'Cisco/SPA504G-7.5.2','udp:185.23.37.205:5060',6815,NULL,0,0,-1,1,24),(16201,'uloc-595d0de0-5073-f','palonsoterminal','altamar-voz.tedra.es','sip:palonsoterminal@192.168.166.144:5060','sip:185.23.36.251:47265',NULL,'2017-10-24 18:45:45',-1.00,'22f4101b-c9b96f5e@192.168.166.144',91297,'2017-10-24 17:45:45',0,192,'Cisco/SPA504G-7.5.2','udp:185.23.37.205:5060',6815,NULL,0,0,-1,1,25),(16202,'uloc-595d0de0-5073-01','jmfernandezterminal','altamar-voz.tedra.es','sip:jmfernandezterminal@192.168.166.57:5060','sip:185.23.36.251:52481',NULL,'2017-10-24 18:10:38',-1.00,'3d676d66-a35b36aa@192.168.166.57',214577,'2017-10-24 18:05:38',0,192,'Cisco/SPA525G2-7.5.6c','udp:185.23.37.205:5060',6815,NULL,0,0,-1,1,26),(16203,'uloc-595d0de0-5075-5','bsanzterminal','altamar-voz.tedra.es','sip:bsanzterminal@192.168.166.48:5060','sip:185.23.36.251:41557',NULL,'2017-10-24 18:12:11',-1.00,'70d4993a-9b71e0bd@192.168.166.48',95093,'2017-10-24 18:07:11',0,192,'Cisco/SPA509G-7.5.2b','udp:185.23.37.205:5060',6815,NULL,0,0,-1,1,27),(16207,'uloc-595d0de0-5076-9','aguineaterminal','altamar-voz.tedra.es','sip:aguineaterminal@192.168.166.121:5060','sip:185.23.36.251:24566',NULL,'2017-10-24 18:53:24',-1.00,'a821c61a-38cb958a@192.168.166.121',84077,'2017-10-24 17:53:24',0,192,'Cisco/SPA525G2-7.5.6c','udp:185.23.37.205:5060',6815,NULL,0,0,-1,1,1),(16208,'uloc-595d0de0-5078-5','srepseterminal','altamar-voz.tedra.es','sip:srepseterminal@192.168.166.62:5060','sip:185.23.36.251:16411',NULL,'2017-10-24 18:48:22',-1.00,'f2fe2fdb-b14fd175@192.168.166.62',134248,'2017-10-24 17:48:22',0,192,'Cisco/SPA504G-7.5.2','udp:185.23.37.205:5060',6815,NULL,0,0,-1,1,2),(16212,'uloc-595d0de0-5072-1','rgonzalezterminal','altamar-voz.tedra.es','sip:rgonzalezterminal@192.168.166.114:5060','sip:185.23.36.251:16312',NULL,'2017-10-24 18:47:21',-1.00,'103bbab2-823c6dc5@192.168.166.114',99561,'2017-10-24 17:47:21',0,192,'Cisco/SPA509G-7.5.2','udp:185.23.37.205:5060',6815,NULL,0,0,-1,1,6),(16220,'uloc-595d0de0-5072-4','idelamoraterminal','altamar-voz.tedra.es','sip:idelamoraterminal@192.168.166.81:5060','sip:185.23.36.251:60022',NULL,'2017-10-24 18:10:56',-1.00,'13b83b6-76459496@192.168.166.81',195769,'2017-10-24 18:05:56',0,192,'Cisco/SPA525G2-7.5.6c','udp:185.23.37.205:5060',6815,NULL,0,0,-1,1,14),(16224,'uloc-595d0de0-5072-6','mmartinezterminal','altamar-voz.tedra.es','sip:mmartinezterminal@192.168.166.94:5060','sip:185.23.36.251:28531',NULL,'2017-10-24 18:51:53',-1.00,'5719bbb6-733cbc58@192.168.166.94',129606,'2017-10-24 17:51:53',0,192,'Cisco/SPA525G2-7.5.6c','udp:185.23.37.205:5060',6815,NULL,0,0,-1,1,18),(16225,'uloc-595d0de0-5072-8','msanzterminal','altamar-voz.tedra.es','sip:msanzterminal@192.168.166.64:5060','sip:185.23.36.251:30291',NULL,'2017-10-24 18:10:41',-1.00,'ce6132aa-243892a6@192.168.166.64',226881,'2017-10-24 18:05:41',0,192,'Cisco/SPA525G2-7.5.6c','udp:185.23.37.205:5060',6815,NULL,0,0,-1,1,19),(16228,'uloc-595d0de0-5073-3','bpariasterminal','altamar-voz.tedra.es','sip:bpariasterminal@192.168.166.58:5060','sip:185.23.36.251:60963',NULL,'2017-10-24 18:46:10',-1.00,'23c3bc68-8bea67af@192.168.166.58',133909,'2017-10-24 17:46:10',0,192,'Cisco/SPA504G-7.5.2','udp:185.23.37.205:5060',6815,NULL,0,0,-1,1,22),(16229,'uloc-595d0de0-5071-b','sala4polycomterminal','altamar-voz.tedra.es','sip:sala4polycomterminal@192.168.166.80','sip:185.23.36.251:32501',NULL,'2017-10-24 18:10:28',-1.00,'f9447b48-8107e9f3-664e7292@192.168.166.80',82128,'2017-10-24 18:05:28',0,192,'PolycomSoundStationIP-SSIP_5000-UA/4.0.8.1972','udp:185.23.37.205:5060',8159,NULL,0,0,-1,1,23),(16230,'uloc-595d0de0-5076-8','rpelaezterminal','altamar-voz.tedra.es','sip:rpelaezterminal@192.168.166.100:5060','sip:185.23.36.251:11287',NULL,'2017-10-24 18:50:50',-1.00,'66c1ca1-7392589f@192.168.166.100',136690,'2017-10-24 17:50:50',0,192,'Cisco/SPA525G2-7.5.6c','udp:185.23.37.205:5060',6815,NULL,0,0,-1,1,24),(16232,'uloc-595d0de0-5078-7','isototerminal','altamar-voz.tedra.es','sip:isototerminal@192.168.166.70:5060','sip:185.23.36.251:2022',NULL,'2017-10-24 18:48:48',-1.00,'67953dfa-c1bb8315@192.168.166.70',115795,'2017-10-24 17:48:48',0,192,'Cisco/SPA504G-7.5.2','udp:185.23.37.205:5060',6815,NULL,0,0,-1,1,26),(16233,'uloc-595d0de0-5076-c','recheniqueterminal','altamar-voz.tedra.es','sip:recheniqueterminal@192.168.166.125:5060','sip:185.23.36.251:50616',NULL,'2017-10-24 18:10:34',-1.00,'272266cb-e678485@192.168.166.125',154141,'2017-10-24 18:05:34',0,192,'Cisco/SPA525G2-7.5.6c','udp:185.23.37.205:5060',6815,NULL,0,0,-1,1,27),(16263,'uloc-595d170c-833-5214','jgarciasuarezterminal','altamar-voz.tedra.es','sip:jgarciasuarezterminal@192.168.166.166:5060','sip:185.23.36.251:51177',NULL,'2017-10-24 18:48:03',-1.00,'612288d8-964c85d8@192.168.166.166',90681,'2017-10-24 17:48:03',0,192,'Cisco/SPA504G-7.5.2','udp:185.23.37.205:5060',6815,NULL,0,0,-1,1,2),(16676,'uloc-595f9fa2-45e1-8d2e1','vmartinezterminal','altamar-voz.tedra.es','sip:vmartinezterminal@192.168.166.168:5060','sip:185.23.36.251:2411',NULL,'2017-10-24 18:47:09',-1.00,'9b0e144-dfb6285d@192.168.166.168',68716,'2017-10-24 17:47:09',0,192,'Cisco/SPA504G-7.5.2','udp:185.23.37.205:5060',6815,NULL,0,0,-1,1,12),(17371,'uloc-595f9fa2-45df-c71f3','saragarciaterminal','altamar-voz.tedra.es','sip:saragarciaterminal@192.168.166.171:5060','sip:185.23.36.251:36425',NULL,'2017-10-24 18:11:06',-1.00,'b32ff9bf-5f3f212@192.168.166.171',122029,'2017-10-24 18:06:06',0,192,'Cisco/SPA504G-7.5.2','udp:185.23.37.205:5060',6815,NULL,0,0,-1,1,17),(18344,'uloc-597f03ef-e70-d66c','respinosaterminal','altamar-voz.tedra.es','sip:respinosaterminal@192.168.166.59:5060','sip:185.23.36.251:35010',NULL,'2017-10-24 18:48:44',-1.00,'32eef405-ec9ccc97@192.168.166.59',63534,'2017-10-24 17:48:44',0,192,'Cisco/SPA504G-7.5.2','udp:185.23.37.205:5060',6815,NULL,0,0,-1,1,20),(19480,'uloc-598ae432-1ff1-84313','rhodalyterminal','altamar-voz.tedra.es','sip:rhodalyterminal@192.168.3.200:5060','sip:212.170.168.61:1032',NULL,'2017-10-24 18:10:39',-1.00,'2991da26-ba05b4cf@192.168.3.200',158591,'2017-10-24 18:05:39',0,192,'Cisco/SPA508G-7.5.4','udp:185.23.37.205:5060',6815,NULL,0,0,-1,1,28),(19484,'uloc-598ae432-1ff2-bf113','christiangarcia','tedra-voz.tedra.es','sip:ChristianGarcia@192.168.1.249:5060','sip:213.96.240.185:5060',NULL,'2017-10-24 18:12:05',-1.00,'0_3704029995@192.168.1.249',26381,'2017-10-24 18:07:05',0,192,'Yealink SIP-T48G 35.80.0.95','udp:185.23.37.205:5060',16383,NULL,0,0,-1,1,2),(19488,'uloc-598ae432-1fed-0e313','mrafartterminal','altamar-voz.tedra.es','sip:mrafartterminal@192.168.3.203:5060','sip:212.170.168.61:1031',NULL,'2017-10-24 18:11:53',-1.00,'4457120d-2a8a77ce@192.168.3.203',222207,'2017-10-24 18:06:53',0,192,'Cisco/SPA303-7.5.7s','udp:185.23.37.205:5060',6815,NULL,0,0,-1,1,6),(19491,'uloc-598ae432-1fed-2f313','galdanasala2','altamar-voz.tedra.es','sip:galdanasala2@192.168.3.208','sip:212.170.168.61:1026',NULL,'2017-10-24 18:10:45',-1.00,'2ab5faf7-8d36a29e-b82a8275@192.168.3.208',10160,'2017-10-24 18:05:45',0,192,'PolycomSoundStationIP-SSIP_5000-UA/4.0.8.1972','udp:185.23.37.205:5060',8159,NULL,0,0,-1,1,9),(19495,'uloc-598ae432-1fed-1e313','rmunozterminal','altamar-voz.tedra.es','sip:rmunozterminal@192.168.3.202:5060','sip:212.170.168.61:2244',NULL,'2017-10-24 18:48:32',-1.00,'4aa732b7-14614d4f@192.168.3.202',47670,'2017-10-24 17:48:32',0,192,'Cisco/SPA504G-7.5.7s','udp:185.23.37.205:5060',6815,NULL,0,0,-1,1,13),(19741,'uloc-598ae432-1fef-f6e75','bsanzterminal','altamar-voz.tedra.es','sip:bsanzterminal@192.168.166.112:5060','sip:185.23.36.251:63727',NULL,'2017-10-24 18:11:55',-1.00,'2624060140@192_168_166_119',308490,'2017-10-24 18:06:55',0,192,'C530 IP/42.192.00.000.000','udp:185.23.37.205:5060',4831,NULL,0,0,-1,1,19),(20226,'uloc-598ae432-1fef-812c7','salareunionchile','altamar-voz.tedra.es','sip:salareunionchile@192.168.2.10:5060','sip:190.98.220.98:3524',NULL,'2017-10-24 18:11:47',-1.00,'85f903b1-2a4c2095@192.168.2.10',19676,'2017-10-24 18:06:47',0,192,'Cisco/SPA504G-7.5.2','udp:185.23.37.205:5060',6815,NULL,0,0,-1,1,24),(20227,'uloc-598ae432-1ff4-352c7','bibliotecachileterminal','altamar-voz.tedra.es','sip:bibliotecachileterminal@192.168.2.11:5060','sip:190.98.220.98:7043',NULL,'2017-10-24 18:10:22',-1.00,'bfed3e24-1f6a70c0@192.168.2.11',110110,'2017-10-24 18:05:22',0,192,'Cisco/SPA504G-7.5.2','udp:185.23.37.205:5060',6815,NULL,0,0,-1,1,25),(20229,'uloc-598ae432-1fed-86db7','altamarchile','altamar-voz.tedra.es','sip:s@192.168.2.253:5060','sip:190.98.220.98:59370',NULL,'2017-10-24 18:08:48',-1.00,'2df8dab4184c65e45868382322b5ec1a@[fe80::8525:d360:71c1:1a5e]',91726,'2017-10-24 18:03:48',0,192,'Asterisk PBX 13.15.0','udp:185.23.37.205:5060',NULL,NULL,0,0,-1,1,27),(20230,'uloc-598ae432-1ff2-2d1c7','jrmorenoterminal','altamar-voz.tedra.es','sip:jrmorenoterminal@192.168.2.6:5060','sip:190.98.220.98:19756',NULL,'2017-10-24 18:12:24',-1.00,'bf94d009-457f004e@192.168.2.6',101275,'2017-10-24 18:07:24',0,192,'Cisco/SPA504G-7.5.2','udp:185.23.37.205:5060',6815,NULL,0,0,-1,1,28),(20232,'uloc-598ae432-1fed-d6db7','tguzmanchile','altamar-voz.tedra.es','sip:tguzmanchile@192.168.2.7:5060','sip:190.98.220.98:45602',NULL,'2017-10-24 18:11:32',-1.00,'6330fc0e-a70abc2b@192.168.2.7',90654,'2017-10-24 18:06:32',0,192,'Cisco/SPA504G-7.5.2','udp:185.23.37.205:5060',6815,NULL,0,0,-1,1,0),(20234,'uloc-598ae432-1ff0-c43c7','izentenoterminal','altamar-voz.tedra.es','sip:izentenoterminal@192.168.2.3:5060','sip:190.98.220.98:5060',NULL,'2017-10-24 18:10:44',-1.00,'8279a308-aa7cb14f@192.168.2.3',85777,'2017-10-24 18:05:44',0,192,'Cisco/SPA509G-7.5.2','udp:185.23.37.205:5060',6815,NULL,0,0,-1,1,2),(20237,'uloc-598ae432-1fee-dc6c7','ip6000terminalchile','altamar-voz.tedra.es','sip:ip6000terminalchile@192.168.2.214','sip:190.98.220.98:60894',NULL,'2017-10-24 18:09:30',-1.00,'60cb910f-74aa48e0-f81aab8d@192.168.2.214',42210,'2017-10-24 18:04:30',0,192,'PolycomSoundStationIP-SSIP_6000-UA/4.0.8.1972','udp:185.23.37.205:5060',8159,NULL,0,0,-1,1,5),(20658,'uloc-59a7fa03-47fa-3ce1','patriciahuergaterminal','tedra-voz.tedra.es','sip:PatriciaHuergaTerminal@192.168.1.221:5060','sip:213.96.240.185:1027',NULL,'2017-10-24 18:46:51',-1.00,'8f11068a-e7b7d3d7@192.168.1.221',31824,'2017-10-24 17:46:51',0,192,'Cisco/SPA504G-7.5.2','udp:185.23.37.205:5060',6815,NULL,0,0,-1,1,17),(20752,'uloc-59a7fa03-47fa-5bff','rafaelsanchezterminal','rafaelsanchez-voz.tedra.es','sip:rafaelsanchezterminal@185.23.39.13:5060',NULL,NULL,'2017-10-24 18:10:39',-1.00,'4194389685@192_168_1_234',84375,'2017-10-24 18:05:39',0,0,'C530 IP/42.192.00.000.000','udp:185.23.37.205:5060',4831,NULL,0,0,-1,0,21),(20965,'uloc-59a7fa03-47fd-451d2','jbilbaoterminal','altamar-voz.tedra.es','sip:jbilbaoterminal@192.168.166.75:5060','sip:185.23.36.251:28000',NULL,'2017-10-24 18:46:07',-1.00,'8792bef-3d18e5b4@192.168.166.75',39845,'2017-10-24 17:46:07',0,192,'Cisco/SPA504G-7.5.2','udp:185.23.37.205:5060',6815,NULL,0,0,-1,1,24),(21217,'uloc-59a7fa03-47fb-92c64','salagrande','profit-voz.tedra.es','sip:SalaGrande@192.168.50.196:5060','sip:185.23.38.18:24194',NULL,'2017-10-24 19:07:21',-1.00,'3c7e3421-a51b2aec@192.168.50.196',12279,'2017-10-24 18:07:21',0,192,'Cisco/SPA504G-7.5.2','udp:185.23.37.205:5060',6815,NULL,0,0,-1,1,6),(21219,'uloc-59a7fa03-4800-d3174','salapequena','profit-voz.tedra.es','sip:SalaPequena@192.168.50.199:5060','sip:185.23.38.18:24196',NULL,'2017-10-24 19:07:37',-1.00,'fbf3415e-7ac4b6d5@192.168.50.199',27940,'2017-10-24 18:07:37',0,192,'Cisco/SPA504G-7.5.2','udp:185.23.37.205:5060',6815,NULL,0,0,-1,1,8),(21230,'uloc-59a7fa03-47f9-7b074','jlg','profit-voz.tedra.es','sip:JLG@192.168.50.189:5060','sip:185.23.38.18:24208',NULL,'2017-10-24 18:24:12',-1.00,'abddfd6e-ba32aa1a@192.168.50.189',2742,'2017-10-24 17:24:12',0,192,'Cisco/SPA504G-7.5.2','udp:185.23.37.205:5060',6815,NULL,0,0,-1,1,19),(21231,'uloc-59a7fa03-47fa-adf64','yolanda','profit-voz.tedra.es','sip:Yolanda@192.168.50.185:5060','sip:185.23.38.18:24201',NULL,'2017-10-24 18:21:09',-1.00,'70833ca5-3a141c4c@192.168.50.185',60969,'2017-10-24 17:21:09',0,192,'Cisco/SPA504G-7.5.2','udp:185.23.37.205:5060',6815,NULL,0,0,-1,1,20),(21232,'uloc-59a7fa03-47fc-abd64','cocina','profit-voz.tedra.es','sip:Cocina@192.168.50.181:5060','sip:185.23.38.18:24199',NULL,'2017-10-24 18:20:51',-1.00,'6c969f78-ebb66028@192.168.50.181',7312,'2017-10-24 17:20:51',0,192,'Cisco/SPA504G-7.4.9a','udp:185.23.37.205:5060',6815,NULL,0,0,-1,1,21),(21234,'uloc-59a7fa03-47fc-cbd64','melvira','profit-voz.tedra.es','sip:MElvira@192.168.50.195:5060','sip:185.23.38.18:24212',NULL,'2017-10-24 18:24:26',-1.00,'18504d37-3e06f161@192.168.50.195',37015,'2017-10-24 17:24:26',0,192,'Cisco/SPA525G2-7.4.9a','udp:185.23.37.205:5060',6815,NULL,0,0,-1,1,23),(21239,'uloc-59a7fa03-47f9-0b074','jaime','profit-voz.tedra.es','sip:Jaime@192.168.50.192:5060','sip:185.23.38.18:24210',NULL,'2017-10-24 18:32:20',-1.00,'8dc00b82-1d6fceff@192.168.50.192',6896,'2017-10-24 17:32:20',0,192,'Cisco/SPA525G2-7.4.9a','udp:185.23.37.205:5060',6815,NULL,0,0,-1,1,28),(21240,'uloc-59a7fa03-47fe-37e64','esther','profit-voz.tedra.es','sip:Esther@192.168.50.190:5060','sip:185.23.38.18:24202',NULL,'2017-10-24 18:21:09',-1.00,'b57afab1-e85a95aa@192.168.50.190',37981,'2017-10-24 17:21:09',0,192,'Cisco/SPA504G-7.5.2','udp:185.23.37.205:5060',6815,NULL,0,0,-1,1,29),(21241,'uloc-59a7fa03-47fe-b6e64','gabriel','profit-voz.tedra.es','sip:Gabriel@192.168.50.186:5060','sip:185.23.38.18:1034',NULL,'2017-10-24 18:36:11',-1.00,'7d497108-ea3f3b4e@192.168.50.186',35640,'2017-10-24 17:36:11',0,192,'Cisco/SPA504G-7.5.2','udp:185.23.37.205:5060',6815,NULL,0,0,-1,1,0),(21243,'uloc-59a7fa03-4800-04174','jcc','profit-voz.tedra.es','sip:JCC@192.168.50.188:5060','sip:185.23.38.18:24197',NULL,'2017-10-24 19:07:39',-1.00,'1765f77c-321d4754@192.168.50.188',32438,'2017-10-24 18:07:39',0,192,'Cisco/SPA504G-7.5.2','udp:185.23.37.205:5060',6815,NULL,0,0,-1,1,2),(21247,'uloc-59a7fa03-4800-24174','miguel','profit-voz.tedra.es','sip:Miguel@192.168.50.191:5060','sip:185.23.38.18:24198',NULL,'2017-10-24 19:05:12',-1.00,'2e2842be-7204a512@192.168.50.191',34830,'2017-10-24 18:05:12',0,192,'Cisco/SPA504G-7.5.2','udp:185.23.37.205:5060',6815,NULL,0,0,-1,1,6),(21249,'uloc-59a7fa03-47fc-0cd64','susana','profit-voz.tedra.es','sip:Susana@192.168.50.197:5060','sip:185.23.38.18:24200',NULL,'2017-10-24 18:20:55',-1.00,'132ea89a-3b201905@192.168.50.197',61678,'2017-10-24 17:20:55',0,192,'Cisco/SPA509G-7.6.2','udp:185.23.37.205:5060',6815,NULL,0,0,-1,1,8),(21265,'uloc-59a7fa03-47fe-47e64','mangeles','profit-voz.tedra.es','sip:Mangeles@192.168.50.198:5060','sip:185.23.38.18:24195',NULL,'2017-10-24 19:07:29',-1.00,'d3f3f608-998e7a85@192.168.50.198',64902,'2017-10-24 18:07:29',0,192,'Cisco/SPA509G-7.6.2','udp:185.23.37.205:5060',6815,NULL,0,0,-1,1,24),(21329,'uloc-59a7fa03-4800-c3e84','mdelclauxterminal','altamar-voz.tedra.es','sip:mdelclauxterminal@192.168.166.52:5060','sip:185.23.36.251:34147',NULL,'2017-10-24 18:46:02',-1.00,'6ffc640b-b373ac4b@192.168.166.52',9517,'2017-10-24 17:46:02',0,192,'Cisco/SPA504G-7.5.2','udp:185.23.37.205:5060',6815,NULL,0,0,-1,1,28),(21498,'uloc-59a7fa03-47fe-7ea05','ip5000claudio','altamar-voz.tedra.es','sip:ip5000claudio@10.0.100.108','sip:185.23.36.251:14227',NULL,'2017-10-24 18:12:33',-1.00,'2f12ca15-5fd7a4f4-6a8169e3@10.0.100.108',27871,'2017-10-24 18:07:33',0,192,'PolycomSoundStationIP-SSIP_5000-UA/4.0.8.1972','udp:185.23.37.205:5060',8159,NULL,0,0,-1,1,17),(22305,'uloc-59b91716-2fdf-c7312','dect1','irontec-tedra.irontec.com','sip:dect1@10.10.1.238:5064','sip:212.81.221.227:5064',NULL,'2017-10-24 18:35:59',-1.00,'2912894642@10.10.1.238',7426,'2017-10-24 17:35:59',0,192,'Yealink SIP-W52P 25.73.0.40','udp:185.23.37.205:5060',16383,NULL,0,0,-1,1,24),(22306,'uloc-59b91716-2fe1-fb212','dect2','irontec-tedra.irontec.com','sip:dect2@10.10.1.238:5065','sip:212.81.221.227:5065',NULL,'2017-10-24 18:35:57',-1.00,'3723607058@10.10.1.238',7426,'2017-10-24 17:35:57',0,192,'Yealink SIP-W52P 25.73.0.40','udp:185.23.37.205:5060',16383,NULL,0,0,-1,1,25),(22322,'uloc-59b91716-2fdf-07b12','cp860_le01','tedra-voz.tedra.es','sip:CP860_LE01@192.168.1.209:5060','sip:213.96.240.185:1118',NULL,'2017-10-24 19:03:04',-1.00,'0_1106633437001565b92623@192.168.1.209',6722,'2017-10-24 18:03:04',0,192,'Yealink CP860 37.80.0.10','udp:185.23.37.205:5060',16383,NULL,0,0,-1,1,11),(22338,'uloc-59b91716-2fe3-08022','jdancausaterminal','altamar-voz.tedra.es','sip:jdancausaterminal@10.0.100.88:5060','sip:185.23.36.251:16525',NULL,'2017-10-24 18:46:27',-1.00,'4dd5372f-a1da5374@10.0.100.88',61736,'2017-10-24 17:46:27',0,192,'Cisco/SPA504G-7.5.2','udp:185.23.37.205:5060',6815,NULL,0,0,-1,1,27),(22452,'uloc-59b91716-2fdf-98fa2','jorge','profit-voz.tedra.es','sip:Jorge@192.168.50.194:5060','sip:185.23.38.18:24211',NULL,'2017-10-24 18:24:26',-1.00,'a69e2de3-585ca7dd@192.168.50.194',60291,'2017-10-24 17:24:26',0,192,'Cisco/SPA525G2-7.4.9a','udp:185.23.37.205:5060',6815,NULL,0,0,-1,1,21),(22453,'uloc-59b91716-2fe4-95da2','jlc','profit-voz.tedra.es','sip:JLC@192.168.50.187:5060','sip:185.23.38.18:24203',NULL,'2017-10-24 18:21:14',-1.00,'8b515b7e-e5e0633a@192.168.50.187',41990,'2017-10-24 17:21:14',0,192,'Cisco/SPA504G-7.5.2','udp:185.23.37.205:5060',6815,NULL,0,0,-1,1,22),(22473,'uloc-59b91716-2fe0-13403','bloomberggestion','profit-voz.tedra.es','sip:BloombergGestion@192.168.50.184:5060','sip:185.23.38.18:24204',NULL,'2017-10-24 18:21:20',-1.00,'2d2609ae-df900af9@192.168.50.184',34690,'2017-10-24 17:21:20',0,192,'Cisco/SPA504G-7.6.2','udp:185.23.37.205:5060',6815,NULL,0,0,-1,1,12),(22568,'uloc-59c3a9d2-635c-cea5','fyanezterminal','altamar-voz.tedra.es','sip:fyanezterminal@192.168.2.226:5060','sip:190.98.220.98:12026',NULL,'2017-10-24 19:03:12',-1.00,'e3a6a9b1-650aaff2@192.168.2.226',63151,'2017-10-24 18:03:12',0,192,'Cisco/SPA525G2-7.4.7','udp:185.23.37.205:5060',6815,NULL,0,0,-1,1,25),(22570,'uloc-59c3a9d2-635c-9de5','jpainemanterminal','altamar-voz.tedra.es','sip:jpainemanterminal@192.168.2.8:5060','sip:190.98.220.98:1784',NULL,'2017-10-24 18:11:53',-1.00,'cfe11063-c1f32bb4@192.168.2.8',40814,'2017-10-24 18:06:53',0,192,'Cisco/SPA509G-7.5.2','udp:185.23.37.205:5060',6815,NULL,0,0,-1,1,27),(22653,'uloc-59c81d23-3f14-f3','elab9','novaquality-voz.mgiconsultores.com','sip:ELAB9@10.10.20.33:5060','sip:185.23.38.74:1466',NULL,'2017-10-24 18:42:03',-1.00,'fc0c490-b7a0c140@10.10.20.33',28052,'2017-10-24 17:42:03',0,192,'Cisco/SPA514G-7.5.2','udp:185.23.37.205:5060',6815,NULL,0,0,-1,1,0),(22698,'uloc-59c81d23-3f0f-aa02','jvelascoterminal','altamar-voz.tedra.es','sip:jvelascoterminal@192.168.166.192:5060','sip:185.23.36.251:31948',NULL,'2017-10-24 18:53:58',-1.00,'4773fac9-aecbd45c@192.168.166.192',5854,'2017-10-24 17:53:58',0,192,'Cisco/SPA504G-7.5.2','udp:185.23.37.205:5060',6815,NULL,0,0,-1,1,15),(22785,'uloc-59c81d23-3f12-b5d7','maria','profit-voz.tedra.es','sip:Maria@192.168.50.179:5060','sip:185.23.38.18:24209',NULL,'2017-10-24 18:24:22',-1.00,'c272ab52-af313143@192.168.50.179',33118,'2017-10-24 17:24:22',0,192,'Cisco/SPA525G2-7.4.9a','udp:185.23.37.205:5060',6815,NULL,0,0,-1,1,12),(22813,'uloc-59c81d23-3f10-5e29','aortizterminal','altamar-voz.tedra.es','sip:aortizterminal@192.168.166.204:5060','sip:185.23.36.251:55353',NULL,'2017-10-24 18:30:19',-1.00,'93db0c09-458df31f@192.168.166.204',19785,'2017-10-24 17:30:19',0,192,'Cisco/SPA504G-7.5.2','udp:185.23.37.205:5060',6815,NULL,0,0,-1,1,10),(22822,'uloc-59c81d23-3f10-f299','sala5polycomterminal','altamar-voz.tedra.es','sip:sala5polycomterminal@192.168.166.205','sip:185.23.36.251:22568',NULL,'2017-10-24 18:10:15',-1.00,'bce6982c-9c45ecd5-71840b0e@192.168.166.205',5270,'2017-10-24 18:05:15',0,192,'PolycomSoundStationIP-SSIP_5000-UA/4.0.8.1972','udp:185.23.37.205:5060',8159,NULL,0,0,-1,1,19),(22960,'uloc-59c81d23-3f13-6d681','sala3polycomterminal','altamar-voz.tedra.es','sip:sala3polycomterminal@192.168.166.209','sip:185.23.36.251:45557',NULL,'2017-10-24 18:12:07',-1.00,'9e76568c-99c3f23f-4a7b6526@192.168.166.209',10821,'2017-10-24 18:07:07',0,192,'PolycomSoundStationIP-SSIP_5000-UA/4.0.11.0583','udp:185.23.37.205:5060',8159,NULL,0,0,-1,1,7),(22994,'uloc-59c81d23-3f13-de2a1','mzuritaterminal','altamar-voz.tedra.es','sip:mzuritaterminal@10.0.10.254:5060','sip:185.23.36.251:22186',NULL,'2017-10-24 18:11:05',-1.00,'26fee8e94a5fa27435bc43ed3be7cf46@10.0.10.254',6145,'2017-10-24 18:06:05',0,192,'Asterisk PBX 11.13.1~dfsg-2+deb8u2','udp:185.23.37.205:5060',NULL,NULL,0,0,-1,1,11),(22995,'uloc-59c81d23-3f15-e36a1','iantonanzasterminal','altamar-voz.tedra.es','sip:iantonanzasterminal@10.0.10.254:5060','sip:185.23.36.251:22186',NULL,'2017-10-24 18:11:05',-1.00,'5006e0ba5747fb632696031e425e4fb2@10.0.10.254',6145,'2017-10-24 18:06:05',0,192,'Asterisk PBX 11.13.1~dfsg-2+deb8u2','udp:185.23.37.205:5060',NULL,NULL,0,0,-1,1,12),(22996,'uloc-59c81d23-3f0e-b72a1','mforjanterminal','altamar-voz.tedra.es','sip:mforjanterminal@10.0.10.254:5060','sip:185.23.36.251:22186',NULL,'2017-10-24 18:11:05',-1.00,'7079e7d0135321eb6f49fa2f342ab439@10.0.10.254',6145,'2017-10-24 18:06:05',0,192,'Asterisk PBX 11.13.1~dfsg-2+deb8u2','udp:185.23.37.205:5060',NULL,NULL,0,0,-1,1,13),(22997,'uloc-59c81d23-3f10-376a1','mutreraterminal','altamar-voz.tedra.es','sip:mutreraterminal@10.0.10.254:5060','sip:185.23.36.251:22186',NULL,'2017-10-24 18:11:05',-1.00,'3e38ad5e411794ca220ca6e057b311f5@10.0.10.254',6145,'2017-10-24 18:06:05',0,192,'Asterisk PBX 11.13.1~dfsg-2+deb8u2','udp:185.23.37.205:5060',NULL,NULL,0,0,-1,1,14),(22998,'uloc-59c81d23-3f10-076a1','vpenaterminal','altamar-voz.tedra.es','sip:vpenaterminal@10.0.10.254:5060','sip:185.23.36.251:22186',NULL,'2017-10-24 18:11:05',-1.00,'39d2ec182072fe94695970390c843c2a@10.0.10.254',6145,'2017-10-24 18:06:05',0,192,'Asterisk PBX 11.13.1~dfsg-2+deb8u2','udp:185.23.37.205:5060',NULL,NULL,0,0,-1,1,15),(22999,'uloc-59c81d23-3f12-604a1','fagrimiterminal','altamar-voz.tedra.es','sip:fagrimiterminal@10.0.10.254:5060','sip:185.23.36.251:22186',NULL,'2017-10-24 18:11:05',-1.00,'352380cb4bab911f65215e7a46965992@10.0.10.254',6145,'2017-10-24 18:06:05',0,192,'Asterisk PBX 11.13.1~dfsg-2+deb8u2','udp:185.23.37.205:5060',NULL,NULL,0,0,-1,1,16),(23000,'uloc-59c81d23-3f13-3f2a1','aentrecanalesterminal','altamar-voz.tedra.es','sip:aentrecanalesterminal@10.0.10.254:5060','sip:185.23.36.251:22186',NULL,'2017-10-24 18:11:05',-1.00,'6e5d05fe6e753e9435a31c3904f6735e@10.0.10.254',6145,'2017-10-24 18:06:05',0,192,'Asterisk PBX 11.13.1~dfsg-2+deb8u2','udp:185.23.37.205:5060',NULL,NULL,0,0,-1,1,17),(23001,'uloc-59c81d23-3f13-1f2a1','esanchezterminal','altamar-voz.tedra.es','sip:esanchezterminal@10.0.10.254:5060','sip:185.23.36.251:22186',NULL,'2017-10-24 18:11:05',-1.00,'7485af2406b3609476a6b9a27dbbce06@10.0.10.254',6145,'2017-10-24 18:06:05',0,192,'Asterisk PBX 11.13.1~dfsg-2+deb8u2','udp:185.23.37.205:5060',NULL,NULL,0,0,-1,1,18),(23002,'uloc-59c81d23-3f15-f36a1','lmartinezterminal','altamar-voz.tedra.es','sip:lmartinezterminal@10.0.10.254:5060','sip:185.23.36.251:22186',NULL,'2017-10-24 18:11:05',-1.00,'0b9af8b91ae33938382397726006c2c5@10.0.10.254',6145,'2017-10-24 18:06:05',0,192,'Asterisk PBX 11.13.1~dfsg-2+deb8u2','udp:185.23.37.205:5060',NULL,NULL,0,0,-1,1,19),(23003,'uloc-59c81d23-3f0e-c72a1','jezcurdiaterminal','altamar-voz.tedra.es','sip:jezcurdiaterminal@10.0.10.254:5060','sip:185.23.36.251:22186',NULL,'2017-10-24 18:11:05',-1.00,'1c2a7ecc04d9aea05987cb220bacdc01@10.0.10.254',6145,'2017-10-24 18:06:05',0,192,'Asterisk PBX 11.13.1~dfsg-2+deb8u2','udp:185.23.37.205:5060',NULL,NULL,0,0,-1,1,20),(23004,'uloc-59c81d23-3f14-2c5a1','mdominguezterminal','altamar-voz.tedra.es','sip:mdominguezterminal@10.0.10.254:5060','sip:185.23.36.251:22186',NULL,'2017-10-24 18:11:05',-1.00,'0f5c27310876159c770187e64f3883cd@10.0.10.254',6145,'2017-10-24 18:06:05',0,192,'Asterisk PBX 11.13.1~dfsg-2+deb8u2','udp:185.23.37.205:5060',NULL,NULL,0,0,-1,1,21),(23005,'uloc-59c81d23-3f10-576a1','jlvicenteterminal','altamar-voz.tedra.es','sip:jlvicenteterminal@10.0.10.254:5060','sip:185.23.36.251:22186',NULL,'2017-10-24 18:11:05',-1.00,'52d46d074728d61f561073cd332d033a@10.0.10.254',6145,'2017-10-24 18:06:05',0,192,'Asterisk PBX 11.13.1~dfsg-2+deb8u2','udp:185.23.37.205:5060',NULL,NULL,0,0,-1,1,22),(23006,'uloc-59c81d23-3f10-276a1','pcedrumterminal','altamar-voz.tedra.es','sip:pcedrumterminal@10.0.10.254:5060','sip:185.23.36.251:22186',NULL,'2017-10-24 18:11:05',-1.00,'740d634a26b627e867b160716ec6da5b@10.0.10.254',6145,'2017-10-24 18:06:05',0,192,'Asterisk PBX 11.13.1~dfsg-2+deb8u2','udp:185.23.37.205:5060',NULL,NULL,0,0,-1,1,23),(23007,'uloc-59c81d23-3f0f-835a1','mbarrionuevoterminal','altamar-voz.tedra.es','sip:mbarrionuevoterminal@10.0.10.254:5060','sip:185.23.36.251:22186',NULL,'2017-10-24 18:11:05',-1.00,'495b15c82fa45e5e4f0a3946190dcce1@10.0.10.254',6145,'2017-10-24 18:06:05',0,192,'Asterisk PBX 11.13.1~dfsg-2+deb8u2','udp:185.23.37.205:5060',NULL,NULL,0,0,-1,1,24),(23009,'uloc-59c81d23-3f15-d36a1','jsimonterminal','altamar-voz.tedra.es','sip:jsimonterminal@10.0.10.254:5060','sip:185.23.36.251:22186',NULL,'2017-10-24 18:11:05',-1.00,'6d1a86894fff6eb279a3b7d943297a34@10.0.10.254',6145,'2017-10-24 18:06:05',0,192,'Asterisk PBX 11.13.1~dfsg-2+deb8u2','udp:185.23.37.205:5060',NULL,NULL,0,0,-1,1,26),(23010,'uloc-59c81d23-3f0f-935a1','dvallortigaraterminal','altamar-voz.tedra.es','sip:dvallortigaraterminal@10.0.10.254:5060','sip:185.23.36.251:22186',NULL,'2017-10-24 18:11:05',-1.00,'546b1c29706a03907b8b691e22be0f51@10.0.10.254',6145,'2017-10-24 18:06:05',0,192,'Asterisk PBX 11.13.1~dfsg-2+deb8u2','udp:185.23.37.205:5060',NULL,NULL,0,0,-1,1,27),(23011,'uloc-59c81d23-3f13-2f2a1','cgarcialomasterminal','altamar-voz.tedra.es','sip:cgarcialomasterminal@10.0.10.254:5060','sip:185.23.36.251:22186',NULL,'2017-10-24 18:11:05',-1.00,'295cfe6541aa40750c7045021545c719@10.0.10.254',6145,'2017-10-24 18:06:05',0,192,'Asterisk PBX 11.13.1~dfsg-2+deb8u2','udp:185.23.37.205:5060',NULL,NULL,0,0,-1,1,28),(23012,'uloc-59c81d23-3f13-ee2a1','mherreroterminal','altamar-voz.tedra.es','sip:mherreroterminal@10.0.10.254:5060','sip:185.23.36.251:22186',NULL,'2017-10-24 18:11:05',-1.00,'4fd5c3f3293603e83372546100ff581e@10.0.10.254',6145,'2017-10-24 18:06:05',0,192,'Asterisk PBX 11.13.1~dfsg-2+deb8u2','udp:185.23.37.205:5060',NULL,NULL,0,0,-1,1,29),(23013,'uloc-59c81d23-3f0f-635a1','ngarciaterminal','altamar-voz.tedra.es','sip:ngarciaterminal@10.0.10.254:5060','sip:185.23.36.251:22186',NULL,'2017-10-24 18:11:05',-1.00,'27c817fe001aa3d5505c0fd77502c2c2@10.0.10.254',6145,'2017-10-24 18:06:05',0,192,'Asterisk PBX 11.13.1~dfsg-2+deb8u2','udp:185.23.37.205:5060',NULL,NULL,0,0,-1,1,0),(23014,'uloc-59c81d23-3f10-676a1','ealfonsoterminal','altamar-voz.tedra.es','sip:ealfonsoterminal@10.0.10.254:5060','sip:185.23.36.251:22186',NULL,'2017-10-24 18:11:05',-1.00,'2a6ee19b48ddf3712f1802e54a38a40e@10.0.10.254',6145,'2017-10-24 18:06:05',0,192,'Asterisk PBX 11.13.1~dfsg-2+deb8u2','udp:185.23.37.205:5060',NULL,NULL,0,0,-1,1,1),(23015,'uloc-59c81d23-3f0f-735a1','mronaterminal','altamar-voz.tedra.es','sip:mronaterminal@10.0.10.254:5060','sip:185.23.36.251:22186',NULL,'2017-10-24 18:11:05',-1.00,'4acb79530d1e84f1244cf5001ed6c975@10.0.10.254',6145,'2017-10-24 18:06:05',0,192,'Asterisk PBX 11.13.1~dfsg-2+deb8u2','udp:185.23.37.205:5060',NULL,NULL,0,0,-1,1,2),(23016,'uloc-59c81d23-3f11-572a1','agarciamoralesterminal','altamar-voz.tedra.es','sip:agarciamoralesterminal@10.0.10.254:5060','sip:185.23.36.251:22186',NULL,'2017-10-24 18:11:05',-1.00,'257f9afb706e36ff4f8b8b674505d47a@10.0.10.254',6145,'2017-10-24 18:06:05',0,192,'Asterisk PBX 11.13.1~dfsg-2+deb8u2','udp:185.23.37.205:5060',NULL,NULL,0,0,-1,1,3),(23017,'uloc-59c81d23-3f14-1c5a1','iandradeterminal','altamar-voz.tedra.es','sip:iandradeterminal@10.0.10.254:5060','sip:185.23.36.251:22186',NULL,'2017-10-24 18:11:05',-1.00,'68a0f5bf19990a8a00742005397e0a97@10.0.10.254',6145,'2017-10-24 18:06:05',0,192,'Asterisk PBX 11.13.1~dfsg-2+deb8u2','udp:185.23.37.205:5060',NULL,NULL,0,0,-1,1,4),(23018,'uloc-59c81d23-3f0e-872a1','salaaltanterminal','altamar-voz.tedra.es','sip:salaaltanterminal@10.0.10.254:5060','sip:185.23.36.251:22186',NULL,'2017-10-24 18:11:05',-1.00,'79e90c9214f62c6e5580ebe364fdd6de@10.0.10.254',6145,'2017-10-24 18:06:05',0,192,'Asterisk PBX 11.13.1~dfsg-2+deb8u2','udp:185.23.37.205:5060',NULL,NULL,0,0,-1,1,5),(23019,'uloc-59c81d23-3f10-776a1','cestebanterminal','altamar-voz.tedra.es','sip:cestebanterminal@10.0.10.254:5060','sip:185.23.36.251:22186',NULL,'2017-10-24 18:11:05',-1.00,'74cc73b760f5ee836d750f307c5cbc52@10.0.10.254',6145,'2017-10-24 18:06:05',0,192,'Asterisk PBX 11.13.1~dfsg-2+deb8u2','udp:185.23.37.205:5060',NULL,NULL,0,0,-1,1,6),(23020,'uloc-59c81d23-3f0e-f72a1','caguirreterminal','altamar-voz.tedra.es','sip:caguirreterminal@10.0.10.254:5060','sip:185.23.36.251:22186',NULL,'2017-10-24 18:11:05',-1.00,'6c34e2fd6fb1dbf01fe22fd8494d04ad@10.0.10.254',6145,'2017-10-24 18:06:05',0,192,'Asterisk PBX 11.13.1~dfsg-2+deb8u2','udp:185.23.37.205:5060',NULL,NULL,0,0,-1,1,7),(23021,'uloc-59c81d23-3f11-472a1','folasoterminal','altamar-voz.tedra.es','sip:folasoterminal@10.0.10.254:5060','sip:185.23.36.251:22186',NULL,'2017-10-24 18:11:05',-1.00,'640c13272e732a2f6e2889637a14a6ae@10.0.10.254',6145,'2017-10-24 18:06:05',0,192,'Asterisk PBX 11.13.1~dfsg-2+deb8u2','udp:185.23.37.205:5060',NULL,NULL,0,0,-1,1,8),(23022,'uloc-59c81d23-3f13-0f2a1','jmolinaterminal','altamar-voz.tedra.es','sip:jmolinaterminal@10.0.10.254:5060','sip:185.23.36.251:22186',NULL,'2017-10-24 18:11:05',-1.00,'141d3eed0d29d4614dc50c833ff50f2a@10.0.10.254',6145,'2017-10-24 18:06:05',0,192,'Asterisk PBX 11.13.1~dfsg-2+deb8u2','udp:185.23.37.205:5060',NULL,NULL,0,0,-1,1,9),(23023,'uloc-59c81d23-3f12-704a1','cesproncedaterminal','altamar-voz.tedra.es','sip:cesproncedaterminal@10.0.10.254:5060','sip:185.23.36.251:22186',NULL,'2017-10-24 18:11:05',-1.00,'023605262a998694675f86b271a51b94@10.0.10.254',6145,'2017-10-24 18:06:05',0,192,'Asterisk PBX 11.13.1~dfsg-2+deb8u2','udp:185.23.37.205:5060',NULL,NULL,0,0,-1,1,10),(23024,'uloc-59c81d23-3f10-476a1','mcorpaterminal','altamar-voz.tedra.es','sip:mcorpaterminal@10.0.10.254:5060','sip:185.23.36.251:22186',NULL,'2017-10-24 18:11:05',-1.00,'07c300be16f1bcbb59ce1cd86c03d3f2@10.0.10.254',6145,'2017-10-24 18:06:05',0,192,'Asterisk PBX 11.13.1~dfsg-2+deb8u2','udp:185.23.37.205:5060',NULL,NULL,0,0,-1,1,11),(23025,'uloc-59c81d23-3f10-176a1','pybarraterminal','altamar-voz.tedra.es','sip:pybarraterminal@10.0.10.254:5060','sip:185.23.36.251:22186',NULL,'2017-10-24 18:11:05',-1.00,'6390da1c4437aa760845f1bc69484e30@10.0.10.254',6145,'2017-10-24 18:06:05',0,192,'Asterisk PBX 11.13.1~dfsg-2+deb8u2','udp:185.23.37.205:5060',NULL,NULL,0,0,-1,1,12),(23026,'uloc-59c81d23-3f0e-082a1','agallegoterminal','altamar-voz.tedra.es','sip:agallegoterminal@10.0.10.254:5060','sip:185.23.36.251:22186',NULL,'2017-10-24 18:11:05',-1.00,'46b65e880f930b781232b4ca102862bb@10.0.10.254',6145,'2017-10-24 18:06:05',0,192,'Asterisk PBX 11.13.1~dfsg-2+deb8u2','udp:185.23.37.205:5060',NULL,NULL,0,0,-1,1,13),(23027,'uloc-59c81d23-3f13-fe2a1','jvillenaterminal','altamar-voz.tedra.es','sip:jvillenaterminal@10.0.10.254:5060','sip:185.23.36.251:22186',NULL,'2017-10-24 18:11:05',-1.00,'56ac423d7067cf7a340dcf731abd4510@10.0.10.254',6145,'2017-10-24 18:06:05',0,192,'Asterisk PBX 11.13.1~dfsg-2+deb8u2','udp:185.23.37.205:5060',NULL,NULL,0,0,-1,1,14),(23028,'uloc-59c81d23-3f0f-535a1','pgomezterminal','altamar-voz.tedra.es','sip:pgomezterminal@10.0.10.254:5060','sip:185.23.36.251:22186',NULL,'2017-10-24 18:11:05',-1.00,'7a78caee630373db02bfdcc07eef292f@10.0.10.254',6145,'2017-10-24 18:06:05',0,192,'Asterisk PBX 11.13.1~dfsg-2+deb8u2','udp:185.23.37.205:5060',NULL,NULL,0,0,-1,1,15),(23029,'uloc-59c81d23-3f12-504a1','jjperezterminal','altamar-voz.tedra.es','sip:jjperezterminal@10.0.10.254:5060','sip:185.23.36.251:22186',NULL,'2017-10-24 18:11:05',-1.00,'6686d18c3c5d6dac768c9d7d05e28ff3@10.0.10.254',6145,'2017-10-24 18:06:05',0,192,'Asterisk PBX 11.13.1~dfsg-2+deb8u2','udp:185.23.37.205:5060',NULL,NULL,0,0,-1,1,16),(23030,'uloc-59c81d23-3f14-0c5a1','jepalzaterminal','altamar-voz.tedra.es','sip:jepalzaterminal@10.0.10.254:5060','sip:185.23.36.251:22186',NULL,'2017-10-24 18:11:05',-1.00,'234487a44b180cf11edd35f650d9985f@10.0.10.254',6145,'2017-10-24 18:06:05',0,192,'Asterisk PBX 11.13.1~dfsg-2+deb8u2','udp:185.23.37.205:5060',NULL,NULL,0,0,-1,1,17),(23062,'uloc-59c81d23-3f12-909c1','despacho3terminal','fbconsultores-voz.tedra.es','sip:despacho3terminal@192.168.2.32:1030','sip:185.23.38.58:1030',NULL,'2017-10-24 18:50:12',-1.00,'2125488162-5060-1@BJC.BGI.C.DC',17579,'2017-10-24 17:50:12',0,192,'Grandstream GXP1628 1.0.2.4','udp:185.23.37.205:5060',7135,'<urn:uuid:00000000-0000-1000-8000-000B827C36CF>',1,0,-1,1,19),(23063,'uloc-59c81d23-3f0e-108c1','susiterminal','fbconsultores-voz.tedra.es','sip:susiterminal@192.168.2.25:5060','sip:185.23.38.58:1329',NULL,'2017-10-24 18:22:53',-1.00,'ff056552-f82dc389@192.168.2.25',52674,'2017-10-24 17:22:53',0,192,'Cisco/SPA504G-7.5.2','udp:185.23.37.205:5060',6815,NULL,0,0,-1,1,20),(23065,'uloc-59c81d23-3f14-66bc1','recepcion','alvarez-voz.tedra.es','sip:Recepcion@192.168.0.111:5060','sip:185.23.38.2:6311',NULL,'2017-10-24 18:22:29',-1.00,'b857a301-24858a42@192.168.0.111',38925,'2017-10-24 17:22:29',0,192,'Cisco/SPA504G-7.4.9c','udp:185.23.37.205:5060',6815,NULL,0,0,-1,1,22),(23066,'uloc-59c81d23-3f11-a68c1','carlosterminal','fbconsultores-voz.tedra.es','sip:carlosterminal@192.168.2.19:5060','sip:185.23.38.58:1328',NULL,'2017-10-24 18:22:53',-1.00,'fc22128d-bfcffa7@192.168.2.19',36953,'2017-10-24 17:22:53',0,192,'Cisco/SPA504G-7.5.2','udp:185.23.37.205:5060',6815,NULL,0,0,-1,1,23),(23067,'uloc-59c81d23-3f13-e67c1','silviaterminal','fbconsultores-voz.tedra.es','sip:silviaterminal@192.168.2.26:5060','sip:185.23.38.58:1330',NULL,'2017-10-24 18:23:00',-1.00,'6a22008c-e1a25198@192.168.2.26',32516,'2017-10-24 17:23:00',0,192,'Cisco/SPA504G-7.5.2','udp:185.23.37.205:5060',6815,NULL,0,0,-1,1,24),(23068,'uloc-59c81d23-3f10-f5bc1','martaynereterminal','fbconsultores-voz.tedra.es','sip:martaynereterminal@192.168.2.36:5060','sip:185.23.38.58:1325',NULL,'2017-10-24 18:50:13',-1.00,'1906499384-5060-1@BJC.BGI.C.DG',17604,'2017-10-24 17:50:13',0,192,'Grandstream GXP1628 1.0.2.4','udp:185.23.37.205:5060',7135,'<urn:uuid:00000000-0000-1000-8000-000B827C36CE>',1,0,-1,1,25),(23070,'uloc-59c81d23-3f0e-208c1','despacho2terminal','fbconsultores-voz.tedra.es','sip:despacho2terminal@192.168.2.20:5060','sip:185.23.38.58:1322',NULL,'2017-10-24 18:50:12',-1.00,'944706867-5060-5@BJC.BGI.C.CA',17815,'2017-10-24 17:50:12',0,192,'Grandstream GXP1628 1.0.2.4','udp:185.23.37.205:5060',7135,'<urn:uuid:00000000-0000-1000-8000-000B827D364F>',1,0,-1,1,27),(23071,'uloc-59c81d23-3f14-86bc1','sec','alvarez-voz.tedra.es','sip:SEC@192.168.0.109:5060','sip:185.23.38.2:6313',NULL,'2017-10-24 18:23:17',-1.00,'881b5a8-f802bfc1@192.168.0.109',18586,'2017-10-24 17:23:17',0,192,'Cisco/SPA504G-7.4.9c','udp:185.23.37.205:5060',6815,NULL,0,0,-1,1,28),(23072,'uloc-59c81d23-3f12-309c1','despacho','alvarez-voz.tedra.es','sip:Despacho@192.168.0.110:5060','sip:185.23.38.2:6312',NULL,'2017-10-24 18:22:55',-1.00,'e11c99fc-6fd3079a@192.168.0.110',31410,'2017-10-24 17:22:55',0,192,'Cisco/SPA504G-7.4.9c','udp:185.23.37.205:5060',6815,NULL,0,0,-1,1,29),(23073,'uloc-59c81d23-3f15-23bc1','despacho5terminal','fbconsultores-voz.tedra.es','sip:despacho5terminal@192.168.2.13:5060','sip:185.23.38.58:1321',NULL,'2017-10-24 18:50:06',-1.00,'1573356328-5060-1@BJC.BGI.C.BD',17598,'2017-10-24 17:50:06',0,192,'Grandstream GXP1628 1.0.2.4','udp:185.23.37.205:5060',7135,'<urn:uuid:00000000-0000-1000-8000-000B827C3809>',1,0,-1,1,0),(23074,'uloc-59c81d23-3f14-76bc1','despacho1terminal','fbconsultores-voz.tedra.es','sip:despacho1terminal@192.168.2.14:5060','sip:185.23.38.58:1324',NULL,'2017-10-24 18:50:10',-1.00,'1479927635-5060-1@BJC.BGI.C.BE',17615,'2017-10-24 17:50:10',0,192,'Grandstream GXP1628 1.0.2.4','udp:185.23.37.205:5060',7135,'<urn:uuid:00000000-0000-1000-8000-000B827C3812>',1,0,-1,1,1),(23078,'uloc-59c81d23-3f11-b68c1','anaterminal','fbconsultores-voz.tedra.es','sip:anaterminal@192.168.2.17:5060','sip:185.23.38.58:1326',NULL,'2017-10-24 18:22:51',-1.00,'36146ed8-893d7bf@192.168.2.17',55050,'2017-10-24 17:22:51',0,192,'Cisco/SPA504G-7.5.2','udp:185.23.37.205:5060',6815,NULL,0,0,-1,1,5),(23079,'uloc-59c81d23-3f0f-3aac1','despacho4terminal','fbconsultores-voz.tedra.es','sip:despacho4terminal@192.168.2.15:5060','sip:185.23.38.58:1323',NULL,'2017-10-24 18:50:20',-1.00,'1710764258-5060-1@BJC.BGI.C.BF',17739,'2017-10-24 17:50:20',0,192,'Grandstream GXP1628 1.0.2.4','udp:185.23.37.205:5060',7135,'<urn:uuid:00000000-0000-1000-8000-000B827C36D4>',1,0,-1,1,6),(23080,'uloc-59c81d23-3f11-c68c1','cristerminal','fbconsultores-voz.tedra.es','sip:cristerminal@192.168.2.29:5060','sip:185.23.38.58:1327',NULL,'2017-10-24 18:22:50',-1.00,'23f7c0c9-fbaac67f@192.168.2.29',46919,'2017-10-24 17:22:50',0,192,'Cisco/SPA504G-7.5.2','udp:185.23.37.205:5060',6815,NULL,0,0,-1,1,7),(23083,'uloc-59c81d23-3f13-f67c1','ricardoterminal','fbconsultores-voz.tedra.es','sip:ricardoterminal@192.168.2.16:5060','sip:185.23.38.58:1331',NULL,'2017-10-24 18:23:03',-1.00,'f5dc5034-95b00611@192.168.2.16',11493,'2017-10-24 17:23:03',0,192,'Cisco/SPA504G-7.5.2','udp:185.23.37.205:5060',6815,NULL,0,0,-1,1,10),(23085,'uloc-59c81d23-3f10-e6bc1','administrationalt','altamar-voz.tedra.es','sip:administrationalt@152.193.9.230:5060',NULL,NULL,'2017-10-24 18:58:15',-1.00,'777c835d-4650c0b3@10.11.0.14',46795,'2017-10-24 17:58:15',0,0,'Cisco/SPA525G2-7.5.5a','udp:185.23.37.205:5060',6815,NULL,0,0,-1,0,12),(23107,'uloc-59c81d23-3f10-d00d1','jordinietoterminal','altamar-voz.tedra.es','sip:jordinietoterminal@192.168.166.119:5060','sip:185.23.36.251:59202',NULL,'2017-10-24 18:46:59',-1.00,'ec8a1bac-90d3edae@192.168.166.119',30712,'2017-10-24 17:46:59',0,192,'Cisco/SPA525G2-7.5.6c','udp:185.23.37.205:5060',6815,NULL,0,0,-1,1,4),(23149,'uloc-59c81d23-3f12-e1122','christiannautico','tedra-voz.tedra.es','sip:ChristianNautico@172.16.3.5:5060','sip:185.23.36.19:5060',NULL,'2017-10-24 18:18:21',-1.00,'0_2998190570@192.168.0.100',932,'2017-10-24 17:18:21',0,192,'Yealink SIP-T21P_E2 52.80.0.70','udp:185.23.37.205:5060',16383,NULL,0,0,-1,1,16),(23160,'uloc-59c81d23-3f0f-8d442','polycomconsejo','altamar-voz.tedra.es','sip:polycomconsejo@192.168.169.70:5060;transport=udp','sip:185.23.36.251:24196',NULL,'2017-10-24 18:09:45',-1.00,'2235577820-3356',444,'2017-10-24 18:04:45',0,192,'PolycomHDX7000HD/3.1.7','udp:185.23.37.205:5060',NULL,'<urn:uuid:2f2da3d2-1bf4-5900-bc05-9bfb332899ca>',0,0,-1,1,27),(23213,'uloc-59c81d23-3f14-58a82','jzabarteterminal','altamar-voz.tedra.es','sip:jzabarteterminal@192.168.3.205:5060','sip:212.170.168.61:1029',NULL,'2017-10-24 18:11:53',-1.00,'14a20190-6edddb8@192.168.3.205',200491,'2017-10-24 18:06:53',0,192,'Cisco/SPA303-7.5.7s','udp:185.23.37.205:5060',6815,NULL,0,0,-1,1,20),(23214,'uloc-59c81d23-3f12-a7782','epasarisasterminal','altamar-voz.tedra.es','sip:epasarisasterminal@192.168.3.209:5060','sip:212.170.168.61:2243',NULL,'2017-10-24 18:49:03',-1.00,'f483ed6b-5542b264@192.168.3.209',37115,'2017-10-24 17:49:03',0,192,'Cisco/SPA504G-7.5.6','udp:185.23.37.205:5060',6815,NULL,0,0,-1,1,21),(23215,'uloc-59c81d23-3f0e-cf482','dcastanyterminal','altamar-voz.tedra.es','sip:dcastanyterminal@192.168.3.206:5060','sip:212.170.168.61:1030',NULL,'2017-10-24 18:12:38',-1.00,'ab2ba993-cd2de482@192.168.3.206',194432,'2017-10-24 18:07:38',0,192,'Cisco/SPA303-7.5.7s','udp:185.23.37.205:5060',6815,NULL,0,0,-1,1,22),(23216,'uloc-59c81d23-3f0e-df482','galdanasala1','altamar-voz.tedra.es','sip:galdanasala1@192.168.3.207','sip:212.170.168.61:3416',NULL,'2017-10-24 18:10:29',-1.00,'5befca9-7bcbd1d4-2b760863@192.168.3.207',7355,'2017-10-24 18:05:29',0,192,'PolycomSoundStationIP-SSIP_5000-UA/4.0.8.1972','udp:185.23.37.205:5060',8159,NULL,0,0,-1,1,23),(23217,'uloc-59c81d23-3f15-0a982','rvelascoterminal','altamar-voz.tedra.es','sip:rvelascoterminal@192.168.3.204:5060','sip:212.170.168.61:5060',NULL,'2017-10-24 18:48:37',-1.00,'2e2842da-d8c943c2@192.168.3.204',162023,'2017-10-24 17:48:37',0,192,'Cisco/SPA303-7.5.7s','udp:185.23.37.205:5060',6815,NULL,0,0,-1,1,24),(23227,'uloc-59c81d23-3f0f-d0792','lsetienterminal','altamar-voz.tedra.es','sip:lsetienterminal@10.0.10.254:5060','sip:185.23.36.251:22186',NULL,'2017-10-24 18:11:05',-1.00,'6b45ec831b1007ca4f676ddf63aaeb92@10.0.10.254',6145,'2017-10-24 18:06:05',0,192,'Asterisk PBX 11.13.1~dfsg-2+deb8u2','udp:185.23.37.205:5060',NULL,NULL,0,0,-1,1,4),(23230,'uloc-59c81d23-3f12-40792','miguelherreroterminal','tedra-voz.tedra.es','sip:MiguelHerreroTerminal@192.168.1.222:5060','sip:213.96.240.185:1026',NULL,'2017-10-24 18:43:41',-1.00,'2d6120ba-7b43000e@192.168.1.222',62460,'2017-10-24 17:43:41',0,192,'Cisco/SPA504G-7.4.9c','udp:185.23.37.205:5060',6815,NULL,0,0,-1,1,7),(23289,'uloc-59c81d23-3f15-b8be2','anagonzalezterminal','altamar-voz.tedra.es','sip:anagonzalezterminal@192.168.166.87:5060','sip:185.23.36.251:22725',NULL,'2017-10-24 18:59:13',-1.00,'0_3059236641@192.168.166.87',644,'2017-10-24 17:59:13',0,192,'Yealink SIP-T46G 28.80.0.95','udp:185.23.37.205:5060',16383,NULL,0,0,-1,1,6),(23325,'uloc-59c81d23-3f11-adf33','clinicaeras','clinicaeras-voz.tedra.es','sip:clinicaeras@192.168.1.214:5060','sip:2.154.60.59:5060',NULL,'2017-10-24 18:44:45',-1.00,'769950193-5060-2@BJC.BGI.B.CBE',20018,'2017-10-24 17:44:45',0,192,'Grandstream HT701 1.0.8.2','udp:185.23.37.205:5060',6879,'<urn:uuid:00000000-0000-1000-8000-000B827D071B>',1,0,-1,1,12),(23327,'uloc-59c81d23-3f14-09353','harveylambertterminal','altamar-voz.tedra.es','sip:harveylambertterminal@152.193.9.230:9642',NULL,NULL,'2017-10-24 18:10:59',-1.00,'c202abb5-203cf4a5@10.11.0.13',60532,'2017-10-24 18:05:59',0,0,'Cisco/SPA525G2-7.5.5a','udp:185.23.37.205:5060',6815,NULL,0,0,-1,0,14),(23328,'uloc-59c81d23-3f10-a5553','mecheniqueterminal','altamar-voz.tedra.es','sip:mecheniqueterminal@152.193.9.230:6683',NULL,NULL,'2017-10-24 18:56:55',-1.00,'22eedc86-ffd59604@10.11.0.17',13529,'2017-10-24 17:56:55',0,0,'Cisco/SPA504G-7.5.2','udp:185.23.37.205:5060',6815,NULL,0,0,-1,0,15),(23329,'uloc-59c81d23-3f10-c5553','mecheniqueterminal','altamar-voz.tedra.es','sip:mecheniqueterminal@152.193.9.230:61466',NULL,NULL,'2017-10-24 18:56:52',-1.00,'f7fe1aa1-87f876b8@10.10.100.198',40560,'2017-10-24 17:56:52',0,0,'Cisco/SPA504G-7.5.2','udp:185.23.37.205:5060',6815,NULL,0,0,-1,0,16),(23330,'uloc-59c81d23-3f0e-59e43','rocioheresterminal','altamar-voz.tedra.es','sip:rocioheresterminal@152.193.9.230:57044',NULL,NULL,'2017-10-24 18:58:14',-1.00,'74e61c71-9733db0c@10.11.0.19',65939,'2017-10-24 17:58:14',0,0,'Cisco/SPA525G2-7.5.5a','udp:185.23.37.205:5060',6815,NULL,0,0,-1,0,17),(23331,'uloc-59c81d23-3f12-1d053','hectormorenoterminal','altamar-voz.tedra.es','sip:hectormorenoterminal@152.193.9.230:2093',NULL,NULL,'2017-10-24 18:58:05',-1.00,'1e3136f5-d84de1f3@10.11.0.12',53097,'2017-10-24 17:58:05',0,0,'Cisco/SPA525G2-7.5.5a','udp:185.23.37.205:5060',6815,NULL,0,0,-1,0,18),(23332,'uloc-59c81d23-3f12-0d053','alvaromaestreterminal','altamar-voz.tedra.es','sip:alvaromaestreterminal@152.193.9.230:53446',NULL,NULL,'2017-10-24 18:56:25',-1.00,'b57afade-d844b8e@10.11.0.15',156558,'2017-10-24 17:56:25',0,0,'Cisco/SPA504G-7.5.2','udp:185.23.37.205:5060',6815,NULL,0,0,-1,0,19),(23333,'uloc-59c81d23-3f14-d8353','ip5000ny01','altamar-voz.tedra.es','sip:ip5000ny01@152.193.9.230:51140',NULL,NULL,'2017-10-24 19:00:10',-1.00,'b3fbc584-4e9b1c2b-4d2c043e@10.11.0.16',420,'2017-10-24 18:00:10',0,0,'PolycomSoundStationIP-SSIP_5000-UA/4.0.4.2906','udp:185.23.37.205:5060',8159,NULL,0,0,-1,0,20),(23334,'uloc-59c81d23-3f0f-f6353','dereksnyderterminal','altamar-voz.tedra.es','sip:dereksnyderterminal@152.193.9.230:23510',NULL,NULL,'2017-10-24 18:56:27',-1.00,'838cef03-4347ddd6@10.11.0.21',79256,'2017-10-24 17:56:27',0,0,'Cisco/SPA504G-7.5.2','udp:185.23.37.205:5060',6815,NULL,0,0,-1,0,21),(23337,'uloc-59c81d23-3f11-a8753','3001','miramar-voz.tedra.es','sip:3001@185.23.38.46:60263;rinstance=276162cbd6141236','sip:185.23.38.46:60263',NULL,'2017-10-24 19:00:29',-1.00,'84929MjNhMjFjMzU3Y2Y1ZDlhMTA4ODRmMjRmYTA5YjdkMjA',256,'2017-10-24 18:00:29',0,192,'Bria 4 release 4.8.1 stamp 84929','udp:185.23.37.205:5060',4831,NULL,0,0,-1,1,24),(23343,'uloc-59c81d23-3f0f-5fc53','3009','miramar-voz.tedra.es','sip:3009@185.23.38.46:54634;rinstance=444efaab173626ad','sip:185.23.38.46:54634',NULL,'2017-10-24 19:00:36',-1.00,'84929MWJjNmIxMWY2MGIxMWIyZTRiZDRkODk2ODdhNjRjZDY',256,'2017-10-24 18:00:36',0,192,'Bria 4 release 4.8.1 stamp 84929','udp:185.23.37.205:5060',4831,NULL,0,0,-1,1,0),(23346,'uloc-59c81d23-3f15-a9a53','3012','miramar-voz.tedra.es','sip:3012@185.23.38.46:63697;rinstance=49944858352239a3','sip:185.23.38.46:63697',NULL,'2017-10-24 18:15:22',-1.00,'82159ZjVlNmI3Zjg3NDk2MzI0N2E3YmNjNzg5NzExNjBiNzQ',446,'2017-10-24 17:15:22',0,192,'Bria 4 release 4.6.0 stamp 82159','udp:185.23.37.205:5060',4831,NULL,0,0,-1,1,3),(23367,'uloc-59c81d23-3f22-45f','salaformacion','novaquality-voz.mgiconsultores.com','sip:SalaFormacion@10.10.20.18:5072;transport=tcp','sip:185.23.38.74:5072;transport=tcp',NULL,'2017-10-24 18:35:39',-1.00,'6d4ad452-bd8f23bf@10.10.20.18',90376,'2017-10-24 17:35:39',0,64,'Cisco/SPA514G-7.5.2','tcp:185.23.37.205:5060',6815,NULL,0,0,20216,1,24),(23373,'uloc-59c81d23-3f22-65f','pedroherrera','novaquality-voz.mgiconsultores.com','sip:PedroHerrera@10.10.20.22:5063;transport=tcp','sip:185.23.38.74:5133;transport=tcp',NULL,'2017-10-24 18:45:17',-1.00,'22eee017-96ce8338@10.10.20.22',78616,'2017-10-24 17:45:17',0,64,'Cisco/SPA514G-7.5.2','tcp:185.23.37.205:5060',6815,NULL,0,0,20224,1,0),(23391,'uloc-59c81d23-3f26-c7c','rociovicente','novaquality-voz.mgiconsultores.com','sip:RocioVicente@10.10.20.21:5069;transport=tcp','sip:185.23.38.74:5069;transport=tcp',NULL,'2017-10-24 19:02:07',-1.00,'4945e385-e2e6a652@10.10.20.21',32884,'2017-10-24 18:02:07',0,64,'Cisco/SPA514G-7.5.2','tcp:185.23.37.205:5060',6815,NULL,0,0,20252,1,18),(23393,'uloc-59c81d23-3f10-2ea73','administracion','alvarez-voz.tedra.es','sip:Administracion@192.168.0.107:5060','sip:185.23.38.2:5060',NULL,'2017-10-24 18:11:20',-1.00,'377c6d6c-7e4fcaea@192.168.0.107',97815,'2017-10-24 18:06:20',0,192,'Cisco/SPA502G-7.4.8a','udp:185.23.37.205:5060',6815,NULL,0,0,-1,1,20),(23395,'uloc-59c81d23-3f14-bb873','panphonefbterminal','fbconsultores-voz.tedra.es','sip:panphonefbterminal@192.168.2.197:5060;line=44a6b793609d84c','sip:185.23.38.58:5060',NULL,'2017-10-24 18:11:34',-1.00,'2117229209',5307,'2017-10-24 18:01:34',0,192,'VoIP Guard','udp:185.23.37.205:5060',NULL,NULL,0,0,-1,1,22),(23396,'uloc-59c81d23-3f0f-62973','diegovegaterminal','tedra-voz.tedra.es','sip:diegovegaterminal@192.168.1.224:5060','sip:213.96.240.185:1025',NULL,'2017-10-24 18:58:30',-1.00,'28cc956b-9522a52@192.168.1.224',64988,'2017-10-24 17:58:30',0,192,'Cisco/SPA504G-7.5.2','udp:185.23.37.205:5060',6815,NULL,0,0,-1,1,23),(23416,'uloc-59c81d23-3f12-3c983','dhuidobroterminal','altamar-voz.tedra.es','sip:dhuidobroterminal@192.168.2.5:5060','sip:190.98.220.98:1162',NULL,'2017-10-24 18:54:23',-1.00,'6f9aaf19-15428ba@192.168.2.5',38213,'2017-10-24 17:54:23',0,192,'Cisco/SPA525G2-7.4.7','udp:185.23.37.205:5060',6815,NULL,0,0,-1,1,13),(23430,'uloc-59c81d23-3f12-7dd83','usuario1','varianza-voz.mgiconsultores.com','sip:Usuario1@192.168.1.98:5060','sip:83.48.12.70:5060',NULL,'2017-10-24 18:56:45',-1.00,'995b2425-7b115acd@192.168.1.98',22007,'2017-10-24 17:56:45',0,192,'Cisco/SPA504G-7.5.2','udp:185.23.37.205:5060',6815,NULL,0,0,-1,1,27),(23431,'uloc-59c81d23-3f10-7a293','usuario2','varianza-voz.mgiconsultores.com','sip:Usuario2@192.168.1.61:5060','sip:83.48.12.70:1694',NULL,'2017-10-24 18:55:14',-1.00,'4456615a-fa0db3bb@192.168.1.61',7808,'2017-10-24 17:55:14',0,192,'Cisco/SPA525G2-7.5.6c','udp:185.23.37.205:5060',6815,NULL,0,0,-1,1,28),(23474,'uloc-59c81d23-3f10-02eb3','nhernandezterminal','altamar-voz.tedra.es','sip:nhernandezterminal@192.168.166.219:5062','sip:185.23.36.251:1241',NULL,'2017-10-24 18:11:59',-1.00,'240378212@192.168.166.219',5117,'2017-10-24 18:06:59',0,192,'Yealink SIP-W52P 25.73.0.40','udp:185.23.37.205:5060',16383,NULL,0,0,-1,1,11),(23487,'uloc-59c81d23-3f11-d11d3','sala2polycomterminal','altamar-voz.tedra.es','sip:sala2polycomterminal@192.168.166.220','sip:185.23.36.251:20837',NULL,'2017-10-24 18:09:43',-1.00,'8c787a49-f882434-dbfd0db@192.168.166.220',2850,'2017-10-24 18:04:43',0,192,'PolycomSoundStationIP-SSIP_5000-UA/4.0.11.0583','udp:185.23.37.205:5060',8159,NULL,0,0,-1,1,24),(23488,'uloc-59c81d23-3f22-bc01','rrhh','novaquality-voz.mgiconsultores.com','sip:RRHH@10.10.20.19:5079;transport=tcp','sip:185.23.38.74:5144;transport=tcp',NULL,'2017-10-24 18:36:17',-1.00,'a68add26-3c28918f@10.10.20.19',8440,'2017-10-24 17:36:17',0,64,'Cisco/SPA514G-7.5.2','tcp:185.23.37.205:5060',6815,NULL,0,0,22332,1,25),(23490,'uloc-59c81d23-3f26-efd','dptotecnico','novaquality-voz.mgiconsultores.com','sip:DptoTecnico@10.10.20.20:5067;transport=tcp','sip:185.23.38.74:5067;transport=tcp',NULL,'2017-10-24 18:36:05',-1.00,'f166ffc2-15bb6ffd@10.10.20.20',48259,'2017-10-24 17:36:05',0,64,'Cisco/SPA514G-7.5.2','tcp:185.23.37.205:5060',6815,NULL,0,0,22330,1,27),(23493,'uloc-59c81d23-3f25-c0e','elab12','novaquality-voz.mgiconsultores.com','sip:ELAB12@10.10.20.30:5062;transport=tcp','sip:185.23.38.74:5146;transport=tcp',NULL,'2017-10-24 18:41:41',-1.00,'b7925daf-c99b5ed9@10.10.20.30',16635,'2017-10-24 17:41:41',0,64,'Cisco/SPA504G-7.5.2','tcp:185.23.37.205:5060',6815,NULL,0,0,22339,1,0),(23496,'uloc-59c81d23-3f25-e0e','elab6','novaquality-voz.mgiconsultores.com','sip:ELAB6@10.10.20.17:5068;transport=tcp','sip:185.23.38.74:5068;transport=tcp',NULL,'2017-10-24 18:42:02',-1.00,'31d144cc-2501de4c@10.10.20.17',5136,'2017-10-24 17:42:02',0,64,'Cisco/SPA514G-7.5.2','tcp:185.23.37.205:5060',6815,NULL,0,0,22345,1,3),(23497,'uloc-59c81d23-3f28-00e','elab2','novaquality-voz.mgiconsultores.com','sip:ELAB2@10.10.20.26:5061;transport=tcp','sip:185.23.38.74:5153;transport=tcp',NULL,'2017-10-24 18:42:03',-1.00,'85f907c7-296aff8d@10.10.20.26',64451,'2017-10-24 17:42:03',0,64,'Cisco/SPA514G-7.5.2','tcp:185.23.37.205:5060',6815,NULL,0,0,22347,1,4),(23498,'uloc-59c81d23-3f24-b4f','elab10','novaquality-voz.mgiconsultores.com','sip:ELAB10@10.10.20.11:5077;transport=tcp','sip:185.23.38.74:5077;transport=tcp',NULL,'2017-10-24 18:42:16',-1.00,'5f4ec96a-cbe9f247@10.10.20.11',6226,'2017-10-24 17:42:16',0,64,'Cisco/SPA514G-7.5.2','tcp:185.23.37.205:5060',6815,NULL,0,0,22349,1,5),(23499,'uloc-59c81d23-3f28-efd','elab11','novaquality-voz.mgiconsultores.com','sip:ELAB11@10.10.20.27:5078;transport=tcp','sip:185.23.38.74:5148;transport=tcp',NULL,'2017-10-24 18:41:57',-1.00,'cde05e17-755b1d78@10.10.20.27',65231,'2017-10-24 17:41:57',0,64,'Cisco/SPA514G-7.5.2','tcp:185.23.37.205:5060',6815,NULL,0,0,22341,1,6),(23500,'uloc-59c81d23-3f29-4dd','elab7','novaquality-voz.mgiconsultores.com','sip:ELAB7@10.10.20.15:5067;transport=tcp','sip:185.23.38.74:5149;transport=tcp',NULL,'2017-10-24 18:41:56',-1.00,'2d15954-e309933d@10.10.20.15',64428,'2017-10-24 17:41:56',0,64,'Cisco/SPA514G-7.5.2','tcp:185.23.37.205:5060',6815,NULL,0,0,22342,1,7),(23501,'uloc-59c81d23-3f27-74e','elab3','novaquality-voz.mgiconsultores.com','sip:ELAB3@10.10.20.29:5079;transport=tcp','sip:185.23.38.74:5152;transport=tcp',NULL,'2017-10-24 18:42:09',-1.00,'bbe9f792-88285a0d@10.10.20.29',25362,'2017-10-24 17:42:09',0,64,'Cisco/SPA514G-7.5.2','tcp:185.23.37.205:5060',6815,NULL,0,0,22346,1,8),(23502,'uloc-59c81d23-3f29-6dd','elab4','novaquality-voz.mgiconsultores.com','sip:ELAB4@10.10.20.28:5068;transport=tcp','sip:185.23.38.74:5154;transport=tcp',NULL,'2017-10-24 18:42:05',-1.00,'bafb1583-110becd0@10.10.20.28',46891,'2017-10-24 17:42:05',0,64,'Cisco/SPA514G-7.5.2','tcp:185.23.37.205:5060',6815,NULL,0,0,22348,1,9),(23503,'uloc-59c81d23-3f22-dc01','elab8','novaquality-voz.mgiconsultores.com','sip:ELAB8@10.10.20.14:5061;transport=tcp','sip:185.23.38.74:5150;transport=tcp',NULL,'2017-10-24 18:41:56',-1.00,'e655becc-20b7ac17@10.10.20.14',10380,'2017-10-24 17:41:56',0,64,'Cisco/SPA514G-7.5.2','tcp:185.23.37.205:5060',6815,NULL,0,0,22343,1,10),(23504,'uloc-59c81d23-3f27-54e','elab5','novaquality-voz.mgiconsultores.com','sip:ELAB5@10.10.20.12:5067;transport=tcp','sip:185.23.38.74:5147;transport=tcp',NULL,'2017-10-24 18:41:54',-1.00,'fd6e99bb-4117757c@10.10.20.12',58867,'2017-10-24 17:41:54',0,64,'Cisco/SPA514G-7.5.2','tcp:185.23.37.205:5060',6815,NULL,0,0,22340,1,11),(23505,'uloc-59c81d23-3f24-94f','elab1','novaquality-voz.mgiconsultores.com','sip:ELAB1@10.10.20.25:5071;transport=tcp','sip:185.23.38.74:5151;transport=tcp',NULL,'2017-10-24 18:42:01',-1.00,'34d3cdce-9901956@10.10.20.25',1202,'2017-10-24 17:42:01',0,64,'Cisco/SPA514G-7.5.2','tcp:185.23.37.205:5060',6815,NULL,0,0,22344,1,12),(23508,'uloc-59c81d23-3f26-50e','recepcion','novaquality-voz.mgiconsultores.com','sip:Recepcion@10.10.20.24:5072;transport=tcp','sip:185.23.38.74:5163;transport=tcp',NULL,'2017-10-24 18:48:59',-1.00,'74750e27-1307a8ca@10.10.20.24',63293,'2017-10-24 17:48:59',0,64,'Cisco/SPA509G-7.5.2','tcp:185.23.37.205:5060',6815,NULL,0,0,22383,1,15),(23509,'uloc-59c81d23-3f27-05e','salareuniones','novaquality-voz.mgiconsultores.com','sip:SalaReuniones@10.10.20.23:5063;transport=tcp','sip:185.23.38.74:5063;transport=tcp',NULL,'2017-10-24 18:53:38',-1.00,'f80bda7e-f0cff36b@10.10.20.23',2879,'2017-10-24 17:53:38',0,64,'Cisco/SPA514G-7.5.2','tcp:185.23.37.205:5060',6815,NULL,0,0,22388,1,16),(23510,'uloc-59c81d23-3f25-31e','emailing','novaquality-voz.mgiconsultores.com','sip:Emailing@10.10.20.16:5079;transport=tcp','sip:185.23.38.74:5079;transport=tcp',NULL,'2017-10-24 18:53:25',-1.00,'bbe9f78f-fd259231@10.10.20.16',28563,'2017-10-24 17:53:25',0,64,'Cisco/SPA514G-7.5.2','tcp:185.23.37.205:5060',6815,NULL,0,0,22386,1,17),(23519,'uloc-59c81d23-3f15-90be3','1002','miramar-voz.tedra.es','sip:1002@185.23.38.46:25926;rinstance=6b6ab1f1aca9cbca','sip:185.23.38.46:25926',NULL,'2017-10-24 18:41:06',-1.00,'84929YjUwYjQ0NTE2OTI2NTE4MWE4YzJhYTc3ODM3ZTc1OGY',258,'2017-10-24 17:41:06',0,192,'Bria 4 release 4.8.1 stamp 84929','udp:185.23.37.205:5060',4831,NULL,0,0,-1,1,26),(23520,'uloc-59c81d23-3f0f-bcde3','3007','miramar-voz.tedra.es','sip:3007@185.23.38.46:25925;rinstance=0bce03a42a1e86e3','sip:185.23.38.46:25925',NULL,'2017-10-24 18:14:12',-1.00,'83077ZTkyOTU0MmY3MTc5NjliZmI5NzhiN2E1NDkxZmYxY2E',257,'2017-10-24 17:14:12',0,192,'Bria 4 release 4.7.0 stamp 83077','udp:185.23.37.205:5060',4831,NULL,0,0,-1,1,27),(23521,'uloc-59c81d23-3f15-77be3','1005','miramar-voz.tedra.es','sip:1005@192.168.1.67:61560;rinstance=934f938f61622a32','sip:185.23.38.46:61560',NULL,'2017-10-24 18:20:48',-1.00,'84929MTMwNWJhODhiMjFhYzM0M2Y3MzE2MmY5NGIzMGZkMzk',256,'2017-10-24 17:20:48',0,192,'Bria 4 release 4.8.1 stamp 84929','udp:185.23.37.205:5060',4831,NULL,0,0,-1,1,28),(23545,'uloc-59c81d23-3f0e-76314','bsanjuanterminal','altamar-voz.tedra.es','sip:bsanjuanterminal@192.168.166.152:5060','sip:185.23.36.251:6202',NULL,'2017-10-24 18:50:41',-1.00,'1cee97d3-a87dcaf7@192.168.166.152',37174,'2017-10-24 17:50:41',0,192,'Cisco/SPA504G-7.5.2','udp:185.23.37.205:5060',6815,NULL,0,0,-1,1,22),(23566,'uloc-59c81d23-3f0f-6b554','miguelcasa','miguelherrero-voz.tedra.es','sip:miguelcasa@192.168.0.100:5062','sip:185.23.36.14:5062',NULL,'2017-10-24 18:10:11',-1.00,'3603543939@192.168.0.100',1794,'2017-10-24 18:05:11',0,192,'Yealink SIP-W52P 25.73.0.40','udp:185.23.37.205:5060',16383,NULL,0,0,-1,1,13),(23574,'uloc-59c81d23-3f0f-d8174','psaladeborjaterminal','altamar-voz.tedra.es','sip:psaladeborjaterminal@192.168.166.221:5060','sip:185.23.36.251:33382',NULL,'2017-10-24 18:49:18',-1.00,'0_453905412@192.168.166.221',80,'2017-10-24 17:49:18',0,192,'Yealink SIP-T46G 28.81.0.20','udp:185.23.37.205:5060',16383,NULL,0,0,-1,1,21),(23575,'uloc-59c81d23-3f12-e0174','tcelaterminal','altamar-voz.tedra.es','sip:tcelaterminal@192.168.166.169:5060','sip:185.23.36.251:6821',NULL,'2017-10-24 19:05:03',-1.00,'eff7ec07-55bf645d@192.168.166.169',22613,'2017-10-24 18:05:03',0,192,'Cisco/SPA504G-7.5.2','udp:185.23.37.205:5060',6815,NULL,0,0,-1,1,22),(23580,'uloc-59c81d23-3f15-efe64','cbt132300m9','irontec-tedra.irontec.com','sip:CBT132300M9@10.10.1.123:5062','sip:212.81.221.227:5062',NULL,'2017-10-24 18:11:37',-1.00,'5d167c3-35bfbb94@10.10.1.123',50184,'2017-10-24 18:01:37',0,192,'Cisco/SPA509G-7.5.4','udp:185.23.37.205:5060',7071,NULL,0,0,-1,1,27),(23600,'uloc-59c81d23-3f0f-4ad84','planta9cocinaterminal','altamar-voz.tedra.es','sip:planta9cocinaterminal@192.168.166.224:5062','sip:185.23.36.251:63457',NULL,'2017-10-24 18:10:18',-1.00,'1066936156@192.168.166.224',544,'2017-10-24 18:05:18',0,192,'Yealink SIP-W52P 25.73.0.40','udp:185.23.37.205:5060',16383,NULL,0,0,-1,1,17),(23604,'uloc-59c81d23-3f10-59994','mcarbonellbria','altamar-voz.tedra.es','sip:mcarbonellbria@83.47.228.95:57292;rinstance=ef19d2db7eacac00',NULL,NULL,'2017-10-24 18:10:10',-1.00,'86895MTM3YzUzZDNlOTZkM2Q0ZmE1ZWMzYzJiMjhkYTk4ZDM',191,'2017-10-24 18:05:10',0,0,'X-Lite release 5.0.1 stamp 86895','udp:185.23.37.205:5060',4831,NULL,0,0,-1,0,21),(23605,'uloc-59c81d23-3f0f-5b794','2002','miramar-voz.tedra.es','sip:2002@185.23.38.46:51322;rinstance=4452d82eabca8d19','sip:185.23.38.46:51322',NULL,'2017-10-24 18:59:55',-1.00,'82162MGZmMjJkMTBhZGJhNTRlMzViMGMwOWU4Y2UyYTBmYjk',24,'2017-10-24 17:59:55',0,192,'Bria 4 release 4.6.0 stamp 82162','udp:185.23.37.205:5060',4831,NULL,0,0,-1,1,22),(23607,'uloc-59c81d23-3f10-c0a94','3006','miramar-voz.tedra.es','sip:3006@185.23.38.46:52172;rinstance=68db5c7a2ad63698','sip:185.23.38.46:52172',NULL,'2017-10-24 19:01:11',-1.00,'84929YTcwMjdiYjJhNWY2ZjU4M2M5OWI1M2I4MGM0MzU5YzY',24,'2017-10-24 18:01:11',0,192,'Bria 4 release 4.8.1 stamp 84929','udp:185.23.37.205:5060',4831,NULL,0,0,-1,1,24),(23609,'uloc-59c81d23-3f12-5b894','2003','miramar-voz.tedra.es','sip:2003@185.23.38.46:52718;rinstance=85583e0df9a177ae','sip:185.23.38.46:52718',NULL,'2017-10-24 18:16:40',-1.00,'NDIwN2VmMmViMDBhNGVlYzU4OTE2M2RhYjkzMjMzM2I',22,'2017-10-24 17:16:40',0,192,'Bria 4 4.1.1 74256-5ad3d69a-M','udp:185.23.37.205:5060',5087,NULL,0,0,-1,1,26),(23614,'uloc-59c81d23-3f13-2b794','suso','agronovo-voz.tedra.es','sip:Suso@192.168.1.253:5060','sip:83.165.91.110:5060',NULL,'2017-10-24 18:41:57',-1.00,'0_1966277851@10.0.10.103',20,'2017-10-24 17:41:57',0,192,'Yealink SIP-T21P_E2 52.80.0.80','udp:185.23.37.205:5060',16383,NULL,0,0,-1,1,1),(23615,'uloc-59c81d23-3f13-4b794','rafa','agronovo-voz.tedra.es','sip:Rafa@192.168.1.253:1027','sip:83.165.91.110:1027',NULL,'2017-10-24 18:11:59',-1.00,'0_3393324799@10.0.10.100',255,'2017-10-24 18:06:59',0,192,'Yealink SIP-T21P_E2 52.80.0.80','udp:185.23.37.205:5060',16383,NULL,0,0,-1,1,2),(23616,'uloc-59c81d23-3f0f-5a994','luisa','agronovo-voz.tedra.es','sip:Luisa@192.168.1.253:1025','sip:83.165.91.110:1025',NULL,'2017-10-24 18:41:57',-1.00,'0_4260499850@10.0.10.102',20,'2017-10-24 17:41:57',0,192,'Yealink SIP-T21P_E2 52.80.0.80','udp:185.23.37.205:5060',16383,NULL,0,0,-1,1,3),(23617,'uloc-59c81d23-3f11-1c394','javier','agronovo-voz.tedra.es','sip:Javier@192.168.1.253:1026','sip:83.165.91.110:1026',NULL,'2017-10-24 18:41:58',-1.00,'0_373953137@10.0.10.104',20,'2017-10-24 17:41:58',0,192,'Yealink SIP-T21P_E2 52.80.0.80','udp:185.23.37.205:5060',16383,NULL,0,0,-1,1,4),(23618,'uloc-59c81d23-3f14-16894','xisela','agronovo-voz.tedra.es','sip:Xisela@192.168.1.253:1024','sip:83.165.91.110:1024',NULL,'2017-10-24 18:41:57',-1.00,'0_3375228322@10.0.10.101',20,'2017-10-24 17:41:57',0,192,'Yealink SIP-T21P_E2 52.80.0.80','udp:185.23.37.205:5060',16383,NULL,0,0,-1,1,5),(23619,'uloc-59c81d23-3f23-9821','administracion','novaquality-voz.mgiconsultores.com','sip:Administracion@10.10.20.10:5064;transport=tcp','sip:185.23.38.74:5064;transport=tcp',NULL,'2017-10-24 18:29:32',-1.00,'58905121-5867b54a@10.10.20.10',63305,'2017-10-24 17:29:32',0,64,'Cisco/SPA514G-7.5.2','tcp:185.23.37.205:5060',6815,NULL,0,0,26627,1,6),(23623,'uloc-59c81d23-3f0f-efc94','pdraketerminal','altamar-voz.tedra.es','sip:pdraketerminal@192.168.166.106:5060','sip:185.23.36.251:7676',NULL,'2017-10-24 18:42:31',-1.00,'b857a1fd-6a3f3672@192.168.166.106',2962,'2017-10-24 17:42:31',0,192,'Cisco/SPA509G-7.5.1(RC1)','udp:185.23.37.205:5060',6815,NULL,0,0,-1,1,10),(23628,'uloc-59c81d23-3f12-8a0a4','1003','miramar-voz.tedra.es','sip:1003@185.23.38.46:51058;rinstance=cfb3478849882b21','sip:185.23.38.46:51058',NULL,'2017-10-24 18:31:50',-1.00,'85992MzUwMmMyZjYxMjBlYzNiM2ZhMGVmYzk1ZjQ5NGFkNDg',12,'2017-10-24 17:31:50',0,192,'Bria 5 release 5.0.0 stamp 85992','udp:185.23.37.205:5060',5087,NULL,0,0,-1,1,15),(23629,'uloc-59c81d23-3f0f-9d1a4','3008','miramar-voz.tedra.es','sip:3008@185.23.38.46:55987;rinstance=016eba0efdd17484','sip:185.23.38.46:55987',NULL,'2017-10-24 18:42:23',-1.00,'84929MWMyOGI5YmU4Y2UzYmY4MjRhNzU5ZDQ1NzRkZWVhZDA',10,'2017-10-24 17:42:23',0,192,'Bria 4 release 4.8.1 stamp 84929','udp:185.23.37.205:5060',5087,NULL,0,0,-1,1,16),(23630,'uloc-59c81d23-3f10-293a4','3010','miramar-voz.tedra.es','sip:3010@185.23.38.46:51728;rinstance=7ed6abb1171f2f4a','sip:185.23.38.46:51728',NULL,'2017-10-24 18:42:41',-1.00,'84929ZDA3ZGQ1Y2U0MmM1ODZjOTExNDNhNDM4YzhiNDBhNmE',10,'2017-10-24 17:42:41',0,192,'Bria 4 release 4.8.1 stamp 84929','udp:185.23.37.205:5060',4831,NULL,0,0,-1,1,17),(23632,'uloc-59c81d23-3f11-0db94','3011','miramar-voz.tedra.es','sip:3011@185.23.38.46:56465;rinstance=a7b7aa6ce8a15755','sip:185.23.38.46:56465',NULL,'2017-10-24 18:43:27',-1.00,'84929NjhjNDBhZjJlNzkwN2NmZTc2OGU3M2ZiMTA1NDM4NjM',10,'2017-10-24 17:43:27',0,192,'Bria 4 release 4.8.1 stamp 84929','udp:185.23.37.205:5060',4831,NULL,0,0,-1,1,19),(23633,'uloc-59c81d23-3f14-0c0a4','pruebas1','novaquality-voz.mgiconsultores.com','sip:pruebas1@185.23.38.78:61773;rinstance=38d0058e3145aab1',NULL,NULL,'2017-10-24 19:01:19',-1.00,'88254MDcyY2MwMzRmODVkMTg3NTViZTk4MjYyOTExODBhZjE',14,'2017-10-24 18:01:19',0,0,'X-Lite release 5.0.3 stamp 88254','udp:185.23.37.205:5060',5087,NULL,0,0,-1,0,20),(23634,'uloc-59c81d23-3f15-e00a4','4001','miramar-voz.tedra.es','sip:4001@185.23.38.46:60522;rinstance=fb88981e1c322e52','sip:185.23.38.46:60522',NULL,'2017-10-24 18:14:25',-1.00,'86895ZTc4YTkxNGQ5MTg2YjQ0MDE1NTUwY2RiNWY1MTNjYmU',8,'2017-10-24 17:14:25',0,192,'X-Lite release 5.0.1 stamp 86895','udp:185.23.37.205:5060',4831,NULL,0,0,-1,1,21),(23635,'uloc-59c81d23-3f0f-ad2a4','1000','miramar-voz.tedra.es','sip:1000@185.23.36.14:57904;rinstance=6af8d2dcce3e8e12','sip:185.23.36.14:57904',NULL,'2017-10-24 18:22:05',-1.00,'84929OGMzN2U4Zjg3NTUzYWZhMjQzYjcxM2ZmMzk5MTM4MGE',8,'2017-10-24 17:22:05',0,192,'Bria 4 release 4.8.1 stamp 84929','udp:185.23.37.205:5060',4831,NULL,0,0,-1,1,22);
/*!40000 ALTER TABLE `kam_users_location` ENABLE KEYS */;
UNLOCK TABLES;

--
-- Table structure for table `kam_users_location_attrs`
--

DROP TABLE IF EXISTS `kam_users_location_attrs`;
/*!40101 SET @saved_cs_client     = @@character_set_client */;
/*!40101 SET character_set_client = utf8 */;
CREATE TABLE `kam_users_location_attrs` (
  `id` int(10) unsigned NOT NULL AUTO_INCREMENT,
  `ruid` varchar(64) NOT NULL DEFAULT '',
  `username` varchar(64) NOT NULL DEFAULT '',
  `domain` varchar(190) DEFAULT NULL,
  `aname` varchar(64) NOT NULL DEFAULT '',
  `atype` int(11) NOT NULL DEFAULT '0',
  `avalue` varchar(255) NOT NULL DEFAULT '',
  `last_modified` datetime NOT NULL DEFAULT '1900-01-01 00:00:01',
  PRIMARY KEY (`id`),
  KEY `account_record_idx` (`username`,`domain`,`ruid`),
  KEY `last_modified_idx` (`last_modified`)
) ENGINE=InnoDB AUTO_INCREMENT=29077114 DEFAULT CHARSET=utf8 COMMENT='[ignore]';
/*!40101 SET character_set_client = @saved_cs_client */;

--
-- Dumping data for table `kam_users_location_attrs`
--

LOCK TABLES `kam_users_location_attrs` WRITE;
/*!40000 ALTER TABLE `kam_users_location_attrs` DISABLE KEYS */;
INSERT INTO `kam_users_location_attrs` VALUES (589836,'uloc-57e00c0d-39bb-e4','jaimegesprofit',NULL,'transport',0,'udp','2016-09-19 19:22:38'),(589839,'uloc-57dc1824-f04-fe61','recepcion',NULL,'transport',0,'udp','2016-09-19 19:23:38'),(589844,'uloc-57b7ad11-6dd2-850a','irontec',NULL,'transport',0,'udp','2016-09-19 19:23:38'),(589848,'uloc-57dc1824-eff-7612','mangelesgesprofit',NULL,'transport',0,'udp','2016-09-19 19:24:38'),(589849,'uloc-57b7ad11-6dd3-2','luisa',NULL,'transport',0,'udp','2016-09-19 19:24:38'),(589850,'uloc-57dc1824-f00-9661','despacho',NULL,'transport',0,'udp','2016-09-19 19:24:38'),(589852,'uloc-57dc1824-efe-2d51','sec',NULL,'transport',0,'udp','2016-09-19 19:24:38'),(589853,'uloc-57b7ad11-6dcd-1','sergioplaza',NULL,'transport',0,'udp','2016-09-19 19:24:38'),(589857,'uloc-57dc1824-efe-1d51','administracion',NULL,'transport',0,'udp','2016-09-19 19:25:38'),(589858,'uloc-57e00c0d-39bc-37','4100314054404962',NULL,'transport',0,'udp','2016-09-19 19:25:38'),(589859,'uloc-57b7ad11-6dce-a72a','yolanda',NULL,'transport',0,'udp','2016-09-19 19:25:38'),(589860,'uloc-57e00c0d-39bd-7b','josebria',NULL,'transport',0,'udp','2016-09-19 19:25:38'),(589861,'uloc-57b7ad11-6dd4-691a','salapequena',NULL,'transport',0,'udp','2016-09-19 19:25:38'),(589862,'uloc-57b7ad11-6dcf-08a8','susanagesprofit',NULL,'transport',0,'udp','2016-09-19 19:25:38'),(589863,'uloc-57b7ad11-6dd4-2','rafa',NULL,'transport',0,'udp','2016-09-19 19:25:38'),(589864,'uloc-57b7ad11-6dd3-1089','jcc',NULL,'transport',0,'udp','2016-09-19 19:25:38'),(589865,'uloc-57b7ad11-6dd2-951a','salagrande',NULL,'transport',0,'udp','2016-09-19 19:26:27'),(589866,'uloc-57b7ad11-6dd3-7c2a','spacarlos',NULL,'transport',0,'udp','2016-09-19 19:26:27'),(589867,'uloc-57b7ad11-6dd1-6c0a','bloomberggestion',NULL,'transport',0,'udp','2016-09-19 19:26:27'),(589868,'uloc-57b7ad11-6dd0-1','suso',NULL,'transport',0,'udp','2016-09-19 19:26:27'),(589869,'uloc-57b7ad11-6dd0-2','javier',NULL,'transport',0,'udp','2016-09-19 19:26:27'),(589870,'uloc-57dc1824-f04-0f61','consulta2',NULL,'transport',0,'udp','2016-09-19 19:26:27'),(589871,'uloc-57b7ad11-6dd2-1','xisela',NULL,'transport',0,'udp','2016-09-19 19:26:27'),(589872,'uloc-57b7ad11-6dce-7fd8','christiangarcia',NULL,'transport',0,'udp','2016-09-19 19:26:27'),(29075597,'uloc-59c81d23-3f15-e00a4','4001','miramar-voz.tedra.es','transport',0,'udp','2017-10-24 17:14:34'),(29075606,'uloc-59c81d23-3f0f-bcde3','3007','miramar-voz.tedra.es','transport',0,'udp','2017-10-24 17:14:34'),(29075640,'uloc-59c81d23-3f15-a9a53','3012','miramar-voz.tedra.es','transport',0,'udp','2017-10-24 17:15:34'),(29075682,'uloc-59c81d23-3f12-5b894','2003','miramar-voz.tedra.es','transport',0,'udp','2017-10-24 17:17:34'),(29075684,'uloc-59c81d23-3f12-e1122','christiannautico','tedra-voz.tedra.es','transport',0,'udp','2017-10-24 17:18:34'),(29075777,'uloc-59c81d23-3f15-77be3','1005','miramar-voz.tedra.es','transport',0,'udp','2017-10-24 17:21:35'),(29075779,'uloc-59b91716-2fe4-95da2','jlc','profit-voz.tedra.es','transport',0,'udp','2017-10-24 17:21:35'),(29075783,'uloc-59a7fa03-47fa-adf64','yolanda','profit-voz.tedra.es','transport',0,'udp','2017-10-24 17:21:35'),(29075784,'uloc-59a7fa03-47fc-abd64','cocina','profit-voz.tedra.es','transport',0,'udp','2017-10-24 17:21:35'),(29075785,'uloc-59b91716-2fe0-13403','bloomberggestion','profit-voz.tedra.es','transport',0,'udp','2017-10-24 17:21:35'),(29075793,'uloc-59a7fa03-47fe-37e64','esther','profit-voz.tedra.es','transport',0,'udp','2017-10-24 17:21:35'),(29075798,'uloc-59a7fa03-47fc-0cd64','susana','profit-voz.tedra.es','transport',0,'udp','2017-10-24 17:21:35'),(29075806,'uloc-59c81d23-3f14-66bc1','recepcion','alvarez-voz.tedra.es','transport',0,'udp','2017-10-24 17:22:35'),(29075809,'uloc-59c81d23-3f0f-ad2a4','1000','miramar-voz.tedra.es','transport',0,'udp','2017-10-24 17:22:35'),(29075827,'uloc-59c81d23-3f0e-108c1','susiterminal','fbconsultores-voz.tedra.es','transport',0,'udp','2017-10-24 17:23:35'),(29075831,'uloc-59c81d23-3f11-a68c1','carlosterminal','fbconsultores-voz.tedra.es','transport',0,'udp','2017-10-24 17:23:35'),(29075834,'uloc-59c81d23-3f13-e67c1','silviaterminal','fbconsultores-voz.tedra.es','transport',0,'udp','2017-10-24 17:23:35'),(29075845,'uloc-59c81d23-3f14-86bc1','sec','alvarez-voz.tedra.es','transport',0,'udp','2017-10-24 17:23:35'),(29075857,'uloc-59c81d23-3f12-309c1','despacho','alvarez-voz.tedra.es','transport',0,'udp','2017-10-24 17:23:35'),(29075868,'uloc-59c81d23-3f11-b68c1','anaterminal','fbconsultores-voz.tedra.es','transport',0,'udp','2017-10-24 17:23:35'),(29075872,'uloc-59c81d23-3f11-c68c1','cristerminal','fbconsultores-voz.tedra.es','transport',0,'udp','2017-10-24 17:23:35'),(29075874,'uloc-59c81d23-3f13-f67c1','ricardoterminal','fbconsultores-voz.tedra.es','transport',0,'udp','2017-10-24 17:23:35'),(29075890,'uloc-59b91716-2fdf-98fa2','jorge','profit-voz.tedra.es','transport',0,'udp','2017-10-24 17:24:35'),(29075892,'uloc-59a7fa03-47f9-7b074','jlg','profit-voz.tedra.es','transport',0,'udp','2017-10-24 17:24:35'),(29075896,'uloc-59a7fa03-47fc-cbd64','melvira','profit-voz.tedra.es','transport',0,'udp','2017-10-24 17:24:35'),(29075902,'uloc-59c81d23-3f12-b5d7','maria','profit-voz.tedra.es','transport',0,'udp','2017-10-24 17:24:35'),(29076029,'uloc-59c81d23-3f23-9821','administracion','novaquality-voz.mgiconsultores.com','transport',0,'tcp','2017-10-24 17:29:36'),(29076042,'uloc-59c81d23-3f10-5e29','aortizterminal','altamar-voz.tedra.es','transport',0,'udp','2017-10-24 17:30:36'),(29076067,'uloc-59c81d23-3f12-8a0a4','1003','miramar-voz.tedra.es','transport',0,'udp','2017-10-24 17:32:36'),(29076075,'uloc-59a7fa03-47f9-0b074','jaime','profit-voz.tedra.es','transport',0,'udp','2017-10-24 17:32:36'),(29076077,'uloc-5908c22a-55d4-1570a','tbenjumeaterminal','altamar-voz.tedra.es','transport',0,'udp','2017-10-24 17:32:36'),(29076180,'uloc-59b91716-2fdf-c7312','dect1','irontec-tedra.irontec.com','transport',0,'udp','2017-10-24 17:36:37'),(29076184,'uloc-59c81d23-3f22-bc01','rrhh','novaquality-voz.mgiconsultores.com','transport',0,'tcp','2017-10-24 17:36:37'),(29076186,'uloc-59b91716-2fe1-fb212','dect2','irontec-tedra.irontec.com','transport',0,'udp','2017-10-24 17:36:37'),(29076191,'uloc-59a7fa03-47fe-b6e64','gabriel','profit-voz.tedra.es','transport',0,'udp','2017-10-24 17:36:37'),(29076192,'uloc-59c81d23-3f22-45f','salaformacion','novaquality-voz.mgiconsultores.com','transport',0,'tcp','2017-10-24 17:36:37'),(29076194,'uloc-59c81d23-3f26-efd','dptotecnico','novaquality-voz.mgiconsultores.com','transport',0,'tcp','2017-10-24 17:36:37'),(29076310,'uloc-59c81d23-3f15-90be3','1002','miramar-voz.tedra.es','transport',0,'udp','2017-10-24 17:41:37'),(29076327,'uloc-59c81d23-3f13-2b794','suso','agronovo-voz.tedra.es','transport',0,'udp','2017-10-24 17:42:37'),(29076328,'uloc-59c81d23-3f25-e0e','elab6','novaquality-voz.mgiconsultores.com','transport',0,'tcp','2017-10-24 17:42:37'),(29076330,'uloc-59c81d23-3f28-00e','elab2','novaquality-voz.mgiconsultores.com','transport',0,'tcp','2017-10-24 17:42:37'),(29076340,'uloc-59c81d23-3f25-c0e','elab12','novaquality-voz.mgiconsultores.com','transport',0,'tcp','2017-10-24 17:42:37'),(29076346,'uloc-59c81d23-3f24-b4f','elab10','novaquality-voz.mgiconsultores.com','transport',0,'tcp','2017-10-24 17:42:37'),(29076348,'uloc-59c81d23-3f0f-efc94','pdraketerminal','altamar-voz.tedra.es','transport',0,'udp','2017-10-24 17:42:37'),(29076351,'uloc-59c81d23-3f0f-5a994','luisa','agronovo-voz.tedra.es','transport',0,'udp','2017-10-24 17:42:37'),(29076352,'uloc-59c81d23-3f28-efd','elab11','novaquality-voz.mgiconsultores.com','transport',0,'tcp','2017-10-24 17:42:37'),(29076354,'uloc-59c81d23-3f29-4dd','elab7','novaquality-voz.mgiconsultores.com','transport',0,'tcp','2017-10-24 17:42:37'),(29076355,'uloc-59c81d23-3f27-74e','elab3','novaquality-voz.mgiconsultores.com','transport',0,'tcp','2017-10-24 17:42:37'),(29076370,'uloc-59c81d23-3f11-1c394','javier','agronovo-voz.tedra.es','transport',0,'udp','2017-10-24 17:42:37'),(29076372,'uloc-59c81d23-3f29-6dd','elab4','novaquality-voz.mgiconsultores.com','transport',0,'tcp','2017-10-24 17:42:37'),(29076374,'uloc-59c81d23-3f22-dc01','elab8','novaquality-voz.mgiconsultores.com','transport',0,'tcp','2017-10-24 17:42:37'),(29076379,'uloc-59c81d23-3f0f-9d1a4','3008','miramar-voz.tedra.es','transport',0,'udp','2017-10-24 17:42:37'),(29076386,'uloc-59c81d23-3f27-54e','elab5','novaquality-voz.mgiconsultores.com','transport',0,'tcp','2017-10-24 17:42:38'),(29076388,'uloc-59c81d23-3f24-94f','elab1','novaquality-voz.mgiconsultores.com','transport',0,'tcp','2017-10-24 17:42:38'),(29076389,'uloc-59c81d23-3f14-f3','elab9','novaquality-voz.mgiconsultores.com','transport',0,'udp','2017-10-24 17:42:38'),(29076395,'uloc-59c81d23-3f14-16894','xisela','agronovo-voz.tedra.es','transport',0,'udp','2017-10-24 17:42:38'),(29076411,'uloc-59c81d23-3f10-293a4','3010','miramar-voz.tedra.es','transport',0,'udp','2017-10-24 17:43:38'),(29076412,'uloc-59c81d23-3f11-0db94','3011','miramar-voz.tedra.es','transport',0,'udp','2017-10-24 17:43:38'),(29076418,'uloc-59c81d23-3f12-40792','miguelherreroterminal','tedra-voz.tedra.es','transport',0,'udp','2017-10-24 17:44:38'),(29076434,'uloc-58f7a276-549b-a6474','fgazituaterminal','altamar-voz.tedra.es','transport',0,'udp','2017-10-24 17:45:38'),(29076443,'uloc-59c81d23-3f22-65f','pedroherrera','novaquality-voz.mgiconsultores.com','transport',0,'tcp','2017-10-24 17:45:38'),(29076444,'uloc-595d0de0-5073-9','jarenaterminal','altamar-voz.tedra.es','transport',0,'udp','2017-10-24 17:45:38'),(29076451,'uloc-58c98c46-2bc0-711d3','ecarballoterminal','altamar-voz.tedra.es','transport',0,'udp','2017-10-24 17:45:38'),(29076453,'uloc-59c81d23-3f11-adf33','clinicaeras','clinicaeras-voz.tedra.es','transport',0,'udp','2017-10-24 17:45:38'),(29076458,'uloc-5908c22a-55d2-0e42a','jnietoterminal','altamar-voz.tedra.es','transport',0,'udp','2017-10-24 17:46:38'),(29076461,'uloc-59a7fa03-47fd-451d2','jbilbaoterminal','altamar-voz.tedra.es','transport',0,'udp','2017-10-24 17:46:38'),(29076462,'uloc-595d0de0-5075-8','roriolterminal','altamar-voz.tedra.es','transport',0,'udp','2017-10-24 17:46:38'),(29076465,'uloc-58c98c46-2bbf-981d3','mdeestebanterminal','altamar-voz.tedra.es','transport',0,'udp','2017-10-24 17:46:38'),(29076466,'uloc-59a7fa03-4800-c3e84','mdelclauxterminal','altamar-voz.tedra.es','transport',0,'udp','2017-10-24 17:46:38'),(29076470,'uloc-595d0de0-5072-3','smenendezterminal','altamar-voz.tedra.es','transport',0,'udp','2017-10-24 17:46:38'),(29076471,'uloc-595d0de0-5077-4','fnovilloterminal','altamar-voz.tedra.es','transport',0,'udp','2017-10-24 17:46:38'),(29076472,'uloc-595d0de0-5078-2','macampaterminal','altamar-voz.tedra.es','transport',0,'udp','2017-10-24 17:46:38'),(29076474,'uloc-595d0de0-5074-4','jvivancosterminal','altamar-voz.tedra.es','transport',0,'udp','2017-10-24 17:46:38'),(29076475,'uloc-595d0de0-5073-f','palonsoterminal','altamar-voz.tedra.es','transport',0,'udp','2017-10-24 17:46:38'),(29076476,'uloc-58c98c46-2bc1-400d3','avillalbaterminal','altamar-voz.tedra.es','transport',0,'udp','2017-10-24 17:46:38'),(29076480,'uloc-59b91716-2fe3-08022','jdancausaterminal','altamar-voz.tedra.es','transport',0,'udp','2017-10-24 17:46:38'),(29076482,'uloc-595d0de0-5073-3','bpariasterminal','altamar-voz.tedra.es','transport',0,'udp','2017-10-24 17:46:38'),(29076486,'uloc-595d0de0-5075-7','vlopezterminal','altamar-voz.tedra.es','transport',0,'udp','2017-10-24 17:47:38'),(29076488,'uloc-58c98c46-2bc6-cfd94','acominterminal','altamar-voz.tedra.es','transport',0,'udp','2017-10-24 17:47:38'),(29076503,'uloc-595f9fa2-45e1-8d2e1','vmartinezterminal','altamar-voz.tedra.es','transport',0,'udp','2017-10-24 17:47:38'),(29076523,'uloc-595d0de0-5074-2','ayrazustaterminal','altamar-voz.tedra.es','transport',0,'udp','2017-10-24 17:47:38'),(29076525,'uloc-595d0de0-5073-b','lhayaterminal','altamar-voz.tedra.es','transport',0,'udp','2017-10-24 17:47:38'),(29076530,'uloc-595d0de0-5074-7','scuadrosterminal','altamar-voz.tedra.es','transport',0,'udp','2017-10-24 17:47:38'),(29076537,'uloc-59a7fa03-47fa-3ce1','patriciahuergaterminal','tedra-voz.tedra.es','transport',0,'udp','2017-10-24 17:47:38'),(29076541,'uloc-595d0de0-5072-1','rgonzalezterminal','altamar-voz.tedra.es','transport',0,'udp','2017-10-24 17:47:38'),(29076543,'uloc-5908c22a-55d4-2f748','abuesoterminal','altamar-voz.tedra.es','transport',0,'udp','2017-10-24 17:47:38'),(29076544,'uloc-58f7a276-549d-b4774','bmiguelromeroterminal','altamar-voz.tedra.es','transport',0,'udp','2017-10-24 17:47:38'),(29076545,'uloc-59c81d23-3f10-d00d1','jordinietoterminal','altamar-voz.tedra.es','transport',0,'udp','2017-10-24 17:47:38'),(29076553,'uloc-58f7a276-549b-d7474','jdemoragasterminal','altamar-voz.tedra.es','transport',0,'udp','2017-10-24 17:47:38'),(29076556,'uloc-595d0de0-5078-6','jfontaineterminal','altamar-voz.tedra.es','transport',0,'udp','2017-10-24 17:48:38'),(29076557,'uloc-58c98c46-2bc1-2bfc3','malvarezterminal','altamar-voz.tedra.es','transport',0,'udp','2017-10-24 17:48:39'),(29076559,'uloc-595d0de0-5071-7','ggomezterminal','altamar-voz.tedra.es','transport',0,'udp','2017-10-24 17:48:39'),(29076561,'uloc-58f7a276-54a2-99574','adecosterminal','altamar-voz.tedra.es','transport',0,'udp','2017-10-24 17:48:39'),(29076566,'uloc-595d0de0-5077-5','mpitrelliterminal','altamar-voz.tedra.es','transport',0,'udp','2017-10-24 17:48:39'),(29076567,'uloc-595d0de0-5072-5','averdejoterminal','altamar-voz.tedra.es','transport',0,'udp','2017-10-24 17:48:39'),(29076568,'uloc-58c98c46-2bc5-890d3','sala8terminal','altamar-voz.tedra.es','transport',0,'udp','2017-10-24 17:48:39'),(29076570,'uloc-595d0de0-5071-1','jipinaterminal','altamar-voz.tedra.es','transport',0,'udp','2017-10-24 17:48:39'),(29076571,'uloc-595d170c-833-5214','jgarciasuarezterminal','altamar-voz.tedra.es','transport',0,'udp','2017-10-24 17:48:39'),(29076572,'uloc-59c81d23-3f15-0a982','rvelascoterminal','altamar-voz.tedra.es','transport',0,'udp','2017-10-24 17:48:39'),(29076575,'uloc-595d0de0-5078-5','srepseterminal','altamar-voz.tedra.es','transport',0,'udp','2017-10-24 17:48:39'),(29076577,'uloc-598ae432-1fed-1e313','rmunozterminal','altamar-voz.tedra.es','transport',0,'udp','2017-10-24 17:48:39'),(29076581,'uloc-595d0de0-5071-2','dcancellerterminal','altamar-voz.tedra.es','transport',0,'udp','2017-10-24 17:49:39'),(29076586,'uloc-595d0de0-5074-9','cmateosterminal','altamar-voz.tedra.es','transport',0,'udp','2017-10-24 17:49:39'),(29076589,'uloc-59c81d23-3f0f-d8174','psaladeborjaterminal','altamar-voz.tedra.es','transport',0,'udp','2017-10-24 17:49:39'),(29076591,'uloc-59c81d23-3f12-a7782','epasarisasterminal','altamar-voz.tedra.es','transport',0,'udp','2017-10-24 17:49:39'),(29076592,'uloc-58f7a276-549e-69874','nhartterminal','altamar-voz.tedra.es','transport',0,'udp','2017-10-24 17:49:39'),(29076600,'uloc-58c98c46-2bc2-bc3d3','tmorenoterminal','altamar-voz.tedra.es','transport',0,'udp','2017-10-24 17:49:39'),(29076602,'uloc-595d0de0-5073-8','hmauraterminal','altamar-voz.tedra.es','transport',0,'udp','2017-10-24 17:49:39'),(29076604,'uloc-597f03ef-e70-d66c','respinosaterminal','altamar-voz.tedra.es','transport',0,'udp','2017-10-24 17:49:39'),(29076605,'uloc-58c98c46-2bbf-e81d3','fecheverriaterminal','altamar-voz.tedra.es','transport',0,'udp','2017-10-24 17:49:39'),(29076607,'uloc-58f7a276-549f-5eb74','vdiazterminal','altamar-voz.tedra.es','transport',0,'udp','2017-10-24 17:49:39'),(29076611,'uloc-59c81d23-3f26-50e','recepcion','novaquality-voz.mgiconsultores.com','transport',0,'tcp','2017-10-24 17:49:39'),(29076615,'uloc-595d0de0-5078-7','isototerminal','altamar-voz.tedra.es','transport',0,'udp','2017-10-24 17:49:39'),(29076617,'uloc-59c81d23-3f12-909c1','despacho3terminal','fbconsultores-voz.tedra.es','transport',0,'udp','2017-10-24 17:50:39'),(29076619,'uloc-595d0de0-5073-c','ialvarezterminal','altamar-voz.tedra.es','transport',0,'udp','2017-10-24 17:50:39'),(29076622,'uloc-59c81d23-3f10-f5bc1','martaynereterminal','fbconsultores-voz.tedra.es','transport',0,'udp','2017-10-24 17:50:39'),(29076626,'uloc-59c81d23-3f0e-208c1','despacho2terminal','fbconsultores-voz.tedra.es','transport',0,'udp','2017-10-24 17:50:39'),(29076628,'uloc-58f7a276-549d-d8474','jgarciaterminal','altamar-voz.tedra.es','transport',0,'udp','2017-10-24 17:50:39'),(29076632,'uloc-59c81d23-3f15-23bc1','despacho5terminal','fbconsultores-voz.tedra.es','transport',0,'udp','2017-10-24 17:50:39'),(29076633,'uloc-59c81d23-3f14-76bc1','despacho1terminal','fbconsultores-voz.tedra.es','transport',0,'udp','2017-10-24 17:50:39'),(29076635,'uloc-59c81d23-3f0f-3aac1','despacho4terminal','fbconsultores-voz.tedra.es','transport',0,'udp','2017-10-24 17:50:39'),(29076650,'uloc-59c81d23-3f0e-76314','bsanjuanterminal','altamar-voz.tedra.es','transport',0,'udp','2017-10-24 17:51:39'),(29076651,'uloc-595d0de0-5076-8','rpelaezterminal','altamar-voz.tedra.es','transport',0,'udp','2017-10-24 17:51:39'),(29076707,'uloc-595d0de0-5072-6','mmartinezterminal','altamar-voz.tedra.es','transport',0,'udp','2017-10-24 17:52:39'),(29076715,'uloc-595d0de0-5072-7','maguirreterminal','altamar-voz.tedra.es','transport',0,'udp','2017-10-24 17:53:39'),(29076717,'uloc-59c81d23-3f27-05e','salareuniones','novaquality-voz.mgiconsultores.com','transport',0,'tcp','2017-10-24 17:53:39'),(29076718,'uloc-58ac90ad-79e4-f8de4','gverderaterminal','altamar-voz.tedra.es','transport',0,'udp','2017-10-24 17:53:39'),(29076720,'uloc-59c81d23-3f25-31e','emailing','novaquality-voz.mgiconsultores.com','transport',0,'tcp','2017-10-24 17:53:39'),(29076727,'uloc-595d0de0-5076-9','aguineaterminal','altamar-voz.tedra.es','transport',0,'udp','2017-10-24 17:53:39'),(29076741,'uloc-59c81d23-3f12-3c983','dhuidobroterminal','altamar-voz.tedra.es','transport',0,'udp','2017-10-24 17:54:39'),(29076749,'uloc-59c81d23-3f0f-aa02','jvelascoterminal','altamar-voz.tedra.es','transport',0,'udp','2017-10-24 17:54:40'),(29076765,'uloc-59c81d23-3f10-7a293','usuario2','varianza-voz.mgiconsultores.com','transport',0,'udp','2017-10-24 17:55:40'),(29076822,'uloc-59c81d23-3f12-0d053','alvaromaestreterminal','altamar-voz.tedra.es','transport',0,'udp','2017-10-24 17:56:40'),(29076827,'uloc-59c81d23-3f0f-f6353','dereksnyderterminal','altamar-voz.tedra.es','transport',0,'udp','2017-10-24 17:56:40'),(29076837,'uloc-59c81d23-3f10-a5553','mecheniqueterminal','altamar-voz.tedra.es','transport',0,'udp','2017-10-24 17:57:40'),(29076838,'uloc-59c81d23-3f10-c5553','mecheniqueterminal','altamar-voz.tedra.es','transport',0,'udp','2017-10-24 17:57:40'),(29076842,'uloc-59c81d23-3f12-7dd83','usuario1','varianza-voz.mgiconsultores.com','transport',0,'udp','2017-10-24 17:57:40'),(29076854,'uloc-59c81d23-3f10-e6bc1','administrationalt','altamar-voz.tedra.es','transport',0,'udp','2017-10-24 17:58:40'),(29076857,'uloc-59c81d23-3f0e-59e43','rocioheresterminal','altamar-voz.tedra.es','transport',0,'udp','2017-10-24 17:58:40'),(29076860,'uloc-59c81d23-3f0f-62973','diegovegaterminal','tedra-voz.tedra.es','transport',0,'udp','2017-10-24 17:58:40'),(29076861,'uloc-59c81d23-3f12-1d053','hectormorenoterminal','altamar-voz.tedra.es','transport',0,'udp','2017-10-24 17:58:40'),(29076880,'uloc-59c81d23-3f15-b8be2','anagonzalezterminal','altamar-voz.tedra.es','transport',0,'udp','2017-10-24 17:59:40'),(29076900,'uloc-59c81d23-3f11-a8753','3001','miramar-voz.tedra.es','transport',0,'udp','2017-10-24 18:00:40'),(29076902,'uloc-59c81d23-3f0f-5fc53','3009','miramar-voz.tedra.es','transport',0,'udp','2017-10-24 18:00:40'),(29076905,'uloc-59c81d23-3f14-d8353','ip5000ny01','altamar-voz.tedra.es','transport',0,'udp','2017-10-24 18:00:40'),(29076907,'uloc-59c81d23-3f0f-5b794','2002','miramar-voz.tedra.es','transport',0,'udp','2017-10-24 18:00:40'),(29076929,'uloc-59c81d23-3f15-efe64','cbt132300m9','irontec-tedra.irontec.com','transport',0,'udp','2017-10-24 18:01:40'),(29076951,'uloc-59c81d23-3f10-c0a94','3006','miramar-voz.tedra.es','transport',0,'udp','2017-10-24 18:01:41'),(29076952,'uloc-59c81d23-3f14-0c0a4','pruebas1','novaquality-voz.mgiconsultores.com','transport',0,'udp','2017-10-24 18:01:41'),(29076965,'uloc-59c81d23-3f14-bb873','panphonefbterminal','fbconsultores-voz.tedra.es','transport',0,'udp','2017-10-24 18:01:41'),(29076985,'uloc-59c81d23-3f26-c7c','rociovicente','novaquality-voz.mgiconsultores.com','transport',0,'tcp','2017-10-24 18:02:41'),(29076997,'uloc-59c3a9d2-635c-cea5','fyanezterminal','altamar-voz.tedra.es','transport',0,'udp','2017-10-24 18:03:41'),(29077000,'uloc-59b91716-2fdf-07b12','cp860_le01','tedra-voz.tedra.es','transport',0,'udp','2017-10-24 18:03:41'),(29077012,'uloc-595d0de0-5071-3','sala7polycomterminal','altamar-voz.tedra.es','transport',0,'udp','2017-10-24 18:04:41'),(29077015,'uloc-598ae432-1fed-86db7','altamarchile','altamar-voz.tedra.es','transport',0,'udp','2017-10-24 18:04:41'),(29077016,'uloc-595d0de0-5076-7','sala6polycomterminal','altamar-voz.tedra.es','transport',0,'udp','2017-10-24 18:04:41'),(29077023,'uloc-598ae432-1fee-dc6c7','ip6000terminalchile','altamar-voz.tedra.es','transport',0,'udp','2017-10-24 18:04:41'),(29077024,'uloc-59c81d23-3f12-e0174','tcelaterminal','altamar-voz.tedra.es','transport',0,'udp','2017-10-24 18:05:41'),(29077025,'uloc-595d0de0-5074-a','jfernandezterminal','altamar-voz.tedra.es','transport',0,'udp','2017-10-24 18:05:41'),(29077027,'uloc-59c81d23-3f10-59994','mcarbonellbria','altamar-voz.tedra.es','transport',0,'udp','2017-10-24 18:05:41'),(29077028,'uloc-598ae432-1ff1-84313','rhodalyterminal','altamar-voz.tedra.es','transport',0,'udp','2017-10-24 18:05:41'),(29077029,'uloc-595d0de0-5072-a','aldaraterminal','altamar-voz.tedra.es','transport',0,'udp','2017-10-24 18:05:41'),(29077030,'uloc-59c81d23-3f0f-6b554','miguelcasa','miguelherrero-voz.tedra.es','transport',0,'udp','2017-10-24 18:05:41'),(29077031,'uloc-598ae432-1ff4-352c7','bibliotecachileterminal','altamar-voz.tedra.es','transport',0,'udp','2017-10-24 18:05:41'),(29077033,'uloc-59c81d23-3f0f-8d442','polycomconsejo','altamar-voz.tedra.es','transport',0,'udp','2017-10-24 18:05:41'),(29077034,'uloc-59c81d23-3f11-d11d3','sala2polycomterminal','altamar-voz.tedra.es','transport',0,'udp','2017-10-24 18:05:41'),(29077035,'uloc-59c81d23-3f0e-df482','galdanasala1','altamar-voz.tedra.es','transport',0,'udp','2017-10-24 18:05:41'),(29077037,'uloc-595d0de0-5073-01','jmfernandezterminal','altamar-voz.tedra.es','transport',0,'udp','2017-10-24 18:05:41'),(29077039,'uloc-59c81d23-3f10-f299','sala5polycomterminal','altamar-voz.tedra.es','transport',0,'udp','2017-10-24 18:05:41'),(29077040,'uloc-59c81d23-3f0f-4ad84','planta9cocinaterminal','altamar-voz.tedra.es','transport',0,'udp','2017-10-24 18:05:41'),(29077041,'uloc-59a7fa03-4800-24174','miguel','profit-voz.tedra.es','transport',0,'udp','2017-10-24 18:05:41'),(29077042,'uloc-59a7fa03-47fa-5bff','rafaelsanchezterminal','rafaelsanchez-voz.tedra.es','transport',0,'udp','2017-10-24 18:05:41'),(29077043,'uloc-595d0de0-5071-b','sala4polycomterminal','altamar-voz.tedra.es','transport',0,'udp','2017-10-24 18:05:41'),(29077044,'uloc-595d0de0-5076-c','recheniqueterminal','altamar-voz.tedra.es','transport',0,'udp','2017-10-24 18:05:41'),(29077045,'uloc-59c81d23-3f13-de2a1','mzuritaterminal','altamar-voz.tedra.es','transport',0,'udp','2017-10-24 18:06:41'),(29077046,'uloc-59c81d23-3f15-e36a1','iantonanzasterminal','altamar-voz.tedra.es','transport',0,'udp','2017-10-24 18:06:41'),(29077047,'uloc-595d0de0-5071-8','egonzalezterminal','altamar-voz.tedra.es','transport',0,'udp','2017-10-24 18:06:41'),(29077048,'uloc-58f7a276-549e-7d874','rfernandezterminal','altamar-voz.tedra.es','transport',0,'udp','2017-10-24 18:06:41'),(29077049,'uloc-59c81d23-3f14-09353','harveylambertterminal','altamar-voz.tedra.es','transport',0,'udp','2017-10-24 18:06:41'),(29077050,'uloc-59c81d23-3f10-2ea73','administracion','alvarez-voz.tedra.es','transport',0,'udp','2017-10-24 18:06:41'),(29077051,'uloc-595f9fa2-45df-c71f3','saragarciaterminal','altamar-voz.tedra.es','transport',0,'udp','2017-10-24 18:06:41'),(29077052,'uloc-59c81d23-3f0e-b72a1','mforjanterminal','altamar-voz.tedra.es','transport',0,'udp','2017-10-24 18:06:41'),(29077053,'uloc-59c81d23-3f10-376a1','mutreraterminal','altamar-voz.tedra.es','transport',0,'udp','2017-10-24 18:06:41'),(29077054,'uloc-59c81d23-3f10-076a1','vpenaterminal','altamar-voz.tedra.es','transport',0,'udp','2017-10-24 18:06:41'),(29077055,'uloc-59c81d23-3f12-604a1','fagrimiterminal','altamar-voz.tedra.es','transport',0,'udp','2017-10-24 18:06:41'),(29077056,'uloc-59c81d23-3f13-3f2a1','aentrecanalesterminal','altamar-voz.tedra.es','transport',0,'udp','2017-10-24 18:06:41'),(29077057,'uloc-59c81d23-3f13-1f2a1','esanchezterminal','altamar-voz.tedra.es','transport',0,'udp','2017-10-24 18:06:41'),(29077058,'uloc-59c81d23-3f15-f36a1','lmartinezterminal','altamar-voz.tedra.es','transport',0,'udp','2017-10-24 18:06:41'),(29077059,'uloc-598ae432-1fed-d6db7','tguzmanchile','altamar-voz.tedra.es','transport',0,'udp','2017-10-24 18:06:41'),(29077060,'uloc-595d0de0-5076-4','msilvestreterminal','altamar-voz.tedra.es','transport',0,'udp','2017-10-24 18:06:41'),(29077061,'uloc-59c81d23-3f0e-c72a1','jezcurdiaterminal','altamar-voz.tedra.es','transport',0,'udp','2017-10-24 18:06:41'),(29077062,'uloc-595d0de0-5074-3','pbellotterminal','altamar-voz.tedra.es','transport',0,'udp','2017-10-24 18:06:41'),(29077063,'uloc-59c81d23-3f14-2c5a1','mdominguezterminal','altamar-voz.tedra.es','transport',0,'udp','2017-10-24 18:06:41'),(29077064,'uloc-59c81d23-3f10-576a1','jlvicenteterminal','altamar-voz.tedra.es','transport',0,'udp','2017-10-24 18:06:41'),(29077065,'uloc-59c81d23-3f10-276a1','pcedrumterminal','altamar-voz.tedra.es','transport',0,'udp','2017-10-24 18:06:41'),(29077066,'uloc-59c81d23-3f0f-835a1','mbarrionuevoterminal','altamar-voz.tedra.es','transport',0,'udp','2017-10-24 18:06:41'),(29077067,'uloc-59c81d23-3f15-d36a1','jsimonterminal','altamar-voz.tedra.es','transport',0,'udp','2017-10-24 18:06:41'),(29077068,'uloc-59c81d23-3f0f-935a1','dvallortigaraterminal','altamar-voz.tedra.es','transport',0,'udp','2017-10-24 18:06:41'),(29077069,'uloc-598ae432-1ff0-c43c7','izentenoterminal','altamar-voz.tedra.es','transport',0,'udp','2017-10-24 18:06:41'),(29077070,'uloc-59c81d23-3f13-2f2a1','cgarcialomasterminal','altamar-voz.tedra.es','transport',0,'udp','2017-10-24 18:06:41'),(29077071,'uloc-59c81d23-3f13-ee2a1','mherreroterminal','altamar-voz.tedra.es','transport',0,'udp','2017-10-24 18:06:41'),(29077072,'uloc-59c81d23-3f0f-635a1','ngarciaterminal','altamar-voz.tedra.es','transport',0,'udp','2017-10-24 18:06:41'),(29077073,'uloc-59c81d23-3f10-676a1','ealfonsoterminal','altamar-voz.tedra.es','transport',0,'udp','2017-10-24 18:06:41'),(29077074,'uloc-59c81d23-3f0f-735a1','mronaterminal','altamar-voz.tedra.es','transport',0,'udp','2017-10-24 18:06:41'),(29077075,'uloc-59c81d23-3f11-572a1','agarciamoralesterminal','altamar-voz.tedra.es','transport',0,'udp','2017-10-24 18:06:41'),(29077076,'uloc-59c81d23-3f14-1c5a1','iandradeterminal','altamar-voz.tedra.es','transport',0,'udp','2017-10-24 18:06:41'),(29077077,'uloc-595d0de0-5074-1','jdiazreganonterminal','altamar-voz.tedra.es','transport',0,'udp','2017-10-24 18:06:41'),(29077078,'uloc-59c81d23-3f0e-872a1','salaaltanterminal','altamar-voz.tedra.es','transport',0,'udp','2017-10-24 18:06:41'),(29077079,'uloc-598ae432-1fed-2f313','galdanasala2','altamar-voz.tedra.es','transport',0,'udp','2017-10-24 18:06:41'),(29077080,'uloc-59c81d23-3f10-776a1','cestebanterminal','altamar-voz.tedra.es','transport',0,'udp','2017-10-24 18:06:41'),(29077081,'uloc-59c81d23-3f0e-f72a1','caguirreterminal','altamar-voz.tedra.es','transport',0,'udp','2017-10-24 18:06:41'),(29077082,'uloc-59c81d23-3f11-472a1','folasoterminal','altamar-voz.tedra.es','transport',0,'udp','2017-10-24 18:06:41'),(29077083,'uloc-59c81d23-3f13-0f2a1','jmolinaterminal','altamar-voz.tedra.es','transport',0,'udp','2017-10-24 18:06:41'),(29077084,'uloc-59c81d23-3f12-704a1','cesproncedaterminal','altamar-voz.tedra.es','transport',0,'udp','2017-10-24 18:06:41'),(29077085,'uloc-59c81d23-3f10-476a1','mcorpaterminal','altamar-voz.tedra.es','transport',0,'udp','2017-10-24 18:06:41'),(29077086,'uloc-59c81d23-3f10-176a1','pybarraterminal','altamar-voz.tedra.es','transport',0,'udp','2017-10-24 18:06:41'),(29077087,'uloc-59c81d23-3f0e-082a1','agallegoterminal','altamar-voz.tedra.es','transport',0,'udp','2017-10-24 18:06:41'),(29077088,'uloc-58f7a276-549d-11874','nhernandezterminal','altamar-voz.tedra.es','transport',0,'udp','2017-10-24 18:06:41'),(29077089,'uloc-59c81d23-3f13-fe2a1','jvillenaterminal','altamar-voz.tedra.es','transport',0,'udp','2017-10-24 18:06:41'),(29077090,'uloc-595d0de0-5072-4','idelamoraterminal','altamar-voz.tedra.es','transport',0,'udp','2017-10-24 18:06:41'),(29077091,'uloc-59c81d23-3f0f-535a1','pgomezterminal','altamar-voz.tedra.es','transport',0,'udp','2017-10-24 18:06:41'),(29077092,'uloc-595d0de0-5072-8','msanzterminal','altamar-voz.tedra.es','transport',0,'udp','2017-10-24 18:06:41'),(29077093,'uloc-59c81d23-3f12-504a1','jjperezterminal','altamar-voz.tedra.es','transport',0,'udp','2017-10-24 18:06:41'),(29077094,'uloc-59c81d23-3f0f-d0792','lsetienterminal','altamar-voz.tedra.es','transport',0,'udp','2017-10-24 18:06:41'),(29077095,'uloc-59c81d23-3f14-0c5a1','jepalzaterminal','altamar-voz.tedra.es','transport',0,'udp','2017-10-24 18:06:41'),(29077096,'uloc-595d0de0-5071-9','agonzalezterminal','altamar-voz.tedra.es','transport',0,'udp','2017-10-24 18:07:41'),(29077097,'uloc-59a7fa03-47fb-92c64','salagrande','profit-voz.tedra.es','transport',0,'udp','2017-10-24 18:07:41'),(29077098,'uloc-59a7fa03-4800-d3174','salapequena','profit-voz.tedra.es','transport',0,'udp','2017-10-24 18:07:41'),(29077099,'uloc-598ae432-1fed-0e313','mrafartterminal','altamar-voz.tedra.es','transport',0,'udp','2017-10-24 18:07:41'),(29077100,'uloc-59c81d23-3f13-4b794','rafa','agronovo-voz.tedra.es','transport',0,'udp','2017-10-24 18:07:41'),(29077101,'uloc-59c81d23-3f13-6d681','sala3polycomterminal','altamar-voz.tedra.es','transport',0,'udp','2017-10-24 18:07:41'),(29077102,'uloc-59c81d23-3f14-58a82','jzabarteterminal','altamar-voz.tedra.es','transport',0,'udp','2017-10-24 18:07:41'),(29077103,'uloc-59c81d23-3f0e-cf482','dcastanyterminal','altamar-voz.tedra.es','transport',0,'udp','2017-10-24 18:07:41'),(29077104,'uloc-59a7fa03-47fe-47e64','mangeles','profit-voz.tedra.es','transport',0,'udp','2017-10-24 18:07:41'),(29077105,'uloc-59a7fa03-47fe-7ea05','ip5000claudio','altamar-voz.tedra.es','transport',0,'udp','2017-10-24 18:07:41'),(29077106,'uloc-598ae432-1ff2-bf113','christiangarcia','tedra-voz.tedra.es','transport',0,'udp','2017-10-24 18:07:41'),(29077107,'uloc-598ae432-1ff2-2d1c7','jrmorenoterminal','altamar-voz.tedra.es','transport',0,'udp','2017-10-24 18:07:41'),(29077108,'uloc-595d0de0-5075-5','bsanzterminal','altamar-voz.tedra.es','transport',0,'udp','2017-10-24 18:07:41'),(29077109,'uloc-598ae432-1fef-f6e75','bsanzterminal','altamar-voz.tedra.es','transport',0,'udp','2017-10-24 18:07:41'),(29077110,'uloc-59c3a9d2-635c-9de5','jpainemanterminal','altamar-voz.tedra.es','transport',0,'udp','2017-10-24 18:07:41'),(29077111,'uloc-59a7fa03-4800-04174','jcc','profit-voz.tedra.es','transport',0,'udp','2017-10-24 18:07:41'),(29077112,'uloc-59c81d23-3f10-02eb3','nhernandezterminal','altamar-voz.tedra.es','transport',0,'udp','2017-10-24 18:07:41'),(29077113,'uloc-598ae432-1fef-812c7','salareunionchile','altamar-voz.tedra.es','transport',0,'udp','2017-10-24 18:07:41');
/*!40000 ALTER TABLE `kam_users_location_attrs` ENABLE KEYS */;
UNLOCK TABLES;

--
-- Table structure for table `kam_users_missed_calls`
--

DROP TABLE IF EXISTS `kam_users_missed_calls`;
/*!40101 SET @saved_cs_client     = @@character_set_client */;
/*!40101 SET character_set_client = utf8 */;
CREATE TABLE `kam_users_missed_calls` (
  `id` int(10) unsigned NOT NULL AUTO_INCREMENT,
  `method` varchar(16) NOT NULL DEFAULT '',
  `from_tag` varchar(64) NOT NULL DEFAULT '',
  `to_tag` varchar(64) NOT NULL DEFAULT '',
  `callid` varchar(255) NOT NULL DEFAULT '',
  `sip_code` varchar(3) NOT NULL DEFAULT '',
  `sip_reason` varchar(128) NOT NULL DEFAULT '',
  `src_ip` varchar(64) DEFAULT NULL,
  `from_user` varchar(64) DEFAULT NULL,
  `from_domain` varchar(190) DEFAULT NULL,
  `ruri_user` varchar(64) DEFAULT NULL,
  `ruri_domain` varchar(190) DEFAULT NULL,
  `cseq` int(10) unsigned DEFAULT NULL,
  `localtime` datetime NOT NULL,
  `utctime` varchar(128) DEFAULT NULL,
  PRIMARY KEY (`id`),
  KEY `callid_idx` (`callid`)
) ENGINE=InnoDB AUTO_INCREMENT=137457 DEFAULT CHARSET=utf8 COMMENT='[ignore]';
/*!40101 SET character_set_client = @saved_cs_client */;

--
-- Dumping data for table `kam_users_missed_calls`
--

LOCK TABLES `kam_users_missed_calls` WRITE;
/*!40000 ALTER TABLE `kam_users_missed_calls` DISABLE KEYS */;
/*!40000 ALTER TABLE `kam_users_missed_calls` ENABLE KEYS */;
UNLOCK TABLES;

--
-- Table structure for table `kam_users_presentity`
--

DROP TABLE IF EXISTS `kam_users_presentity`;
/*!40101 SET @saved_cs_client     = @@character_set_client */;
/*!40101 SET character_set_client = utf8 */;
CREATE TABLE `kam_users_presentity` (
  `id` int(10) unsigned NOT NULL AUTO_INCREMENT,
  `username` varchar(64) NOT NULL,
  `domain` varchar(190) NOT NULL,
  `event` varchar(64) NOT NULL,
  `etag` varchar(64) NOT NULL,
  `expires` int(11) NOT NULL,
  `received_time` int(11) NOT NULL,
  `body` blob NOT NULL,
  `sender` varchar(128) NOT NULL,
  `priority` int(11) NOT NULL DEFAULT '0',
  PRIMARY KEY (`id`),
  UNIQUE KEY `kam_users_presentity_idx` (`username`,`domain`,`event`,`etag`),
  KEY `kam_users_presentity_expires` (`expires`),
  KEY `account_idx` (`username`,`domain`,`event`)
) ENGINE=InnoDB AUTO_INCREMENT=268295 DEFAULT CHARSET=utf8 COMMENT='[ignore]';
/*!40101 SET character_set_client = @saved_cs_client */;

--
-- Dumping data for table `kam_users_presentity`
--

LOCK TABLES `kam_users_presentity` WRITE;
/*!40000 ALTER TABLE `kam_users_presentity` DISABLE KEYS */;
INSERT INTO `kam_users_presentity` VALUES (267334,'4001','miramar-voz.tedra.es','dialog','a.1506286883.16144.158260.2',1508863195,1508859595,'<?xml version=\"1.0\"?>\n<dialog-info xmlns=\"urn:ietf:params:xml:ns:dialog-info\" version=\"0\" state=\"full\" entity=\"sip:4001@miramar-voz.tedra.es\">\n  <dialog id=\"86895NzU5NDJjM2Y1MTQ3NTFhNzc4MTgzNzhjMDhhNDAwYjg\" direction=\"initiator\">\n    <state>Trying</state>\n  </dialog>\n</dialog-info>\n','',0),(267653,'4001','miramar-voz.tedra.es','dialog','a.1506286883.16148.158182.1',1508863290,1508859690,'<?xml version=\"1.0\"?>\n<dialog-info xmlns=\"urn:ietf:params:xml:ns:dialog-info\" version=\"0\" state=\"full\" entity=\"sip:4001@miramar-voz.tedra.es\">\n  <dialog id=\"86895YTNiN2E4YWQ4YTNmYzJlYzBlMzRmZmUyYTRlMWYyYzI\" direction=\"initiator\">\n    <state>Trying</state>\n  </dialog>\n</dialog-info>\n','',0),(268064,'507','altamar-voz.tedra.es','dialog','a.1506286883.16144.158191.3',1508862714,1508859114,'<?xml version=\"1.0\"?>\n<dialog-info xmlns=\"urn:ietf:params:xml:ns:dialog-info\" version=\"0\" state=\"full\" entity=\"sip:salareunionchile@altamar-voz.tedra.es\">\n  <dialog id=\"cb85dd3f-4a0dcba5@192.168.2.10\" direction=\"initiator\">\n    <state>confirmed</state>\n  </dialog>\n</dialog-info>\n','',0),(268186,'744','altamar-voz.tedra.es','dialog','a.1506286883.16144.158320.3',1508863882,1508860282,'<?xml version=\"1.0\"?>\n<dialog-info xmlns=\"urn:ietf:params:xml:ns:dialog-info\" version=\"0\" state=\"full\" entity=\"sip:gverderaterminal@altamar-voz.tedra.es\">\n  <dialog id=\"3bbb3576-c907fbca@192.168.166.110\" direction=\"initiator\">\n    <state>confirmed</state>\n  </dialog>\n</dialog-info>\n','',0),(268224,'3009','miramar-voz.tedra.es','dialog','a.1506286883.16143.158771.2',1508864387,1508860787,'<?xml version=\"1.0\"?>\n<dialog-info xmlns=\"urn:ietf:params:xml:ns:dialog-info\" version=\"0\" state=\"full\" entity=\"sip:3009@miramar-voz.tedra.es\">\n  <dialog id=\"84929ZmZmMGM2YWM3MDNlYWNmNmMyZmFkMjdhMjgxZGQ2MWY\" direction=\"initiator\">\n    <state>confirmed</state>\n  </dialog>\n</dialog-info>\n','',0),(268241,'955','altamar-voz.tedra.es','dialog','a.1506286883.16148.158288.2',1508864464,1508860864,'<?xml version=\"1.0\"?>\n<dialog-info xmlns=\"urn:ietf:params:xml:ns:dialog-info\" version=\"0\" state=\"full\" entity=\"sip:dereksnyderterminal@altamar-voz.tedra.es\">\n  <dialog id=\"bfa6f352-111463e5@10.11.0.21\" direction=\"initiator\">\n    <state>confirmed</state>\n  </dialog>\n</dialog-info>\n','',0),(268247,'725','altamar-voz.tedra.es','dialog','a.1506286883.16146.158728.3',1508861268,1508861257,'<?xml version=\"1.0\"?>\n<dialog-info xmlns=\"urn:ietf:params:xml:ns:dialog-info\" version=\"0\" state=\"full\" entity=\"sip:rgonzalezterminal@altamar-voz.tedra.es\">\n  <dialog id=\"168e01c6-5445773@192.168.166.114\" direction=\"initiator\">\n    <state>terminated</state>\n  </dialog>\n</dialog-info>\n','',0),(268262,'3008','miramar-voz.tedra.es','dialog','a.1506286883.16149.158541.2',1508864723,1508861123,'<?xml version=\"1.0\"?>\n<dialog-info xmlns=\"urn:ietf:params:xml:ns:dialog-info\" version=\"0\" state=\"full\" entity=\"sip:3008@miramar-voz.tedra.es\">\n  <dialog id=\"84929ZjI2NGM4ZThhZjg2NDMzYjk1MzUwZTc2OTdjYWY0Y2I\" direction=\"initiator\">\n    <state>confirmed</state>\n  </dialog>\n</dialog-info>\n','',0),(268267,'66','agronovo-voz.tedra.es','dialog','a.1506286883.16147.158232.1',1508864754,1508861154,'<?xml version=\"1.0\"?>\n<dialog-info xmlns=\"urn:ietf:params:xml:ns:dialog-info\" version=\"0\" state=\"full\" entity=\"sip:Luisa@agronovo-voz.tedra.es\">\n  <dialog id=\"0c2cb903-fdc6-4de6-9442-f04ae3c08b1b\" direction=\"recipient\">\n    <state>confirmed</state>\n  </dialog>\n</dialog-info>\n','',0),(268279,'3010','miramar-voz.tedra.es','dialog','a.1506286883.16145.158272.12',1508861240,1508861229,'<?xml version=\"1.0\"?>\n<dialog-info xmlns=\"urn:ietf:params:xml:ns:dialog-info\" version=\"0\" state=\"full\" entity=\"sip:3010@miramar-voz.tedra.es\">\n  <dialog id=\"5c4e1b81-0c4a-4f44-b491-73c4f048d685\" direction=\"recipient\">\n    <state>terminated</state>\n  </dialog>\n</dialog-info>\n','',0),(268281,'200','altamar-voz.tedra.es','dialog','a.1506286883.16142.159074.2',1508864823,1508861223,'<?xml version=\"1.0\"?>\n<dialog-info xmlns=\"urn:ietf:params:xml:ns:dialog-info\" version=\"0\" state=\"full\" entity=\"sip:rhodalyterminal@altamar-voz.tedra.es\">\n  <dialog id=\"5e9eaca6-fd2f0b71@192.168.3.200\" direction=\"initiator\">\n    <state>confirmed</state>\n  </dialog>\n</dialog-info>\n','',0),(268282,'3007','miramar-voz.tedra.es','dialog','a.1506286883.16142.159076.1',1508864829,1508861229,'<?xml version=\"1.0\"?>\n<dialog-info xmlns=\"urn:ietf:params:xml:ns:dialog-info\" version=\"0\" state=\"full\" entity=\"sip:3007@miramar-voz.tedra.es\">\n  <dialog id=\"e6e99ee3-20fb-4d37-893a-73b4712b4a53\" direction=\"recipient\">\n    <state>confirmed</state>\n  </dialog>\n</dialog-info>\n','',0),(268283,'708','altamar-voz.tedra.es','dialog','a.1506286883.16142.159081.4',1508861283,1508861272,'<?xml version=\"1.0\"?>\n<dialog-info xmlns=\"urn:ietf:params:xml:ns:dialog-info\" version=\"0\" state=\"full\" entity=\"sip:idelamoraterminal@altamar-voz.tedra.es\">\n  <dialog id=\"a724328e-f05b5331@192.168.166.81\" direction=\"initiator\">\n    <state>terminated</state>\n  </dialog>\n</dialog-info>\n','',0),(268284,'504','altamar-voz.tedra.es','dialog','a.1506286883.16144.158428.4',1508861283,1508861272,'<?xml version=\"1.0\"?>\n<dialog-info xmlns=\"urn:ietf:params:xml:ns:dialog-info\" version=\"0\" state=\"full\" entity=\"sip:tguzmanchile@altamar-voz.tedra.es\">\n  <dialog id=\"c3360c51-cbed-4280-b555-60c054715723\" direction=\"recipient\">\n    <state>terminated</state>\n  </dialog>\n</dialog-info>\n','',0),(268285,'2003','miramar-voz.tedra.es','dialog','a.1506286883.16145.158277.1',1508861287,1508861276,'<?xml version=\"1.0\"?>\n<dialog-info xmlns=\"urn:ietf:params:xml:ns:dialog-info\" version=\"0\" state=\"full\" entity=\"sip:2003@miramar-voz.tedra.es\">\n  <dialog id=\"ebceb374-f861-48a0-a6e1-bf39b8ba7350\" direction=\"recipient\">\n    <state>terminated</state>\n  </dialog>\n</dialog-info>\n','',0),(268286,'2002','miramar-voz.tedra.es','dialog','a.1506286883.16148.158347.1',1508861287,1508861276,'<?xml version=\"1.0\"?>\n<dialog-info xmlns=\"urn:ietf:params:xml:ns:dialog-info\" version=\"0\" state=\"full\" entity=\"sip:2002@miramar-voz.tedra.es\">\n  <dialog id=\"7978927e-ca37-412b-9650-3b4132fe87b2\" direction=\"recipient\">\n    <state>terminated</state>\n  </dialog>\n</dialog-info>\n','',0),(268287,'3008','miramar-voz.tedra.es','dialog','a.1506286883.16146.158733.1',1508861287,1508861276,'<?xml version=\"1.0\"?>\n<dialog-info xmlns=\"urn:ietf:params:xml:ns:dialog-info\" version=\"0\" state=\"full\" entity=\"sip:3008@miramar-voz.tedra.es\">\n  <dialog id=\"5ca6bcc9-c102-4554-a431-dda5ab39c308\" direction=\"recipient\">\n    <state>terminated</state>\n  </dialog>\n</dialog-info>\n','',0),(268288,'3009','miramar-voz.tedra.es','dialog','a.1506286883.16142.159083.1',1508861288,1508861276,'<?xml version=\"1.0\"?>\n<dialog-info xmlns=\"urn:ietf:params:xml:ns:dialog-info\" version=\"0\" state=\"full\" entity=\"sip:3009@miramar-voz.tedra.es\">\n  <dialog id=\"d0d65949-a751-49f3-90a2-f1ae3911ecb9\" direction=\"recipient\">\n    <state>terminated</state>\n  </dialog>\n</dialog-info>\n','',0),(268289,'3012','miramar-voz.tedra.es','dialog','a.1506286883.16143.158828.1',1508861287,1508861276,'<?xml version=\"1.0\"?>\n<dialog-info xmlns=\"urn:ietf:params:xml:ns:dialog-info\" version=\"0\" state=\"full\" entity=\"sip:3012@miramar-voz.tedra.es\">\n  <dialog id=\"6904b854-4372-48bb-8b1e-e25f498ca080\" direction=\"recipient\">\n    <state>terminated</state>\n  </dialog>\n</dialog-info>\n','',0),(268290,'3001','miramar-voz.tedra.es','dialog','a.1506286883.16148.158348.1',1508861287,1508861276,'<?xml version=\"1.0\"?>\n<dialog-info xmlns=\"urn:ietf:params:xml:ns:dialog-info\" version=\"0\" state=\"full\" entity=\"sip:3001@miramar-voz.tedra.es\">\n  <dialog id=\"b808bf2e-0501-4605-9ad7-7076ac5ef9ee\" direction=\"recipient\">\n    <state>terminated</state>\n  </dialog>\n</dialog-info>\n','',0),(268291,'4001','miramar-voz.tedra.es','dialog','a.1506286883.16146.158732.1',1508861287,1508861276,'<?xml version=\"1.0\"?>\n<dialog-info xmlns=\"urn:ietf:params:xml:ns:dialog-info\" version=\"0\" state=\"full\" entity=\"sip:4001@miramar-voz.tedra.es\">\n  <dialog id=\"a89f3ad9-7833-4d86-baed-99c881ddd652\" direction=\"recipient\">\n    <state>terminated</state>\n  </dialog>\n</dialog-info>\n','',0),(268292,'3011','miramar-voz.tedra.es','dialog','a.1506286883.16142.159082.1',1508861287,1508861276,'<?xml version=\"1.0\"?>\n<dialog-info xmlns=\"urn:ietf:params:xml:ns:dialog-info\" version=\"0\" state=\"full\" entity=\"sip:3011@miramar-voz.tedra.es\">\n  <dialog id=\"cd73dc43-b4c8-450d-b363-27fc063c580f\" direction=\"recipient\">\n    <state>terminated</state>\n  </dialog>\n</dialog-info>\n','',0),(268293,'3006','miramar-voz.tedra.es','dialog','a.1506286883.16148.158349.1',1508861287,1508861276,'<?xml version=\"1.0\"?>\n<dialog-info xmlns=\"urn:ietf:params:xml:ns:dialog-info\" version=\"0\" state=\"full\" entity=\"sip:3006@miramar-voz.tedra.es\">\n  <dialog id=\"e4ca9bb8-5d45-4a6f-8de5-6e0e50c1675f\" direction=\"recipient\">\n    <state>terminated</state>\n  </dialog>\n</dialog-info>\n','',0),(268294,'3010','miramar-voz.tedra.es','dialog','a.1506286883.16145.158279.5',1508864891,1508861291,'<?xml version=\"1.0\"?>\n<dialog-info xmlns=\"urn:ietf:params:xml:ns:dialog-info\" version=\"0\" state=\"full\" entity=\"sip:3010@miramar-voz.tedra.es\">\n  <dialog id=\"640132c0-b8bd-4f51-9616-37b1d9d1a9fc\" direction=\"recipient\">\n    <state>confirmed</state>\n  </dialog>\n</dialog-info>\n','',0);
/*!40000 ALTER TABLE `kam_users_presentity` ENABLE KEYS */;
UNLOCK TABLES;

--
-- Table structure for table `kam_users_pua`
--

DROP TABLE IF EXISTS `kam_users_pua`;
/*!40101 SET @saved_cs_client     = @@character_set_client */;
/*!40101 SET character_set_client = utf8 */;
CREATE TABLE `kam_users_pua` (
  `id` int(10) unsigned NOT NULL AUTO_INCREMENT,
  `pres_uri` varchar(128) NOT NULL,
  `pres_id` varchar(255) NOT NULL,
  `event` int(11) NOT NULL,
  `expires` int(11) NOT NULL,
  `desired_expires` int(11) NOT NULL,
  `flag` int(11) NOT NULL,
  `etag` varchar(64) NOT NULL,
  `tuple_id` varchar(64) DEFAULT NULL,
  `watcher_uri` varchar(128) NOT NULL,
  `call_id` varchar(255) NOT NULL,
  `to_tag` varchar(64) NOT NULL,
  `from_tag` varchar(64) NOT NULL,
  `cseq` int(11) NOT NULL,
  `record_route` text,
  `contact` varchar(128) NOT NULL,
  `remote_contact` varchar(128) NOT NULL,
  `version` int(11) NOT NULL,
  `extra_headers` text NOT NULL,
  PRIMARY KEY (`id`),
  UNIQUE KEY `kam_users_pua_idx` (`etag`,`tuple_id`,`call_id`,`from_tag`),
  KEY `expires_idx` (`expires`),
  KEY `dialog1_idx` (`pres_id`,`pres_uri`),
  KEY `dialog2_idx` (`call_id`,`from_tag`),
  KEY `record_idx` (`pres_id`)
) ENGINE=InnoDB AUTO_INCREMENT=127424 DEFAULT CHARSET=utf8 COMMENT='[ignore]';
/*!40101 SET character_set_client = @saved_cs_client */;

--
-- Dumping data for table `kam_users_pua`
--

LOCK TABLES `kam_users_pua` WRITE;
/*!40000 ALTER TABLE `kam_users_pua` DISABLE KEYS */;
INSERT INTO `kam_users_pua` VALUES (126977,'sip:4001@miramar-voz.tedra.es','DIALOG_PUBLISH.86895NzU5NDJjM2Y1MTQ3NTFhNzc4MTgzNzhjMDhhNDAwYjg',32,1508863195,1508863309,1024,'a.1506286883.16144.158260.2','','','','','',0,'','','',0,''),(127153,'sip:4001@miramar-voz.tedra.es','DIALOG_PUBLISH.86895YTNiN2E4YWQ4YTNmYzJlYzBlMzRmZmUyYTRlMWYyYzI',32,1508863290,1508866917,1024,'a.1506286883.16148.158182.1','','','','','',0,'','','',0,''),(127240,'sip:1000@clinicaeras-voz.tedra.es','DIALOG_PUBLISH.9622bdcb-e245-4c62-8de7-7686672eb110',32,1508861224,1508868424,1024,'a.1506286883.16144.158032.1','','','','','',0,'','','',1,''),(127241,'sip:3006@miramar-voz.tedra.es','DIALOG_PUBLISH.84929ZjQzYzg1ODFhZDJlYzk2MDIxMTRhZTI3YjFhN2JkMDg',32,1508861224,1508868424,1024,'a.1506286883.16147.157868.2','','','','','',0,'','','',2,''),(127243,'sip:3009@miramar-voz.tedra.es','DIALOG_PUBLISH.84929MGU4ZGY5ZmY0ZGFkOTBiMDk5Mzg0NmM0ZjBlMmYyMDM',32,1508861221,1508868421,1024,'a.1506286883.16145.157833.2','','','','','',0,'','','',2,''),(127247,'sip:754@altamar-voz.tedra.es','DIALOG_PUBLISH.2bef9ee17302626a631a142776849473@altamar-voz.tedra.es',32,1508861312,1508868512,1024,'a.1506286883.16148.158004.3','','','','','',0,'','','',3,''),(127248,'sip:768@altamar-voz.tedra.es','DIALOG_PUBLISH.6e49b387-865c-4971-a75e-0092d882741e',32,1508861311,1508868511,1024,'a.1506286883.16147.157884.2','','','','','',0,'','','',2,''),(127250,'sip:200@novaquality-voz.mgiconsultores.com','DIALOG_PUBLISH.8d7fe35a-c0ccff74@10.10.20.24',32,1508861338,1508868538,1024,'a.1506286883.16145.157857.2','','','','','',0,'','','',2,''),(127251,'sip:3012@miramar-voz.tedra.es','DIALOG_PUBLISH.82159NGQ2ODhjMWEyMTQ0ODE5ZTRkNTYxNGUzZTAzYzQ2OWY',32,1508861300,1508868500,1024,'a.1506286883.16147.157881.2','','','','','',0,'','','',2,''),(127252,'sip:2003@miramar-voz.tedra.es','DIALOG_PUBLISH.MmU4ZDYyYmJmNzM3NTQ4MjM3ZTg1Y2UwNzM4ZGU4ZmE',32,1508861320,1508868520,1024,'a.1506286883.16149.158189.2','','','','','',0,'','','',2,''),(127253,'sip:700@altamar-voz.tedra.es','DIALOG_PUBLISH.d820e3a6-83e1-4394-8f82-809ac0472f0f',32,1508861418,1508868618,1024,'a.1506286883.16147.157889.4','','','','','',0,'','','',4,''),(127255,'sip:751@altamar-voz.tedra.es','DIALOG_PUBLISH.128d615c7e939e2b5f6cfadc673a8556@altamar-voz.tedra.es',32,1508861425,1508868625,1024,'a.1506286883.16147.157890.1','','','','','',0,'','','',1,''),(127256,'sip:747@altamar-voz.tedra.es','DIALOG_PUBLISH.48f1784a-f9a4-410a-baf7-74fa703a1e53',32,1508861425,1508868625,1024,'a.1506286883.16142.158703.0','','','','','',0,'','','',0,''),(127257,'sip:3012@miramar-voz.tedra.es','DIALOG_PUBLISH.82159ODgwN2YxNzA5ZWM0NGJhYzEyNTJjNjVkYzYzMjUxNzI',32,1508861396,1508868596,1024,'a.1506286883.16145.157861.1','','','','','',0,'','','',1,''),(127258,'sip:4001@miramar-voz.tedra.es','DIALOG_PUBLISH.86895OWE0YmUxYmIwM2RiYmQ1NjAwOTExNDg4OGNmNjhiNGE',32,1508861422,1508868622,1024,'a.1506286883.16146.158384.0','','','','','',0,'','','',0,''),(127259,'sip:2003@miramar-voz.tedra.es','DIALOG_PUBLISH.NDI1MGZkZTg1N2I1YmMyYTg0MjczYmQ4NzZiNTMzZDI',32,1508861405,1508868605,1024,'a.1506286883.16148.158012.2','','','','','',0,'','','',2,''),(127260,'sip:1000@clinicaeras-voz.tedra.es','DIALOG_PUBLISH.e53c865d-9017-435b-bd79-c35195a29a1e',32,1508861522,1508868722,1024,'a.1506286883.16146.158402.1','','','','','',0,'','','',1,''),(127261,'sip:500@altamar-voz.tedra.es','DIALOG_PUBLISH.87baeeff-75c3-4c73-8b78-dcff9125e24a',32,1508861523,1508868723,1024,'a.1506286883.16145.157875.0','','','','','',0,'','','',0,''),(127262,'sip:788@altamar-voz.tedra.es','DIALOG_PUBLISH.33300a-16ec54bb@192.168.166.85',32,1508861503,1508868703,1024,'a.1506286883.16149.158208.2','','','','','',0,'','','',2,''),(127264,'sip:1002@miramar-voz.tedra.es','DIALOG_PUBLISH.84929MjhmNWFhYWIxZmRmYTdjYmRjZWJjZjcyYTU4ZDI4Yjg',32,1508861455,1508868655,1024,'a.1506286883.16145.157866.4','','','','','',0,'','','',4,''),(127265,'sip:1000@miramar-voz.tedra.es','DIALOG_PUBLISH.e89a4d82-1579-40c7-a924-a2c8f3b45187',32,1508861455,1508868655,1024,'a.1506286883.16149.158200.4','','','','','',0,'','','',4,''),(127267,'sip:4001@miramar-voz.tedra.es','DIALOG_PUBLISH.86895NjRhNjRhYTNiYzQ0NmFlYmQ5MzMxMjc0ZmZhNTI3NjY',32,1508861508,1508868708,1024,'a.1506286883.16146.158398.2','','','','','',0,'','','',2,''),(127268,'sip:2003@miramar-voz.tedra.es','DIALOG_PUBLISH.1df0e80f-3619-4865-8654-383f3e84e278',32,1508861515,1508868715,1024,'a.1506286883.16144.158065.1','','','','','',0,'','','',1,''),(127269,'sip:764@altamar-voz.tedra.es','DIALOG_PUBLISH.71179391-86987207@192.168.166.95',32,1508861442,1508868642,1024,'a.1506286883.16148.158016.3','','','','','',0,'','','',3,''),(127270,'sip:785@altamar-voz.tedra.es','DIALOG_PUBLISH.51333c51-5e20-439f-a183-bf94196eef35',32,1508861544,1508868744,1024,'a.1506286883.16148.158030.2','','','','','',0,'','','',2,''),(127271,'sip:737@altamar-voz.tedra.es','DIALOG_PUBLISH.4d9b9a7e55d67b90616d058164b1e69a@altamar-voz.tedra.es',32,1508861544,1508868744,1024,'a.1506286883.16142.158725.3','','','','','',0,'','','',3,''),(127272,'sip:3010@miramar-voz.tedra.es','DIALOG_PUBLISH.84929N2UzODI0YzNiMzE5YTYwOWQwMmI1NDJmNmIzN2FiMDk',32,1508861543,1508868743,1024,'a.1506286883.16144.158069.2','','','','','',0,'','','',2,''),(127273,'sip:22@alvarez-voz.tedra.es','DIALOG_PUBLISH.a4ebc639-cf16-4dbb-bbf4-05e0161a2a39',32,1508861599,1508868799,1024,'a.1506286883.16144.158073.1','','','','','',0,'','','',1,''),(127274,'sip:204@novaquality-voz.mgiconsultores.com','DIALOG_PUBLISH.2cf8f1ec-524726c@10.10.20.21',32,1508861713,1508868913,1024,'a.1506286883.16145.157885.2','','','','','',0,'','','',2,''),(127275,'sip:1000@clinicaeras-voz.tedra.es','DIALOG_PUBLISH.b88ca193-6035-4c3c-8d7e-1bc9eb658158',32,1508861814,1508869014,1024,'a.1506286883.16149.158227.1','','','','','',0,'','','',1,''),(127276,'sip:754@altamar-voz.tedra.es','DIALOG_PUBLISH.b75cfabb-6f9a-4c0a-b940-7ae8e2975f07',32,1508861798,1508868998,1024,'a.1506286883.16143.158488.2','','','','','',0,'','','',2,''),(127277,'sip:710@altamar-voz.tedra.es','DIALOG_PUBLISH.915976dc-23ad3fd1@192.168.166.123',32,1508861758,1508868958,1024,'a.1506286883.16148.158037.3','','','','','',0,'','','',3,''),(127278,'sip:607@altamar-voz.tedra.es','DIALOG_PUBLISH.5ddcc0b1-fac9dd35@192.168.166.94',32,1508861777,1508868977,1024,'a.1506286883.16144.158080.2','','','','','',0,'','','',2,''),(127279,'sip:3008@miramar-voz.tedra.es','DIALOG_PUBLISH.84929M2RmYzMwNDJlNjQ1NDIxM2E5Yjk0M2U0Y2QwYTZkMjM',32,1508861822,1508869022,1024,'a.1506286883.16148.158044.0','','','','','',0,'','','',0,''),(127280,'sip:605@altamar-voz.tedra.es','DIALOG_PUBLISH.561963d6-8d27-4fb7-bb70-791480884e91',32,1508861757,1508868957,1024,'a.1506286883.16149.158224.2','','','','','',0,'','','',2,''),(127281,'sip:785@altamar-voz.tedra.es','DIALOG_PUBLISH.77a7aca125c625686caeb5252667a79a@altamar-voz.tedra.es',32,1508861798,1508868998,1024,'a.1506286883.16147.157919.3','','','','','',0,'','','',3,''),(127283,'sip:03@fbconsultores-voz.tedra.es','DIALOG_PUBLISH.aae38008-e439-4546-a6fa-419b89698ac7',32,1508861895,1508869095,1024,'a.1506286883.16143.158512.1','','','','','',0,'','','',1,''),(127284,'sip:3007@miramar-voz.tedra.es','DIALOG_PUBLISH.a836d4ac-0f15-4143-8ee4-1375d1635bd3',32,1508861910,1508869110,1024,'a.1506286883.16149.158238.1','','','','','',0,'','','',1,''),(127285,'sip:1000@miramar-voz.tedra.es','DIALOG_PUBLISH.6d2b8f70-3fdc-48d4-9f0b-831d58f7fe83',32,1508861859,1508869059,1024,'a.1506286883.16147.157930.3','','','','','',0,'','','',3,''),(127287,'sip:797@altamar-voz.tedra.es','DIALOG_PUBLISH.5ca6ca4c-e975-423c-ba0e-abdd12e35d3c',32,1508861922,1508869122,1024,'a.1506286883.16145.157920.1','','','','','',0,'','','',1,''),(127289,'sip:2002@miramar-voz.tedra.es','DIALOG_PUBLISH.82162ZjExY2JhMzI1NzJmNmMyMTA2YjdiNTgxZjc4OGMzNjI',32,1508861859,1508869059,1024,'a.1506286883.16142.158749.4','','','','','',0,'','','',4,''),(127290,'sip:2003@miramar-voz.tedra.es','DIALOG_PUBLISH.MWNhOWJjMTk4MDU1ZGQ5ZmUxZDEyZTVmY2ZlM2RkZjk',32,1508861850,1508869050,1024,'a.1506286883.16143.158502.3','','','','','',0,'','','',3,''),(127291,'sip:22@alvarez-voz.tedra.es','DIALOG_PUBLISH.2ef272ae-ee26-4262-bbba-c33fb7b02e0e',32,1508861898,1508869098,1024,'a.1506286883.16145.157916.1','','','','','',0,'','','',1,''),(127296,'sip:2003@miramar-voz.tedra.es','DIALOG_PUBLISH.NTVjOWM5OGYyYzQwZjIyMzU3YmExMTE1NzJjNWUxNzg',32,1508862063,1508869263,1024,'a.1506286883.16142.158769.2','','','','','',0,'','','',2,''),(127297,'sip:22@alvarez-voz.tedra.es','DIALOG_PUBLISH.107e630e-26b9-442b-b938-15307540a1d6',32,1508862117,1508869317,1024,'a.1506286883.16147.157958.1','','','','','',0,'','','',1,''),(127299,'sip:220@novaquality-voz.mgiconsultores.com','DIALOG_PUBLISH.42aee60a-d7b5-4411-acad-adb03eed637c',32,1508862205,1508869405,1024,'a.1506286883.16149.158263.1','','','','','',0,'','','',1,''),(127300,'sip:758@altamar-voz.tedra.es','DIALOG_PUBLISH.8013288d-8a02d88c@192.168.166.89',32,1508862195,1508869395,1024,'a.1506286883.16142.158779.3','','','','','',0,'','','',3,''),(127301,'sip:760@altamar-voz.tedra.es','DIALOG_PUBLISH.f667baf1-c60844b9@192.168.166.103',32,1508862195,1508869395,1024,'a.1506286883.16143.158542.2','','','','','',0,'','','',2,''),(127302,'sip:764@altamar-voz.tedra.es','DIALOG_PUBLISH.634eac25-17412532@192.168.166.95',32,1508862146,1508869346,1024,'a.1506286883.16148.158077.2','','','','','',0,'','','',2,''),(127304,'sip:500@altamar-voz.tedra.es','DIALOG_PUBLISH.4896bcda-a83ef423@192.168.2.3',32,1508862316,1508869516,1024,'a.1506286883.16146.158466.3','','','','','',0,'','','',3,''),(127305,'sip:3010@miramar-voz.tedra.es','DIALOG_PUBLISH.3242af8a-9073-4a84-8e28-f940149c7865',32,1508862307,1508869507,1024,'a.1506286883.16148.158090.3','','','','','',0,'','','',3,''),(127307,'sip:505@altamar-voz.tedra.es','DIALOG_PUBLISH.8bceb44a-ed1c-490d-87c3-d19db41c84f6',32,1508862315,1508869515,1024,'a.1506286883.16145.157962.2','','','','','',0,'','','',2,''),(127309,'sip:1002@miramar-voz.tedra.es','DIALOG_PUBLISH.84929OWFiOTBkYjk0YmJjYjJmNTg3M2JhOTZjMjEwYTUzY2M',32,1508862420,1508869620,1024,'a.1506286883.16144.158157.4','','','','','',0,'','','',4,''),(127310,'sip:3009@miramar-voz.tedra.es','DIALOG_PUBLISH.18ee5abf-87ae-4664-907f-5a0731bdb1d0',32,1508862411,1508869611,1024,'a.1506286883.16142.158822.1','','','','','',0,'','','',1,''),(127311,'sip:797@altamar-voz.tedra.es','DIALOG_PUBLISH.5a468348-e517fc81@192.168.166.106',32,1508862422,1508869622,1024,'a.1506286883.16145.157984.1','','','','','',0,'','','',1,''),(127313,'sip:768@altamar-voz.tedra.es','DIALOG_PUBLISH.f7e9ca6f-9db7082a@192.168.166.49',32,1508862466,1508869666,1024,'a.1506286883.16143.158582.3','','','','','',0,'','','',3,''),(127314,'sip:1003@miramar-voz.tedra.es','DIALOG_PUBLISH.85992NGYzZTUzZDExNjQwMzkzYTg2OWY3YjY4ODI5ZDdiNmQ',32,1508862514,1508869714,1024,'a.1506286883.16144.158169.4','','','','','',0,'','','',4,''),(127315,'sip:1000@miramar-voz.tedra.es','DIALOG_PUBLISH.49f5cbeb-03ae-4441-bd72-0a805d11d6a9',32,1508862514,1508869714,1024,'a.1506286883.16143.158586.3','','','','','',0,'','','',3,''),(127317,'sip:3012@miramar-voz.tedra.es','DIALOG_PUBLISH.82159NmFiYzE0YmM5NTI4MDI0MTM4ODczNjJmNzg0NTg2NGE',32,1508862479,1508869679,1024,'a.1506286883.16142.158828.2','','','','','',0,'','','',2,''),(127318,'sip:764@altamar-voz.tedra.es','DIALOG_PUBLISH.dc7b9279-6ed7cd33@192.168.166.95',32,1508862466,1508869666,1024,'a.1506286883.16146.158492.2','','','','','',0,'','','',2,''),(127319,'sip:720@altamar-voz.tedra.es','DIALOG_PUBLISH.be206707-be7e-4514-9799-eddcad97087f',32,1508862465,1508869665,1024,'a.1506286883.16146.158491.2','','','','','',0,'','','',2,''),(127320,'sip:200@profit-voz.tedra.es','DIALOG_PUBLISH.9a0f25f6-880fd9a8@192.168.50.197',32,1508862596,1508869796,1024,'a.1506286883.16149.158320.0','','','','','',0,'','','',0,''),(127321,'sip:2003@miramar-voz.tedra.es','DIALOG_PUBLISH.e22b1c67-bbe0-487d-91b9-3a8e6a5b4798',32,1508862579,1508869779,1024,'a.1506286883.16149.158318.1','','','','','',0,'','','',1,''),(127322,'sip:722@altamar-voz.tedra.es','DIALOG_PUBLISH.7c3d464a08de2bf652a043b05a7f8cea@altamar-voz.tedra.es',32,1508862545,1508869745,1024,'a.1506286883.16147.158015.2','','','','','',0,'','','',2,''),(127324,'sip:201@profit-voz.tedra.es','DIALOG_PUBLISH.5ddbb238-8009fbca@192.168.50.198',32,1508862620,1508869820,1024,'a.1506286883.16146.158501.0','','','','','',0,'','','',0,''),(127327,'sip:200@novaquality-voz.mgiconsultores.com','DIALOG_PUBLISH.62521d02-f47d-4c6b-bd58-04c00b33f4d6',32,1508862682,1508869882,1024,'a.1506286883.16147.158028.1','','','','','',0,'','','',1,''),(127329,'sip:507@altamar-voz.tedra.es','DIALOG_PUBLISH.cb85dd3f-4a0dcba5@192.168.2.10',32,1508862714,1508869914,1024,'a.1506286883.16144.158191.3','','','','','',0,'','','',3,''),(127330,'sip:623@altamar-voz.tedra.es','DIALOG_PUBLISH.0_4053566554@192.168.166.221',32,1508862718,1508869918,1024,'a.1506286883.16146.158507.3','','','','','',0,'','','',3,''),(127334,'sip:2003@miramar-voz.tedra.es','DIALOG_PUBLISH.OTFiZmJmMjg5ZjgxMjZiYzE0NzAzNzUyODdjYjhhMGU',32,1508862826,1508870026,1024,'a.1506286883.16142.158854.2','','','','','',0,'','','',2,''),(127335,'sip:3009@miramar-voz.tedra.es','DIALOG_PUBLISH.84929OGVhMjI4YzYwYTA3NGIyYjNmZDZhMGZmMDI1ODk1ZmQ',32,1508862916,1508870116,1024,'a.1506286883.16145.158055.3','','','','','',0,'','','',3,''),(127336,'sip:200@novaquality-voz.mgiconsultores.com','DIALOG_PUBLISH.82faf61c-6937-4108-86cd-dc106f437856',32,1508862868,1508870068,1024,'a.1506286883.16144.158222.1','','','','','',0,'','','',1,''),(127337,'sip:703@altamar-voz.tedra.es','DIALOG_PUBLISH.2448d9fa7c4042593720932e62811849@altamar-voz.tedra.es',32,1508862919,1508870119,1024,'a.1506286883.16146.158538.3','','','','','',0,'','','',3,''),(127338,'sip:2003@miramar-voz.tedra.es','DIALOG_PUBLISH.YjQxMzc0YWVhZjhkODRiNTZjZTgyYjNmOTc1N2MzNTI',32,1508862908,1508870108,1024,'a.1506286883.16143.158634.3','','','','','',0,'','','',3,''),(127339,'sip:715@altamar-voz.tedra.es','DIALOG_PUBLISH.87a29b6d-2caf-4395-b922-a1fb1a74fc4e',32,1508862917,1508870117,1024,'a.1506286883.16145.158056.1','','','','','',0,'','','',1,''),(127340,'sip:3006@miramar-voz.tedra.es','DIALOG_PUBLISH.84929NWVkMjNlNzRiZDYxMDM2NzQ1YmUxYWM4NDlkNTQ4M2Q',32,1508863013,1508870213,1024,'a.1506286883.16146.158545.2','','','','','',0,'','','',2,''),(127342,'sip:603@altamar-voz.tedra.es','DIALOG_PUBLISH.75098dec-cbbc5be3@192.168.166.91',32,1508863063,1508870263,1024,'a.1506286883.16144.158251.2','','','','','',0,'','','',2,''),(127343,'sip:3007@miramar-voz.tedra.es','DIALOG_PUBLISH.01b0afd0-ea10-4a2d-a463-cb4d91eff86c',32,1508863062,1508870262,1024,'a.1506286883.16145.158086.1','','','','','',0,'','','',1,''),(127344,'sip:3010@miramar-voz.tedra.es','DIALOG_PUBLISH.84929ODMzMTlmZWY0YzcwMGU0NjhmNWRlMTY0NTQ4ZTdiY2E',32,1508863096,1508870296,1024,'a.1506286883.16144.158253.4','','','','','',0,'','','',4,''),(127345,'sip:710@altamar-voz.tedra.es','DIALOG_PUBLISH.33de3bd4-318cb42f@192.168.166.123',32,1508863204,1508870404,1024,'a.1506286883.16144.158263.3','','','','','',0,'','','',3,''),(127346,'sip:3009@miramar-voz.tedra.es','DIALOG_PUBLISH.abc08017-922a-4480-bad6-833cd7854452',32,1508863321,1508870521,1024,'a.1506286883.16144.158273.3','','','','','',0,'','','',3,''),(127347,'sip:738@altamar-voz.tedra.es','DIALOG_PUBLISH.9fe52dbc-d8bc-4a79-b1b3-8374fac87119',32,1508863204,1508870403,1024,'a.1506286883.16145.158095.2','','','','','',0,'','','',2,''),(127348,'sip:301@altamar-voz.tedra.es','DIALOG_PUBLISH.39787492-715c450b@192.168.2.11',32,1508863205,1508870405,1024,'a.1506286883.16147.158092.2','','','','','',0,'','','',2,''),(127349,'sip:3011@miramar-voz.tedra.es','DIALOG_PUBLISH.84929MzRiNWZlMGM3Y2QzZTM4YWY0NzBkZDgwNzhhNzRmMDk',32,1508863209,1508870409,1024,'a.1506286883.16144.158264.2','','','','','',0,'','','',2,''),(127350,'sip:4001@miramar-voz.tedra.es','DIALOG_PUBLISH.86895Y2I2NGVjMzM2ZmI3ZjAxYjlmMWY0Y2YxNjUzMjYwMzg',32,1508863219,1508870419,1024,'a.1506286883.16149.158386.3','','','','','',0,'','','',3,''),(127351,'sip:200@profit-voz.tedra.es','DIALOG_PUBLISH.feb93529-73e4-4c50-8d29-f2dc66e354eb',32,1508863325,1508870525,1024,'a.1506286883.16145.158101.1','','','','','',0,'','','',1,''),(127354,'sip:200@novaquality-voz.mgiconsultores.com','DIALOG_PUBLISH.9ea058c-e120160c@10.10.20.24',32,1508863377,1508870577,1024,'a.1506286883.16148.158195.3','','','','','',0,'','','',3,''),(127355,'sip:3012@miramar-voz.tedra.es','DIALOG_PUBLISH.570095a9-8369-43ba-8592-8803e5434747',32,1508863386,1508870586,1024,'a.1506286883.16147.158103.1','','','','','',0,'','','',1,''),(127357,'sip:503@tedra-voz.tedra.es','DIALOG_PUBLISH.c220db19-e28ed859@192.168.1.224',32,1508863511,1508870711,1024,'a.1506286883.16145.158113.1','','','','','',0,'','','',1,''),(127358,'sip:754@altamar-voz.tedra.es','DIALOG_PUBLISH.7ed4096b-d05e-47d4-8ef1-cab7de659b92',32,1508863532,1508870732,1024,'a.1506286883.16144.158288.1','','','','','',0,'','','',1,''),(127360,'sip:1005@miramar-voz.tedra.es','DIALOG_PUBLISH.02317def-466e-48d1-8f31-93c3ffb61785',32,1508863526,1508870726,1024,'a.1506286883.16143.158684.0','','','','','',0,'','','',0,''),(127361,'sip:1002@miramar-voz.tedra.es','DIALOG_PUBLISH.7207ac02-0ead-4f27-bc30-48134fb1ed94',32,1508863691,1508870891,1024,'a.1506286883.16144.158302.5','','','','','',0,'','','',5,''),(127362,'sip:1003@miramar-voz.tedra.es','DIALOG_PUBLISH.3cc763fb-4db4-4b67-874b-1bcb56b5358b',32,1508863526,1508870726,1024,'a.1506286883.16148.158205.0','','','','','',0,'','','',0,''),(127363,'sip:1000@miramar-voz.tedra.es','DIALOG_PUBLISH.6c8f41c2-dbe7-40f5-879d-6a755a28f113',32,1508863526,1508870726,1024,'a.1506286883.16145.158114.0','','','','','',0,'','','',0,''),(127364,'sip:1000@miramar-voz.tedra.es','DIALOG_PUBLISH.84929MTYzNjAyZjdmMGQ4MjNjYmRjZjExNjc0MzQ2MTQxYTA',32,1508863495,1508870695,1024,'a.1506286883.16143.158683.5','','','','','',0,'','','',5,''),(127365,'sip:3009@miramar-voz.tedra.es','DIALOG_PUBLISH.84929Yjk3MTE0ZjE5M2I1MzQzZDY3ZTk5MWM0OGViYzA5NDE',32,1508863500,1508870700,1024,'a.1506286883.16148.158203.3','','','','','',0,'','','',3,''),(127366,'sip:209@profit-voz.tedra.es','DIALOG_PUBLISH.4c9c460-f9742084@192.168.50.184',32,1508863528,1508870728,1024,'a.1506286883.16148.158206.0','','','','','',0,'','','',0,''),(127367,'sip:200@altamar-voz.tedra.es','DIALOG_PUBLISH.70e02b24-eb1e6bd1@192.168.3.200',32,1508863501,1508870701,1024,'a.1506286883.16147.158109.2','','','','','',0,'','','',2,''),(127368,'sip:603@altamar-voz.tedra.es','DIALOG_PUBLISH.34415246-689ba9a4@192.168.166.91',32,1508863612,1508870812,1024,'a.1506286883.16142.158918.2','','','','','',0,'','','',2,''),(127369,'sip:206@profit-voz.tedra.es','DIALOG_PUBLISH.f2937271-9deb2e9f@192.168.50.194',32,1508863593,1508870793,1024,'a.1506286883.16146.158596.2','','','','','',0,'','','',2,''),(127370,'sip:715@altamar-voz.tedra.es','DIALOG_PUBLISH.751140e5-b043-4c9d-b7d6-19eae16e090f',32,1508864451,1508871651,1024,'a.1506286883.16144.158374.3','','','','','',0,'','','',3,''),(127371,'sip:753@altamar-voz.tedra.es','DIALOG_PUBLISH.5a9a32e201acc10c56f7c5c47e962417@altamar-voz.tedra.es',32,1508863728,1508870928,1024,'a.1506286883.16142.158931.3','','','','','',0,'','','',3,''),(127372,'sip:758@altamar-voz.tedra.es','DIALOG_PUBLISH.0afbf7b6-56b2-45f0-8ac5-a50a275a0971',32,1508863728,1508870928,1024,'a.1506286883.16148.158227.2','','','','','',0,'','','',2,''),(127373,'sip:3010@miramar-voz.tedra.es','DIALOG_PUBLISH.e005d938-517a-451b-a7bb-9083758c1b73',32,1508863658,1508870858,1024,'a.1506286883.16144.158301.1','','','','','',0,'','','',1,''),(127374,'sip:2003@miramar-voz.tedra.es','DIALOG_PUBLISH.MWE5MDExMGNiZmM4ZGQyNWExNDNjZTU1YTgyOTdjZDY',32,1508863726,1508870926,1024,'a.1506286883.16145.158134.1','','','','','',0,'','','',1,''),(127375,'sip:607@altamar-voz.tedra.es','DIALOG_PUBLISH.39a2104d-fa408b4f@192.168.166.94',32,1508863810,1508871010,1024,'a.1506286883.16147.158137.3','','','','','',0,'','','',3,''),(127377,'sip:3007@miramar-voz.tedra.es','DIALOG_PUBLISH.3db59ce0-6c23-416c-a7fc-b794253249f3',32,1508863801,1508871001,1024,'a.1506286883.16145.158145.1','','','','','',0,'','','',1,''),(127378,'sip:504@altamar-voz.tedra.es','DIALOG_PUBLISH.39d858f2-e8a297cc@192.168.2.7',32,1508863778,1508870978,1024,'a.1506286883.16144.158310.1','','','','','',0,'','','',1,''),(127379,'sip:4001@miramar-voz.tedra.es','DIALOG_PUBLISH.86895YTRlYzQwNmZmNTI3NTQ3NTAyNWIwODI3MTI2ZGYxMjM',32,1508863804,1508871004,1024,'a.1506286883.16144.158313.2','','','','','',0,'','','',2,''),(127380,'sip:505@altamar-voz.tedra.es','DIALOG_PUBLISH.d9464482-1d1ae5db@192.168.2.8',32,1508863767,1508870967,1024,'a.1506286883.16145.158142.4','','','','','',0,'','','',4,''),(127381,'sip:786@altamar-voz.tedra.es','DIALOG_PUBLISH.34baabe1-7d05-43c6-9358-0bcabfd573f1',32,1508863809,1508871009,1024,'a.1506286883.16148.158231.2','','','','','',0,'','','',2,''),(127382,'sip:715@altamar-voz.tedra.es','DIALOG_PUBLISH.9190aac6-1b72-4b16-896e-8444a45f476f',32,1508863778,1508870978,1024,'a.1506286883.16146.158616.0','','','','','',0,'','','',0,''),(127383,'sip:712@altamar-voz.tedra.es','DIALOG_PUBLISH.764c299d2a3244880758a9b33473f787@altamar-voz.tedra.es',32,1508863858,1508871058,1024,'a.1506286883.16142.158944.3','','','','','',0,'','','',3,''),(127384,'sip:744@altamar-voz.tedra.es','DIALOG_PUBLISH.3bbb3576-c907fbca@192.168.166.110',32,1508863882,1508871081,1024,'a.1506286883.16144.158320.3','','','','','',0,'','','',3,''),(127385,'sip:208@altamar-voz.tedra.es','DIALOG_PUBLISH.2eb0419-9dd61e60-28f7c2d7@192.168.3.208',32,1508863928,1508871128,1024,'a.1506286883.16143.158720.0','','','','','',0,'','','',0,''),(127387,'sip:3006@miramar-voz.tedra.es','DIALOG_PUBLISH.84929YTYyYmY1OWE5ZWJjYTllMDc0OWU2YmE2ZDhlMThjZjI',32,1508863935,1508871135,1024,'a.1506286883.16146.158626.2','','','','','',0,'','','',2,''),(127388,'sip:209@profit-voz.tedra.es','DIALOG_PUBLISH.57b50dd5-67465ae0@192.168.50.184',32,1508863857,1508871057,1024,'a.1506286883.16143.158716.3','','','','','',0,'','','',3,''),(127389,'sip:3012@miramar-voz.tedra.es','DIALOG_PUBLISH.82159YmQ3Mjk0MTEzZjE5MTY3OTdiZTA0ZTEzMDA2Yzc1ZGI',32,1508863939,1508871139,1024,'a.1506286883.16143.158721.2','','','','','',0,'','','',2,''),(127390,'sip:208@altamar-voz.tedra.es','DIALOG_PUBLISH.c108f2bd-a5325044-706e3bfb@192.168.3.208',32,1508863959,1508871159,1024,'a.1506286883.16144.158321.2','','','','','',0,'','','',2,''),(127392,'sip:603@altamar-voz.tedra.es','DIALOG_PUBLISH.b2632bd-38c0a1f1@192.168.166.91',32,1508864079,1508871279,1024,'a.1506286883.16142.158968.3','','','','','',0,'','','',3,''),(127393,'sip:217@novaquality-voz.mgiconsultores.com','DIALOG_PUBLISH.7db730c8-e081-4bce-9d0c-a135a43931d6',32,1508864127,1508871327,1024,'a.1506286883.16145.158181.0','','','','','',0,'','','',0,''),(127394,'sip:3006@miramar-voz.tedra.es','DIALOG_PUBLISH.3d8ca201-2504-4052-a667-a9aeb9fd3618',32,1508864111,1508871311,1024,'a.1506286883.16149.158458.1','','','','','',0,'','','',1,''),(127395,'sip:1002@miramar-voz.tedra.es','DIALOG_PUBLISH.84929ZWQ2ZGY1OGMyZWMyMjJjZTIxMjFiMGFhNjk3N2NhYTY',32,1508864127,1508871327,1024,'a.1506286883.16143.158748.3','','','','','',0,'','','',3,''),(127397,'sip:3009@miramar-voz.tedra.es','DIALOG_PUBLISH.84929ZDg0ZjZjMzAyMDkyYWFmZGUzMDk1MzljN2VmNDZmYmY',32,1508864099,1508871299,1024,'a.1506286883.16143.158740.2','','','','','',0,'','','',2,''),(127398,'sip:2003@miramar-voz.tedra.es','DIALOG_PUBLISH.YmZjNDY3N2U2NmI4NTUwZGJiMDc0OGYyMDIxZTBhNzU',32,1508864051,1508871251,1024,'a.1506286883.16144.158331.1','','','','','',0,'','','',1,''),(127399,'sip:505@altamar-voz.tedra.es','DIALOG_PUBLISH.3403f192-e9eb2539@192.168.2.8',32,1508864118,1508871318,1024,'a.1506286883.16145.158179.2','','','','','',0,'','','',2,''),(127400,'sip:505@altamar-voz.tedra.es','DIALOG_PUBLISH.9bef24c2-6b89-4b2d-a2b4-3ae58ed749e5',32,1508864111,1508871311,1024,'a.1506286883.16146.158651.3','','','','','',0,'','','',3,''),(127401,'sip:22@alvarez-voz.tedra.es','DIALOG_PUBLISH.aae1f5a0-c408-42fc-a4a5-5919628588c1',32,1508864075,1508871275,1024,'a.1506286883.16148.158251.1','','','','','',0,'','','',1,''),(127402,'sip:200@profit-voz.tedra.es','DIALOG_PUBLISH.e70f0841-0bb1-489d-9789-316a342ef3b4',32,1508864286,1508871486,1024,'a.1506286883.16147.158187.1','','','','','',0,'','','',1,''),(127404,'sip:213@profit-voz.tedra.es','DIALOG_PUBLISH.7233d184-95ec033a@192.168.50.186',32,1508864286,1508871486,1024,'a.1506286883.16145.158198.2','','','','','',0,'','','',2,''),(127405,'sip:700@altamar-voz.tedra.es','DIALOG_PUBLISH.2ede26dd-8b0b-41db-a9f5-e00f24666d2e',32,1508864403,1508871603,1024,'a.1506286883.16142.159008.4','','','','','',0,'','','',4,''),(127406,'sip:700@altamar-voz.tedra.es','DIALOG_PUBLISH.0_3002537500@192.168.166.127',32,1508864398,1508871598,1024,'a.1506286883.16149.158488.5','','','','','',0,'','','',5,''),(127407,'sip:3009@miramar-voz.tedra.es','DIALOG_PUBLISH.84929ZmZmMGM2YWM3MDNlYWNmNmMyZmFkMjdhMjgxZGQ2MWY',32,1508864387,1508871587,1024,'a.1506286883.16143.158771.2','','','','','',0,'','','',2,''),(127408,'sip:752@altamar-voz.tedra.es','DIALOG_PUBLISH.615d21c730b06e993277cc287dc85fcb@altamar-voz.tedra.es',32,1508864403,1508871603,1024,'a.1506286883.16149.158490.3','','','','','',0,'','','',3,''),(127409,'sip:3007@miramar-voz.tedra.es','DIALOG_PUBLISH.293f85ad-b235-4ddb-a0e3-0dd446449b71',32,1508864503,1508871703,1024,'a.1506286883.16149.158498.1','','','','','',0,'','','',1,''),(127410,'sip:955@altamar-voz.tedra.es','DIALOG_PUBLISH.bfa6f352-111463e5@10.11.0.21',32,1508864464,1508871664,1024,'a.1506286883.16148.158288.2','','','','','',0,'','','',2,''),(127411,'sip:1000@miramar-voz.tedra.es','DIALOG_PUBLISH.84929M2E4MTJkZmM0ZTAyNzEwYWZmYTRmNzdiMDQ1NjY3ZjY',32,1508864612,1508871812,1024,'a.1506286883.16145.158224.3','','','','','',0,'','','',3,''),(127414,'sip:3012@miramar-voz.tedra.es','DIALOG_PUBLISH.82159ZWZkYzZkZTY4OWZlZGZiZGM3NDNmMjhiYjRjOGIxMjA',32,1508864618,1508871818,1024,'a.1506286883.16146.158690.2','','','','','',0,'','','',2,''),(127415,'sip:725@altamar-voz.tedra.es','DIALOG_PUBLISH.168e01c6-5445773@192.168.166.114',32,1508864617,1508871817,1024,'a.1506286883.16147.158210.2','','','','','',0,'','','',2,''),(127416,'sip:950@altamar-voz.tedra.es','DIALOG_PUBLISH.ae3475e3-9ea0-4a28-8df6-b9851bb5bbc7',32,1508864585,1508871785,1024,'a.1506286883.16146.158683.1','','','','','',0,'','','',1,''),(127417,'sip:3008@miramar-voz.tedra.es','DIALOG_PUBLISH.84929ZjI2NGM4ZThhZjg2NDMzYjk1MzUwZTc2OTdjYWY0Y2I',32,1508864723,1508871923,1024,'a.1506286883.16149.158541.2','','','','','',0,'','','',2,''),(127418,'sip:762@altamar-voz.tedra.es','DIALOG_PUBLISH.cb0b296c-83db-4d05-813a-68b287502226',32,1508864704,1508871904,1024,'a.1506286883.16148.158318.2','','','','','',0,'','','',2,''),(127419,'sip:786@altamar-voz.tedra.es','DIALOG_PUBLISH.252669246d08479d0d17662e66865e09@altamar-voz.tedra.es',32,1508864704,1508871904,1024,'a.1506286883.16149.158538.3','','','','','',0,'','','',3,''),(127420,'sip:66@agronovo-voz.tedra.es','DIALOG_PUBLISH.0c2cb903-fdc6-4de6-9442-f04ae3c08b1b',32,1508864754,1508871954,1024,'a.1506286883.16147.158232.1','','','','','',0,'','','',1,''),(127421,'sip:3007@miramar-voz.tedra.es','DIALOG_PUBLISH.e6e99ee3-20fb-4d37-893a-73b4712b4a53',32,1508864829,1508872029,1024,'a.1506286883.16142.159076.1','','','','','',0,'','','',1,''),(127422,'sip:200@altamar-voz.tedra.es','DIALOG_PUBLISH.5e9eaca6-fd2f0b71@192.168.3.200',32,1508864823,1508872023,1024,'a.1506286883.16142.159074.2','','','','','',0,'','','',2,''),(127423,'sip:3010@miramar-voz.tedra.es','DIALOG_PUBLISH.5c4e1b81-0c4a-4f44-b491-73c4f048d685',32,1508861240,1508861239,1024,'a.1506286883.16145.158272.12','','','','','',0,'','','',13,'');
/*!40000 ALTER TABLE `kam_users_pua` ENABLE KEYS */;
UNLOCK TABLES;

--
-- Table structure for table `kam_users_trusted`
--

DROP TABLE IF EXISTS `kam_users_trusted`;
/*!40101 SET @saved_cs_client     = @@character_set_client */;
/*!40101 SET character_set_client = utf8 */;
CREATE TABLE `kam_users_trusted` (
  `id` int(10) unsigned NOT NULL AUTO_INCREMENT,
  `src_ip` varchar(50) DEFAULT NULL,
  `proto` varchar(4) DEFAULT NULL,
  `from_pattern` varchar(64) DEFAULT NULL,
  `ruri_pattern` varchar(64) DEFAULT NULL,
  `tag` varchar(64) DEFAULT NULL,
  `priority` int(10) NOT NULL DEFAULT '0',
  PRIMARY KEY (`id`)
) ENGINE=InnoDB DEFAULT CHARSET=utf8 COMMENT='[ignore]';
/*!40101 SET character_set_client = @saved_cs_client */;

--
-- Dumping data for table `kam_users_trusted`
--

LOCK TABLES `kam_users_trusted` WRITE;
/*!40000 ALTER TABLE `kam_users_trusted` DISABLE KEYS */;
/*!40000 ALTER TABLE `kam_users_trusted` ENABLE KEYS */;
UNLOCK TABLES;

--
-- Table structure for table `kam_users_watchers`
--

DROP TABLE IF EXISTS `kam_users_watchers`;
/*!40101 SET @saved_cs_client     = @@character_set_client */;
/*!40101 SET character_set_client = utf8 */;
CREATE TABLE `kam_users_watchers` (
  `id` int(10) unsigned NOT NULL AUTO_INCREMENT,
  `presentity_uri` varchar(128) NOT NULL,
  `watcher_username` varchar(64) NOT NULL,
  `watcher_domain` varchar(190) NOT NULL,
  `event` varchar(64) NOT NULL DEFAULT 'presence',
  `status` int(11) NOT NULL,
  `reason` varchar(64) DEFAULT NULL,
  `inserted_time` int(11) NOT NULL,
  PRIMARY KEY (`id`),
  UNIQUE KEY `kam_users_watchers_idx` (`presentity_uri`,`watcher_username`,`watcher_domain`,`event`)
) ENGINE=InnoDB AUTO_INCREMENT=6 DEFAULT CHARSET=utf8 COMMENT='[ignore]';
/*!40101 SET character_set_client = @saved_cs_client */;

--
-- Dumping data for table `kam_users_watchers`
--

LOCK TABLES `kam_users_watchers` WRITE;
/*!40000 ALTER TABLE `kam_users_watchers` DISABLE KEYS */;
INSERT INTO `kam_users_watchers` VALUES (1,'sip:652682713@novaquality-voz.mgiconsultores.com','pruebas1','novaquality-voz.mgiconsultores.com','presence',1,'',1508248274),(2,'sip:910770153@novaquality-voz.mgiconsultores.com','pruebas2','novaquality-voz.mgiconsultores.com','presence',1,'',1508311625),(3,'sip:910770154@novaquality-voz.mgiconsultores.com','pruebas1','novaquality-voz.mgiconsultores.com','presence',1,'',1508312991),(4,'sip:665777611@novaquality-voz.mgiconsultores.com','pruebas1','novaquality-voz.mgiconsultores.com','presence',1,'',1508313003),(5,'sip:912900481@novaquality-voz.mgiconsultores.com','pruebas1','novaquality-voz.mgiconsultores.com','presence',1,'',1508837574);
/*!40000 ALTER TABLE `kam_users_watchers` ENABLE KEYS */;
UNLOCK TABLES;

--
-- Table structure for table `kam_users_xcap`
--

DROP TABLE IF EXISTS `kam_users_xcap`;
/*!40101 SET @saved_cs_client     = @@character_set_client */;
/*!40101 SET character_set_client = utf8 */;
CREATE TABLE `kam_users_xcap` (
  `id` int(10) unsigned NOT NULL AUTO_INCREMENT,
  `username` varchar(64) NOT NULL,
  `domain` varchar(190) NOT NULL,
  `doc` mediumblob NOT NULL,
  `doc_type` int(11) NOT NULL,
  `etag` varchar(64) NOT NULL,
  `source` int(11) NOT NULL,
  `doc_uri` varchar(255) NOT NULL,
  `port` int(11) NOT NULL,
  PRIMARY KEY (`id`),
  UNIQUE KEY `doc_uri_idx` (`doc_uri`),
  KEY `account_doc_type_idx` (`username`,`domain`,`doc_type`),
  KEY `account_doc_type_uri_idx` (`username`,`domain`,`doc_type`,`doc_uri`),
  KEY `account_doc_uri_idx` (`username`,`domain`,`doc_uri`)
) ENGINE=InnoDB DEFAULT CHARSET=utf8 COMMENT='[ignore]';
/*!40101 SET character_set_client = @saved_cs_client */;

--
-- Dumping data for table `kam_users_xcap`
--

LOCK TABLES `kam_users_xcap` WRITE;
/*!40000 ALTER TABLE `kam_users_xcap` DISABLE KEYS */;
/*!40000 ALTER TABLE `kam_users_xcap` ENABLE KEYS */;
UNLOCK TABLES;

--
-- Table structure for table `kam_version`
--

DROP TABLE IF EXISTS `kam_version`;
/*!40101 SET @saved_cs_client     = @@character_set_client */;
/*!40101 SET character_set_client = utf8 */;
CREATE TABLE `kam_version` (
  `table_name` varchar(32) NOT NULL,
  `table_version` int(10) unsigned NOT NULL DEFAULT '0',
  UNIQUE KEY `table_name_idx` (`table_name`)
) ENGINE=InnoDB DEFAULT CHARSET=utf8 COMMENT='[ignore]';
/*!40101 SET character_set_client = @saved_cs_client */;

--
-- Dumping data for table `kam_version`
--

LOCK TABLES `kam_version` WRITE;
/*!40000 ALTER TABLE `kam_version` DISABLE KEYS */;
INSERT INTO `kam_version` VALUES ('kam_acc_cdrs',2),('kam_dispatcher',4),('kam_pike_trusted',6),('kam_rtpproxy',1),('kam_trunks_acc',5),('kam_trunks_address',6),('kam_trunks_dialplan',2),('kam_trunks_domain',2),('kam_trunks_domain_attrs',1),('kam_trunks_htable',2),('kam_trunks_uacreg',2),('kam_users_acc',5),('kam_users_active_watchers',12),('kam_users_address',6),('kam_users_domain',2),('kam_users_domain_attrs',1),('kam_users_htable',2),('kam_users_location',8),('kam_users_location_attrs',1),('kam_users_missed_calls',4),('kam_users_presentity',4),('kam_users_pua',7),('kam_users_watchers',3),('kam_users_xcap',4),('LcrGateways',3),('LcrRules',2),('LcrRuleTargets',1);
/*!40000 ALTER TABLE `kam_version` ENABLE KEYS */;
UNLOCK TABLES;

--
-- Final view structure for view `BillableCalls`
--

/*!50001 DROP TABLE IF EXISTS `BillableCalls`*/;
/*!50001 DROP VIEW IF EXISTS `BillableCalls`*/;
/*!50001 SET @saved_cs_client          = @@character_set_client */;
/*!50001 SET @saved_cs_results         = @@character_set_results */;
/*!50001 SET @saved_col_connection     = @@collation_connection */;
/*!50001 SET character_set_client      = latin1 */;
/*!50001 SET character_set_results     = latin1 */;
/*!50001 SET collation_connection      = latin1_swedish_ci */;
/*!50001 CREATE ALGORITHM=UNDEFINED */
/*!50013 DEFINER=`root`@`%` SQL SECURITY DEFINER */
/*!50001 VIEW `BillableCalls` AS (select `kam_acc_cdrs`.`id` AS `id`,`kam_acc_cdrs`.`proxy` AS `proxy`,`kam_acc_cdrs`.`start_time_utc` AS `start_time_utc`,`kam_acc_cdrs`.`end_time_utc` AS `end_time_utc`,`kam_acc_cdrs`.`start_time` AS `start_time`,`kam_acc_cdrs`.`end_time` AS `end_time`,`kam_acc_cdrs`.`duration` AS `duration`,`kam_acc_cdrs`.`caller` AS `caller`,`kam_acc_cdrs`.`callee` AS `callee`,`kam_acc_cdrs`.`referee` AS `referee`,`kam_acc_cdrs`.`referrer` AS `referrer`,`kam_acc_cdrs`.`companyId` AS `companyId`,`kam_acc_cdrs`.`brandId` AS `brandId`,`kam_acc_cdrs`.`asIden` AS `asIden`,`kam_acc_cdrs`.`asAddress` AS `asAddress`,`kam_acc_cdrs`.`callid` AS `callid`,`kam_acc_cdrs`.`callidHash` AS `callidHash`,`kam_acc_cdrs`.`xcallid` AS `xcallid`,`kam_acc_cdrs`.`parsed` AS `parsed`,`kam_acc_cdrs`.`diversion` AS `diversion`,`kam_acc_cdrs`.`peeringContractId` AS `peeringContractId`,`kam_acc_cdrs`.`bounced` AS `bounced`,`kam_acc_cdrs`.`externallyRated` AS `externallyRated`,`kam_acc_cdrs`.`metered` AS `metered`,`kam_acc_cdrs`.`meteringDate` AS `meteringDate`,`kam_acc_cdrs`.`pricingPlanId` AS `pricingPlanId`,`kam_acc_cdrs`.`pricingPlanName` AS `pricingPlanName`,`kam_acc_cdrs`.`targetPatternId` AS `targetPatternId`,`kam_acc_cdrs`.`targetPatternName` AS `targetPatternName`,`kam_acc_cdrs`.`price` AS `price`,`kam_acc_cdrs`.`pricingPlanDetails` AS `pricingPlanDetails`,`kam_acc_cdrs`.`invoiceId` AS `invoiceId`,`kam_acc_cdrs`.`direction` AS `direction`,`kam_acc_cdrs`.`reMeteringDate` AS `reMeteringDate` from `kam_acc_cdrs` where ((`kam_acc_cdrs`.`peeringContractId` is not null) and (`kam_acc_cdrs`.`peeringContractId` <> ''))) */;
/*!50001 SET character_set_client      = @saved_cs_client */;
/*!50001 SET character_set_results     = @saved_cs_results */;
/*!50001 SET collation_connection      = @saved_col_connection */;

--
-- Final view structure for view `CDRs`
--

/*!50001 DROP TABLE IF EXISTS `CDRs`*/;
/*!50001 DROP VIEW IF EXISTS `CDRs`*/;
/*!50001 SET @saved_cs_client          = @@character_set_client */;
/*!50001 SET @saved_cs_results         = @@character_set_results */;
/*!50001 SET @saved_col_connection     = @@collation_connection */;
/*!50001 SET character_set_client      = utf8 */;
/*!50001 SET character_set_results     = utf8 */;
/*!50001 SET collation_connection      = utf8_general_ci */;
/*!50001 CREATE ALGORITHM=UNDEFINED */
/*!50013 DEFINER=`debian-sys-maint`@`localhost` SQL SECURITY DEFINER */
/*!50001 VIEW `CDRs` AS select 'proxyusers' AS `proxy`,`kam_users_acc_cdrs`.`id` AS `id`,`kam_users_acc_cdrs`.`calldate` AS `calldate`,`kam_users_acc_cdrs`.`start_time` AS `start_time`,`kam_users_acc_cdrs`.`end_time` AS `end_time`,`kam_users_acc_cdrs`.`duration` AS `duration`,`kam_users_acc_cdrs`.`caller` AS `caller`,`kam_users_acc_cdrs`.`callee` AS `callee`,`kam_users_acc_cdrs`.`type` AS `type`,`kam_users_acc_cdrs`.`subtype` AS `subtype`,`kam_users_acc_cdrs`.`companyId` AS `companyId`,`kam_users_acc_cdrs`.`companyName` AS `companyName`,`kam_users_acc_cdrs`.`asIden` AS `asIden`,`kam_users_acc_cdrs`.`asAddress` AS `asAddress`,`kam_users_acc_cdrs`.`callid` AS `callid`,`kam_users_acc_cdrs`.`xcallid` AS `xcallid`,`kam_users_acc_cdrs`.`parsed` AS `parsed`,`kam_users_acc_cdrs`.`diversion` AS `diversion`,`kam_users_acc_cdrs`.`peeringContractId` AS `peeringContractId` from `kam_users_acc_cdrs` union select 'proxytrunks' AS `proxy`,`kam_trunks_acc_cdrs`.`id` AS `id`,`kam_trunks_acc_cdrs`.`calldate` AS `calldate`,`kam_trunks_acc_cdrs`.`start_time` AS `start_time`,`kam_trunks_acc_cdrs`.`end_time` AS `end_time`,`kam_trunks_acc_cdrs`.`duration` AS `duration`,`kam_trunks_acc_cdrs`.`caller` AS `caller`,`kam_trunks_acc_cdrs`.`callee` AS `callee`,`kam_trunks_acc_cdrs`.`type` AS `type`,`kam_trunks_acc_cdrs`.`subtype` AS `subtype`,`kam_trunks_acc_cdrs`.`companyId` AS `companyId`,`kam_trunks_acc_cdrs`.`companyName` AS `companyName`,`kam_trunks_acc_cdrs`.`asIden` AS `asIden`,`kam_trunks_acc_cdrs`.`asAddress` AS `asAddress`,`kam_trunks_acc_cdrs`.`callid` AS `callid`,`kam_trunks_acc_cdrs`.`xcallid` AS `xcallid`,`kam_trunks_acc_cdrs`.`parsed` AS `parsed`,`kam_trunks_acc_cdrs`.`diversion` AS `diversion`,`kam_trunks_acc_cdrs`.`peeringContractId` AS `peeringContractId` from `kam_trunks_acc_cdrs` */;
/*!50001 SET character_set_client      = @saved_cs_client */;
/*!50001 SET character_set_results     = @saved_cs_results */;
/*!50001 SET collation_connection      = @saved_col_connection */;

--
-- Final view structure for view `ast_hints`
--

/*!50001 DROP TABLE IF EXISTS `ast_hints`*/;
/*!50001 DROP VIEW IF EXISTS `ast_hints`*/;
/*!50001 SET @saved_cs_client          = @@character_set_client */;
/*!50001 SET @saved_cs_results         = @@character_set_results */;
/*!50001 SET @saved_col_connection     = @@collation_connection */;
/*!50001 SET character_set_client      = utf8 */;
/*!50001 SET character_set_results     = utf8 */;
/*!50001 SET collation_connection      = utf8_general_ci */;
/*!50001 CREATE ALGORITHM=UNDEFINED */
/*!50013 DEFINER=`root`@`%` SQL SECURITY DEFINER */
/*!50001 VIEW `ast_hints` AS select `e`.`number` AS `exten`,concat('company',`e`.`companyId`) AS `context`,concat('PJSIP/',`a`.`sorcery_id`) AS `device` from (((`Extensions` `e` join `Users` `u` on((`u`.`id` = `e`.`userId`))) join `Terminals` `t` on((`t`.`id` = `u`.`terminalId`))) join `ast_ps_endpoints` `a` on((`a`.`terminalId` = `t`.`id`))) */;
/*!50001 SET character_set_client      = @saved_cs_client */;
/*!50001 SET character_set_results     = @saved_cs_results */;
/*!50001 SET collation_connection      = @saved_col_connection */;

--
-- Final view structure for view `kam_trunks_domain`
--

/*!50001 DROP TABLE IF EXISTS `kam_trunks_domain`*/;
/*!50001 DROP VIEW IF EXISTS `kam_trunks_domain`*/;
/*!50001 SET @saved_cs_client          = @@character_set_client */;
/*!50001 SET @saved_cs_results         = @@character_set_results */;
/*!50001 SET @saved_col_connection     = @@collation_connection */;
/*!50001 SET character_set_client      = utf8 */;
/*!50001 SET character_set_results     = utf8 */;
/*!50001 SET collation_connection      = utf8_general_ci */;
/*!50001 CREATE ALGORITHM=UNDEFINED */
/*!50013 DEFINER=`debian-sys-maint`@`localhost` SQL SECURITY DEFINER */
/*!50001 VIEW `kam_trunks_domain` AS select `Domains`.`domain` AS `domain`,NULL AS `did` from `Domains` where (`Domains`.`pointsTo` = 'proxytrunks') */;
/*!50001 SET character_set_client      = @saved_cs_client */;
/*!50001 SET character_set_results     = @saved_cs_results */;
/*!50001 SET collation_connection      = @saved_col_connection */;

--
-- Final view structure for view `kam_users`
--

/*!50001 DROP TABLE IF EXISTS `kam_users`*/;
/*!50001 DROP VIEW IF EXISTS `kam_users`*/;
/*!50001 SET @saved_cs_client          = @@character_set_client */;
/*!50001 SET @saved_cs_results         = @@character_set_results */;
/*!50001 SET @saved_col_connection     = @@collation_connection */;
/*!50001 SET character_set_client      = utf8 */;
/*!50001 SET character_set_results     = utf8 */;
/*!50001 SET collation_connection      = utf8_general_ci */;
/*!50001 CREATE ALGORITHM=UNDEFINED */
/*!50013 DEFINER=`root`@`%` SQL SECURITY DEFINER */
/*!50001 VIEW `kam_users` AS select 'friend' AS `type`,`Friends`.`name` AS `name`,`Friends`.`domain` AS `domain`,`Friends`.`password` AS `password`,`Friends`.`companyId` AS `companyId` from `Friends` union select 'terminal' AS `type`,`Terminals`.`name` AS `name`,`Terminals`.`domain` AS `domain`,`Terminals`.`password` AS `password`,`Terminals`.`companyId` AS `companyId` from `Terminals` union select 'retail' AS `type`,`RetailAccounts`.`name` AS `name`,`RetailAccounts`.`domain` AS `domain`,`RetailAccounts`.`password` AS `password`,`RetailAccounts`.`companyId` AS `companyId` from `RetailAccounts` */;
/*!50001 SET character_set_client      = @saved_cs_client */;
/*!50001 SET character_set_results     = @saved_cs_results */;
/*!50001 SET collation_connection      = @saved_col_connection */;

--
-- Final view structure for view `kam_users_domain`
--

/*!50001 DROP TABLE IF EXISTS `kam_users_domain`*/;
/*!50001 DROP VIEW IF EXISTS `kam_users_domain`*/;
/*!50001 SET @saved_cs_client          = @@character_set_client */;
/*!50001 SET @saved_cs_results         = @@character_set_results */;
/*!50001 SET @saved_col_connection     = @@collation_connection */;
/*!50001 SET character_set_client      = utf8 */;
/*!50001 SET character_set_results     = utf8 */;
/*!50001 SET collation_connection      = utf8_general_ci */;
/*!50001 CREATE ALGORITHM=UNDEFINED */
/*!50013 DEFINER=`debian-sys-maint`@`localhost` SQL SECURITY DEFINER */
/*!50001 VIEW `kam_users_domain` AS select `Domains`.`domain` AS `domain`,NULL AS `did` from `Domains` where (`Domains`.`pointsTo` = 'proxyusers') */;
/*!50001 SET character_set_client      = @saved_cs_client */;
/*!50001 SET character_set_results     = @saved_cs_results */;
/*!50001 SET collation_connection      = @saved_col_connection */;

--
-- Final view structure for view `kam_users_exten`
--

/*!50001 DROP TABLE IF EXISTS `kam_users_exten`*/;
/*!50001 DROP VIEW IF EXISTS `kam_users_exten`*/;
/*!50001 SET @saved_cs_client          = @@character_set_client */;
/*!50001 SET @saved_cs_results         = @@character_set_results */;
/*!50001 SET @saved_col_connection     = @@collation_connection */;
/*!50001 SET character_set_client      = utf8 */;
/*!50001 SET character_set_results     = utf8 */;
/*!50001 SET collation_connection      = utf8_general_ci */;
/*!50001 CREATE ALGORITHM=UNDEFINED */
/*!50013 DEFINER=`root`@`%` SQL SECURITY DEFINER */
/*!50001 VIEW `kam_users_exten` AS select `T`.`name` AS `name`,`T`.`domain` AS `domain`,`E`.`number` AS `extension`,`U`.`externalIpCalls` AS `externalIpCalls` from ((`Users` `U` join `Terminals` `T` on((`T`.`id` = `U`.`terminalId`))) join `Extensions` `E` on((`E`.`id` = `U`.`extensionId`))) */;
/*!50001 SET character_set_client      = @saved_cs_client */;
/*!50001 SET character_set_results     = @saved_cs_results */;
/*!50001 SET collation_connection      = @saved_col_connection */;
/*!40103 SET TIME_ZONE=@OLD_TIME_ZONE */;

/*!40101 SET SQL_MODE=@OLD_SQL_MODE */;
/*!40014 SET FOREIGN_KEY_CHECKS=@OLD_FOREIGN_KEY_CHECKS */;
/*!40014 SET UNIQUE_CHECKS=@OLD_UNIQUE_CHECKS */;
/*!40101 SET CHARACTER_SET_CLIENT=@OLD_CHARACTER_SET_CLIENT */;
/*!40101 SET CHARACTER_SET_RESULTS=@OLD_CHARACTER_SET_RESULTS */;
/*!40101 SET COLLATION_CONNECTION=@OLD_COLLATION_CONNECTION */;
/*!40111 SET SQL_NOTES=@OLD_SQL_NOTES */;

-- Dump completed on 2017-10-24 18:08:49
